"Nome da campanha","Nome do conjunto de anúncios","Nome do anúncio",Dia,Alcance,Impressões,Moeda,"Valor usado (BRL)",Compras,"Valor de conversão da compra","Cliques no link","Adições ao carrinho",Contatos,"Finalizações de compra iniciadas",Leads,"Início dos relatórios","Encerramento dos relatórios"
"Instagram | Conversão 2026","Goiânia 26","[Vídeo] - Praticidade - Goiânia 26",2026-07-06,89,90,BRL,1.89,,,7,,,,,2026-07-06,2026-07-06
"Instagram | Conversão 2026","Goiânia 26","[Vídeo] - Trend Viral - Goiânia 26",2026-07-06,8,9,BRL,0.61,,,,,,,,2026-07-06,2026-07-06
"Instagram | Conversão 2026","Goiânia 26","[Vídeo] - Extratora HYLA — Goiânia 26",2026-07-06,1169,1239,BRL,51.6,1,,87,,,,6,2026-07-06,2026-07-06
"Instagram | Conversão 2026","[SP] BAIRROS NOBRES | SÃO PAULO & CIDADES DE SÃO PAULO","[Vídeo] Extratora HYLA — Bairros nobres SP",2026-07-06,2219,2266,BRL,68.57,2,,147,,,,7,2026-07-06,2026-07-06
"Instagram | Conversão 2026","Curitiba 26","[Vídeo] - Extratora - Curitiba 26",2026-07-06,1031,1085,BRL,38.98,1,,72,,,,2,2026-07-06,2026-07-06
"Instagram | Conversão 2026","Goiânia 26","[Vídeo] Célia Gava - Goiânia 26",2026-07-06,11,11,BRL,0.2,,,1,,,,,2026-07-06,2026-07-06
"Instagram | Conversão 2026","[SP] BAIRROS NOBRES | SÃO PAULO & CIDADES DE SÃO PAULO","[Vídeo] PRATICIDADE — Bairros Nobres SP",2026-07-06,2284,2422,BRL,38.86,4,,101,,1,,11,2026-07-06,2026-07-06
"Instagram | Conversão 2026","[SP] BAIRROS NOBRES | SÃO PAULO & CIDADES DE SÃO PAULO","[Vídeo] Trend Viral — Bairros nobres SP",2026-07-06,998,1060,BRL,41.4,1,,81,,,,13,2026-07-06,2026-07-06
"Instagram | Conversão 2026","Brasília 26","[Vídeo] Extratora HYLA - Brasília 26",2026-07-06,890,927,BRL,45.75,1,,60,,,,8,2026-07-06,2026-07-06
"Instagram | Conversão 2026","Brasília 26","[Vídeo] Célia Gava 1 M - Brasília 26",2026-07-06,134,140,BRL,5.15,,,6,,,,,2026-07-06,2026-07-06
"Instagram | Conversão 2026","Brasília 26","[Imagem] Benefícios - Brasília 26",2026-07-06,2,3,BRL,0.11,,,,,,,,2026-07-06,2026-07-06
"Instagram | Conversão 2026","[SP] BAIRROS NOBRES | SÃO PAULO & CIDADES DE SÃO PAULO","[Imagem] Saúde — Bairros nobres SP",2026-07-06,1,1,BRL,0.01,,,,,,,,2026-07-06,2026-07-06
"Instagram | Conversão 2026","Goiânia 26","[Imagem] Saúde - Goiânia 26",2026-07-06,3,15,BRL,0.26,,,,,,,,2026-07-06,2026-07-06
"Instagram | Conversão 2026","Goiânia 26","[Vídeo] - Praticidade - Goiânia 26",2026-07-05,48,51,BRL,1.02,,,7,,,,,2026-07-05,2026-07-05
"Instagram | Conversão 2026","Goiânia 26","[Vídeo] - Trend Viral - Goiânia 26",2026-07-05,4,4,BRL,0.24,,,,,,,,2026-07-05,2026-07-05
"Instagram | Conversão 2026","Goiânia 26","[Vídeo] - Extratora HYLA — Goiânia 26",2026-07-05,1220,1280,BRL,54.7,,,91,,,,15,2026-07-05,2026-07-05
"Instagram | Conversão 2026","[SP] BAIRROS NOBRES | SÃO PAULO & CIDADES DE SÃO PAULO","[Vídeo] Extratora HYLA — Bairros nobres SP",2026-07-05,3306,3435,BRL,110.82,3,,232,,,,16,2026-07-05,2026-07-05
"Instagram | Conversão 2026","Curitiba 26","[Vídeo] - Extratora - Curitiba 26",2026-07-05,1301,1330,BRL,46.6,,,92,,,,7,2026-07-05,2026-07-05
"Instagram | Conversão 2026","Goiânia 26","[Vídeo] Célia Gava - Goiânia 26",2026-07-05,1,1,BRL,0.05,,,,,,,,2026-07-05,2026-07-05
"Instagram | Conversão 2026","[SP] BAIRROS NOBRES | SÃO PAULO & CIDADES DE SÃO PAULO","[Vídeo] PRATICIDADE — Bairros Nobres SP",2026-07-05,2479,2685,BRL,42.18,4,,118,,,,8,2026-07-05,2026-07-05
"Instagram | Conversão 2026","[SP] BAIRROS NOBRES | SÃO PAULO & CIDADES DE SÃO PAULO","[Vídeo] Nimbus Tapete — Bairros nobres SP",2026-07-05,5,5,BRL,0.06,,,1,,,,,2026-07-05,2026-07-05
"Instagram | Conversão 2026","[SP] BAIRROS NOBRES | SÃO PAULO & CIDADES DE SÃO PAULO","[Vídeo] Trend Viral — Bairros nobres SP",2026-07-05,531,569,BRL,26.5,,,46,,,,12,2026-07-05,2026-07-05
"Instagram | Conversão 2026","Brasília 26","[Vídeo] Extratora HYLA - Brasília 26",2026-07-05,1111,1111,BRL,57.47,,,80,,,,8,2026-07-05,2026-07-05
"Instagram | Conversão 2026","Brasília 26","[Vídeo] Célia Gava 1 M - Brasília 26",2026-07-05,90,99,BRL,3.99,,,5,,,,1,2026-07-05,2026-07-05
"Instagram | Conversão 2026","Goiânia 26","[Imagem] Saúde - Goiânia 26",2026-07-05,3,3,BRL,0.01,,,,,,,,2026-07-05,2026-07-05
"Instagram | Conversão 2026","Goiânia 26","[Vídeo] - Praticidade - Goiânia 26",2026-07-04,3,3,BRL,0.03,,,,,,,,2026-07-04,2026-07-04
"Instagram | Conversão 2026","Goiânia 26","[Vídeo] - Trend Viral - Goiânia 26",2026-07-04,4,4,BRL,0.14,,,,,,,,2026-07-04,2026-07-04
"Instagram | Conversão 2026","Goiânia 26","[Vídeo] - Extratora HYLA — Goiânia 26",2026-07-04,890,908,BRL,33.95,1,,46,,,,2,2026-07-04,2026-07-04
"Instagram | Conversão 2026","[SP] BAIRROS NOBRES | SÃO PAULO & CIDADES DE SÃO PAULO","[Vídeo] Extratora HYLA — Bairros nobres SP",2026-07-04,3492,3565,BRL,88.77,2,,181,,,,30,2026-07-04,2026-07-04
"Instagram | Conversão 2026","Curitiba 26","[Vídeo] - Extratora - Curitiba 26",2026-07-04,1005,1070,BRL,35.76,1,,72,,,,11,2026-07-04,2026-07-04
"Instagram | Conversão 2026","[SP] BAIRROS NOBRES | SÃO PAULO & CIDADES DE SÃO PAULO","[Vídeo] PRATICIDADE — Bairros Nobres SP",2026-07-04,1175,1209,BRL,15.74,2,,55,,,,9,2026-07-04,2026-07-04
"Instagram | Conversão 2026","[SP] BAIRROS NOBRES | SÃO PAULO & CIDADES DE SÃO PAULO","[Vídeo] Nimbus Tapete — Bairros nobres SP",2026-07-04,3,3,BRL,0.02,,,,,,,,2026-07-04,2026-07-04
"Instagram | Conversão 2026","[SP] BAIRROS NOBRES | SÃO PAULO & CIDADES DE SÃO PAULO","[Vídeo] Trend Viral — Bairros nobres SP",2026-07-04,617,678,BRL,27.31,1,,50,,,,8,2026-07-04,2026-07-04
"Instagram | Conversão 2026","Brasília 26","[Vídeo] Extratora HYLA - Brasília 26",2026-07-04,1061,1096,BRL,45.63,,,77,,,,8,2026-07-04,2026-07-04
"Instagram | Conversão 2026","Brasília 26","[Vídeo] Célia Gava 1 M - Brasília 26",2026-07-04,258,288,BRL,6.75,,,8,,,,,2026-07-04,2026-07-04
"Instagram | Conversão 2026","Brasília 26","[Imagem] Benefícios - Brasília 26",2026-07-04,3,3,BRL,0.03,,,,,,,,2026-07-04,2026-07-04
"Instagram | Conversão 2026","Goiânia 26","[Imagem] Saúde - Goiânia 26",2026-07-04,3,8,BRL,0.05,,,,,,,,2026-07-04,2026-07-04
"Instagram | Conversão 2026","Goiânia 26","[Vídeo] - Praticidade - Goiânia 26",2026-07-03,58,61,BRL,1.1,,,2,,,,,2026-07-03,2026-07-03
"Instagram | Conversão 2026","Goiânia 26","[Vídeo] - Trend Viral - Goiânia 26",2026-07-03,1,1,BRL,0.01,,,,,,,,2026-07-03,2026-07-03
"Instagram | Conversão 2026","Goiânia 26","[Vídeo] - Extratora HYLA — Goiânia 26",2026-07-03,1024,1077,BRL,42.41,,,74,,,,11,2026-07-03,2026-07-03
"Instagram | Conversão 2026","[SP] BAIRROS NOBRES | SÃO PAULO & CIDADES DE SÃO PAULO","[Vídeo] Extratora HYLA — Bairros nobres SP",2026-07-03,3578,3740,BRL,112.52,2,,214,,,,13,2026-07-03,2026-07-03
"Instagram | Conversão 2026","Curitiba 26","[Vídeo] - Extratora - Curitiba 26",2026-07-03,1341,1417,BRL,43.14,2,,79,,,,14,2026-07-03,2026-07-03
"Instagram | Conversão 2026","Curitiba 26","[Vídeo] Célia Gava — Curitiba",2026-07-03,1,1,BRL,0,,,,,,,,2026-07-03,2026-07-03
"Instagram | Conversão 2026","Goiânia 26","[Vídeo] Célia Gava - Goiânia 26",2026-07-03,1,1,BRL,0.01,,,,,,,,2026-07-03,2026-07-03
"Instagram | Conversão 2026","[SP] BAIRROS NOBRES | SÃO PAULO & CIDADES DE SÃO PAULO","[Vídeo] PRATICIDADE — Bairros Nobres SP",2026-07-03,457,476,BRL,6.53,,,27,,,,,2026-07-03,2026-07-03
"Instagram | Conversão 2026","[SP] BAIRROS NOBRES | SÃO PAULO & CIDADES DE SÃO PAULO","[Vídeo] Trend Viral — Bairros nobres SP",2026-07-03,588,604,BRL,26.96,1,,47,,,,6,2026-07-03,2026-07-03
"Instagram | Conversão 2026","Brasília 26","[Vídeo] Extratora HYLA - Brasília 26",2026-07-03,875,894,BRL,40.78,,,52,,,,4,2026-07-03,2026-07-03
"Instagram | Conversão 2026","Brasília 26","[Vídeo] Célia Gava 1 M - Brasília 26",2026-07-03,344,388,BRL,13.3,,,13,,,,3,2026-07-03,2026-07-03
"Instagram | Conversão 2026","Brasília 26","[Imagem] Benefícios - Brasília 26",2026-07-03,2,2,BRL,0.04,,,,,,,3,2026-07-03,2026-07-03
"Instagram | Conversão 2026","Goiânia 26","[Imagem] Saúde - Goiânia 26",2026-07-03,3,5,BRL,0.02,,,,,,,,2026-07-03,2026-07-03
"Instagram | Conversão 2026","Goiânia 26","[Vídeo] - Praticidade - Goiânia 26",2026-07-02,50,55,BRL,0.6,,,3,,,,,2026-07-02,2026-07-02
"Instagram | Conversão 2026","Goiânia 26","[Vídeo] - Trend Viral - Goiânia 26",2026-07-02,101,110,BRL,4.37,1,,8,,,,,2026-07-02,2026-07-02
"Instagram | Conversão 2026","Goiânia 26","[Vídeo] - Extratora HYLA — Goiânia 26",2026-07-02,1404,1520,BRL,55.02,2,,89,,,,8,2026-07-02,2026-07-02
"Instagram | Conversão 2026","[SP] BAIRROS NOBRES | SÃO PAULO & CIDADES DE SÃO PAULO","[Vídeo] Extratora HYLA — Bairros nobres SP",2026-07-02,3189,3345,BRL,97.36,1,,177,,1,,23,2026-07-02,2026-07-02
"Instagram | Conversão 2026","Curitiba 26","[Vídeo] - Extratora - Curitiba 26",2026-07-02,1168,1247,BRL,48.93,3,,82,,,,13,2026-07-02,2026-07-02
"Instagram | Conversão 2026","Curitiba 26","[Vídeo] Célia Gava — Curitiba",2026-07-02,20,21,BRL,0.12,,,,,,,,2026-07-02,2026-07-02
"Instagram | Conversão 2026","Goiânia 26","[Vídeo] Célia Gava - Goiânia 26",2026-07-02,1,1,BRL,0.01,,,,,,,,2026-07-02,2026-07-02
"Instagram | Conversão 2026","[SP] BAIRROS NOBRES | SÃO PAULO & CIDADES DE SÃO PAULO","[Vídeo] PRATICIDADE — Bairros Nobres SP",2026-07-02,615,660,BRL,8.71,1,,32,,,,,2026-07-02,2026-07-02
"Instagram | Conversão 2026","[SP] BAIRROS NOBRES | SÃO PAULO & CIDADES DE SÃO PAULO","[Vídeo] Nimbus Tapete — Bairros nobres SP",2026-07-02,16,16,BRL,0.39,,,,,,,,2026-07-02,2026-07-02
"Instagram | Conversão 2026","[SP] BAIRROS NOBRES | SÃO PAULO & CIDADES DE SÃO PAULO","[Vídeo] Trend Viral — Bairros nobres SP",2026-07-02,1723,1895,BRL,71.39,1,,146,,,,9,2026-07-02,2026-07-02
"Instagram | Conversão 2026","Brasília 26","[Vídeo] Extratora HYLA - Brasília 26",2026-07-02,1347,1480,BRL,48.09,1,,67,1,,,5,2026-07-02,2026-07-02
"Instagram | Conversão 2026","Brasília 26","[Vídeo] Célia Gava 1 M - Brasília 26",2026-07-02,171,178,BRL,7.27,,,10,,,,3,2026-07-02,2026-07-02
"Instagram | Conversão 2026","Brasília 26","[Imagem] Benefícios - Brasília 26",2026-07-02,5,5,BRL,0.16,,,,,,,,2026-07-02,2026-07-02
"Instagram | Conversão 2026","Goiânia 26","[Imagem] Saúde - Goiânia 26",2026-07-02,4,8,BRL,0.11,,,,,,,,2026-07-02,2026-07-02
"Instagram | Conversão 2026","Goiânia 26","[Vídeo] - Praticidade - Goiânia 26",2026-07-01,22,22,BRL,0.57,,,2,,,,1,2026-07-01,2026-07-01
"Instagram | Conversão 2026","Goiânia 26","[Vídeo] - Trend Viral - Goiânia 26",2026-07-01,92,99,BRL,3.2,,,5,,,,,2026-07-01,2026-07-01
"Instagram | Conversão 2026","Goiânia 26","[Vídeo] - Extratora HYLA — Goiânia 26",2026-07-01,940,960,BRL,35.74,2,,68,,,,3,2026-07-01,2026-07-01
"Instagram | Conversão 2026","[SP] BAIRROS NOBRES | SÃO PAULO & CIDADES DE SÃO PAULO","[Vídeo] Extratora HYLA — Bairros nobres SP",2026-07-01,1845,1946,BRL,59.93,5,,96,,,,14,2026-07-01,2026-07-01
"Instagram | Conversão 2026","Curitiba 26","[Vídeo] - Extratora - Curitiba 26",2026-07-01,811,875,BRL,30.18,,,50,,,,12,2026-07-01,2026-07-01
"Instagram | Conversão 2026","Curitiba 26","[Vídeo] Célia Gava — Curitiba",2026-07-01,146,172,BRL,1.25,,,2,,,,,2026-07-01,2026-07-01
"Instagram | Conversão 2026","Goiânia 26","[Vídeo] Célia Gava - Goiânia 26",2026-07-01,5,5,BRL,0.06,,,2,,,,,2026-07-01,2026-07-01
"Instagram | Conversão 2026","[SP] BAIRROS NOBRES | SÃO PAULO & CIDADES DE SÃO PAULO","[Vídeo] PRATICIDADE — Bairros Nobres SP",2026-07-01,959,1069,BRL,11.95,,,38,,,,1,2026-07-01,2026-07-01
"Instagram | Conversão 2026","[SP] BAIRROS NOBRES | SÃO PAULO & CIDADES DE SÃO PAULO","[Vídeo] Trend Viral — Bairros nobres SP",2026-07-01,1019,1092,BRL,35.94,,,48,,,,2,2026-07-01,2026-07-01
"Instagram | Conversão 2026","Brasília 26","[Vídeo] Extratora HYLA - Brasília 26",2026-07-01,2281,2867,BRL,30.85,1,,41,,2,,2,2026-07-01,2026-07-01
"Instagram | Conversão 2026","[SP] BAIRROS NOBRES | SÃO PAULO & CIDADES DE SÃO PAULO","[Imagem] Saúde — Bairros nobres SP",2026-07-01,2,2,BRL,0.01,,,,,,,,2026-07-01,2026-07-01
"Instagram | Conversão 2026","Goiânia 26","[Imagem] Saúde - Goiânia 26",2026-07-01,17,25,BRL,0.31,,,,,,,,2026-07-01,2026-07-01
"Instagram | Conversão 2026","Goiânia 26","[Vídeo] - Praticidade - Goiânia 26",2026-06-30,284,297,BRL,5.1,,,19,,,,,2026-06-30,2026-06-30
"Instagram | Conversão 2026","Goiânia 26","[Vídeo] - Trend Viral - Goiânia 26",2026-06-30,613,652,BRL,28.44,,,48,,,,,2026-06-30,2026-06-30
"Instagram | Conversão 2026","Goiânia 26","[Vídeo] - Extratora HYLA — Goiânia 26",2026-06-30,404,412,BRL,14.04,,,25,,,,1,2026-06-30,2026-06-30
"Instagram | Conversão 2026","[SP] BAIRROS NOBRES | SÃO PAULO & CIDADES DE SÃO PAULO","[Vídeo] Extratora HYLA — Bairros nobres SP",2026-06-30,1499,1584,BRL,40.67,2,,101,,,,3,2026-06-30,2026-06-30
"Instagram | Conversão 2026","Curitiba 26","[Vídeo] - Extratora - Curitiba 26",2026-06-30,1034,1074,BRL,30.68,1,,60,,,,2,2026-06-30,2026-06-30
"Instagram | Conversão 2026","Curitiba 26","[Vídeo] Célia Gava — Curitiba",2026-06-30,366,405,BRL,4.28,1,,7,,,,,2026-06-30,2026-06-30
"Instagram | Conversão 2026","Goiânia 26","[Vídeo] Célia Gava - Goiânia 26",2026-06-30,340,355,BRL,11.47,,,10,,,,,2026-06-30,2026-06-30
"Instagram | Conversão 2026","[SP] BAIRROS NOBRES | SÃO PAULO & CIDADES DE SÃO PAULO","[Vídeo] PRATICIDADE — Bairros Nobres SP",2026-06-30,3561,3697,BRL,42.7,3,,163,2,,,1,2026-06-30,2026-06-30
"Instagram | Conversão 2026","[SP] BAIRROS NOBRES | SÃO PAULO & CIDADES DE SÃO PAULO","[Vídeo] Nimbus Tapete — Bairros nobres SP",2026-06-30,89,98,BRL,0.96,,,2,,,,,2026-06-30,2026-06-30
"Instagram | Conversão 2026","[SP] BAIRROS NOBRES | SÃO PAULO & CIDADES DE SÃO PAULO","[Vídeo] Trend Viral — Bairros nobres SP",2026-06-30,2050,2189,BRL,69.19,1,,135,,,,13,2026-06-30,2026-06-30
"Instagram | Conversão 2026","Brasília 26","[Vídeo] Extratora HYLA - Brasília 26",2026-06-30,2147,2354,BRL,51.25,,,94,,,,3,2026-06-30,2026-06-30
"Instagram | Conversão 2026","Brasília 26","[Vídeo] Célia Gava 1 M - Brasília 26",2026-06-30,26,26,BRL,0.57,,,2,,,,,2026-06-30,2026-06-30
"Instagram | Conversão 2026","Brasília 26","[Imagem] Benefícios - Brasília 26",2026-06-30,4,4,BRL,0.04,,,1,,,,,2026-06-30,2026-06-30
"Instagram | Conversão 2026","Goiânia 26","[Imagem] Saúde - Goiânia 26",2026-06-30,17,24,BRL,0.25,,,,,,,,2026-06-30,2026-06-30
"Instagram | Conversão 2026","Goiânia 26","[Vídeo] - Praticidade - Goiânia 26",2026-06-29,381,392,BRL,6.98,1,,18,,,,1,2026-06-29,2026-06-29
"Instagram | Conversão 2026","Goiânia 26","[Vídeo] - Trend Viral - Goiânia 26",2026-06-29,58,60,BRL,3.36,,,6,,,,,2026-06-29,2026-06-29
"Instagram | Conversão 2026","Goiânia 26","[Vídeo] - Extratora HYLA — Goiânia 26",2026-06-29,619,642,BRL,19.2,,,34,,,,,2026-06-29,2026-06-29
"Instagram | Conversão 2026","[SP] BAIRROS NOBRES | SÃO PAULO & CIDADES DE SÃO PAULO","[Vídeo] Extratora HYLA — Bairros nobres SP",2026-06-29,773,773,BRL,20.02,,,56,,,,,2026-06-29,2026-06-29
"Instagram | Conversão 2026","Curitiba 26","[Vídeo] - Extratora - Curitiba 26",2026-06-29,1242,1310,BRL,33.58,1,,90,,,,2,2026-06-29,2026-06-29
"Instagram | Conversão 2026","Curitiba 26","[Vídeo] Célia Gava — Curitiba",2026-06-29,17,17,BRL,0.36,,,,,,,,2026-06-29,2026-06-29
"Instagram | Conversão 2026","Goiânia 26","[Vídeo] Célia Gava - Goiânia 26",2026-06-29,2,2,BRL,0.03,,,,,,,,2026-06-29,2026-06-29
"Instagram | Conversão 2026","[SP] BAIRROS NOBRES | SÃO PAULO & CIDADES DE SÃO PAULO","[Vídeo] PRATICIDADE — Bairros Nobres SP",2026-06-29,8319,8609,BRL,91.34,1,,448,,,,5,2026-06-29,2026-06-29
"Instagram | Conversão 2026","[SP] BAIRROS NOBRES | SÃO PAULO & CIDADES DE SÃO PAULO","[Vídeo] Trend Viral — Bairros nobres SP",2026-06-29,2596,2741,BRL,71.18,1,,166,,,,6,2026-06-29,2026-06-29
"Instagram | Conversão 2026","Brasília 26","[Vídeo] Extratora HYLA - Brasília 26",2026-06-29,463,478,BRL,16.99,,,29,,,,,2026-06-29,2026-06-29
"Instagram | Conversão 2026","Brasília 26","[Vídeo] Célia Gava 1 M - Brasília 26",2026-06-29,5,5,BRL,0.06,,,,,,,,2026-06-29,2026-06-29
"Instagram | Conversão 2026","Goiânia 26","[Imagem] Saúde - Goiânia 26",2026-06-29,308,415,BRL,8.8,,,9,,,,,2026-06-29,2026-06-29
"Instagram | Conversão 2026","Goiânia 26","[Vídeo] - Praticidade - Goiânia 26",2026-06-28,835,861,BRL,13.2,1,,36,,,,,2026-06-28,2026-06-28
"Instagram | Conversão 2026","Goiânia 26","[Vídeo] - Trend Viral - Goiânia 26",2026-06-28,352,368,BRL,14.2,,,23,,,,2,2026-06-28,2026-06-28
"Instagram | Conversão 2026","Goiânia 26","[Vídeo] - Extratora HYLA — Goiânia 26",2026-06-28,143,149,BRL,5.45,,,4,,,,,2026-06-28,2026-06-28
"Instagram | Conversão 2026","[SP] BAIRROS NOBRES | SÃO PAULO & CIDADES DE SÃO PAULO","[Vídeo] Extratora HYLA — Bairros nobres SP",2026-06-28,1639,1650,BRL,41.81,3,,119,,,,11,2026-06-28,2026-06-28
"Instagram | Conversão 2026","Curitiba 26","[Vídeo] - Extratora - Curitiba 26",2026-06-28,1777,1816,BRL,41.32,3,,115,,,,4,2026-06-28,2026-06-28
"Instagram | Conversão 2026","Curitiba 26","[Vídeo] Célia Gava — Curitiba",2026-06-28,51,52,BRL,1.68,,,1,,,,1,2026-06-28,2026-06-28
"Instagram | Conversão 2026","Goiânia 26","[Vídeo] Célia Gava - Goiânia 26",2026-06-28,182,197,BRL,8.92,1,,11,,,,,2026-06-28,2026-06-28
"Instagram | Conversão 2026","[SP] BAIRROS NOBRES | SÃO PAULO & CIDADES DE SÃO PAULO","[Vídeo] PRATICIDADE — Bairros Nobres SP",2026-06-28,16198,17286,BRL,160.77,29,,931,,2,,39,2026-06-28,2026-06-28
"Instagram | Conversão 2026","[SP] BAIRROS NOBRES | SÃO PAULO & CIDADES DE SÃO PAULO","[Vídeo] Trend Viral — Bairros nobres SP",2026-06-28,1799,1828,BRL,43.9,4,,119,,1,,2,2026-06-28,2026-06-28
"Instagram | Conversão 2026","Brasília 26","[Vídeo] Extratora HYLA - Brasília 26",2026-06-28,1039,1064,BRL,32.11,2,,76,,,,,2026-06-28,2026-06-28
"Instagram | Conversão 2026","Brasília 26","[Vídeo] Célia Gava 1 M - Brasília 26",2026-06-28,16,17,BRL,0.91,,,1,,,,,2026-06-28,2026-06-28
"Instagram | Conversão 2026","[SP] BAIRROS NOBRES | SÃO PAULO & CIDADES DE SÃO PAULO","[Imagem] Saúde — Bairros nobres SP",2026-06-28,3,3,BRL,0.01,,,,,,,,2026-06-28,2026-06-28
"Instagram | Conversão 2026","Goiânia 26","[Imagem] Saúde - Goiânia 26",2026-06-28,68,81,BRL,1.31,,,2,,,,,2026-06-28,2026-06-28
"Instagram | Conversão 2026","Goiânia 26","[Vídeo] - Praticidade - Goiânia 26",2026-06-27,334,350,BRL,5.43,,,20,,,,1,2026-06-27,2026-06-27
"Instagram | Conversão 2026","Goiânia 26","[Vídeo] - Trend Viral - Goiânia 26",2026-06-27,326,338,BRL,13.93,,,19,,,,,2026-06-27,2026-06-27
"Instagram | Conversão 2026","[SP] BAIRROS NOBRES | SÃO PAULO & CIDADES DE SÃO PAULO","[Vídeo] Extratora HYLA — Bairros nobres SP",2026-06-27,448,459,BRL,12.66,1,,38,,,,,2026-06-27,2026-06-27
"Instagram | Conversão 2026","Curitiba 26","[Vídeo] - Extratora - Curitiba 26",2026-06-27,1159,1174,BRL,29.07,1,,71,,,,4,2026-06-27,2026-06-27
"Instagram | Conversão 2026","[SP] BAIRROS NOBRES | SÃO PAULO & CIDADES DE SÃO PAULO","[Vídeo] PRATICIDADE — Bairros Nobres SP",2026-06-27,11323,12049,BRL,118,27,,646,,1,,16,2026-06-27,2026-06-27
"Instagram | Conversão 2026","[SP] BAIRROS NOBRES | SÃO PAULO & CIDADES DE SÃO PAULO","[Vídeo] Trend Viral — Bairros nobres SP",2026-06-27,2384,2543,BRL,82.95,2,,218,,,,22,2026-06-27,2026-06-27
"Instagram | Conversão 2026","Brasília 26","[Vídeo] Extratora HYLA - Brasília 26",2026-06-27,792,818,BRL,24.79,1,,41,,,,2,2026-06-27,2026-06-27
"Instagram | Conversão 2026","Brasília 26","[Imagem] Benefícios - Brasília 26",2026-06-27,7,7,BRL,0.11,,,1,,,,,2026-06-27,2026-06-27
"Instagram | Conversão 2026","Goiânia 26","[Imagem] Saúde - Goiânia 26",2026-06-27,114,129,BRL,1.65,,,2,,,,,2026-06-27,2026-06-27
"Instagram | Conversão 2026","Goiânia 26","[Vídeo] - Praticidade - Goiânia 26",2026-06-26,73,74,BRL,1.47,,,2,,,,1,2026-06-26,2026-06-26
"Instagram | Conversão 2026","Goiânia 26","[Vídeo] - Trend Viral - Goiânia 26",2026-06-26,27,28,BRL,1.09,,,,,,,,2026-06-26,2026-06-26
"Instagram | Conversão 2026","Goiânia 26","[Vídeo] - Extratora HYLA — Goiânia 26",2026-06-26,1100,1130,BRL,30.5,1,,49,,,,5,2026-06-26,2026-06-26
"Instagram | Conversão 2026","[SP] BAIRROS NOBRES | SÃO PAULO & CIDADES DE SÃO PAULO","[Vídeo] Extratora HYLA — Bairros nobres SP",2026-06-26,823,844,BRL,21.11,1,,57,,,,,2026-06-26,2026-06-26
"Instagram | Conversão 2026","Curitiba 26","[Vídeo] - Extratora - Curitiba 26",2026-06-26,1468,1478,BRL,36.05,1,,106,,,,4,2026-06-26,2026-06-26
"Instagram | Conversão 2026","Curitiba 26","[Vídeo] Célia Gava — Curitiba",2026-06-26,87,88,BRL,0.9,,,3,,,,,2026-06-26,2026-06-26
"Instagram | Conversão 2026","Goiânia 26","[Vídeo] Célia Gava - Goiânia 26",2026-06-26,4,4,BRL,0.1,,,,,,,,2026-06-26,2026-06-26
"Instagram | Conversão 2026","[SP] BAIRROS NOBRES | SÃO PAULO & CIDADES DE SÃO PAULO","[Vídeo] PRATICIDADE — Bairros Nobres SP",2026-06-26,15684,16813,BRL,153.35,30,,755,,,,15,2026-06-26,2026-06-26
"Instagram | Conversão 2026","[SP] BAIRROS NOBRES | SÃO PAULO & CIDADES DE SÃO PAULO","[Vídeo] Trend Viral — Bairros nobres SP",2026-06-26,250,264,BRL,9.44,,,15,,,,1,2026-06-26,2026-06-26
"Instagram | Conversão 2026","Brasília 26","[Vídeo] Extratora HYLA - Brasília 26",2026-06-26,1266,1369,BRL,37.15,3,,84,,1,,5,2026-06-26,2026-06-26
"Instagram | Conversão 2026","Brasília 26","[Vídeo] Célia Gava 1 M - Brasília 26",2026-06-26,18,19,BRL,0.42,,,,,,,,2026-06-26,2026-06-26
"Instagram | Conversão 2026","[SP] BAIRROS NOBRES | SÃO PAULO & CIDADES DE SÃO PAULO","[Imagem] Saúde — Bairros nobres SP",2026-06-26,11,13,BRL,0.05,,,1,,,,,2026-06-26,2026-06-26
"Instagram | Conversão 2026","Goiânia 26","[Imagem] Saúde - Goiânia 26",2026-06-26,280,362,BRL,9.51,,,8,,,,,2026-06-26,2026-06-26
"Instagram | Conversão 2026","Goiânia 26","[Vídeo] - Praticidade - Goiânia 26",2026-06-25,301,317,BRL,6.86,1,,12,,,,,2026-06-25,2026-06-25
"Instagram | Conversão 2026","Goiânia 26","[Vídeo] - Trend Viral - Goiânia 26",2026-06-25,401,422,BRL,15.98,,,48,,,,2,2026-06-25,2026-06-25
"Instagram | Conversão 2026","[SP] BAIRROS NOBRES | SÃO PAULO & CIDADES DE SÃO PAULO","[Vídeo] Extratora HYLA — Bairros nobres SP",2026-06-25,530,550,BRL,14.33,1,,32,,,,1,2026-06-25,2026-06-25
"Instagram | Conversão 2026","Curitiba 26","[Vídeo] - Extratora - Curitiba 26",2026-06-25,1305,1320,BRL,35.28,1,,101,,,,2,2026-06-25,2026-06-25
"Instagram | Conversão 2026","Curitiba 26","[Vídeo] Célia Gava — Curitiba",2026-06-25,49,50,BRL,0.76,,,,,,,,2026-06-25,2026-06-25
"Instagram | Conversão 2026","Goiânia 26","[Vídeo] Célia Gava - Goiânia 26",2026-06-25,53,54,BRL,1.55,,,2,,,,,2026-06-25,2026-06-25
"Instagram | Conversão 2026","[SP] BAIRROS NOBRES | SÃO PAULO & CIDADES DE SÃO PAULO","[Vídeo] PRATICIDADE — Bairros Nobres SP",2026-06-25,9402,9928,BRL,102.07,21,,483,2,1,,6,2026-06-25,2026-06-25
"Instagram | Conversão 2026","[SP] BAIRROS NOBRES | SÃO PAULO & CIDADES DE SÃO PAULO","[Vídeo] Nimbus Tapete — Bairros nobres SP",2026-06-25,130,133,BRL,2.56,,,4,,,,,2026-06-25,2026-06-25
"Instagram | Conversão 2026","[SP] BAIRROS NOBRES | SÃO PAULO & CIDADES DE SÃO PAULO","[Vídeo] Trend Viral — Bairros nobres SP",2026-06-25,2278,2416,BRL,66.09,1,,178,,,,8,2026-06-25,2026-06-25
"Instagram | Conversão 2026","Brasília 26","[Vídeo] Extratora HYLA - Brasília 26",2026-06-25,926,999,BRL,28.38,2,,50,,1,,2,2026-06-25,2026-06-25
"Instagram | Conversão 2026","Brasília 26","[Vídeo] Célia Gava 1 M - Brasília 26",2026-06-25,5,6,BRL,0.24,,,,,,,,2026-06-25,2026-06-25
"Instagram | Conversão 2026","Brasília 26","[Imagem] Benefícios - Brasília 26",2026-06-25,1,1,BRL,0.03,,,,,,,,2026-06-25,2026-06-25
"Instagram | Conversão 2026","Goiânia 26","[Imagem] Saúde - Goiânia 26",2026-06-25,111,169,BRL,3.21,,,1,,,,,2026-06-25,2026-06-25
"Instagram | Conversão 2026","Goiânia 26","[Vídeo] - Extratora HYLA — Goiânia 26",2026-06-24,675,693,BRL,15.81,,,25,,,,,2026-06-24,2026-06-24
"Instagram | Conversão 2026","[SP] BAIRROS NOBRES | SÃO PAULO & CIDADES DE SÃO PAULO","[Vídeo] Extratora HYLA — Bairros nobres SP",2026-06-24,280,289,BRL,6.55,,,12,,,,,2026-06-24,2026-06-24
"Instagram | Conversão 2026","Curitiba 26","[Vídeo] - Extratora - Curitiba 26",2026-06-24,1533,1562,BRL,39.15,2,,76,,1,,2,2026-06-24,2026-06-24
"Instagram | Conversão 2026","Curitiba 26","[Vídeo] Célia Gava — Curitiba",2026-06-24,27,27,BRL,0.62,,,1,,,,,2026-06-24,2026-06-24
"Instagram | Conversão 2026","[SP] BAIRROS NOBRES | SÃO PAULO & CIDADES DE SÃO PAULO","[Vídeo] PRATICIDADE — Bairros Nobres SP",2026-06-24,29260,32734,BRL,181.71,23,,616,,2,,15,2026-06-24,2026-06-24
"Instagram | Conversão 2026","[SP] BAIRROS NOBRES | SÃO PAULO & CIDADES DE SÃO PAULO","[Vídeo] Nimbus Tapete — Bairros nobres SP",2026-06-24,38,38,BRL,0.18,,,,,,,,2026-06-24,2026-06-24
"Instagram | Conversão 2026","[SP] BAIRROS NOBRES | SÃO PAULO & CIDADES DE SÃO PAULO","[Vídeo] Trend Viral — Bairros nobres SP",2026-06-24,1182,1242,BRL,27.84,3,,58,,,,,2026-06-24,2026-06-24
"Instagram | Conversão 2026","Brasília 26","[Vídeo] Extratora HYLA - Brasília 26",2026-06-24,3630,4064,BRL,27.85,1,,43,,,,,2026-06-24,2026-06-24
"Instagram | Conversão 2026","Brasília 26","[Vídeo] Célia Gava 1 M - Brasília 26",2026-06-24,9,9,BRL,0.06,,,,,,,,2026-06-24,2026-06-24
"Instagram | Conversão 2026","Goiânia 26","[Imagem] Saúde - Goiânia 26",2026-06-24,2380,3574,BRL,27.8,,,9,,,,,2026-06-24,2026-06-24
"Instagram | Conversão 2026","Goiânia 26","[Vídeo] - Praticidade - Goiânia 26",2026-06-23,1286,1493,BRL,8.38,,,23,,,,,2026-06-23,2026-06-23
"Instagram | Conversão 2026","Goiânia 26","[Vídeo] - Trend Viral - Goiânia 26",2026-06-23,711,781,BRL,7.93,,,12,,,,,2026-06-23,2026-06-23
"Instagram | Conversão 2026","Goiânia 26","[Vídeo] - Extratora HYLA — Goiânia 26",2026-06-23,338,352,BRL,18.22,1,,27,,,,,2026-06-23,2026-06-23
"Instagram | Conversão 2026","[SP] BAIRROS NOBRES | SÃO PAULO & CIDADES DE SÃO PAULO","[Vídeo] Extratora HYLA — Bairros nobres SP",2026-06-23,322,340,BRL,12.44,1,,21,,,,,2026-06-23,2026-06-23
"Instagram | Conversão 2026","Curitiba 26","[Vídeo] - Extratora - Curitiba 26",2026-06-23,1739,1762,BRL,36.59,4,,77,,,,8,2026-06-23,2026-06-23
"Instagram | Conversão 2026","Curitiba 26","[Vídeo] Célia Gava — Curitiba",2026-06-23,154,169,BRL,1.51,,,,,,,,2026-06-23,2026-06-23
"Instagram | Conversão 2026","Goiânia 26","[Vídeo] Célia Gava - Goiânia 26",2026-06-23,122,130,BRL,2.9,,,5,,,,,2026-06-23,2026-06-23
"Instagram | Conversão 2026","[SP] BAIRROS NOBRES | SÃO PAULO & CIDADES DE SÃO PAULO","[Vídeo] PRATICIDADE — Bairros Nobres SP",2026-06-23,41491,48650,BRL,207.95,15,,577,,4,,6,2026-06-23,2026-06-23
"Instagram | Conversão 2026","[SP] BAIRROS NOBRES | SÃO PAULO & CIDADES DE SÃO PAULO","[Vídeo] Nimbus Tapete — Bairros nobres SP",2026-06-23,7,7,BRL,0.02,,,,,,,,2026-06-23,2026-06-23
"Instagram | Conversão 2026","[SP] BAIRROS NOBRES | SÃO PAULO & CIDADES DE SÃO PAULO","[Vídeo] Trend Viral — Bairros nobres SP",2026-06-23,887,953,BRL,18.25,,,48,,,,4,2026-06-23,2026-06-23
"Instagram | Conversão 2026","Brasília 26","[Vídeo] Extratora HYLA - Brasília 26",2026-06-23,7654,9285,BRL,44.82,2,,73,,,,3,2026-06-23,2026-06-23
"Instagram | Conversão 2026","Brasília 26","[Vídeo] Célia Gava 1 M - Brasília 26",2026-06-23,26,27,BRL,0.6,,,,,,,3,2026-06-23,2026-06-23
"Instagram | Conversão 2026","[SP] BAIRROS NOBRES | SÃO PAULO & CIDADES DE SÃO PAULO","[Imagem] Saúde — Bairros nobres SP",2026-06-23,2,3,BRL,0.02,,,,,,,,2026-06-23,2026-06-23
"Instagram | Conversão 2026","Goiânia 26","[Imagem] Saúde - Goiânia 26",2026-06-23,934,1276,BRL,4.7,,,5,,,,,2026-06-23,2026-06-23
"Instagram | Conversão 2026","Goiânia 26","[Vídeo] - Praticidade - Goiânia 26",2026-06-22,77,87,BRL,1.29,,,4,,,,,2026-06-22,2026-06-22
"Instagram | Conversão 2026","Goiânia 26","[Vídeo] - Trend Viral - Goiânia 26",2026-06-22,86,90,BRL,2.43,,,1,,,,,2026-06-22,2026-06-22
"Instagram | Conversão 2026","Goiânia 26","[Vídeo] - Extratora HYLA — Goiânia 26",2026-06-22,204,209,BRL,7.51,,,16,,,,4,2026-06-22,2026-06-22
"Instagram | Conversão 2026","[SP] BAIRROS NOBRES | SÃO PAULO & CIDADES DE SÃO PAULO","[Vídeo] Extratora HYLA — Bairros nobres SP",2026-06-22,188,194,BRL,6.17,,,18,,,,1,2026-06-22,2026-06-22
"Instagram | Conversão 2026","Curitiba 26","[Vídeo] - Extratora - Curitiba 26",2026-06-22,1143,1183,BRL,24.38,1,,48,,,,,2026-06-22,2026-06-22
"Instagram | Conversão 2026","[SP] BAIRROS NOBRES | SÃO PAULO & CIDADES DE SÃO PAULO","[Vídeo] PRATICIDADE — Bairros Nobres SP",2026-06-22,13072,14497,BRL,102.87,12,,395,,,,18,2026-06-22,2026-06-22
"Instagram | Conversão 2026","[SP] BAIRROS NOBRES | SÃO PAULO & CIDADES DE SÃO PAULO","[Vídeo] Nimbus Tapete — Bairros nobres SP",2026-06-22,68,69,BRL,0.45,,,4,,,,,2026-06-22,2026-06-22
"Instagram | Conversão 2026","[SP] BAIRROS NOBRES | SÃO PAULO & CIDADES DE SÃO PAULO","[Vídeo] Trend Viral — Bairros nobres SP",2026-06-22,794,845,BRL,23.12,5,,66,,,,5,2026-06-22,2026-06-22
"Instagram | Conversão 2026","Brasília 26","[Vídeo] Extratora HYLA - Brasília 26",2026-06-22,753,827,BRL,11.96,,,24,,,,,2026-06-22,2026-06-22
"Instagram | Conversão 2026","Brasília 26","[Vídeo] Célia Gava 1 M - Brasília 26",2026-06-22,632,676,BRL,17.15,,,19,,,,,2026-06-22,2026-06-22
"Instagram | Conversão 2026","Goiânia 26","[Imagem] Saúde - Goiânia 26",2026-06-22,900,1347,BRL,8.22,,,6,,,,,2026-06-22,2026-06-22
"Instagram | Conversão 2026","Goiânia 26","[Vídeo] Nimbus Alemã - Goiânia 26",2026-06-22,47,52,BRL,0.47,,,1,,,,,2026-06-22,2026-06-22
"Instagram | Conversão 2026","Goiânia 26","[Vídeo] - Praticidade - Goiânia 26",2026-06-21,1,1,BRL,0.02,,,,,,,,2026-06-21,2026-06-21
"Instagram | Conversão 2026","Goiânia 26","[Vídeo] - Extratora HYLA — Goiânia 26",2026-06-21,1575,1660,BRL,42.29,3,,66,,1,,,2026-06-21,2026-06-21
"Instagram | Conversão 2026","[SP] BAIRROS NOBRES | SÃO PAULO & CIDADES DE SÃO PAULO","[Vídeo] Extratora HYLA — Bairros nobres SP",2026-06-21,2024,2143,BRL,53.64,6,,165,,,,10,2026-06-21,2026-06-21
"Instagram | Conversão 2026","Curitiba 26","[Vídeo] - Extratora - Curitiba 26",2026-06-21,1784,1893,BRL,39.84,3,,123,,,,,2026-06-21,2026-06-21
"Instagram | Conversão 2026","Curitiba 26","[Vídeo] Célia Gava — Curitiba",2026-06-21,118,124,BRL,0.76,,,1,,,,,2026-06-21,2026-06-21
"Instagram | Conversão 2026","[SP] BAIRROS NOBRES | SÃO PAULO & CIDADES DE SÃO PAULO","[Vídeo] PRATICIDADE — Bairros Nobres SP",2026-06-21,12925,14090,BRL,144.57,41,,784,,2,,15,2026-06-21,2026-06-21
"Instagram | Conversão 2026","[SP] BAIRROS NOBRES | SÃO PAULO & CIDADES DE SÃO PAULO","[Vídeo] Trend Viral — Bairros nobres SP",2026-06-21,1366,1432,BRL,31.6,,,112,,,,9,2026-06-21,2026-06-21
"Instagram | Conversão 2026","Brasília 26","[Vídeo] Extratora HYLA - Brasília 26",2026-06-21,1474,1604,BRL,32.58,5,,94,,1,,1,2026-06-21,2026-06-21
"Instagram | Conversão 2026","Brasília 26","[Vídeo] Célia Gava 1 M - Brasília 26",2026-06-21,542,588,BRL,18.56,,,27,,1,,1,2026-06-21,2026-06-21
"Instagram | Conversão 2026","[SP] BAIRROS NOBRES | SÃO PAULO & CIDADES DE SÃO PAULO","[Imagem] Saúde — Bairros nobres SP",2026-06-21,1,1,BRL,0,,,,,,,,2026-06-21,2026-06-21
"Instagram | Conversão 2026","Goiânia 26","[Imagem] Saúde - Goiânia 26",2026-06-21,66,85,BRL,1.18,,,,,,,,2026-06-21,2026-06-21
"Instagram | Conversão 2026","Goiânia 26","[Vídeo] - Praticidade - Goiânia 26",2026-06-20,810,849,BRL,11.8,1,,40,,,,1,2026-06-20,2026-06-20
"Instagram | Conversão 2026","Goiânia 26","[Vídeo] - Trend Viral - Goiânia 26",2026-06-20,230,240,BRL,11.66,1,,16,,,,,2026-06-20,2026-06-20
"Instagram | Conversão 2026","Goiânia 26","[Vídeo] - Extratora HYLA — Goiânia 26",2026-06-20,82,83,BRL,1.81,,,1,,,,,2026-06-20,2026-06-20
"Instagram | Conversão 2026","[SP] BAIRROS NOBRES | SÃO PAULO & CIDADES DE SÃO PAULO","[Vídeo] Extratora HYLA — Bairros nobres SP",2026-06-20,67,70,BRL,1.78,,,6,,,,,2026-06-20,2026-06-20
"Instagram | Conversão 2026","Curitiba 26","[Vídeo] - Extratora - Curitiba 26",2026-06-20,1558,1595,BRL,39.41,11,,102,,,,1,2026-06-20,2026-06-20
"Instagram | Conversão 2026","Curitiba 26","[Vídeo] Célia Gava — Curitiba",2026-06-20,31,31,BRL,0.17,,,,,,,,2026-06-20,2026-06-20
"Instagram | Conversão 2026","Goiânia 26","[Vídeo] Célia Gava - Goiânia 26",2026-06-20,5,5,BRL,0.1,,,,,,,,2026-06-20,2026-06-20
"Instagram | Conversão 2026","[SP] BAIRROS NOBRES | SÃO PAULO & CIDADES DE SÃO PAULO","[Vídeo] PRATICIDADE — Bairros Nobres SP",2026-06-20,18430,19598,BRL,201.41,52,,1096,,3,,9,2026-06-20,2026-06-20
"Instagram | Conversão 2026","[SP] BAIRROS NOBRES | SÃO PAULO & CIDADES DE SÃO PAULO","[Vídeo] Nimbus Tapete — Bairros nobres SP",2026-06-20,175,178,BRL,1.53,,,4,,,,,2026-06-20,2026-06-20
"Instagram | Conversão 2026","[SP] BAIRROS NOBRES | SÃO PAULO & CIDADES DE SÃO PAULO","[Vídeo] Trend Viral — Bairros nobres SP",2026-06-20,717,727,BRL,20.74,3,,71,,1,,1,2026-06-20,2026-06-20
"Instagram | Conversão 2026","Brasília 26","[Vídeo] Extratora HYLA - Brasília 26",2026-06-20,20,20,BRL,0.43,,,1,,,,,2026-06-20,2026-06-20
"Instagram | Conversão 2026","Brasília 26","[Vídeo] Célia Gava 1 M - Brasília 26",2026-06-20,1169,1321,BRL,32.73,1,,54,,,,3,2026-06-20,2026-06-20
"Instagram | Conversão 2026","Brasília 26","[Imagem] Benefícios - Brasília 26",2026-06-20,4,4,BRL,0.03,,,,,,,,2026-06-20,2026-06-20
"Instagram | Conversão 2026","[SP] BAIRROS NOBRES | SÃO PAULO & CIDADES DE SÃO PAULO","[Imagem] Saúde — Bairros nobres SP",2026-06-20,1,1,BRL,0.02,,,,,,,,2026-06-20,2026-06-20
"Instagram | Conversão 2026","Goiânia 26","[Imagem] Saúde - Goiânia 26",2026-06-20,105,146,BRL,2.15,,,1,,,,,2026-06-20,2026-06-20
"Instagram | Conversão 2026","Goiânia 26","[Vídeo] Nimbus Alemã - Goiânia 26",2026-06-20,363,393,BRL,2.52,,,2,,,,,2026-06-20,2026-06-20
"Instagram | Conversão 2026","Goiânia 26","[Vídeo] - Praticidade - Goiânia 26",2026-06-19,16,16,BRL,0.26,,,2,,,,,2026-06-19,2026-06-19
"Instagram | Conversão 2026","Goiânia 26","[Vídeo] - Trend Viral - Goiânia 26",2026-06-19,157,162,BRL,3.95,1,,7,,,,,2026-06-19,2026-06-19
"Instagram | Conversão 2026","Goiânia 26","[Vídeo] - Extratora HYLA — Goiânia 26",2026-06-19,854,866,BRL,19.95,4,,45,,1,,1,2026-06-19,2026-06-19
"Instagram | Conversão 2026","[SP] BAIRROS NOBRES | SÃO PAULO & CIDADES DE SÃO PAULO","[Vídeo] Extratora HYLA — Bairros nobres SP",2026-06-19,28,28,BRL,0.93,,,3,,,,,2026-06-19,2026-06-19
"Instagram | Conversão 2026","Curitiba 26","[Vídeo] - Extratora - Curitiba 26",2026-06-19,1349,1404,BRL,35.8,3,,93,,1,,2,2026-06-19,2026-06-19
"Instagram | Conversão 2026","Curitiba 26","[Vídeo] Célia Gava — Curitiba",2026-06-19,3,3,BRL,0.01,,,,,,,,2026-06-19,2026-06-19
"Instagram | Conversão 2026","Goiânia 26","[Vídeo] Célia Gava - Goiânia 26",2026-06-19,6,7,BRL,0.03,,,,,,,,2026-06-19,2026-06-19
"Instagram | Conversão 2026","[SP] BAIRROS NOBRES | SÃO PAULO & CIDADES DE SÃO PAULO","[Vídeo] PRATICIDADE — Bairros Nobres SP",2026-06-19,11066,11755,BRL,129.46,34,,607,,2,,11,2026-06-19,2026-06-19
"Instagram | Conversão 2026","[SP] BAIRROS NOBRES | SÃO PAULO & CIDADES DE SÃO PAULO","[Vídeo] Nimbus Tapete — Bairros nobres SP",2026-06-19,117,125,BRL,1.11,,,3,,,,,2026-06-19,2026-06-19
"Instagram | Conversão 2026","[SP] BAIRROS NOBRES | SÃO PAULO & CIDADES DE SÃO PAULO","[Vídeo] Trend Viral — Bairros nobres SP",2026-06-19,54,56,BRL,0.96,,,6,,,,,2026-06-19,2026-06-19
"Instagram | Conversão 2026","Brasília 26","[Vídeo] Extratora HYLA - Brasília 26",2026-06-19,132,134,BRL,3.5,,,6,,,,,2026-06-19,2026-06-19
"Instagram | Conversão 2026","Brasília 26","[Vídeo] Célia Gava 1 M - Brasília 26",2026-06-19,939,1041,BRL,23.89,1,,42,,,,3,2026-06-19,2026-06-19
"Instagram | Conversão 2026","Goiânia 26","[Imagem] Saúde - Goiânia 26",2026-06-19,956,1369,BRL,19.37,1,,16,,,,1,2026-06-19,2026-06-19
"Instagram | Conversão 2026","Goiânia 26","[Vídeo] Nimbus Alemã - Goiânia 26",2026-06-19,7,7,BRL,0.12,,,1,,,,,2026-06-19,2026-06-19
"Instagram | Conversão 2026","Goiânia 26","[Vídeo] - Praticidade - Goiânia 26",2026-06-18,872,911,BRL,10.89,2,,39,,,,,2026-06-18,2026-06-18
"Instagram | Conversão 2026","Goiânia 26","[Vídeo] - Trend Viral - Goiânia 26",2026-06-18,731,762,BRL,11.6,1,,30,,,,,2026-06-18,2026-06-18
"Instagram | Conversão 2026","Goiânia 26","[Vídeo] - Extratora HYLA — Goiânia 26",2026-06-18,120,122,BRL,2.69,1,,9,,,,1,2026-06-18,2026-06-18
"Instagram | Conversão 2026","[SP] BAIRROS NOBRES | SÃO PAULO & CIDADES DE SÃO PAULO","[Vídeo] Extratora HYLA — Bairros nobres SP",2026-06-18,141,148,BRL,2.38,,,15,,,,,2026-06-18,2026-06-18
"Instagram | Conversão 2026","Curitiba 26","[Vídeo] - Extratora - Curitiba 26",2026-06-18,1970,2030,BRL,37.93,10,,138,,2,,1,2026-06-18,2026-06-18
"Instagram | Conversão 2026","Curitiba 26","[Vídeo] Célia Gava — Curitiba",2026-06-18,483,509,BRL,3.58,,,12,,,,,2026-06-18,2026-06-18
"Instagram | Conversão 2026","Goiânia 26","[Vídeo] Célia Gava - Goiânia 26",2026-06-18,1214,1391,BRL,14.67,1,,30,,,,,2026-06-18,2026-06-18
"Instagram | Conversão 2026","[SP] BAIRROS NOBRES | SÃO PAULO & CIDADES DE SÃO PAULO","[Vídeo] PRATICIDADE — Bairros Nobres SP",2026-06-18,20312,22726,BRL,230.44,49,,1265,,4,,15,2026-06-18,2026-06-18
"Instagram | Conversão 2026","[SP] BAIRROS NOBRES | SÃO PAULO & CIDADES DE SÃO PAULO","[Vídeo] Nimbus Tapete — Bairros nobres SP",2026-06-18,24,26,BRL,0.2,,,2,,,,,2026-06-18,2026-06-18
"Instagram | Conversão 2026","[SP] BAIRROS NOBRES | SÃO PAULO & CIDADES DE SÃO PAULO","[Vídeo] Trend Viral — Bairros nobres SP",2026-06-18,337,368,BRL,5.32,,,28,,,,1,2026-06-18,2026-06-18
"Instagram | Conversão 2026","Brasília 26","[Vídeo] Extratora HYLA - Brasília 26",2026-06-18,567,628,BRL,9.58,1,,24,,,,,2026-06-18,2026-06-18
"Instagram | Conversão 2026","Brasília 26","[Vídeo] Célia Gava 1 M - Brasília 26",2026-06-18,1251,1420,BRL,20.97,1,,50,,,,3,2026-06-18,2026-06-18
"Instagram | Conversão 2026","[SP] BAIRROS NOBRES | SÃO PAULO & CIDADES DE SÃO PAULO","[Imagem] Saúde — Bairros nobres SP",2026-06-18,6,7,BRL,0.02,,,,,,,,2026-06-18,2026-06-18
"Instagram | Conversão 2026","Goiânia 26","[Imagem] Saúde - Goiânia 26",2026-06-18,423,570,BRL,3,,,3,,,,,2026-06-18,2026-06-18
"Instagram | Conversão 2026","Goiânia 26","[Vídeo] Nimbus Alemã - Goiânia 26",2026-06-18,1,1,BRL,0.04,,,,,,,,2026-06-18,2026-06-18
"Instagram | Conversão 2026","Goiânia 26","[Vídeo] - Praticidade - Goiânia 26",2026-06-17,2,2,BRL,0.04,,,,,,,,2026-06-17,2026-06-17
"Instagram | Conversão 2026","Goiânia 26","[Vídeo] - Trend Viral - Goiânia 26",2026-06-17,1483,1777,BRL,41.68,2,,57,,,,4,2026-06-17,2026-06-17
"Instagram | Conversão 2026","[SP] BAIRROS NOBRES | SÃO PAULO & CIDADES DE SÃO PAULO","[Vídeo] Extratora HYLA — Bairros nobres SP",2026-06-17,239,262,BRL,10.13,,,15,,,,,2026-06-17,2026-06-17
"Instagram | Conversão 2026","Curitiba 26","[Vídeo] - Extratora - Curitiba 26",2026-06-17,1537,1708,BRL,42.76,5,,103,,,,4,2026-06-17,2026-06-17
"Instagram | Conversão 2026","[SP] BAIRROS NOBRES | SÃO PAULO & CIDADES DE SÃO PAULO","[Vídeo] PRATICIDADE — Bairros Nobres SP",2026-06-17,9750,10698,BRL,140.1,26,,512,,,,14,2026-06-17,2026-06-17
"Instagram | Conversão 2026","[SP] BAIRROS NOBRES | SÃO PAULO & CIDADES DE SÃO PAULO","[Vídeo] Nimbus Tapete — Bairros nobres SP",2026-06-17,6,7,BRL,0.21,,,,,,,,2026-06-17,2026-06-17
"Instagram | Conversão 2026","[SP] BAIRROS NOBRES | SÃO PAULO & CIDADES DE SÃO PAULO","[Vídeo] Trend Viral — Bairros nobres SP",2026-06-17,3196,3726,BRL,91.42,6,,238,,,,4,2026-06-17,2026-06-17
"Instagram | Conversão 2026","Brasília 26","[Vídeo] Extratora HYLA - Brasília 26",2026-06-17,463,517,BRL,12.27,,,27,,,,,2026-06-17,2026-06-17
"Instagram | Conversão 2026","Brasília 26","[Vídeo] Célia Gava 1 M - Brasília 26",2026-06-17,825,1015,BRL,25.74,,,23,,,,2,2026-06-17,2026-06-17
"Instagram | Conversão 2026","Brasília 26","[Imagem] Benefícios - Brasília 26",2026-06-17,3,3,BRL,0.04,,,,,,,,2026-06-17,2026-06-17
"Instagram | Conversão 2026","Goiânia 26","[Imagem] Saúde - Goiânia 26",2026-06-17,32,51,BRL,0.71,,,,,,,,2026-06-17,2026-06-17
"Instagram | Conversão 2026","Goiânia 26","[Vídeo] Nimbus Alemã - Goiânia 26",2026-06-17,23,33,BRL,0.78,,,1,,,,,2026-06-17,2026-06-17
"Instagram | Conversão 2026","Goiânia 26","[Vídeo] - Trend Viral - Goiânia 26",2026-06-16,1171,1579,BRL,38.33,,,36,,1,,2,2026-06-16,2026-06-16
"Instagram | Conversão 2026","[SP] BAIRROS NOBRES | SÃO PAULO & CIDADES DE SÃO PAULO","[Vídeo] Extratora HYLA — Bairros nobres SP",2026-06-16,374,412,BRL,15.19,3,,18,,1,,,2026-06-16,2026-06-16
"Instagram | Conversão 2026","Curitiba 26","[Vídeo] - Extratora - Curitiba 26",2026-06-16,925,1290,BRL,41.63,2,,54,,,,1,2026-06-16,2026-06-16
"Instagram | Conversão 2026","[SP] BAIRROS NOBRES | SÃO PAULO & CIDADES DE SÃO PAULO","[Vídeo] PRATICIDADE — Bairros Nobres SP",2026-06-16,3236,4328,BRL,92.97,12,,171,,1,,1,2026-06-16,2026-06-16
"Instagram | Conversão 2026","[SP] BAIRROS NOBRES | SÃO PAULO & CIDADES DE SÃO PAULO","[Vídeo] Trend Viral — Bairros nobres SP",2026-06-16,1716,3002,BRL,107.01,7,,119,,,,,2026-06-16,2026-06-16
"Instagram | Conversão 2026","Brasília 26","[Vídeo] Extratora HYLA - Brasília 26",2026-06-16,166,221,BRL,6.02,,,10,,,,,2026-06-16,2026-06-16
"Instagram | Conversão 2026","Brasília 26","[Vídeo] Célia Gava 1 M - Brasília 26",2026-06-16,533,964,BRL,36.33,1,,18,,,,,2026-06-16,2026-06-16
"Instagram | Conversão 2026","[SP] BAIRROS NOBRES | SÃO PAULO & CIDADES DE SÃO PAULO","[Imagem] Saúde — Bairros nobres SP",2026-06-16,1,1,BRL,0,,,,,,,,2026-06-16,2026-06-16
"Instagram | Conversão 2026","Goiânia 26","[Imagem] Saúde - Goiânia 26",2026-06-16,38,46,BRL,0.74,,,1,,,,,2026-06-16,2026-06-16
"Instagram | Conversão 2026","Goiânia 26","[Vídeo] Nimbus Alemã - Goiânia 26",2026-06-16,340,417,BRL,4.03,,,9,,,,,2026-06-16,2026-06-16
"Instagram | Conversão 2026","Goiânia 26","[Vídeo] - Praticidade - Goiânia 26",2026-06-15,25,31,BRL,0.34,,,,,,,,2026-06-15,2026-06-15
"Instagram | Conversão 2026","Goiânia 26","[Vídeo] - Trend Viral - Goiânia 26",2026-06-15,448,479,BRL,8.94,,,10,,,,,2026-06-15,2026-06-15
"Instagram | Conversão 2026","Goiânia 26","[Vídeo] - Extratora HYLA — Goiânia 26",2026-06-15,185,188,BRL,7.05,,,10,,,,,2026-06-15,2026-06-15
"Instagram | Conversão 2026","[SP] BAIRROS NOBRES | SÃO PAULO & CIDADES DE SÃO PAULO","[Vídeo] Extratora HYLA — Bairros nobres SP",2026-06-15,12,12,BRL,0.31,,,1,,,,,2026-06-15,2026-06-15
"Instagram | Conversão 2026","Curitiba 26","[Vídeo] - Extratora - Curitiba 26",2026-06-15,869,1127,BRL,36.39,3,,54,,,,,2026-06-15,2026-06-15
"Instagram | Conversão 2026","Curitiba 26","[Vídeo] Célia Gava — Curitiba",2026-06-15,2,2,BRL,0.01,,,,,,,,2026-06-15,2026-06-15
"Instagram | Conversão 2026","[SP] BAIRROS NOBRES | SÃO PAULO & CIDADES DE SÃO PAULO","[Vídeo] PRATICIDADE — Bairros Nobres SP",2026-06-15,3408,4476,BRL,91.2,16,,156,,,,,2026-06-15,2026-06-15
"Instagram | Conversão 2026","[SP] BAIRROS NOBRES | SÃO PAULO & CIDADES DE SÃO PAULO","[Vídeo] Nimbus Tapete — Bairros nobres SP",2026-06-15,40,40,BRL,1.12,,,2,,,,,2026-06-15,2026-06-15
"Instagram | Conversão 2026","[SP] BAIRROS NOBRES | SÃO PAULO & CIDADES DE SÃO PAULO","[Vídeo] Trend Viral — Bairros nobres SP",2026-06-15,3148,4828,BRL,144.27,6,,138,,,,1,2026-06-15,2026-06-15
"Instagram | Conversão 2026","Brasília 26","[Vídeo] Célia Gava 1 M - Brasília 26",2026-06-15,1489,2141,BRL,50.71,1,,39,,,,,2026-06-15,2026-06-15
"Instagram | Conversão 2026","Brasília 26","[Imagem] Benefícios - Brasília 26",2026-06-15,7,10,BRL,0.21,,,,,,,,2026-06-15,2026-06-15
"Instagram | Conversão 2026","Goiânia 26","[Imagem] Saúde - Goiânia 26",2026-06-15,366,513,BRL,7.52,,,7,,,,,2026-06-15,2026-06-15
"Instagram | Conversão 2026","Goiânia 26","[Vídeo] Nimbus Alemã - Goiânia 26",2026-06-15,736,851,BRL,7.64,,,9,,,,,2026-06-15,2026-06-15
"Instagram | Conversão 2026","Goiânia 26","[Vídeo] - Extratora HYLA — Goiânia 26",2026-06-14,3,3,BRL,0.08,,,,,,,,2026-06-14,2026-06-14
"Instagram | Conversão 2026","[SP] BAIRROS NOBRES | SÃO PAULO & CIDADES DE SÃO PAULO","[Vídeo] Extratora HYLA — Bairros nobres SP",2026-06-14,6,6,BRL,0.17,,,,,,,,2026-06-14,2026-06-14
"Instagram | Conversão 2026","Curitiba 26","[Vídeo] - Extratora - Curitiba 26",2026-06-14,212,267,BRL,7.13,,,16,,,,,2026-06-14,2026-06-14
"Instagram | Conversão 2026","[SP] BAIRROS NOBRES | SÃO PAULO & CIDADES DE SÃO PAULO","[Vídeo] PRATICIDADE — Bairros Nobres SP",2026-06-14,2247,3165,BRL,76.51,9,,139,,2,,4,2026-06-14,2026-06-14
"Instagram | Conversão 2026","[SP] BAIRROS NOBRES | SÃO PAULO & CIDADES DE SÃO PAULO","[Vídeo] Nimbus Tapete — Bairros nobres SP",2026-06-14,6,6,BRL,0.13,,,,,,,,2026-06-14,2026-06-14
"Instagram | Conversão 2026","[SP] BAIRROS NOBRES | SÃO PAULO & CIDADES DE SÃO PAULO","[Vídeo] Trend Viral — Bairros nobres SP",2026-06-14,579,898,BRL,32.87,2,,37,,1,,3,2026-06-14,2026-06-14
"Instagram | Conversão 2026","Brasília 26","[Vídeo] Extratora HYLA - Brasília 26",2026-06-14,15,17,BRL,0.2,,,2,,,,,2026-06-14,2026-06-14
"Instagram | Conversão 2026","Brasília 26","[Vídeo] Célia Gava 1 M - Brasília 26",2026-06-14,707,995,BRL,22.2,,,11,,,,,2026-06-14,2026-06-14
"Instagram | Conversão 2026","Goiânia 26","[Vídeo] - Extratora HYLA — Goiânia 26",2026-06-13,604,673,BRL,14.21,,,28,,,,,2026-06-13,2026-06-13
"Instagram | Conversão 2026","Curitiba 26","[Vídeo] - Extratora - Curitiba 26",2026-06-13,422,469,BRL,11.53,,,22,,,,,2026-06-13,2026-06-13
"Instagram | Conversão 2026","[SP] BAIRROS NOBRES | SÃO PAULO & CIDADES DE SÃO PAULO","[Vídeo] PRATICIDADE — Bairros Nobres SP",2026-06-13,8501,10214,BRL,174.87,19,,536,,,,3,2026-06-13,2026-06-13
"Instagram | Conversão 2026","[SP] BAIRROS NOBRES | SÃO PAULO & CIDADES DE SÃO PAULO","[Vídeo] Nimbus Tapete — Bairros nobres SP",2026-06-13,19,19,BRL,0.51,,,2,,,,,2026-06-13,2026-06-13
"Instagram | Conversão 2026","[SP] BAIRROS NOBRES | SÃO PAULO & CIDADES DE SÃO PAULO","[Vídeo] Trend Viral — Bairros nobres SP",2026-06-13,800,922,BRL,27.02,1,,52,,,,1,2026-06-13,2026-06-13
"Instagram | Conversão 2026","Brasília 26","[Vídeo] Extratora HYLA - Brasília 26",2026-06-13,11,11,BRL,0.22,,,,,,,,2026-06-13,2026-06-13
"Instagram | Conversão 2026","Brasília 26","[Vídeo] Célia Gava 1 M - Brasília 26",2026-06-13,551,655,BRL,15.83,,,19,,,,,2026-06-13,2026-06-13
"Instagram | Conversão 2026","Brasília 26","[Imagem] Benefícios - Brasília 26",2026-06-13,8,9,BRL,0.22,,,,,,,,2026-06-13,2026-06-13
"Instagram | Conversão 2026","Goiânia 26","[Imagem] Saúde - Goiânia 26",2026-06-13,9,11,BRL,0.15,,,,,,,,2026-06-13,2026-06-13
"Instagram | Conversão 2026","Goiânia 26","[Vídeo] - Praticidade - Goiânia 26",2026-06-12,4,4,BRL,0.12,,,,,,,,2026-06-12,2026-06-12
"Instagram | Conversão 2026","Goiânia 26","[Vídeo] - Trend Viral - Goiânia 26",2026-06-12,57,59,BRL,1.75,,,,,,,,2026-06-12,2026-06-12
"Instagram | Conversão 2026","Goiânia 26","[Vídeo] - Extratora HYLA — Goiânia 26",2026-06-12,1209,1328,BRL,36.61,1,,51,,,,,2026-06-12,2026-06-12
"Instagram | Conversão 2026","[SP] BAIRROS NOBRES | SÃO PAULO & CIDADES DE SÃO PAULO","[Vídeo] Extratora HYLA — Bairros nobres SP",2026-06-12,11,11,BRL,0.35,,,1,,,,,2026-06-12,2026-06-12
"Instagram | Conversão 2026","Curitiba 26","[Vídeo] - Extratora - Curitiba 26",2026-06-12,1312,1488,BRL,34.77,5,,79,,,,,2026-06-12,2026-06-12
"Instagram | Conversão 2026","[SP] BAIRROS NOBRES | SÃO PAULO & CIDADES DE SÃO PAULO","[Vídeo] PRATICIDADE — Bairros Nobres SP",2026-06-12,9638,10352,BRL,203.63,9,,451,,,,4,2026-06-12,2026-06-12
"Instagram | Conversão 2026","[SP] BAIRROS NOBRES | SÃO PAULO & CIDADES DE SÃO PAULO","[Vídeo] Trend Viral — Bairros nobres SP",2026-06-12,249,263,BRL,5.78,,,14,,,,2,2026-06-12,2026-06-12
"Instagram | Conversão 2026","Brasília 26","[Vídeo] Extratora HYLA - Brasília 26",2026-06-12,4,4,BRL,0.07,,,,,,,,2026-06-12,2026-06-12
"Instagram | Conversão 2026","Brasília 26","[Vídeo] Célia Gava 1 M - Brasília 26",2026-06-12,404,441,BRL,9.52,,,14,,,,,2026-06-12,2026-06-12
"Instagram | Conversão 2026","Brasília 26","[Imagem] Benefícios - Brasília 26",2026-06-12,4,4,BRL,0.03,,,,,,,,2026-06-12,2026-06-12
"Instagram | Conversão 2026","Goiânia 26","[Imagem] Saúde - Goiânia 26",2026-06-12,36,48,BRL,0.9,,,1,,,,,2026-06-12,2026-06-12
"Instagram | Conversão 2026","Goiânia 26","[Vídeo] Nimbus Alemã - Goiânia 26",2026-06-12,4,4,BRL,0.07,,,,,,,,2026-06-12,2026-06-12
"Instagram | Conversão 2026","Goiânia 26","[Vídeo] - Extratora HYLA — Goiânia 26",2026-06-11,720,771,BRL,24.15,1,,19,,,,,2026-06-11,2026-06-11
"Instagram | Conversão 2026","[SP] BAIRROS NOBRES | SÃO PAULO & CIDADES DE SÃO PAULO","[Vídeo] Extratora HYLA — Bairros nobres SP",2026-06-11,62,63,BRL,1.45,1,,5,,,,,2026-06-11,2026-06-11
"Instagram | Conversão 2026","Curitiba 26","[Vídeo] - Extratora - Curitiba 26",2026-06-11,1043,1093,BRL,33.13,3,,60,,,,,2026-06-11,2026-06-11
"Instagram | Conversão 2026","Curitiba 26","[Vídeo] Célia Gava — Curitiba",2026-06-11,12,16,BRL,0.24,,,,,,,,2026-06-11,2026-06-11
"Instagram | Conversão 2026","[SP] BAIRROS NOBRES | SÃO PAULO & CIDADES DE SÃO PAULO","[Vídeo] PRATICIDADE — Bairros Nobres SP",2026-06-11,7589,8275,BRL,183.88,13,,507,,,,,2026-06-11,2026-06-11
"Instagram | Conversão 2026","[SP] BAIRROS NOBRES | SÃO PAULO & CIDADES DE SÃO PAULO","[Vídeo] Trend Viral — Bairros nobres SP",2026-06-11,479,503,BRL,11.48,1,,40,,,,3,2026-06-11,2026-06-11
"Instagram | Conversão 2026","Brasília 26","[Vídeo] Extratora HYLA - Brasília 26",2026-06-11,7,8,BRL,0.29,,,1,,,,,2026-06-11,2026-06-11
"Instagram | Conversão 2026","Brasília 26","[Vídeo] Célia Gava 1 M - Brasília 26",2026-06-11,841,963,BRL,22.15,1,,29,,1,,,2026-06-11,2026-06-11
"Instagram | Conversão 2026","Goiânia 26","[Imagem] Saúde - Goiânia 26",2026-06-11,417,574,BRL,19.26,,,15,,,,,2026-06-11,2026-06-11
"Instagram | Conversão 2026","Goiânia 26","[Vídeo] - Praticidade - Goiânia 26",2026-06-10,72,97,BRL,2.51,,,4,,,,,2026-06-10,2026-06-10
"Instagram | Conversão 2026","Goiânia 26","[Vídeo] - Trend Viral - Goiânia 26",2026-06-10,193,265,BRL,10.65,,,11,,,,,2026-06-10,2026-06-10
"Instagram | Conversão 2026","[SP] BAIRROS NOBRES | SÃO PAULO & CIDADES DE SÃO PAULO","[Vídeo] Extratora HYLA — Bairros nobres SP",2026-06-10,118,121,BRL,4.02,,,5,,,,,2026-06-10,2026-06-10
"Instagram | Conversão 2026","Curitiba 26","[Vídeo] - Extratora - Curitiba 26",2026-06-10,864,1077,BRL,40.84,,,39,,,,,2026-06-10,2026-06-10
"Instagram | Conversão 2026","Curitiba 26","[Vídeo] Célia Gava — Curitiba",2026-06-10,74,95,BRL,2.19,,,,,,,,2026-06-10,2026-06-10
"Instagram | Conversão 2026","Goiânia 26","[Vídeo] Célia Gava - Goiânia 26",2026-06-10,162,187,BRL,3.27,,,2,,,,,2026-06-10,2026-06-10
"Instagram | Conversão 2026","[SP] BAIRROS NOBRES | SÃO PAULO & CIDADES DE SÃO PAULO","[Vídeo] PRATICIDADE — Bairros Nobres SP",2026-06-10,5657,7502,BRL,185.09,6,,265,,1,,1,2026-06-10,2026-06-10
"Instagram | Conversão 2026","[SP] BAIRROS NOBRES | SÃO PAULO & CIDADES DE SÃO PAULO","[Vídeo] Nimbus Tapete — Bairros nobres SP",2026-06-10,29,29,BRL,0.56,,,,,,,,2026-06-10,2026-06-10
"Instagram | Conversão 2026","[SP] BAIRROS NOBRES | SÃO PAULO & CIDADES DE SÃO PAULO","[Vídeo] Trend Viral — Bairros nobres SP",2026-06-10,1362,1741,BRL,56.3,3,,65,1,,,1,2026-06-10,2026-06-10
"Instagram | Conversão 2026","Brasília 26","[Vídeo] Célia Gava 1 M - Brasília 26",2026-06-10,1339,1843,BRL,52.81,,,46,,,,,2026-06-10,2026-06-10
"Instagram | Conversão 2026","Brasília 26","[Imagem] Benefícios - Brasília 26",2026-06-10,21,28,BRL,0.31,,,,,,,,2026-06-10,2026-06-10
"Instagram | Conversão 2026","[SP] BAIRROS NOBRES | SÃO PAULO & CIDADES DE SÃO PAULO","[Imagem] Saúde — Bairros nobres SP",2026-06-10,6,6,BRL,0.24,,,,,,,,2026-06-10,2026-06-10
"Instagram | Conversão 2026","Goiânia 26","[Imagem] Saúde - Goiânia 26",2026-06-10,411,638,BRL,19.21,,,10,,,,,2026-06-10,2026-06-10
"Instagram | Conversão 2026","Goiânia 26","[Vídeo] Nimbus Alemã - Goiânia 26",2026-06-10,220,277,BRL,7.54,,,5,,,,,2026-06-10,2026-06-10
"Instagram | Conversão 2026","Goiânia 26","[Vídeo] - Trend Viral - Goiânia 26",2026-06-09,51,62,BRL,1.32,,,1,,,,,2026-06-09,2026-06-09
"Instagram | Conversão 2026","Goiânia 26","[Vídeo] - Extratora HYLA — Goiânia 26",2026-06-09,716,833,BRL,19.6,,,26,,,,,2026-06-09,2026-06-09
"Instagram | Conversão 2026","[SP] BAIRROS NOBRES | SÃO PAULO & CIDADES DE SÃO PAULO","[Vídeo] Extratora HYLA — Bairros nobres SP",2026-06-09,55,64,BRL,1.22,,,1,,,,,2026-06-09,2026-06-09
"Instagram | Conversão 2026","Curitiba 26","[Vídeo] - Extratora - Curitiba 26",2026-06-09,932,1166,BRL,34.82,1,,23,,,,,2026-06-09,2026-06-09
"Instagram | Conversão 2026","Goiânia 26","[Vídeo] Célia Gava - Goiânia 26",2026-06-09,3,3,BRL,0.36,,,1,,,,,2026-06-09,2026-06-09
"Instagram | Conversão 2026","[SP] BAIRROS NOBRES | SÃO PAULO & CIDADES DE SÃO PAULO","[Vídeo] PRATICIDADE — Bairros Nobres SP",2026-06-09,231,266,BRL,7.33,,,4,,1,,,2026-06-09,2026-06-09
"Instagram | Conversão 2026","[SP] BAIRROS NOBRES | SÃO PAULO & CIDADES DE SÃO PAULO","[Vídeo] Nimbus Tapete — Bairros nobres SP",2026-06-09,82,89,BRL,2.23,,,2,,,,,2026-06-09,2026-06-09
"Instagram | Conversão 2026","[SP] BAIRROS NOBRES | SÃO PAULO & CIDADES DE SÃO PAULO","[Vídeo] Trend Viral — Bairros nobres SP",2026-06-09,3168,4199,BRL,129.09,8,,124,,2,,4,2026-06-09,2026-06-09
"Instagram | Conversão 2026","Brasília 26","[Vídeo] Extratora HYLA - Brasília 26",2026-06-09,28,33,BRL,0.58,,,1,,,,,2026-06-09,2026-06-09
"Instagram | Conversão 2026","Brasília 26","[Vídeo] Célia Gava 1 M - Brasília 26",2026-06-09,1212,1912,BRL,52.98,,,35,,,,,2026-06-09,2026-06-09
"Instagram | Conversão 2026","[SP] BAIRROS NOBRES | SÃO PAULO & CIDADES DE SÃO PAULO","[Imagem] Saúde — Bairros nobres SP",2026-06-09,3,3,BRL,0.02,,,,,,,,2026-06-09,2026-06-09
"Instagram | Conversão 2026","Goiânia 26","[Imagem] Saúde - Goiânia 26",2026-06-09,108,187,BRL,3.78,,,1,,,,,2026-06-09,2026-06-09
"Instagram | Conversão 2026","Goiânia 26","[Vídeo] - Praticidade - Goiânia 26",2026-06-08,7,13,BRL,0.15,,,1,,,,,2026-06-08,2026-06-08
"Instagram | Conversão 2026","Goiânia 26","[Vídeo] - Trend Viral - Goiânia 26",2026-06-08,420,807,BRL,22.2,,,17,,,,,2026-06-08,2026-06-08
"Instagram | Conversão 2026","Goiânia 26","[Vídeo] - Extratora HYLA — Goiânia 26",2026-06-08,3,7,BRL,0.19,,,,,,,,2026-06-08,2026-06-08
"Instagram | Conversão 2026","[SP] BAIRROS NOBRES | SÃO PAULO & CIDADES DE SÃO PAULO","[Vídeo] Extratora HYLA — Bairros nobres SP",2026-06-08,678,1006,BRL,22.82,,,24,,,,,2026-06-08,2026-06-08
"Instagram | Conversão 2026","Curitiba 26","[Vídeo] - Extratora - Curitiba 26",2026-06-08,517,828,BRL,27,,,29,,,,,2026-06-08,2026-06-08
"Instagram | Conversão 2026","Curitiba 26","[Vídeo] Célia Gava — Curitiba",2026-06-08,86,135,BRL,3.91,,,2,,,,,2026-06-08,2026-06-08
"Instagram | Conversão 2026","Goiânia 26","[Vídeo] Célia Gava - Goiânia 26",2026-06-08,59,83,BRL,2.84,,,3,,,,,2026-06-08,2026-06-08
"Instagram | Conversão 2026","[SP] BAIRROS NOBRES | SÃO PAULO & CIDADES DE SÃO PAULO","[Vídeo] PRATICIDADE — Bairros Nobres SP",2026-06-08,1258,1807,BRL,47.46,,,47,,,,3,2026-06-08,2026-06-08
"Instagram | Conversão 2026","[SP] BAIRROS NOBRES | SÃO PAULO & CIDADES DE SÃO PAULO","[Vídeo] Nimbus Tapete — Bairros nobres SP",2026-06-08,907,1296,BRL,24.51,,,37,,,,,2026-06-08,2026-06-08
"Instagram | Conversão 2026","[SP] BAIRROS NOBRES | SÃO PAULO & CIDADES DE SÃO PAULO","[Vídeo] Trend Viral — Bairros nobres SP",2026-06-08,1324,2247,BRL,60.34,1,,52,,,,,2026-06-08,2026-06-08
"Instagram | Conversão 2026","Brasília 26","[Vídeo] Extratora HYLA - Brasília 26",2026-06-08,4,5,BRL,0.11,,,,,,,,2026-06-08,2026-06-08
"Instagram | Conversão 2026","Brasília 26","[Vídeo] Célia Gava 1 M - Brasília 26",2026-06-08,504,853,BRL,27.04,,,20,,,,,2026-06-08,2026-06-08
"Instagram | Conversão 2026","Brasília 26","[Imagem] Benefícios - Brasília 26",2026-06-08,43,49,BRL,1.14,,,,,,,,2026-06-08,2026-06-08
"Instagram | Conversão 2026","[SP] BAIRROS NOBRES | SÃO PAULO & CIDADES DE SÃO PAULO","[Imagem] Saúde — Bairros nobres SP",2026-06-08,5,6,BRL,0.07,,,,,,,,2026-06-08,2026-06-08
"Instagram | Conversão 2026","Goiânia 26","[Imagem] Saúde - Goiânia 26",2026-06-08,20,52,BRL,1.19,,,,,,,,2026-06-08,2026-06-08
"Instagram | Conversão 2026","Goiânia 26","[Vídeo] Nimbus Alemã - Goiânia 26",2026-06-08,10,13,BRL,0.17,,,,,,,,2026-06-08,2026-06-08
"Instagram | Conversão 2026","Goiânia 26","[Vídeo] - Praticidade - Goiânia 26",2026-06-07,5,5,BRL,0.06,,,,,,,,2026-06-07,2026-06-07
"Instagram | Conversão 2026","Goiânia 26","[Vídeo] - Trend Viral - Goiânia 26",2026-06-07,682,1380,BRL,38.33,,,35,,,,,2026-06-07,2026-06-07
"Instagram | Conversão 2026","[SP] BAIRROS NOBRES | SÃO PAULO & CIDADES DE SÃO PAULO","[Vídeo] Extratora HYLA — Bairros nobres SP",2026-06-07,352,473,BRL,10.5,,,17,,,,,2026-06-07,2026-06-07
"Instagram | Conversão 2026","Curitiba 26","[Vídeo] - Extratora - Curitiba 26",2026-06-07,747,1207,BRL,41.42,,,33,,,,,2026-06-07,2026-06-07
"Instagram | Conversão 2026","[SP] BAIRROS NOBRES | SÃO PAULO & CIDADES DE SÃO PAULO","[Vídeo] PRATICIDADE — Bairros Nobres SP",2026-06-07,2267,3233,BRL,82.16,3,,96,,,,3,2026-06-07,2026-06-07
"Instagram | Conversão 2026","[SP] BAIRROS NOBRES | SÃO PAULO & CIDADES DE SÃO PAULO","[Vídeo] Nimbus Tapete — Bairros nobres SP",2026-06-07,1366,1943,BRL,33.34,,,57,,,,,2026-06-07,2026-06-07
"Instagram | Conversão 2026","[SP] BAIRROS NOBRES | SÃO PAULO & CIDADES DE SÃO PAULO","[Vídeo] Trend Viral — Bairros nobres SP",2026-06-07,1617,2780,BRL,66.12,1,,71,,,,,2026-06-07,2026-06-07
"Instagram | Conversão 2026","Brasília 26","[Vídeo] Extratora HYLA - Brasília 26",2026-06-07,3,3,BRL,0.06,,,,,,,,2026-06-07,2026-06-07
"Instagram | Conversão 2026","Brasília 26","[Vídeo] Célia Gava 1 M - Brasília 26",2026-06-07,759,1406,BRL,40.64,,,24,,,,,2026-06-07,2026-06-07
"Instagram | Conversão 2026","Brasília 26","[Imagem] Benefícios - Brasília 26",2026-06-07,8,11,BRL,0.08,,,,,,,,2026-06-07,2026-06-07
"Instagram | Conversão 2026","Goiânia 26","[Imagem] Saúde - Goiânia 26",2026-06-07,32,82,BRL,1.63,,,1,,,,,2026-06-07,2026-06-07
"Instagram | Conversão 2026","Goiânia 26","[Vídeo] Nimbus Alemã - Goiânia 26",2026-06-07,64,85,BRL,1.87,,,,,,,,2026-06-07,2026-06-07
"Instagram | Conversão 2026","Goiânia 26","[Vídeo] - Praticidade - Goiânia 26",2026-06-06,3,3,BRL,0.02,,,,,,,,2026-06-06,2026-06-06
"Instagram | Conversão 2026","Goiânia 26","[Vídeo] - Trend Viral - Goiânia 26",2026-06-06,634,1296,BRL,41.35,,,20,,,,,2026-06-06,2026-06-06
"Instagram | Conversão 2026","Goiânia 26","[Vídeo] - Extratora HYLA — Goiânia 26",2026-06-06,2,2,BRL,0.02,,,,,,,,2026-06-06,2026-06-06
"Instagram | Conversão 2026","[SP] BAIRROS NOBRES | SÃO PAULO & CIDADES DE SÃO PAULO","[Vídeo] Extratora HYLA — Bairros nobres SP",2026-06-06,481,674,BRL,15.6,,,17,,,,,2026-06-06,2026-06-06
"Instagram | Conversão 2026","Curitiba 26","[Vídeo] - Extratora - Curitiba 26",2026-06-06,583,995,BRL,36.62,,,23,,,,,2026-06-06,2026-06-06
"Instagram | Conversão 2026","[SP] BAIRROS NOBRES | SÃO PAULO & CIDADES DE SÃO PAULO","[Vídeo] PRATICIDADE — Bairros Nobres SP",2026-06-06,3055,4704,BRL,129.88,1,,128,,1,,,2026-06-06,2026-06-06
"Instagram | Conversão 2026","[SP] BAIRROS NOBRES | SÃO PAULO & CIDADES DE SÃO PAULO","[Vídeo] Nimbus Tapete — Bairros nobres SP",2026-06-06,904,1219,BRL,20.66,,,25,,,,,2026-06-06,2026-06-06
"Instagram | Conversão 2026","[SP] BAIRROS NOBRES | SÃO PAULO & CIDADES DE SÃO PAULO","[Vídeo] Trend Viral — Bairros nobres SP",2026-06-06,1368,2338,BRL,65.51,,,63,,,,,2026-06-06,2026-06-06
"Instagram | Conversão 2026","Brasília 26","[Vídeo] Extratora HYLA - Brasília 26",2026-06-06,2,2,BRL,0.19,,,,,,,,2026-06-06,2026-06-06
"Instagram | Conversão 2026","Brasília 26","[Vídeo] Célia Gava 1 M - Brasília 26",2026-06-06,707,1287,BRL,41.43,,,14,,,,,2026-06-06,2026-06-06
"Instagram | Conversão 2026","[SP] BAIRROS NOBRES | SÃO PAULO & CIDADES DE SÃO PAULO","[Imagem] Saúde — Bairros nobres SP",2026-06-06,2,3,BRL,0.06,,,,,,,,2026-06-06,2026-06-06
"Instagram | Conversão 2026","Goiânia 26","[Imagem] Saúde - Goiânia 26",2026-06-06,28,65,BRL,1.13,,,1,,,,,2026-06-06,2026-06-06
"Instagram | Conversão 2026","Goiânia 26","[Vídeo] - Praticidade - Goiânia 26",2026-06-05,94,107,BRL,0.67,,,,,,,,2026-06-05,2026-06-05
"Instagram | Conversão 2026","Goiânia 26","[Vídeo] - Trend Viral - Goiânia 26",2026-06-05,1721,2453,BRL,30.26,,,67,,,,,2026-06-05,2026-06-05
"Instagram | Conversão 2026","Goiânia 26","[Vídeo] - Extratora HYLA — Goiânia 26",2026-06-05,52,53,BRL,0.48,,,2,,,,,2026-06-05,2026-06-05
"Instagram | Conversão 2026","[SP] BAIRROS NOBRES | SÃO PAULO & CIDADES DE SÃO PAULO","[Vídeo] Extratora HYLA — Bairros nobres SP",2026-06-05,619,667,BRL,7.07,1,,34,,,,,2026-06-05,2026-06-05
"Instagram | Conversão 2026","Curitiba 26","[Vídeo] - Extratora - Curitiba 26",2026-06-05,1751,2190,BRL,30.45,,,78,,,,,2026-06-05,2026-06-05
"Instagram | Conversão 2026","Curitiba 26","[Vídeo] Célia Gava — Curitiba",2026-06-05,149,170,BRL,2.29,,,6,,,,,2026-06-05,2026-06-05
"Instagram | Conversão 2026","Goiânia 26","[Vídeo] Célia Gava - Goiânia 26",2026-06-05,1,1,BRL,0.01,,,,,,,,2026-06-05,2026-06-05
"Instagram | Conversão 2026","[SP] BAIRROS NOBRES | SÃO PAULO & CIDADES DE SÃO PAULO","[Vídeo] PRATICIDADE — Bairros Nobres SP",2026-06-05,6325,7799,BRL,99.72,8,,309,,,,1,2026-06-05,2026-06-05
"Instagram | Conversão 2026","[SP] BAIRROS NOBRES | SÃO PAULO & CIDADES DE SÃO PAULO","[Vídeo] Nimbus Tapete — Bairros nobres SP",2026-06-05,1948,2266,BRL,20.45,,,72,,,,,2026-06-05,2026-06-05
"Instagram | Conversão 2026","[SP] BAIRROS NOBRES | SÃO PAULO & CIDADES DE SÃO PAULO","[Vídeo] Trend Viral — Bairros nobres SP",2026-06-05,2413,2931,BRL,39.37,,,115,,,,,2026-06-05,2026-06-05
"Instagram | Conversão 2026","Brasília 26","[Vídeo] Célia Gava 1 M - Brasília 26",2026-06-05,1202,1788,BRL,28.02,,,34,,,,,2026-06-05,2026-06-05
"Instagram | Conversão 2026","Brasília 26","[Imagem] Benefícios - Brasília 26",2026-06-05,9,9,BRL,0.06,,,,,,,,2026-06-05,2026-06-05
"Instagram | Conversão 2026","[SP] BAIRROS NOBRES | SÃO PAULO & CIDADES DE SÃO PAULO","[Imagem] Saúde — Bairros nobres SP",2026-06-05,1,1,BRL,0.18,,,1,,,,,2026-06-05,2026-06-05
"Instagram | Conversão 2026","Goiânia 26","[Imagem] Saúde - Goiânia 26",2026-06-05,30,41,BRL,0.39,,,,,,,,2026-06-05,2026-06-05
"Instagram | Conversão 2026","Goiânia 26","[Vídeo] Nimbus Alemã - Goiânia 26",2026-06-05,150,186,BRL,1.53,,,5,,,,,2026-06-05,2026-06-05
"Instagram | Conversão 2026","Goiânia 26","[Vídeo] - Trend Viral - Goiânia 26",2026-06-04,1958,2620,BRL,34.69,1,,72,,,,1,2026-06-04,2026-06-04
"Instagram | Conversão 2026","Goiânia 26","[Vídeo] - Extratora HYLA — Goiânia 26",2026-06-04,116,130,BRL,2.44,,,4,,,,,2026-06-04,2026-06-04
"Instagram | Conversão 2026","[SP] BAIRROS NOBRES | SÃO PAULO & CIDADES DE SÃO PAULO","[Vídeo] Extratora HYLA — Bairros nobres SP",2026-06-04,341,370,BRL,4.26,,,16,,,,,2026-06-04,2026-06-04
"Instagram | Conversão 2026","Curitiba 26","[Vídeo] - Extratora - Curitiba 26",2026-06-04,1108,1378,BRL,22.62,4,,63,,,,,2026-06-04,2026-06-04
"Instagram | Conversão 2026","Curitiba 26","[Vídeo] Célia Gava — Curitiba",2026-06-04,5,5,BRL,0.04,,,,,,,,2026-06-04,2026-06-04
"Instagram | Conversão 2026","Goiânia 26","[Vídeo] Célia Gava - Goiânia 26",2026-06-04,77,91,BRL,1.12,,,4,,,,,2026-06-04,2026-06-04
"Instagram | Conversão 2026","[SP] BAIRROS NOBRES | SÃO PAULO & CIDADES DE SÃO PAULO","[Vídeo] PRATICIDADE — Bairros Nobres SP",2026-06-04,2168,2435,BRL,37.11,,,119,,,,,2026-06-04,2026-06-04
"Instagram | Conversão 2026","[SP] BAIRROS NOBRES | SÃO PAULO & CIDADES DE SÃO PAULO","[Vídeo] Nimbus Tapete — Bairros nobres SP",2026-06-04,1709,2115,BRL,20.93,,,63,,,,,2026-06-04,2026-06-04
"Instagram | Conversão 2026","[SP] BAIRROS NOBRES | SÃO PAULO & CIDADES DE SÃO PAULO","[Vídeo] Trend Viral — Bairros nobres SP",2026-06-04,2808,3613,BRL,40.04,1,,131,,,,,2026-06-04,2026-06-04
"Instagram | Conversão 2026","Brasília 26","[Vídeo] Extratora HYLA - Brasília 26",2026-06-04,10,10,BRL,0.13,,,1,,,,,2026-06-04,2026-06-04
"Instagram | Conversão 2026","Brasília 26","[Vídeo] Célia Gava 1 M - Brasília 26",2026-06-04,912,1242,BRL,18.76,,,36,,,,,2026-06-04,2026-06-04
"Instagram | Conversão 2026","Goiânia 26","[Imagem] Saúde - Goiânia 26",2026-06-04,11,20,BRL,0.2,,,,,,,,2026-06-04,2026-06-04
"Instagram | Conversão 2026","Goiânia 26","[Vídeo] Nimbus Alemã - Goiânia 26",2026-06-04,84,104,BRL,1.38,,,4,,,,,2026-06-04,2026-06-04
"Instagram | Conversão 2026","Goiânia 26","[Vídeo] - Praticidade - Goiânia 26",2026-06-03,202,216,BRL,2.9,,,8,,,,,2026-06-03,2026-06-03
"Instagram | Conversão 2026","Goiânia 26","[Vídeo] - Trend Viral - Goiânia 26",2026-06-03,591,683,BRL,8.8,,,24,,,,,2026-06-03,2026-06-03
"Instagram | Conversão 2026","Goiânia 26","[Vídeo] - Extratora HYLA — Goiânia 26",2026-06-03,814,922,BRL,13.68,,,30,,,,,2026-06-03,2026-06-03
"Instagram | Conversão 2026","[SP] BAIRROS NOBRES | SÃO PAULO & CIDADES DE SÃO PAULO","[Vídeo] Extratora HYLA — Bairros nobres SP",2026-06-03,1093,1201,BRL,12.93,,,52,,,,,2026-06-03,2026-06-03
"Instagram | Conversão 2026","Curitiba 26","[Vídeo] - Extratora - Curitiba 26",2026-06-03,1641,1937,BRL,31.76,,,95,,,,,2026-06-03,2026-06-03
"Instagram | Conversão 2026","Curitiba 26","[Vídeo] Célia Gava — Curitiba",2026-06-03,259,296,BRL,4.45,1,,9,,,,,2026-06-03,2026-06-03
"Instagram | Conversão 2026","Goiânia 26","[Vídeo] Célia Gava - Goiânia 26",2026-06-03,43,44,BRL,0.78,,,2,,,,,2026-06-03,2026-06-03
"Instagram | Conversão 2026","[SP] BAIRROS NOBRES | SÃO PAULO & CIDADES DE SÃO PAULO","[Vídeo] PRATICIDADE — Bairros Nobres SP",2026-06-03,5203,5769,BRL,80.97,6,,329,,,,1,2026-06-03,2026-06-03
"Instagram | Conversão 2026","[SP] BAIRROS NOBRES | SÃO PAULO & CIDADES DE SÃO PAULO","[Vídeo] Nimbus Tapete — Bairros nobres SP",2026-06-03,5625,6674,BRL,59.05,,,244,,,,,2026-06-03,2026-06-03
"Instagram | Conversão 2026","[SP] BAIRROS NOBRES | SÃO PAULO & CIDADES DE SÃO PAULO","[Vídeo] Trend Viral — Bairros nobres SP",2026-06-03,6922,8208,BRL,82.91,,,305,,,,,2026-06-03,2026-06-03
"Instagram | Conversão 2026","Brasília 26","[Vídeo] Extratora HYLA - Brasília 26",2026-06-03,22,22,BRL,0.17,,,2,,,,,2026-06-03,2026-06-03
"Instagram | Conversão 2026","Brasília 26","[Vídeo] Célia Gava 1 M - Brasília 26",2026-06-03,2264,2743,BRL,40.29,,,79,,,,,2026-06-03,2026-06-03
"Instagram | Conversão 2026","[SP] BAIRROS NOBRES | SÃO PAULO & CIDADES DE SÃO PAULO","[Imagem] Saúde — Bairros nobres SP",2026-06-03,1,1,BRL,0.02,,,,,,,,2026-06-03,2026-06-03
"Instagram | Conversão 2026","Goiânia 26","[Imagem] Saúde - Goiânia 26",2026-06-03,250,371,BRL,4.26,,,9,,,,,2026-06-03,2026-06-03
"Instagram | Conversão 2026","Goiânia 26","[Vídeo] Nimbus Alemã - Goiânia 26",2026-06-03,775,963,BRL,12.73,,,32,,,,,2026-06-03,2026-06-03
"Instagram | Conversão 2026","Goiânia 26","[Vídeo] - Trend Viral - Goiânia 26",2026-06-02,177,214,BRL,3.39,,,10,,,,,2026-06-02,2026-06-02
"Instagram | Conversão 2026","Goiânia 26","[Vídeo] - Extratora HYLA — Goiânia 26",2026-06-02,485,551,BRL,6.77,,,17,,,,,2026-06-02,2026-06-02
"Instagram | Conversão 2026","[SP] BAIRROS NOBRES | SÃO PAULO & CIDADES DE SÃO PAULO","[Vídeo] Extratora HYLA — Bairros nobres SP",2026-06-02,1456,1591,BRL,23.55,,,51,,,,,2026-06-02,2026-06-02
"Instagram | Conversão 2026","Curitiba 26","[Vídeo] - Extratora - Curitiba 26",2026-06-02,1430,1577,BRL,24.07,1,,55,,,,1,2026-06-02,2026-06-02
"Instagram | Conversão 2026","Goiânia 26","[Vídeo] Célia Gava - Goiânia 26",2026-06-02,1339,1779,BRL,23.1,,,45,,1,,,2026-06-02,2026-06-02
"Instagram | Conversão 2026","[SP] BAIRROS NOBRES | SÃO PAULO & CIDADES DE SÃO PAULO","[Vídeo] PRATICIDADE — Bairros Nobres SP",2026-06-02,5905,6750,BRL,101.34,3,,235,,2,,1,2026-06-02,2026-06-02
"Instagram | Conversão 2026","[SP] BAIRROS NOBRES | SÃO PAULO & CIDADES DE SÃO PAULO","[Vídeo] Nimbus Tapete — Bairros nobres SP",2026-06-02,336,348,BRL,5.48,,,15,,,,,2026-06-02,2026-06-02
"Instagram | Conversão 2026","[SP] BAIRROS NOBRES | SÃO PAULO & CIDADES DE SÃO PAULO","[Vídeo] Trend Viral — Bairros nobres SP",2026-06-02,6906,9192,BRL,116.21,3,,325,,,,,2026-06-02,2026-06-02
"Instagram | Conversão 2026","Brasília 26","[Vídeo] Extratora HYLA - Brasília 26",2026-06-02,189,209,BRL,3.36,,,10,,,,,2026-06-02,2026-06-02
"Instagram | Conversão 2026","Brasília 26","[Vídeo] Célia Gava 1 M - Brasília 26",2026-06-02,915,1048,BRL,17,,,29,,,,,2026-06-02,2026-06-02
"Instagram | Conversão 2026","Brasília 26","[Imagem] Benefícios - Brasília 26",2026-06-02,7,9,BRL,0.1,,,,,,,,2026-06-02,2026-06-02
"Instagram | Conversão 2026","Goiânia 26","[Imagem] Saúde - Goiânia 26",2026-06-02,219,342,BRL,4.27,,,2,,,,,2026-06-02,2026-06-02
"Instagram | Conversão 2026","Goiânia 26","[Vídeo] Nimbus Alemã - Goiânia 26",2026-06-02,253,311,BRL,4.32,,,5,,,,,2026-06-02,2026-06-02
"Instagram | Conversão 2026","[SP] BAIRROS NOBRES | SÃO PAULO & CIDADES DE SÃO PAULO","[Vídeo] Extratora HYLA — Bairros nobres SP",2026-06-01,2913,3608,BRL,61.48,2,,131,,,,,2026-06-01,2026-06-01
"Instagram | Conversão 2026","[SP] BAIRROS NOBRES | SÃO PAULO & CIDADES DE SÃO PAULO","[Vídeo] PRATICIDADE — Bairros Nobres SP",2026-06-01,3659,4663,BRL,84.29,2,,165,,,,,2026-06-01,2026-06-01
"Instagram | Conversão 2026","[SP] BAIRROS NOBRES | SÃO PAULO & CIDADES DE SÃO PAULO","[Vídeo] Nimbus Tapete — Bairros nobres SP",2026-06-01,466,503,BRL,7.93,,,13,,,,,2026-06-01,2026-06-01
"Instagram | Conversão 2026","[SP] BAIRROS NOBRES | SÃO PAULO & CIDADES DE SÃO PAULO","[Vídeo] Trend Viral — Bairros nobres SP",2026-06-01,3078,4217,BRL,85.44,2,,185,,,,,2026-06-01,2026-06-01
"Instagram | Conversão 2026","[SP] BAIRROS NOBRES | SÃO PAULO & CIDADES DE SÃO PAULO","[Vídeo] Extratora HYLA — Bairros nobres SP",2026-05-31,3222,4204,BRL,64.32,1,,141,,,,,2026-05-31,2026-05-31
"Instagram | Conversão 2026","[SP] BAIRROS NOBRES | SÃO PAULO & CIDADES DE SÃO PAULO","[Vídeo] PRATICIDADE — Bairros Nobres SP",2026-05-31,3649,4661,BRL,78.63,5,,130,,,,1,2026-05-31,2026-05-31
"Instagram | Conversão 2026","[SP] BAIRROS NOBRES | SÃO PAULO & CIDADES DE SÃO PAULO","[Vídeo] Nimbus Tapete — Bairros nobres SP",2026-05-31,357,371,BRL,3.95,,,13,,,,,2026-05-31,2026-05-31
"Instagram | Conversão 2026","[SP] BAIRROS NOBRES | SÃO PAULO & CIDADES DE SÃO PAULO","[Vídeo] Trend Viral — Bairros nobres SP",2026-05-31,1200,1505,BRL,30.18,1,,60,,1,,,2026-05-31,2026-05-31
"Instagram | Conversão 2026","[SP] BAIRROS NOBRES | SÃO PAULO & CIDADES DE SÃO PAULO","[Imagem] Saúde — Bairros nobres SP",2026-05-31,44,47,BRL,0.48,,,,,,,,2026-05-31,2026-05-31
"Instagram | Conversão 2026","[SP] BAIRROS NOBRES | SÃO PAULO & CIDADES DE SÃO PAULO","[Vídeo] Extratora HYLA — Bairros nobres SP",2026-05-30,13142,18560,BRL,238.69,2,,601,,,,,2026-05-30,2026-05-30
"Instagram | Conversão 2026","[SP] BAIRROS NOBRES | SÃO PAULO & CIDADES DE SÃO PAULO","[Vídeo] PRATICIDADE — Bairros Nobres SP",2026-05-30,279,293,BRL,3.2,1,,11,,,,,2026-05-30,2026-05-30
"Instagram | Conversão 2026","[SP] BAIRROS NOBRES | SÃO PAULO & CIDADES DE SÃO PAULO","[Vídeo] Nimbus Tapete — Bairros nobres SP",2026-05-30,117,118,BRL,1.48,,,3,,,,,2026-05-30,2026-05-30
"LEADS 2026","BRASÍLIA 2026","[VÍDEO] TREND VIRAL - BRASÍLIA 2026",2026-05-30,146,180,BRL,1.88,,,3,,,,,2026-05-30,2026-05-30
"LEADS 2026","GOIÂNIA 2026","[VÍDEO] TREND VIRAL - GOIÂNIA 2026",2026-05-30,66,78,BRL,0.93,,,1,,,,,2026-05-30,2026-05-30
"LEADS 2026","CURITIBA 2026","[VÍDEO] TREND VIRAL - CURITIBA 2026",2026-05-30,39,46,BRL,0.46,,,1,,,,,2026-05-30,2026-05-30
"LEADS 2026","BRASÍLIA 2026","[Imagem] SAÚDE BRASÍLIA 2026",2026-05-30,1069,3326,BRL,27.64,,,27,,,,,2026-05-30,2026-05-30
"LEADS 2026","CURITIBA 2026","[Imagem] SAÚDE CURITIBA 2026",2026-05-30,1127,3131,BRL,27.67,,,37,,,,,2026-05-30,2026-05-30
"LEADS 2026","GOIÂNIA 2026","[Imagem] SAÚDE GOIÂNIA 2026",2026-05-30,1006,3355,BRL,25.6,,,24,,,,,2026-05-30,2026-05-30
"LEADS 2026","GOIÂNIA 2026","[Vídeo] Nimbus Alemã - GOIÂNIA 2026",2026-05-30,106,136,BRL,1.11,,,2,,,,,2026-05-30,2026-05-30
"LEADS 2026","CURITIBA 2026","[Vídeo] Nimbus Alemã - CURITIBA 2026",2026-05-30,326,413,BRL,4.2,,,10,,,,,2026-05-30,2026-05-30
"Instagram | Conversão 2026","[SP] BAIRROS NOBRES | SÃO PAULO & CIDADES DE SÃO PAULO","[Vídeo] Extratora HYLA — Bairros nobres SP",2026-05-29,11374,12760,BRL,139.27,3,,654,,,,1,2026-05-29,2026-05-29
"Instagram | Conversão 2026","[SP] BAIRROS NOBRES | SÃO PAULO & CIDADES DE SÃO PAULO","[Vídeo] PRATICIDADE — Bairros Nobres SP",2026-05-29,25,26,BRL,0.45,,,1,,,,,2026-05-29,2026-05-29
"Instagram | Conversão 2026","[SP] BAIRROS NOBRES | SÃO PAULO & CIDADES DE SÃO PAULO","[Vídeo] Nimbus Tapete — Bairros nobres SP",2026-05-29,261,265,BRL,1.82,,,11,,,,,2026-05-29,2026-05-29
"Instagram | Conversão 2026","[SP] BAIRROS NOBRES | SÃO PAULO & CIDADES DE SÃO PAULO","[Vídeo] Trend Viral — Bairros nobres SP",2026-05-29,308,338,BRL,3.98,,,13,,,,,2026-05-29,2026-05-29
"LEADS 2026","BRASÍLIA 2026","[VÍDEO] TREND VIRAL - BRASÍLIA 2026",2026-05-29,179,180,BRL,1.13,1,,6,,,,,2026-05-29,2026-05-29
"LEADS 2026","GOIÂNIA 2026","[VÍDEO] TREND VIRAL - GOIÂNIA 2026",2026-05-29,14,15,BRL,0.12,,,,,,,,2026-05-29,2026-05-29
"LEADS 2026","CURITIBA 2026","[VÍDEO] TREND VIRAL - CURITIBA 2026",2026-05-29,14,15,BRL,0.23,,,5,,,,,2026-05-29,2026-05-29
"LEADS 2026","BRASÍLIA 2026","[Imagem] SAÚDE BRASÍLIA 2026",2026-05-29,696,1775,BRL,13.3,,,21,,,,,2026-05-29,2026-05-29
"LEADS 2026","CURITIBA 2026","[Imagem] SAÚDE CURITIBA 2026",2026-05-29,494,1166,BRL,9.5,,,13,,,,,2026-05-29,2026-05-29
"LEADS 2026","GOIÂNIA 2026","[Imagem] SAÚDE GOIÂNIA 2026",2026-05-29,657,1785,BRL,13,,,28,,,,,2026-05-29,2026-05-29
"LEADS 2026","BRASÍLIA 2026","[Vídeo] Nimbus Alemã - BRASÍLIA 2026",2026-05-29,100,114,BRL,1.05,,,2,,,,,2026-05-29,2026-05-29
"LEADS 2026","GOIÂNIA 2026","[Vídeo] Nimbus Alemã - GOIÂNIA 2026",2026-05-29,30,30,BRL,0.17,,,2,,,,,2026-05-29,2026-05-29
"LEADS 2026","CURITIBA 2026","[Vídeo] Nimbus Alemã - CURITIBA 2026",2026-05-29,148,151,BRL,0.98,,,2,,,,,2026-05-29,2026-05-29
"LEADS 2026","GOIÂNIA 2026","[Vídeo] PRATICIDADE — GOIÂNIA 2026",2026-05-29,72,84,BRL,0.5,,,,,,,,2026-05-29,2026-05-29
"LEADS 2026","BRASÍLIA 2026","[Vídeo] PRATICIDADE — BRASÍLIA 2026",2026-05-29,202,237,BRL,1.89,,,1,,,,,2026-05-29,2026-05-29
"Instagram | Conversão 2026","[SP] BAIRROS NOBRES | SÃO PAULO & CIDADES DE SÃO PAULO","[Vídeo] Extratora HYLA — Bairros nobres SP",2026-05-28,18074,18967,BRL,161.58,1,,1005,,1,,,2026-05-28,2026-05-28
"Instagram | Conversão 2026","[SP] BAIRROS NOBRES | SÃO PAULO & CIDADES DE SÃO PAULO","[Vídeo] PRATICIDADE — Bairros Nobres SP",2026-05-28,334,335,BRL,3.66,1,,26,,,,,2026-05-28,2026-05-28
"Instagram | Conversão 2026","[SP] BAIRROS NOBRES | SÃO PAULO & CIDADES DE SÃO PAULO","[Vídeo] Nimbus Tapete — Bairros nobres SP",2026-05-28,1,1,BRL,0,,,,,,,,2026-05-28,2026-05-28
"Instagram | Conversão 2026","[SP] BAIRROS NOBRES | SÃO PAULO & CIDADES DE SÃO PAULO","[Vídeo] Trend Viral — Bairros nobres SP",2026-05-28,820,839,BRL,7.14,,,63,,,,,2026-05-28,2026-05-28
"LEADS 2026","BRASÍLIA 2026","[VÍDEO] TREND VIRAL - BRASÍLIA 2026",2026-05-28,2965,3199,BRL,22.33,,,109,,,,,2026-05-28,2026-05-28
"LEADS 2026","GOIÂNIA 2026","[VÍDEO] TREND VIRAL - GOIÂNIA 2026",2026-05-28,413,437,BRL,3.24,,,16,,,,,2026-05-28,2026-05-28
"LEADS 2026","CURITIBA 2026","[VÍDEO] TREND VIRAL - CURITIBA 2026",2026-05-28,1218,1293,BRL,9.21,,,48,,,,,2026-05-28,2026-05-28
"LEADS 2026","BRASÍLIA 2026","[Imagem] SAÚDE BRASÍLIA 2026",2026-05-28,1157,2007,BRL,11.91,1,,44,,,,,2026-05-28,2026-05-28
"LEADS 2026","CURITIBA 2026","[Imagem] SAÚDE CURITIBA 2026",2026-05-28,849,1288,BRL,8.53,,,17,,,,,2026-05-28,2026-05-28
"LEADS 2026","GOIÂNIA 2026","[Imagem] SAÚDE GOIÂNIA 2026",2026-05-28,1129,1924,BRL,11.19,,,49,,,,,2026-05-28,2026-05-28
"LEADS 2026","BRASÍLIA 2026","[Vídeo] Nimbus Alemã - BRASÍLIA 2026",2026-05-28,177,178,BRL,0.89,,,5,,,,,2026-05-28,2026-05-28
"LEADS 2026","GOIÂNIA 2026","[Vídeo] Nimbus Alemã - GOIÂNIA 2026",2026-05-28,3340,3653,BRL,18.72,,,77,,,,,2026-05-28,2026-05-28
"LEADS 2026","GOIÂNIA 2026","[Vídeo] PRATICIDADE — GOIÂNIA 2026",2026-05-28,183,193,BRL,1.02,,,,,,,,2026-05-28,2026-05-28
"LEADS 2026","BRASÍLIA 2026","[Vídeo] PRATICIDADE — BRASÍLIA 2026",2026-05-28,180,183,BRL,1.05,,,7,,,,,2026-05-28,2026-05-28
"Instagram | Conversão 2026","[SP] BAIRROS NOBRES | SÃO PAULO & CIDADES DE SÃO PAULO","[Vídeo] Extratora HYLA — Bairros nobres SP",2026-05-27,19712,20511,BRL,159.28,,,1428,,1,,1,2026-05-27,2026-05-27
"Instagram | Conversão 2026","[SP] BAIRROS NOBRES | SÃO PAULO & CIDADES DE SÃO PAULO","[Vídeo] PRATICIDADE — Bairros Nobres SP",2026-05-27,138,139,BRL,1.17,,,11,,,,,2026-05-27,2026-05-27
"Instagram | Conversão 2026","[SP] BAIRROS NOBRES | SÃO PAULO & CIDADES DE SÃO PAULO","[Vídeo] Nimbus Tapete — Bairros nobres SP",2026-05-27,3877,3910,BRL,19.44,,,154,,,,,2026-05-27,2026-05-27
"Instagram | Conversão 2026","[SP] BAIRROS NOBRES | SÃO PAULO & CIDADES DE SÃO PAULO","[Vídeo] Trend Viral — Bairros nobres SP",2026-05-27,967,978,BRL,8.99,2,,79,,,,,2026-05-27,2026-05-27
"LEADS 2026","BRASÍLIA 2026","[VÍDEO] TREND VIRAL - BRASÍLIA 2026",2026-05-27,837,855,BRL,6.4,,,31,,,,,2026-05-27,2026-05-27
"LEADS 2026","GOIÂNIA 2026","[VÍDEO] TREND VIRAL - GOIÂNIA 2026",2026-05-27,1,1,BRL,0.01,,,,,,,,2026-05-27,2026-05-27
"LEADS 2026","CURITIBA 2026","[VÍDEO] TREND VIRAL - CURITIBA 2026",2026-05-27,21,21,BRL,0.16,,,2,,,,,2026-05-27,2026-05-27
"LEADS 2026","BRASÍLIA 2026","[Imagem] SAÚDE BRASÍLIA 2026",2026-05-27,3050,4134,BRL,24.25,,,115,,,,,2026-05-27,2026-05-27
"LEADS 2026","CURITIBA 2026","[Imagem] SAÚDE CURITIBA 2026",2026-05-27,2073,2785,BRL,16.99,1,,65,,,,,2026-05-27,2026-05-27
"LEADS 2026","GOIÂNIA 2026","[Imagem] SAÚDE GOIÂNIA 2026",2026-05-27,3197,4779,BRL,27.33,,,146,,,,,2026-05-27,2026-05-27
"LEADS 2026","BRASÍLIA 2026","[Vídeo] Nimbus Alemã - BRASÍLIA 2026",2026-05-27,255,258,BRL,1.25,,,10,,,,,2026-05-27,2026-05-27
"LEADS 2026","GOIÂNIA 2026","[Vídeo] Nimbus Alemã - GOIÂNIA 2026",2026-05-27,5,5,BRL,0.06,,,,,,,,2026-05-27,2026-05-27
"LEADS 2026","CURITIBA 2026","[Vídeo] Nimbus Alemã - CURITIBA 2026",2026-05-27,1028,1028,BRL,5.13,,,34,,,,,2026-05-27,2026-05-27
"LEADS 2026","GOIÂNIA 2026","[Vídeo] PRATICIDADE — GOIÂNIA 2026",2026-05-27,163,165,BRL,0.77,,,2,,,,,2026-05-27,2026-05-27
"LEADS 2026","BRASÍLIA 2026","[Vídeo] PRATICIDADE — BRASÍLIA 2026",2026-05-27,265,276,BRL,1.71,,,13,,,,,2026-05-27,2026-05-27
"Instagram | Conversão 2026","[SP] BAIRROS NOBRES | SÃO PAULO & CIDADES DE SÃO PAULO","[Vídeo] Extratora HYLA — Bairros nobres SP",2026-05-26,16081,16082,BRL,113.34,4,,991,,399,,,2026-05-26,2026-05-26
"Instagram | Conversão 2026","[SP] BAIRROS NOBRES | SÃO PAULO & CIDADES DE SÃO PAULO","[Vídeo] PRATICIDADE — Bairros Nobres SP",2026-05-26,5045,5249,BRL,31.61,2,,267,,72,,,2026-05-26,2026-05-26
"Instagram | Conversão 2026","[SP] BAIRROS NOBRES | SÃO PAULO & CIDADES DE SÃO PAULO","[Vídeo] Nimbus Tapete — Bairros nobres SP",2026-05-26,354,354,BRL,1.89,,,16,,19,,,2026-05-26,2026-05-26
"Instagram | Conversão 2026","[SP] BAIRROS NOBRES | SÃO PAULO & CIDADES DE SÃO PAULO","[Vídeo] Trend Viral — Bairros nobres SP",2026-05-26,5375,5458,BRL,39.36,,,316,,326,,,2026-05-26,2026-05-26
"Instagram | Conversão 2026","[SP] BAIRROS NOBRES | SÃO PAULO & CIDADES DE SÃO PAULO","[Imagem] Saúde — Bairros nobres SP",2026-05-26,1,1,BRL,0,,,,,,,,2026-05-26,2026-05-26
"LEADS 2026","BRASÍLIA 2026","[VÍDEO] TREND VIRAL - BRASÍLIA 2026",2026-05-26,2503,2503,BRL,14.27,,,103,,104,,,2026-05-26,2026-05-26
"LEADS 2026","GOIÂNIA 2026","[VÍDEO] TREND VIRAL - GOIÂNIA 2026",2026-05-26,5545,5875,BRL,30.46,,,168,,22,,,2026-05-26,2026-05-26
"LEADS 2026","CURITIBA 2026","[VÍDEO] TREND VIRAL - CURITIBA 2026",2026-05-26,1725,1725,BRL,10.02,,,75,,23,,,2026-05-26,2026-05-26
"LEADS 2026","BRASÍLIA 2026","[Imagem] SAÚDE BRASÍLIA 2026",2026-05-26,943,1139,BRL,6.27,,,38,,3,,,2026-05-26,2026-05-26
"LEADS 2026","CURITIBA 2026","[Imagem] SAÚDE CURITIBA 2026",2026-05-26,645,739,BRL,4.32,,,15,,,,,2026-05-26,2026-05-26
"LEADS 2026","GOIÂNIA 2026","[Imagem] SAÚDE GOIÂNIA 2026",2026-05-26,1064,1292,BRL,6.92,,,31,,5,,,2026-05-26,2026-05-26
"LEADS 2026","BRASÍLIA 2026","[Vídeo] Nimbus Alemã - BRASÍLIA 2026",2026-05-26,174,174,BRL,0.84,,,6,,5,,,2026-05-26,2026-05-26
"LEADS 2026","CURITIBA 2026","[Vídeo] Nimbus Alemã - CURITIBA 2026",2026-05-26,6,6,BRL,0.04,,,,,,,,2026-05-26,2026-05-26
"LEADS 2026","GOIÂNIA 2026","[Vídeo] PRATICIDADE — GOIÂNIA 2026",2026-05-26,956,992,BRL,3.88,,,,,,,,2026-05-26,2026-05-26
"LEADS 2026","CURITIBA 2026","[Vídeo] PRATICIDADE — CURITIBA 2026",2026-05-26,42,43,BRL,0.28,,,2,,,,,2026-05-26,2026-05-26
"Instagram | Conversão 2026","[SP] BAIRROS NOBRES | SÃO PAULO & CIDADES DE SÃO PAULO","[Vídeo] Extratora HYLA — Bairros nobres SP",2026-05-25,19213,19264,BRL,127.96,2,,1193,,1091,,,2026-05-25,2026-05-25
"Instagram | Conversão 2026","[SP] BAIRROS NOBRES | SÃO PAULO & CIDADES DE SÃO PAULO","[Vídeo] PRATICIDADE — Bairros Nobres SP",2026-05-25,4580,4580,BRL,29.98,,,269,,281,,1,2026-05-25,2026-05-25
"Instagram | Conversão 2026","[SP] BAIRROS NOBRES | SÃO PAULO & CIDADES DE SÃO PAULO","[Vídeo] Nimbus Tapete — Bairros nobres SP",2026-05-25,199,199,BRL,1,,,5,,4,,,2026-05-25,2026-05-25
"Instagram | Conversão 2026","[SP] BAIRROS NOBRES | SÃO PAULO & CIDADES DE SÃO PAULO","[Vídeo] Trend Viral — Bairros nobres SP",2026-05-25,3651,3656,BRL,26.44,,,210,,191,,,2026-05-25,2026-05-25
"LEADS 2026","BRASÍLIA 2026","[VÍDEO] TREND VIRAL - BRASÍLIA 2026",2026-05-25,8280,9056,BRL,50.16,,,354,,294,,,2026-05-25,2026-05-25
"LEADS 2026","GOIÂNIA 2026","[VÍDEO] TREND VIRAL - GOIÂNIA 2026",2026-05-25,2600,2712,BRL,14.39,1,,121,,124,,,2026-05-25,2026-05-25
"LEADS 2026","CURITIBA 2026","[VÍDEO] TREND VIRAL - CURITIBA 2026",2026-05-25,5478,5620,BRL,31.95,2,,237,,238,,1,2026-05-25,2026-05-25
"LEADS 2026","BRASÍLIA 2026","[Imagem] SAÚDE BRASÍLIA 2026",2026-05-25,63,63,BRL,0.31,,,,,,,,2026-05-25,2026-05-25
"LEADS 2026","CURITIBA 2026","[Imagem] SAÚDE CURITIBA 2026",2026-05-25,56,57,BRL,0.43,,,3,,2,,,2026-05-25,2026-05-25
"LEADS 2026","GOIÂNIA 2026","[Imagem] SAÚDE GOIÂNIA 2026",2026-05-25,62,70,BRL,0.43,,,2,,3,,,2026-05-25,2026-05-25
"LEADS 2026","BRASÍLIA 2026","[Vídeo] Nimbus Alemã - BRASÍLIA 2026",2026-05-25,616,624,BRL,2.64,,,17,,20,,,2026-05-25,2026-05-25
"LEADS 2026","GOIÂNIA 2026","[Vídeo] Nimbus Alemã - GOIÂNIA 2026",2026-05-25,156,156,BRL,0.54,,,,,,,,2026-05-25,2026-05-25
"LEADS 2026","CURITIBA 2026","[Vídeo] Nimbus Alemã - CURITIBA 2026",2026-05-25,906,928,BRL,3.77,,,26,,25,,,2026-05-25,2026-05-25
"Instagram | Conversão 2026","[SP] BAIRROS NOBRES | SÃO PAULO & CIDADES DE SÃO PAULO","[Vídeo] Extratora HYLA — Bairros nobres SP",2026-05-24,28379,29644,BRL,178.39,2,,1727,,1552,,3,2026-05-24,2026-05-24
"Instagram | Conversão 2026","[SP] BAIRROS NOBRES | SÃO PAULO & CIDADES DE SÃO PAULO","[Vídeo] PRATICIDADE — Bairros Nobres SP",2026-05-24,3909,4050,BRL,22.54,7,,245,,230,,,2026-05-24,2026-05-24
"Instagram | Conversão 2026","[SP] BAIRROS NOBRES | SÃO PAULO & CIDADES DE SÃO PAULO","[Vídeo] Nimbus Tapete — Bairros nobres SP",2026-05-24,1147,1168,BRL,5.63,,,44,,45,,,2026-05-24,2026-05-24
"Instagram | Conversão 2026","[SP] BAIRROS NOBRES | SÃO PAULO & CIDADES DE SÃO PAULO","[Vídeo] Trend Viral — Bairros nobres SP",2026-05-24,5233,5506,BRL,35.53,1,,380,,368,,,2026-05-24,2026-05-24
"LEADS 2026","BRASÍLIA 2026","[VÍDEO] TREND VIRAL - BRASÍLIA 2026",2026-05-24,5530,5698,BRL,31.98,2,,220,,170,,,2026-05-24,2026-05-24
"LEADS 2026","GOIÂNIA 2026","[VÍDEO] TREND VIRAL - GOIÂNIA 2026",2026-05-24,1926,1926,BRL,9.97,,,74,,72,,,2026-05-24,2026-05-24
"LEADS 2026","CURITIBA 2026","[VÍDEO] TREND VIRAL - CURITIBA 2026",2026-05-24,3565,3614,BRL,20.34,,,149,,135,,,2026-05-24,2026-05-24
"LEADS 2026","BRASÍLIA 2026","[Imagem] SAÚDE BRASÍLIA 2026",2026-05-24,2884,3374,BRL,17.33,,,83,,75,,,2026-05-24,2026-05-24
"LEADS 2026","CURITIBA 2026","[Imagem] SAÚDE CURITIBA 2026",2026-05-24,2112,2365,BRL,14.27,,,67,,64,,,2026-05-24,2026-05-24
"LEADS 2026","GOIÂNIA 2026","[Imagem] SAÚDE GOIÂNIA 2026",2026-05-24,3715,4378,BRL,21.16,,,102,,83,,,2026-05-24,2026-05-24
"LEADS 2026","BRASÍLIA 2026","[Vídeo] Nimbus Alemã - BRASÍLIA 2026",2026-05-24,4585,4968,BRL,20.03,,,127,,110,,,2026-05-24,2026-05-24
"LEADS 2026","GOIÂNIA 2026","[Vídeo] Nimbus Alemã - GOIÂNIA 2026",2026-05-24,497,507,BRL,1.97,,,10,,8,,,2026-05-24,2026-05-24
"LEADS 2026","CURITIBA 2026","[Vídeo] Nimbus Alemã - CURITIBA 2026",2026-05-24,3242,3362,BRL,17.18,,,106,,98,,,2026-05-24,2026-05-24
"Instagram | Conversão 2026","[SP] BAIRROS NOBRES | SÃO PAULO & CIDADES DE SÃO PAULO","[Vídeo] Extratora HYLA — Bairros nobres SP",2026-05-23,25609,25948,BRL,163.26,3,,1561,,1339,,2,2026-05-23,2026-05-23
"Instagram | Conversão 2026","[SP] BAIRROS NOBRES | SÃO PAULO & CIDADES DE SÃO PAULO","[Vídeo] PRATICIDADE — Bairros Nobres SP",2026-05-23,1110,1115,BRL,8.9,1,,64,,62,,,2026-05-23,2026-05-23
"Instagram | Conversão 2026","[SP] BAIRROS NOBRES | SÃO PAULO & CIDADES DE SÃO PAULO","[Vídeo] Trend Viral — Bairros nobres SP",2026-05-23,1634,1662,BRL,13.35,,,100,,107,,,2026-05-23,2026-05-23
"LEADS 2026","BRASÍLIA 2026","[VÍDEO] TREND VIRAL - BRASÍLIA 2026",2026-05-23,2662,2664,BRL,16.32,1,,97,,71,,,2026-05-23,2026-05-23
"LEADS 2026","GOIÂNIA 2026","[VÍDEO] TREND VIRAL - GOIÂNIA 2026",2026-05-23,4007,4197,BRL,30.1,,,148,,131,,1,2026-05-23,2026-05-23
"LEADS 2026","CURITIBA 2026","[VÍDEO] TREND VIRAL - CURITIBA 2026",2026-05-23,4065,4210,BRL,32.22,3,,172,,154,,,2026-05-23,2026-05-23
"LEADS 2026","BRASÍLIA 2026","[Imagem] SAÚDE BRASÍLIA 2026",2026-05-23,3108,3781,BRL,20.58,,,86,,63,,,2026-05-23,2026-05-23
"LEADS 2026","CURITIBA 2026","[Imagem] SAÚDE CURITIBA 2026",2026-05-23,2068,2318,BRL,13.62,,,53,,51,,,2026-05-23,2026-05-23
"LEADS 2026","GOIÂNIA 2026","[Imagem] SAÚDE GOIÂNIA 2026",2026-05-23,2986,3414,BRL,16.84,,,56,,51,,,2026-05-23,2026-05-23
"LEADS 2026","BRASÍLIA 2026","[Vídeo] Nimbus Alemã - BRASÍLIA 2026",2026-05-23,3002,3202,BRL,18.97,,,83,,76,,,2026-05-23,2026-05-23
"LEADS 2026","GOIÂNIA 2026","[Vídeo] Nimbus Alemã - GOIÂNIA 2026",2026-05-23,4521,4628,BRL,19.68,,,91,,75,,,2026-05-23,2026-05-23
"Instagram | Conversão 2026","[SP] BAIRROS NOBRES | SÃO PAULO & CIDADES DE SÃO PAULO","[Vídeo] Extratora HYLA — Bairros nobres SP",2026-05-22,22041,22335,BRL,169.17,5,,1405,,1240,,1,2026-05-22,2026-05-22
"Instagram | Conversão 2026","[SP] BAIRROS NOBRES | SÃO PAULO & CIDADES DE SÃO PAULO","[Vídeo] PRATICIDADE — Bairros Nobres SP",2026-05-22,2192,2192,BRL,15.76,3,,121,,117,,1,2026-05-22,2026-05-22
"Instagram | Conversão 2026","[SP] BAIRROS NOBRES | SÃO PAULO & CIDADES DE SÃO PAULO","[Vídeo] Nimbus Tapete — Bairros nobres SP",2026-05-22,526,526,BRL,2.95,,,30,,21,,,2026-05-22,2026-05-22
"Instagram | Conversão 2026","[SP] BAIRROS NOBRES | SÃO PAULO & CIDADES DE SÃO PAULO","[Vídeo] Trend Viral — Bairros nobres SP",2026-05-22,4520,4633,BRL,36.59,,,279,,262,,,2026-05-22,2026-05-22
"LEADS 2026","BRASÍLIA 2026","[VÍDEO] TREND VIRAL - BRASÍLIA 2026",2026-05-22,1617,1656,BRL,14.96,1,,69,,61,,,2026-05-22,2026-05-22
"LEADS 2026","BRASÍLIA 2026","[Imagem] SAÚDE BRASÍLIA 2026",2026-05-22,6661,8878,BRL,49.98,,,161,,134,,1,2026-05-22,2026-05-22
"LEADS 2026","CURITIBA 2026","[Imagem] SAÚDE CURITIBA 2026",2026-05-22,4420,5451,BRL,33.66,,,93,,78,,,2026-05-22,2026-05-22
"LEADS 2026","GOIÂNIA 2026","[Imagem] SAÚDE GOIÂNIA 2026",2026-05-22,2192,2447,BRL,12.3,,,45,,43,,,2026-05-22,2026-05-22
"LEADS 2026","BRASÍLIA 2026","[Vídeo] Nimbus Alemã - BRASÍLIA 2026",2026-05-22,1952,1961,BRL,12.45,,,67,,57,,,2026-05-22,2026-05-22
"LEADS 2026","GOIÂNIA 2026","[Vídeo] Nimbus Alemã - GOIÂNIA 2026",2026-05-22,134,137,BRL,0.8,,,3,,4,,,2026-05-22,2026-05-22
"LEADS 2026","CURITIBA 2026","[Vídeo] Nimbus Alemã - CURITIBA 2026",2026-05-22,4749,4785,BRL,32.68,,,148,,132,,,2026-05-22,2026-05-22
"Instagram | Conversão 2026","[SP] BAIRROS NOBRES | SÃO PAULO & CIDADES DE SÃO PAULO","[Vídeo] Extratora HYLA — Bairros nobres SP",2026-05-21,15948,16268,BRL,125.39,7,,1041,,956,,4,2026-05-21,2026-05-21
"Instagram | Conversão 2026","[SP] BAIRROS NOBRES | SÃO PAULO & CIDADES DE SÃO PAULO","[Vídeo] PRATICIDADE — Bairros Nobres SP",2026-05-21,7060,7149,BRL,46.01,7,,330,,312,,,2026-05-21,2026-05-21
"Instagram | Conversão 2026","[SP] BAIRROS NOBRES | SÃO PAULO & CIDADES DE SÃO PAULO","[Vídeo] Nimbus Tapete — Bairros nobres SP",2026-05-21,756,756,BRL,4.22,,,53,,46,,,2026-05-21,2026-05-21
"Instagram | Conversão 2026","[SP] BAIRROS NOBRES | SÃO PAULO & CIDADES DE SÃO PAULO","[Vídeo] Trend Viral — Bairros nobres SP",2026-05-21,595,606,BRL,5.11,,,63,,55,,,2026-05-21,2026-05-21
"Instagram | Conversão 2026","[SP] BAIRROS NOBRES | SÃO PAULO & CIDADES DE SÃO PAULO","[Imagem] Saúde — Bairros nobres SP",2026-05-21,5,6,BRL,0.01,,,,,,,,2026-05-21,2026-05-21
"LEADS 2026","BRASÍLIA 2026","[VÍDEO] TREND VIRAL - BRASÍLIA 2026",2026-05-21,1,1,BRL,0.02,,,,,,,,2026-05-21,2026-05-21
"LEADS 2026","GOIÂNIA 2026","[VÍDEO] TREND VIRAL - GOIÂNIA 2026",2026-05-21,439,463,BRL,3.57,,,16,,17,,,2026-05-21,2026-05-21
"LEADS 2026","BRASÍLIA 2026","[Imagem] SAÚDE BRASÍLIA 2026",2026-05-21,392,495,BRL,3.17,,,16,,10,,,2026-05-21,2026-05-21
"LEADS 2026","CURITIBA 2026","[Imagem] SAÚDE CURITIBA 2026",2026-05-21,288,305,BRL,2.13,,,7,,6,,,2026-05-21,2026-05-21
"LEADS 2026","GOIÂNIA 2026","[Imagem] SAÚDE GOIÂNIA 2026",2026-05-21,24,24,BRL,0.13,,,,,,,,2026-05-21,2026-05-21
"LEADS 2026","BRASÍLIA 2026","[Vídeo] Nimbus Alemã - BRASÍLIA 2026",2026-05-21,971,1055,BRL,7.33,,,46,,39,,,2026-05-21,2026-05-21
"Instagram | Conversão 2026","[SP] BAIRROS NOBRES | SÃO PAULO & CIDADES DE SÃO PAULO","[Vídeo] Extratora HYLA — Bairros nobres SP",2026-05-20,18320,18515,BRL,116.66,4,,1276,,1155,,3,2026-05-20,2026-05-20
"Instagram | Conversão 2026","[SP] BAIRROS NOBRES | SÃO PAULO & CIDADES DE SÃO PAULO","[Vídeo] PRATICIDADE — Bairros Nobres SP",2026-05-20,9347,9718,BRL,56.49,12,,603,,578,,3,2026-05-20,2026-05-20
"Instagram | Conversão 2026","[SP] BAIRROS NOBRES | SÃO PAULO & CIDADES DE SÃO PAULO","[Vídeo] Nimbus Tapete — Bairros nobres SP",2026-05-20,4655,4840,BRL,24.58,,,298,,277,,,2026-05-20,2026-05-20
"Instagram | Conversão 2026","[SP] BAIRROS NOBRES | SÃO PAULO & CIDADES DE SÃO PAULO","[Vídeo] Trend Viral — Bairros nobres SP",2026-05-20,1811,1850,BRL,13.54,1,,161,,146,,,2026-05-20,2026-05-20
"Instagram | Conversão 2026","[SP] BAIRROS NOBRES | SÃO PAULO & CIDADES DE SÃO PAULO","[Imagem] Saúde — Bairros nobres SP",2026-05-20,1,1,BRL,0,,,,,,,,2026-05-20,2026-05-20
"LEADS 2026","BRASÍLIA 2026","[VÍDEO] TREND VIRAL - BRASÍLIA 2026",2026-05-20,1138,1143,BRL,7.12,,,57,,49,,,2026-05-20,2026-05-20
"LEADS 2026","GOIÂNIA 2026","[VÍDEO] TREND VIRAL - GOIÂNIA 2026",2026-05-20,39,40,BRL,0.21,,,2,,1,,,2026-05-20,2026-05-20
"LEADS 2026","CURITIBA 2026","[VÍDEO] TREND VIRAL - CURITIBA 2026",2026-05-20,5413,5523,BRL,37.85,3,,249,,208,,,2026-05-20,2026-05-20
"LEADS 2026","BRASÍLIA 2026","[Imagem] SAÚDE BRASÍLIA 2026",2026-05-20,26,29,BRL,0.13,,,,,,,,2026-05-20,2026-05-20
"LEADS 2026","CURITIBA 2026","[Imagem] SAÚDE CURITIBA 2026",2026-05-20,26,26,BRL,0.2,,,3,,3,,,2026-05-20,2026-05-20
"LEADS 2026","GOIÂNIA 2026","[Imagem] SAÚDE GOIÂNIA 2026",2026-05-20,6,6,BRL,0.04,,,,,,,,2026-05-20,2026-05-20
"LEADS 2026","BRASÍLIA 2026","[Vídeo] Nimbus Alemã - BRASÍLIA 2026",2026-05-20,47,47,BRL,0.25,,,2,,2,,,2026-05-20,2026-05-20
"LEADS 2026","CURITIBA 2026","[Vídeo] Nimbus Alemã - CURITIBA 2026",2026-05-20,344,364,BRL,3.11,,,20,,16,,,2026-05-20,2026-05-20
"LEADS 2026","CURITIBA 2026","[Vídeo] PRATICIDADE — CURITIBA 2026",2026-05-20,4753,5068,BRL,23.52,,,161,,158,,,2026-05-20,2026-05-20
"Instagram | Conversão 2026","[SP] BAIRROS NOBRES | SÃO PAULO & CIDADES DE SÃO PAULO","[Vídeo] Extratora HYLA — Bairros nobres SP",2026-05-19,178,178,BRL,1.19,,,12,,9,,,2026-05-19,2026-05-19
"Instagram | Conversão 2026","[SP] BAIRROS NOBRES | SÃO PAULO & CIDADES DE SÃO PAULO","[Vídeo] PRATICIDADE — Bairros Nobres SP",2026-05-19,28691,29475,BRL,159.78,31,,1525,,1392,1,4,2026-05-19,2026-05-19
"Instagram | Conversão 2026","[SP] BAIRROS NOBRES | SÃO PAULO & CIDADES DE SÃO PAULO","[Vídeo] Nimbus Tapete — Bairros nobres SP",2026-05-19,4135,4168,BRL,19.59,,,234,,199,,,2026-05-19,2026-05-19
"Instagram | Conversão 2026","[SP] BAIRROS NOBRES | SÃO PAULO & CIDADES DE SÃO PAULO","[Vídeo] Trend Viral — Bairros nobres SP",2026-05-19,1353,1381,BRL,10.38,1,,102,,93,,,2026-05-19,2026-05-19
"LEADS 2026","BRASÍLIA 2026","[VÍDEO] TREND VIRAL - BRASÍLIA 2026",2026-05-19,588,588,BRL,3.9,1,,27,,24,,,2026-05-19,2026-05-19
"LEADS 2026","GOIÂNIA 2026","[VÍDEO] TREND VIRAL - GOIÂNIA 2026",2026-05-19,13,13,BRL,0.12,,,,,,,,2026-05-19,2026-05-19
"LEADS 2026","CURITIBA 2026","[VÍDEO] TREND VIRAL - CURITIBA 2026",2026-05-19,5271,5301,BRL,37.36,1,,292,,265,,1,2026-05-19,2026-05-19
"LEADS 2026","BRASÍLIA 2026","[Imagem] SAÚDE BRASÍLIA 2026",2026-05-19,48,64,BRL,0.39,,,3,,3,,,2026-05-19,2026-05-19
"LEADS 2026","CURITIBA 2026","[Imagem] SAÚDE CURITIBA 2026",2026-05-19,49,54,BRL,0.47,,,1,,1,,,2026-05-19,2026-05-19
"LEADS 2026","GOIÂNIA 2026","[Imagem] SAÚDE GOIÂNIA 2026",2026-05-19,10,10,BRL,0.06,,,,,,,,2026-05-19,2026-05-19
"LEADS 2026","BRASÍLIA 2026","[Vídeo] Nimbus Alemã - BRASÍLIA 2026",2026-05-19,4,4,BRL,0.02,,,,,,,,2026-05-19,2026-05-19
"LEADS 2026","GOIÂNIA 2026","[Vídeo] Nimbus Alemã - GOIÂNIA 2026",2026-05-19,1,1,BRL,0,,,1,,1,,,2026-05-19,2026-05-19
"LEADS 2026","CURITIBA 2026","[Vídeo] Nimbus Alemã - CURITIBA 2026",2026-05-19,17,17,BRL,0.1,,,,,,,,2026-05-19,2026-05-19
"LEADS 2026","GOIÂNIA 2026","[Vídeo] PRATICIDADE — GOIÂNIA 2026",2026-05-19,101,102,BRL,0.4,,,5,,3,,,2026-05-19,2026-05-19
"LEADS 2026","CURITIBA 2026","[Vídeo] PRATICIDADE — CURITIBA 2026",2026-05-19,4817,4817,BRL,22.24,2,,129,,114,,1,2026-05-19,2026-05-19
"LEADS 2026","BRASÍLIA 2026","[Vídeo] PRATICIDADE — BRASÍLIA 2026",2026-05-19,757,807,BRL,3.36,,,26,,21,,,2026-05-19,2026-05-19
"Instagram | Conversão 2026","[SP] BAIRROS NOBRES | SÃO PAULO & CIDADES DE SÃO PAULO","[Vídeo] Extratora HYLA — Bairros nobres SP",2026-05-18,52,52,BRL,0.33,,,5,,8,,,2026-05-18,2026-05-18
"Instagram | Conversão 2026","[SP] BAIRROS NOBRES | SÃO PAULO & CIDADES DE SÃO PAULO","[Vídeo] PRATICIDADE — Bairros Nobres SP",2026-05-18,26034,26088,BRL,135.73,24,,1499,,1392,,4,2026-05-18,2026-05-18
"Instagram | Conversão 2026","[SP] BAIRROS NOBRES | SÃO PAULO & CIDADES DE SÃO PAULO","[Vídeo] Nimbus Tapete — Bairros nobres SP",2026-05-18,8000,8000,BRL,36.7,,,512,,445,,,2026-05-18,2026-05-18
"Instagram | Conversão 2026","[SP] BAIRROS NOBRES | SÃO PAULO & CIDADES DE SÃO PAULO","[Vídeo] Trend Viral — Bairros nobres SP",2026-05-18,2357,2357,BRL,15.66,2,,221,,197,,,2026-05-18,2026-05-18
"LEADS 2026","BRASÍLIA 2026","[VÍDEO] TREND VIRAL - BRASÍLIA 2026",2026-05-18,37,38,BRL,0.25,,,3,,3,,,2026-05-18,2026-05-18
"LEADS 2026","CURITIBA 2026","[VÍDEO] TREND VIRAL - CURITIBA 2026",2026-05-18,3007,3007,BRL,19.56,,,156,,132,,,2026-05-18,2026-05-18
"LEADS 2026","BRASÍLIA 2026","[Imagem] SAÚDE BRASÍLIA 2026",2026-05-18,7,7,BRL,0.05,,,,,,,,2026-05-18,2026-05-18
"LEADS 2026","CURITIBA 2026","[Imagem] SAÚDE CURITIBA 2026",2026-05-18,7,7,BRL,0.06,,,,,,,,2026-05-18,2026-05-18
"LEADS 2026","GOIÂNIA 2026","[Vídeo] PRATICIDADE — GOIÂNIA 2026",2026-05-18,3,3,BRL,0.01,,,,,,,,2026-05-18,2026-05-18
"LEADS 2026","CURITIBA 2026","[Vídeo] PRATICIDADE — CURITIBA 2026",2026-05-18,3346,3434,BRL,15.11,1,,106,,100,,,2026-05-18,2026-05-18
"LEADS 2026","BRASÍLIA 2026","[Vídeo] PRATICIDADE — BRASÍLIA 2026",2026-05-18,194,195,BRL,0.89,,,14,,10,,,2026-05-18,2026-05-18
"Instagram | Conversão 2026","[SP] BAIRROS NOBRES | SÃO PAULO & CIDADES DE SÃO PAULO","[Vídeo] Extratora HYLA — Bairros nobres SP",2026-05-17,704,704,BRL,4.08,,,60,,62,,,2026-05-17,2026-05-17
"Instagram | Conversão 2026","[SP] BAIRROS NOBRES | SÃO PAULO & CIDADES DE SÃO PAULO","[Vídeo] PRATICIDADE — Bairros Nobres SP",2026-05-17,41298,41298,BRL,183.69,20,,2380,,2214,,4,2026-05-17,2026-05-17
"Instagram | Conversão 2026","[SP] BAIRROS NOBRES | SÃO PAULO & CIDADES DE SÃO PAULO","[Vídeo] Nimbus Tapete — Bairros nobres SP",2026-05-17,3118,3118,BRL,13.19,1,,205,,182,,,2026-05-17,2026-05-17
"Instagram | Conversão 2026","[SP] BAIRROS NOBRES | SÃO PAULO & CIDADES DE SÃO PAULO","[Vídeo] Trend Viral — Bairros nobres SP",2026-05-17,2515,2603,BRL,17.48,4,,221,,201,,,2026-05-17,2026-05-17
"LEADS 2026","BRASÍLIA 2026","[VÍDEO] TREND VIRAL - BRASÍLIA 2026",2026-05-17,776,785,BRL,4.89,,,41,,34,,,2026-05-17,2026-05-17
"LEADS 2026","GOIÂNIA 2026","[VÍDEO] TREND VIRAL - GOIÂNIA 2026",2026-05-17,92,92,BRL,0.57,,,5,,5,,,2026-05-17,2026-05-17
"LEADS 2026","CURITIBA 2026","[VÍDEO] TREND VIRAL - CURITIBA 2026",2026-05-17,17417,19100,BRL,125.05,8,,935,,804,,2,2026-05-17,2026-05-17
"LEADS 2026","BRASÍLIA 2026","[Imagem] SAÚDE BRASÍLIA 2026",2026-05-17,6,6,BRL,0.07,,,,,,,,2026-05-17,2026-05-17
"LEADS 2026","CURITIBA 2026","[Imagem] SAÚDE CURITIBA 2026",2026-05-17,14,14,BRL,0.15,,,,,,,,2026-05-17,2026-05-17
"LEADS 2026","GOIÂNIA 2026","[Imagem] SAÚDE GOIÂNIA 2026",2026-05-17,5,5,BRL,0.03,,,,,,,,2026-05-17,2026-05-17
"LEADS 2026","BRASÍLIA 2026","[Vídeo] Nimbus Alemã - BRASÍLIA 2026",2026-05-17,12,12,BRL,0.06,,,2,,1,,,2026-05-17,2026-05-17
"LEADS 2026","GOIÂNIA 2026","[Vídeo] Nimbus Alemã - GOIÂNIA 2026",2026-05-17,6,6,BRL,0.04,,,,,,,,2026-05-17,2026-05-17
"LEADS 2026","CURITIBA 2026","[Vídeo] Nimbus Alemã - CURITIBA 2026",2026-05-17,123,125,BRL,0.61,,,2,,2,,,2026-05-17,2026-05-17
"LEADS 2026","GOIÂNIA 2026","[Vídeo] PRATICIDADE — GOIÂNIA 2026",2026-05-17,560,563,BRL,1.9,,,16,,15,,,2026-05-17,2026-05-17
"LEADS 2026","CURITIBA 2026","[Vídeo] PRATICIDADE — CURITIBA 2026",2026-05-17,7623,7956,BRL,32.82,2,,232,,198,,,2026-05-17,2026-05-17
"LEADS 2026","BRASÍLIA 2026","[Vídeo] PRATICIDADE — BRASÍLIA 2026",2026-05-17,1652,1691,BRL,6.79,,,62,,59,,1,2026-05-17,2026-05-17
"Instagram | Conversão 2026","[SP] BAIRROS NOBRES | SÃO PAULO & CIDADES DE SÃO PAULO","[Vídeo] Extratora HYLA — Bairros nobres SP",2026-05-16,355,359,BRL,2.07,,,27,,27,,,2026-05-16,2026-05-16
"Instagram | Conversão 2026","[SP] BAIRROS NOBRES | SÃO PAULO & CIDADES DE SÃO PAULO","[Vídeo] PRATICIDADE — Bairros Nobres SP",2026-05-16,36271,37471,BRL,181.01,26,,2059,,1887,,9,2026-05-16,2026-05-16
"Instagram | Conversão 2026","[SP] BAIRROS NOBRES | SÃO PAULO & CIDADES DE SÃO PAULO","[Vídeo] Nimbus Tapete — Bairros nobres SP",2026-05-16,585,590,BRL,2.62,,,38,,28,,,2026-05-16,2026-05-16
"Instagram | Conversão 2026","[SP] BAIRROS NOBRES | SÃO PAULO & CIDADES DE SÃO PAULO","[Vídeo] Trend Viral — Bairros nobres SP",2026-05-16,141,141,BRL,1.04,5,,15,,15,,,2026-05-16,2026-05-16
"LEADS 2026","BRASÍLIA 2026","[VÍDEO] TREND VIRAL - BRASÍLIA 2026",2026-05-16,279,291,BRL,1.87,,,22,,20,,,2026-05-16,2026-05-16
"LEADS 2026","GOIÂNIA 2026","[VÍDEO] TREND VIRAL - GOIÂNIA 2026",2026-05-16,6,6,BRL,0.05,,,2,,1,,,2026-05-16,2026-05-16
"LEADS 2026","CURITIBA 2026","[VÍDEO] TREND VIRAL - CURITIBA 2026",2026-05-16,3061,3129,BRL,21.44,1,,140,,98,,,2026-05-16,2026-05-16
"LEADS 2026","BRASÍLIA 2026","[Imagem] SAÚDE BRASÍLIA 2026",2026-05-16,11,12,BRL,0.04,,,,,,,,2026-05-16,2026-05-16
"LEADS 2026","CURITIBA 2026","[Imagem] SAÚDE CURITIBA 2026",2026-05-16,43,44,BRL,0.21,,,2,,2,,,2026-05-16,2026-05-16
"LEADS 2026","GOIÂNIA 2026","[Imagem] SAÚDE GOIÂNIA 2026",2026-05-16,25,25,BRL,0.1,,,1,,,,,2026-05-16,2026-05-16
"LEADS 2026","BRASÍLIA 2026","[Vídeo] Nimbus Alemã - BRASÍLIA 2026",2026-05-16,1,1,BRL,0.01,,,,,,,,2026-05-16,2026-05-16
"LEADS 2026","GOIÂNIA 2026","[Vídeo] Nimbus Alemã - GOIÂNIA 2026",2026-05-16,8,8,BRL,0.05,,,1,,1,,,2026-05-16,2026-05-16
"LEADS 2026","CURITIBA 2026","[Vídeo] Nimbus Alemã - CURITIBA 2026",2026-05-16,21,22,BRL,0.17,,,,,,,,2026-05-16,2026-05-16
"LEADS 2026","GOIÂNIA 2026","[Vídeo] PRATICIDADE — GOIÂNIA 2026",2026-05-16,225,229,BRL,0.84,,,8,,6,,,2026-05-16,2026-05-16
"LEADS 2026","CURITIBA 2026","[Vídeo] PRATICIDADE — CURITIBA 2026",2026-05-16,4436,4700,BRL,19.09,,,146,,116,,1,2026-05-16,2026-05-16
"LEADS 2026","BRASÍLIA 2026","[Vídeo] PRATICIDADE — BRASÍLIA 2026",2026-05-16,7,7,BRL,0.03,,,,,,,,2026-05-16,2026-05-16
"Instagram | Conversão 2026","[SP] BAIRROS NOBRES | SÃO PAULO & CIDADES DE SÃO PAULO","[Vídeo] Extratora HYLA — Bairros nobres SP",2026-05-15,2176,2281,BRL,14.05,2,,172,,155,,,2026-05-15,2026-05-15
"Instagram | Conversão 2026","[SP] BAIRROS NOBRES | SÃO PAULO & CIDADES DE SÃO PAULO","[Vídeo] PRATICIDADE — Bairros Nobres SP",2026-05-15,15592,15847,BRL,86.06,8,,1007,,953,,6,2026-05-15,2026-05-15
"Instagram | Conversão 2026","[SP] BAIRROS NOBRES | SÃO PAULO & CIDADES DE SÃO PAULO","[Vídeo] Nimbus Tapete — Bairros nobres SP",2026-05-15,4879,5021,BRL,20.48,,,318,,264,,,2026-05-15,2026-05-15
"Instagram | Conversão 2026","[SP] BAIRROS NOBRES | SÃO PAULO & CIDADES DE SÃO PAULO","[Vídeo] Trend Viral — Bairros nobres SP",2026-05-15,3922,3974,BRL,28,6,,354,,342,,,2026-05-15,2026-05-15
"LEADS 2026","BRASÍLIA 2026","[VÍDEO] TREND VIRAL - BRASÍLIA 2026",2026-05-15,789,789,BRL,4.98,,,52,,38,,,2026-05-15,2026-05-15
"LEADS 2026","GOIÂNIA 2026","[VÍDEO] TREND VIRAL - GOIÂNIA 2026",2026-05-15,496,496,BRL,3,,,23,,19,,,2026-05-15,2026-05-15
"LEADS 2026","CURITIBA 2026","[VÍDEO] TREND VIRAL - CURITIBA 2026",2026-05-15,1311,1372,BRL,8.25,,,78,,75,,,2026-05-15,2026-05-15
"LEADS 2026","BRASÍLIA 2026","[Imagem] SAÚDE BRASÍLIA 2026",2026-05-15,2,2,BRL,0.03,,,,,,,,2026-05-15,2026-05-15
"LEADS 2026","CURITIBA 2026","[Imagem] SAÚDE CURITIBA 2026",2026-05-15,1,1,BRL,0.01,,,,,,,,2026-05-15,2026-05-15
"LEADS 2026","GOIÂNIA 2026","[Vídeo] PRATICIDADE — GOIÂNIA 2026",2026-05-15,295,295,BRL,0.95,,,5,,5,,,2026-05-15,2026-05-15
"LEADS 2026","CURITIBA 2026","[Vídeo] PRATICIDADE — CURITIBA 2026",2026-05-15,444,456,BRL,1.78,,,27,,29,,,2026-05-15,2026-05-15
"LEADS 2026","BRASÍLIA 2026","[Vídeo] PRATICIDADE — BRASÍLIA 2026",2026-05-15,726,740,BRL,2.58,,,32,,26,,,2026-05-15,2026-05-15
"Instagram | Conversão 2026","[SP] BAIRROS NOBRES | SÃO PAULO & CIDADES DE SÃO PAULO","[Vídeo] Extratora HYLA — Bairros nobres SP",2026-05-14,5501,5518,BRL,35.08,3,,482,,430,,1,2026-05-14,2026-05-14
"Instagram | Conversão 2026","[SP] BAIRROS NOBRES | SÃO PAULO & CIDADES DE SÃO PAULO","[Vídeo] PRATICIDADE — Bairros Nobres SP",2026-05-14,10192,10607,BRL,60.96,14,,727,,713,,5,2026-05-14,2026-05-14
"Instagram | Conversão 2026","[SP] BAIRROS NOBRES | SÃO PAULO & CIDADES DE SÃO PAULO","[Vídeo] Nimbus Tapete — Bairros nobres SP",2026-05-14,10677,11020,BRL,46.51,,,704,,580,,1,2026-05-14,2026-05-14
"Instagram | Conversão 2026","[SP] BAIRROS NOBRES | SÃO PAULO & CIDADES DE SÃO PAULO","[Vídeo] Trend Viral — Bairros nobres SP",2026-05-14,9270,9597,BRL,67.52,14,,926,,835,,2,2026-05-14,2026-05-14
"LEADS 2026","BRASÍLIA 2026","[VÍDEO] TREND VIRAL - BRASÍLIA 2026",2026-05-14,3509,3683,BRL,20.82,2,,219,,190,,1,2026-05-14,2026-05-14
"LEADS 2026","GOIÂNIA 2026","[VÍDEO] TREND VIRAL - GOIÂNIA 2026",2026-05-14,2970,3123,BRL,18.24,1,,189,,173,,,2026-05-14,2026-05-14
"LEADS 2026","CURITIBA 2026","[VÍDEO] TREND VIRAL - CURITIBA 2026",2026-05-14,6345,6435,BRL,37.86,2,,371,,354,,,2026-05-14,2026-05-14
"LEADS 2026","CURITIBA 2026","[Imagem] SAÚDE CURITIBA 2026",2026-05-14,3,5,BRL,0.02,,,,,,,,2026-05-14,2026-05-14
"LEADS 2026","GOIÂNIA 2026","[Imagem] SAÚDE GOIÂNIA 2026",2026-05-14,1,1,BRL,0,,,,,,,,2026-05-14,2026-05-14
"LEADS 2026","BRASÍLIA 2026","[Vídeo] Nimbus Alemã - BRASÍLIA 2026",2026-05-14,1,1,BRL,0,,,,,,,,2026-05-14,2026-05-14
"LEADS 2026","GOIÂNIA 2026","[Vídeo] Nimbus Alemã - GOIÂNIA 2026",2026-05-14,1,1,BRL,0.01,,,,,,,,2026-05-14,2026-05-14
"LEADS 2026","CURITIBA 2026","[Vídeo] Nimbus Alemã - CURITIBA 2026",2026-05-14,7,7,BRL,0.03,,,1,,1,,,2026-05-14,2026-05-14
"LEADS 2026","GOIÂNIA 2026","[Vídeo] PRATICIDADE — GOIÂNIA 2026",2026-05-14,2122,2258,BRL,7.23,,,72,,66,,,2026-05-14,2026-05-14
"LEADS 2026","CURITIBA 2026","[Vídeo] PRATICIDADE — CURITIBA 2026",2026-05-14,2776,2870,BRL,11.18,,,98,,88,,,2026-05-14,2026-05-14
"LEADS 2026","BRASÍLIA 2026","[Vídeo] PRATICIDADE — BRASÍLIA 2026",2026-05-14,2786,2969,BRL,10.41,3,,93,,74,,,2026-05-14,2026-05-14
"Instagram | Conversão 2026","[SP] BAIRROS NOBRES | SÃO PAULO & CIDADES DE SÃO PAULO","[Vídeo] Extratora HYLA — Bairros nobres SP",2026-05-13,5316,5595,BRL,36.06,6,,359,,315,,,2026-05-13,2026-05-13
"Instagram | Conversão 2026","[SP] BAIRROS NOBRES | SÃO PAULO & CIDADES DE SÃO PAULO","[Vídeo] PRATICIDADE — Bairros Nobres SP",2026-05-13,17347,18027,BRL,103.58,8,,1009,,923,,2,2026-05-13,2026-05-13
"Instagram | Conversão 2026","[SP] BAIRROS NOBRES | SÃO PAULO & CIDADES DE SÃO PAULO","[Vídeo] Nimbus Tapete — Bairros nobres SP",2026-05-13,8649,8991,BRL,39.4,,,445,,396,,,2026-05-13,2026-05-13
"Instagram | Conversão 2026","[SP] BAIRROS NOBRES | SÃO PAULO & CIDADES DE SÃO PAULO","[Vídeo] Trend Viral — Bairros nobres SP",2026-05-13,6766,6766,BRL,45.61,9,,518,,452,,,2026-05-13,2026-05-13
"Instagram | Conversão 2026","[SP] BAIRROS NOBRES | SÃO PAULO & CIDADES DE SÃO PAULO","[Imagem] Saúde — Bairros nobres SP",2026-05-13,1,1,BRL,0,,,,,,,,2026-05-13,2026-05-13
"LEADS 2026","BRASÍLIA 2026","[VÍDEO] TREND VIRAL - BRASÍLIA 2026",2026-05-13,4864,5209,BRL,28.1,,,278,,230,,1,2026-05-13,2026-05-13
"LEADS 2026","GOIÂNIA 2026","[VÍDEO] TREND VIRAL - GOIÂNIA 2026",2026-05-13,3226,3417,BRL,17.95,3,,161,,134,,,2026-05-13,2026-05-13
"LEADS 2026","CURITIBA 2026","[VÍDEO] TREND VIRAL - CURITIBA 2026",2026-05-13,6386,6594,BRL,37.96,,,367,,317,,,2026-05-13,2026-05-13
"LEADS 2026","BRASÍLIA 2026","[Imagem] SAÚDE BRASÍLIA 2026",2026-05-13,2,2,BRL,0.01,,,,,,,,2026-05-13,2026-05-13
"LEADS 2026","CURITIBA 2026","[Imagem] SAÚDE CURITIBA 2026",2026-05-13,6,6,BRL,0,,,,,,,,2026-05-13,2026-05-13
"LEADS 2026","GOIÂNIA 2026","[Vídeo] PRATICIDADE — GOIÂNIA 2026",2026-05-13,3523,3835,BRL,12.35,,,119,,107,,,2026-05-13,2026-05-13
"LEADS 2026","CURITIBA 2026","[Vídeo] PRATICIDADE — CURITIBA 2026",2026-05-13,4449,4708,BRL,18.79,3,,175,,148,,1,2026-05-13,2026-05-13
"LEADS 2026","BRASÍLIA 2026","[Vídeo] PRATICIDADE — BRASÍLIA 2026",2026-05-13,4689,5529,BRL,19.8,,,171,,131,,,2026-05-13,2026-05-13
"Instagram | Conversão 2026","[SP] BAIRROS NOBRES | SÃO PAULO & CIDADES DE SÃO PAULO","[Vídeo] Extratora HYLA — Bairros nobres SP",2026-05-12,4369,4495,BRL,28.89,3,,285,,279,,,2026-05-12,2026-05-12
"Instagram | Conversão 2026","[SP] BAIRROS NOBRES | SÃO PAULO & CIDADES DE SÃO PAULO","[Vídeo] PRATICIDADE — Bairros Nobres SP",2026-05-12,16686,17362,BRL,98.92,6,,868,,820,,1,2026-05-12,2026-05-12
"Instagram | Conversão 2026","[SP] BAIRROS NOBRES | SÃO PAULO & CIDADES DE SÃO PAULO","[Vídeo] Nimbus Tapete — Bairros nobres SP",2026-05-12,6555,6767,BRL,37.56,,,371,,350,,,2026-05-12,2026-05-12
"Instagram | Conversão 2026","[SP] BAIRROS NOBRES | SÃO PAULO & CIDADES DE SÃO PAULO","[Vídeo] Trend Viral — Bairros nobres SP",2026-05-12,3713,3935,BRL,25.74,1,,226,,216,,,2026-05-12,2026-05-12
"LEADS 2026","BRASÍLIA 2026","[VÍDEO] TREND VIRAL - BRASÍLIA 2026",2026-05-12,2926,3181,BRL,18.4,,,195,,159,,,2026-05-12,2026-05-12
"LEADS 2026","GOIÂNIA 2026","[VÍDEO] TREND VIRAL - GOIÂNIA 2026",2026-05-12,4931,5162,BRL,31.23,,,247,,235,,1,2026-05-12,2026-05-12
"LEADS 2026","CURITIBA 2026","[VÍDEO] TREND VIRAL - CURITIBA 2026",2026-05-12,6036,6256,BRL,39.71,,,338,,308,,,2026-05-12,2026-05-12
"LEADS 2026","BRASÍLIA 2026","[Imagem] SAÚDE BRASÍLIA 2026",2026-05-12,12,12,BRL,0.05,,,,,,,,2026-05-12,2026-05-12
"LEADS 2026","CURITIBA 2026","[Imagem] SAÚDE CURITIBA 2026",2026-05-12,1,1,BRL,0,,,,,,,,2026-05-12,2026-05-12
"LEADS 2026","GOIÂNIA 2026","[Imagem] SAÚDE GOIÂNIA 2026",2026-05-12,2,2,BRL,0,,,,,,,,2026-05-12,2026-05-12
"LEADS 2026","BRASÍLIA 2026","[Vídeo] Nimbus Alemã - BRASÍLIA 2026",2026-05-12,6,6,BRL,0.01,,,,,,,,2026-05-12,2026-05-12
"LEADS 2026","GOIÂNIA 2026","[Vídeo] Nimbus Alemã - GOIÂNIA 2026",2026-05-12,32,32,BRL,0.12,,,,,,,,2026-05-12,2026-05-12
"LEADS 2026","CURITIBA 2026","[Vídeo] Nimbus Alemã - CURITIBA 2026",2026-05-12,96,99,BRL,0.65,,,3,,2,,,2026-05-12,2026-05-12
"LEADS 2026","GOIÂNIA 2026","[Vídeo] PRATICIDADE — GOIÂNIA 2026",2026-05-12,3870,4407,BRL,17.67,1,,145,,138,,,2026-05-12,2026-05-12
"LEADS 2026","CURITIBA 2026","[Vídeo] PRATICIDADE — CURITIBA 2026",2026-05-12,3460,3677,BRL,16.99,,,138,,136,,,2026-05-12,2026-05-12
"LEADS 2026","BRASÍLIA 2026","[Vídeo] PRATICIDADE — BRASÍLIA 2026",2026-05-12,454,469,BRL,1.74,,,15,,10,,,2026-05-12,2026-05-12
"Instagram | Conversão 2026","[SP] BAIRROS NOBRES | SÃO PAULO & CIDADES DE SÃO PAULO","[Vídeo] Extratora HYLA — Bairros nobres SP",2026-05-11,4738,4990,BRL,28.51,,,311,,283,,,2026-05-11,2026-05-11
"Instagram | Conversão 2026","[SP] BAIRROS NOBRES | SÃO PAULO & CIDADES DE SÃO PAULO","[Vídeo] PRATICIDADE — Bairros Nobres SP",2026-05-11,18401,20180,BRL,103.23,8,,974,,883,,3,2026-05-11,2026-05-11
"Instagram | Conversão 2026","[SP] BAIRROS NOBRES | SÃO PAULO & CIDADES DE SÃO PAULO","[Vídeo] Nimbus Tapete — Bairros nobres SP",2026-05-11,9770,9914,BRL,47.67,,,513,,491,,,2026-05-11,2026-05-11
"Instagram | Conversão 2026","[SP] BAIRROS NOBRES | SÃO PAULO & CIDADES DE SÃO PAULO","[Vídeo] Trend Viral — Bairros nobres SP",2026-05-11,2712,2826,BRL,16.37,5,,198,,195,,,2026-05-11,2026-05-11
"LEADS 2026","BRASÍLIA 2026","[VÍDEO] TREND VIRAL - BRASÍLIA 2026",2026-05-11,2147,2224,BRL,11.75,1,,116,,108,,,2026-05-11,2026-05-11
"LEADS 2026","GOIÂNIA 2026","[VÍDEO] TREND VIRAL - GOIÂNIA 2026",2026-05-11,3997,4217,BRL,22.59,,,186,,173,,1,2026-05-11,2026-05-11
"LEADS 2026","CURITIBA 2026","[VÍDEO] TREND VIRAL - CURITIBA 2026",2026-05-11,2555,2691,BRL,15.47,,,130,,114,,1,2026-05-11,2026-05-11
"LEADS 2026","CURITIBA 2026","[Imagem] SAÚDE CURITIBA 2026",2026-05-11,1,1,BRL,0,,,1,,2,,,2026-05-11,2026-05-11
"LEADS 2026","GOIÂNIA 2026","[Imagem] SAÚDE GOIÂNIA 2026",2026-05-11,3,3,BRL,0.03,,,,,,,,2026-05-11,2026-05-11
"LEADS 2026","GOIÂNIA 2026","[Vídeo] Nimbus Alemã - GOIÂNIA 2026",2026-05-11,18,18,BRL,0.09,,,2,,2,,,2026-05-11,2026-05-11
"LEADS 2026","CURITIBA 2026","[Vídeo] Nimbus Alemã - CURITIBA 2026",2026-05-11,7,7,BRL,0.02,,,,,,,,2026-05-11,2026-05-11
"LEADS 2026","GOIÂNIA 2026","[Vídeo] PRATICIDADE — GOIÂNIA 2026",2026-05-11,6254,6812,BRL,24.8,2,,208,,174,,,2026-05-11,2026-05-11
"LEADS 2026","CURITIBA 2026","[Vídeo] PRATICIDADE — CURITIBA 2026",2026-05-11,4012,4272,BRL,17.36,1,,156,,138,,,2026-05-11,2026-05-11
"Instagram | Conversão 2026","[SP] BAIRROS NOBRES | SÃO PAULO & CIDADES DE SÃO PAULO","[Vídeo] Extratora HYLA — Bairros nobres SP",2026-05-10,6158,6393,BRL,35.97,5,,354,,337,,,2026-05-10,2026-05-10
"Instagram | Conversão 2026","[SP] BAIRROS NOBRES | SÃO PAULO & CIDADES DE SÃO PAULO","[Vídeo] PRATICIDADE — Bairros Nobres SP",2026-05-10,21546,23384,BRL,114.41,7,,1208,,1139,,4,2026-05-10,2026-05-10
"Instagram | Conversão 2026","[SP] BAIRROS NOBRES | SÃO PAULO & CIDADES DE SÃO PAULO","[Vídeo] Nimbus Tapete — Bairros nobres SP",2026-05-10,14579,15492,BRL,73.22,,,744,,727,,,2026-05-10,2026-05-10
"Instagram | Conversão 2026","[SP] BAIRROS NOBRES | SÃO PAULO & CIDADES DE SÃO PAULO","[Vídeo] Trend Viral — Bairros nobres SP",2026-05-10,3247,3304,BRL,19.29,3,,187,,184,,,2026-05-10,2026-05-10
"LEADS 2026","BRASÍLIA 2026","[VÍDEO] TREND VIRAL - BRASÍLIA 2026",2026-05-10,1503,1520,BRL,8.79,,,77,,55,,,2026-05-10,2026-05-10
"LEADS 2026","GOIÂNIA 2026","[VÍDEO] TREND VIRAL - GOIÂNIA 2026",2026-05-10,4115,4419,BRL,23.53,,,196,,171,,,2026-05-10,2026-05-10
"LEADS 2026","CURITIBA 2026","[VÍDEO] TREND VIRAL - CURITIBA 2026",2026-05-10,4281,4556,BRL,27.14,,,245,,222,,1,2026-05-10,2026-05-10
"LEADS 2026","BRASÍLIA 2026","[Imagem] SAÚDE BRASÍLIA 2026",2026-05-10,2,2,BRL,0,,,,,,,,2026-05-10,2026-05-10
"LEADS 2026","CURITIBA 2026","[Imagem] SAÚDE CURITIBA 2026",2026-05-10,6,8,BRL,0.03,,,1,,2,,,2026-05-10,2026-05-10
"LEADS 2026","GOIÂNIA 2026","[Imagem] SAÚDE GOIÂNIA 2026",2026-05-10,7,7,BRL,0.03,,,,,,,,2026-05-10,2026-05-10
"LEADS 2026","BRASÍLIA 2026","[Vídeo] Nimbus Alemã - BRASÍLIA 2026",2026-05-10,21,21,BRL,0.12,,,1,,,,,2026-05-10,2026-05-10
"LEADS 2026","CURITIBA 2026","[Vídeo] Nimbus Alemã - CURITIBA 2026",2026-05-10,3,3,BRL,0.02,,,,,,,,2026-05-10,2026-05-10
"LEADS 2026","GOIÂNIA 2026","[Vídeo] PRATICIDADE — GOIÂNIA 2026",2026-05-10,10502,12464,BRL,40.94,,,327,,268,,,2026-05-10,2026-05-10
"LEADS 2026","CURITIBA 2026","[Vídeo] PRATICIDADE — CURITIBA 2026",2026-05-10,13096,14739,BRL,55.23,3,,429,,365,,,2026-05-10,2026-05-10
"LEADS 2026","BRASÍLIA 2026","[Vídeo] PRATICIDADE — BRASÍLIA 2026",2026-05-10,47,47,BRL,0.18,,,1,,1,,,2026-05-10,2026-05-10
"Instagram | Conversão 2026","[SP] BAIRROS NOBRES | SÃO PAULO & CIDADES DE SÃO PAULO","[Vídeo] Extratora HYLA — Bairros nobres SP",2026-05-09,4192,4192,BRL,27.02,5,,267,,254,,2,2026-05-09,2026-05-09
"Instagram | Conversão 2026","[SP] BAIRROS NOBRES | SÃO PAULO & CIDADES DE SÃO PAULO","[Vídeo] PRATICIDADE — Bairros Nobres SP",2026-05-09,13440,13964,BRL,80.57,2,,775,1,734,,3,2026-05-09,2026-05-09
"Instagram | Conversão 2026","[SP] BAIRROS NOBRES | SÃO PAULO & CIDADES DE SÃO PAULO","[Vídeo] Nimbus Tapete — Bairros nobres SP",2026-05-09,8489,8830,BRL,49.42,,,532,,535,,,2026-05-09,2026-05-09
"Instagram | Conversão 2026","[SP] BAIRROS NOBRES | SÃO PAULO & CIDADES DE SÃO PAULO","[Vídeo] Trend Viral — Bairros nobres SP",2026-05-09,3427,3496,BRL,24.48,3,,252,,263,,,2026-05-09,2026-05-09
"LEADS 2026","BRASÍLIA 2026","[VÍDEO] TREND VIRAL - BRASÍLIA 2026",2026-05-09,1501,1541,BRL,10.93,,,86,,55,,,2026-05-09,2026-05-09
"LEADS 2026","GOIÂNIA 2026","[VÍDEO] TREND VIRAL - GOIÂNIA 2026",2026-05-09,12,12,BRL,0.07,,,1,,1,,,2026-05-09,2026-05-09
"LEADS 2026","CURITIBA 2026","[VÍDEO] TREND VIRAL - CURITIBA 2026",2026-05-09,3086,3105,BRL,23.45,1,,180,,165,,,2026-05-09,2026-05-09
"LEADS 2026","BRASÍLIA 2026","[Imagem] SAÚDE BRASÍLIA 2026",2026-05-09,1,2,BRL,0.01,,,,,,,,2026-05-09,2026-05-09
"LEADS 2026","CURITIBA 2026","[Imagem] SAÚDE CURITIBA 2026",2026-05-09,2,2,BRL,0.02,,,,,,,,2026-05-09,2026-05-09
"LEADS 2026","GOIÂNIA 2026","[Imagem] SAÚDE GOIÂNIA 2026",2026-05-09,5,5,BRL,0.06,,,1,,2,,,2026-05-09,2026-05-09
"LEADS 2026","GOIÂNIA 2026","[Vídeo] Nimbus Alemã - GOIÂNIA 2026",2026-05-09,8,8,BRL,0.05,,,,,,,,2026-05-09,2026-05-09
"LEADS 2026","GOIÂNIA 2026","[Vídeo] PRATICIDADE — GOIÂNIA 2026",2026-05-09,5938,6414,BRL,25.02,2,,198,,154,,,2026-05-09,2026-05-09
"LEADS 2026","CURITIBA 2026","[Vídeo] PRATICIDADE — CURITIBA 2026",2026-05-09,7984,8753,BRL,38.99,3,,317,,295,,1,2026-05-09,2026-05-09
"Instagram | Conversão 2026","[SP] BAIRROS NOBRES | SÃO PAULO & CIDADES DE SÃO PAULO","[Vídeo] Extratora HYLA — Bairros nobres SP",2026-05-08,5854,5939,BRL,38.78,3,,327,,297,,,2026-05-08,2026-05-08
"Instagram | Conversão 2026","[SP] BAIRROS NOBRES | SÃO PAULO & CIDADES DE SÃO PAULO","[Vídeo] PRATICIDADE — Bairros Nobres SP",2026-05-08,11532,12009,BRL,71.61,1,,657,,634,,,2026-05-08,2026-05-08
"Instagram | Conversão 2026","[SP] BAIRROS NOBRES | SÃO PAULO & CIDADES DE SÃO PAULO","[Vídeo] Nimbus Tapete — Bairros nobres SP",2026-05-08,11722,11721,BRL,60.12,,,575,,557,,,2026-05-08,2026-05-08
"Instagram | Conversão 2026","[SP] BAIRROS NOBRES | SÃO PAULO & CIDADES DE SÃO PAULO","[Vídeo] Trend Viral — Bairros nobres SP",2026-05-08,3430,3521,BRL,24.24,5,,197,,183,,,2026-05-08,2026-05-08
"Instagram | Conversão 2026","[SP] BAIRROS NOBRES | SÃO PAULO & CIDADES DE SÃO PAULO","[Imagem] Saúde — Bairros nobres SP",2026-05-08,2,2,BRL,0,,,,,,,,2026-05-08,2026-05-08
"LEADS 2026","BRASÍLIA 2026","[VÍDEO] TREND VIRAL - BRASÍLIA 2026",2026-05-08,1610,1640,BRL,11.63,,,80,,73,,,2026-05-08,2026-05-08
"LEADS 2026","CURITIBA 2026","[VÍDEO] TREND VIRAL - CURITIBA 2026",2026-05-08,3922,4034,BRL,28.53,,,220,,212,,,2026-05-08,2026-05-08
"LEADS 2026","BRASÍLIA 2026","[Imagem] SAÚDE BRASÍLIA 2026",2026-05-08,3,3,BRL,0.02,,,,,,,,2026-05-08,2026-05-08
"LEADS 2026","CURITIBA 2026","[Imagem] SAÚDE CURITIBA 2026",2026-05-08,2,2,BRL,0,,,,,,,,2026-05-08,2026-05-08
"LEADS 2026","GOIÂNIA 2026","[Imagem] SAÚDE GOIÂNIA 2026",2026-05-08,6,6,BRL,0.06,,,,,,,,2026-05-08,2026-05-08
"LEADS 2026","BRASÍLIA 2026","[Vídeo] Nimbus Alemã - BRASÍLIA 2026",2026-05-08,8,8,BRL,0.05,,,,,,,,2026-05-08,2026-05-08
"LEADS 2026","GOIÂNIA 2026","[Vídeo] Nimbus Alemã - GOIÂNIA 2026",2026-05-08,3,3,BRL,0.03,,,1,,,,,2026-05-08,2026-05-08
"LEADS 2026","CURITIBA 2026","[Vídeo] Nimbus Alemã - CURITIBA 2026",2026-05-08,11,11,BRL,0.11,,,1,,,,,2026-05-08,2026-05-08
"LEADS 2026","GOIÂNIA 2026","[Vídeo] PRATICIDADE — GOIÂNIA 2026",2026-05-08,6804,6985,BRL,27.46,1,,203,,189,,,2026-05-08,2026-05-08
"LEADS 2026","CURITIBA 2026","[Vídeo] PRATICIDADE — CURITIBA 2026",2026-05-08,7736,8315,BRL,36.75,2,,329,,277,,,2026-05-08,2026-05-08
"LEADS 2026","BRASÍLIA 2026","[Vídeo] PRATICIDADE — BRASÍLIA 2026",2026-05-08,76,79,BRL,0.32,,,1,,2,,,2026-05-08,2026-05-08
"Instagram | Conversão 2026","[SP] BAIRROS NOBRES | SÃO PAULO & CIDADES DE SÃO PAULO","[Vídeo] Extratora HYLA — Bairros nobres SP",2026-05-07,4225,4250,BRL,24.99,1,,258,,227,,,2026-05-07,2026-05-07
"Instagram | Conversão 2026","[SP] BAIRROS NOBRES | SÃO PAULO & CIDADES DE SÃO PAULO","[Vídeo] PRATICIDADE — Bairros Nobres SP",2026-05-07,17404,18112,BRL,103.86,6,,932,,854,,4,2026-05-07,2026-05-07
"Instagram | Conversão 2026","[SP] BAIRROS NOBRES | SÃO PAULO & CIDADES DE SÃO PAULO","[Vídeo] Nimbus Tapete — Bairros nobres SP",2026-05-07,10534,10858,BRL,47.86,,,525,,456,,1,2026-05-07,2026-05-07
"Instagram | Conversão 2026","[SP] BAIRROS NOBRES | SÃO PAULO & CIDADES DE SÃO PAULO","[Vídeo] Trend Viral — Bairros nobres SP",2026-05-07,3440,3579,BRL,22.35,5,,187,,151,,1,2026-05-07,2026-05-07
"LEADS 2026","BRASÍLIA 2026","[VÍDEO] TREND VIRAL - BRASÍLIA 2026",2026-05-07,1899,1962,BRL,11.97,,,94,,79,,,2026-05-07,2026-05-07
"LEADS 2026","GOIÂNIA 2026","[VÍDEO] TREND VIRAL - GOIÂNIA 2026",2026-05-07,2,2,BRL,0.01,,,,,,,,2026-05-07,2026-05-07
"LEADS 2026","CURITIBA 2026","[VÍDEO] TREND VIRAL - CURITIBA 2026",2026-05-07,1110,1110,BRL,6.79,,,57,,52,,,2026-05-07,2026-05-07
"LEADS 2026","BRASÍLIA 2026","[Imagem] SAÚDE BRASÍLIA 2026",2026-05-07,1,1,BRL,0,,,,,,,,2026-05-07,2026-05-07
"LEADS 2026","CURITIBA 2026","[Imagem] SAÚDE CURITIBA 2026",2026-05-07,8,8,BRL,0.04,,,1,,1,,,2026-05-07,2026-05-07
"LEADS 2026","GOIÂNIA 2026","[Imagem] SAÚDE GOIÂNIA 2026",2026-05-07,16,17,BRL,0.07,,,,,,,,2026-05-07,2026-05-07
"LEADS 2026","GOIÂNIA 2026","[Vídeo] PRATICIDADE — GOIÂNIA 2026",2026-05-07,9171,10311,BRL,36.42,,,280,,233,,,2026-05-07,2026-05-07
"LEADS 2026","CURITIBA 2026","[Vídeo] PRATICIDADE — CURITIBA 2026",2026-05-07,8147,8722,BRL,35.67,,,266,,230,,,2026-05-07,2026-05-07
"LEADS 2026","BRASÍLIA 2026","[Vídeo] PRATICIDADE — BRASÍLIA 2026",2026-05-07,187,196,BRL,0.88,,,9,,8,,,2026-05-07,2026-05-07
"Instagram | Conversão 2026","[SP] BAIRROS NOBRES | SÃO PAULO & CIDADES DE SÃO PAULO","[Vídeo] Extratora HYLA — Bairros nobres SP",2026-05-06,3017,3017,BRL,17.15,,,167,,144,,,2026-05-06,2026-05-06
"Instagram | Conversão 2026","[SP] BAIRROS NOBRES | SÃO PAULO & CIDADES DE SÃO PAULO","[Vídeo] PRATICIDADE — Bairros Nobres SP",2026-05-06,20750,21552,BRL,122.81,11,,1249,,1105,,2,2026-05-06,2026-05-06
"Instagram | Conversão 2026","[SP] BAIRROS NOBRES | SÃO PAULO & CIDADES DE SÃO PAULO","[Vídeo] Nimbus Tapete — Bairros nobres SP",2026-05-06,8216,8487,BRL,36.38,,,336,,272,,1,2026-05-06,2026-05-06
"Instagram | Conversão 2026","[SP] BAIRROS NOBRES | SÃO PAULO & CIDADES DE SÃO PAULO","[Vídeo] Trend Viral — Bairros nobres SP",2026-05-06,3815,4003,BRL,24.83,5,,213,,181,,,2026-05-06,2026-05-06
"LEADS 2026","BRASÍLIA 2026","[VÍDEO] TREND VIRAL - BRASÍLIA 2026",2026-05-06,1023,1043,BRL,6.08,,,44,,40,,,2026-05-06,2026-05-06
"LEADS 2026","CURITIBA 2026","[VÍDEO] TREND VIRAL - CURITIBA 2026",2026-05-06,1078,1109,BRL,5.81,1,,34,,32,,1,2026-05-06,2026-05-06
"LEADS 2026","CURITIBA 2026","[Imagem] SAÚDE CURITIBA 2026",2026-05-06,1,1,BRL,0.01,,,,,,,,2026-05-06,2026-05-06
"LEADS 2026","GOIÂNIA 2026","[Imagem] SAÚDE GOIÂNIA 2026",2026-05-06,3,3,BRL,0,,,,,,,,2026-05-06,2026-05-06
"LEADS 2026","CURITIBA 2026","[Vídeo] Nimbus Alemã - CURITIBA 2026",2026-05-06,55,56,BRL,0.4,,,,,,,,2026-05-06,2026-05-06
"LEADS 2026","GOIÂNIA 2026","[Vídeo] PRATICIDADE — GOIÂNIA 2026",2026-05-06,5161,5858,BRL,19.8,,,180,,143,,,2026-05-06,2026-05-06
"LEADS 2026","CURITIBA 2026","[Vídeo] PRATICIDADE — CURITIBA 2026",2026-05-06,4963,5264,BRL,19.68,,,154,,125,,,2026-05-06,2026-05-06
"Instagram | Conversão 2026","[SP] BAIRROS NOBRES | SÃO PAULO & CIDADES DE SÃO PAULO","[Vídeo] Extratora HYLA — Bairros nobres SP",2026-05-05,2212,2212,BRL,12.12,1,,128,,125,,,2026-05-05,2026-05-05
"Instagram | Conversão 2026","[SP] BAIRROS NOBRES | SÃO PAULO & CIDADES DE SÃO PAULO","[Vídeo] PRATICIDADE — Bairros Nobres SP",2026-05-05,24455,25445,BRL,136.62,10,,1337,,1184,,6,2026-05-05,2026-05-05
"Instagram | Conversão 2026","[SP] BAIRROS NOBRES | SÃO PAULO & CIDADES DE SÃO PAULO","[Vídeo] Nimbus Tapete — Bairros nobres SP",2026-05-05,6401,6551,BRL,27.23,,,282,,240,,,2026-05-05,2026-05-05
"Instagram | Conversão 2026","[SP] BAIRROS NOBRES | SÃO PAULO & CIDADES DE SÃO PAULO","[Vídeo] Trend Viral — Bairros nobres SP",2026-05-05,4577,4577,BRL,25.81,1,,242,,212,,1,2026-05-05,2026-05-05
"Instagram | Conversão 2026","[SP] BAIRROS NOBRES | SÃO PAULO & CIDADES DE SÃO PAULO","[Imagem] Saúde — Bairros nobres SP",2026-05-05,3,3,BRL,0.01,,,,,,,,2026-05-05,2026-05-05
"LEADS 2026","BRASÍLIA 2026","[VÍDEO] TREND VIRAL - BRASÍLIA 2026",2026-05-05,762,776,BRL,3.54,,,29,,29,,,2026-05-05,2026-05-05
"LEADS 2026","GOIÂNIA 2026","[VÍDEO] TREND VIRAL - GOIÂNIA 2026",2026-05-05,1316,1373,BRL,6.73,,,56,,52,,,2026-05-05,2026-05-05
"LEADS 2026","CURITIBA 2026","[VÍDEO] TREND VIRAL - CURITIBA 2026",2026-05-05,2507,2534,BRL,13.11,2,,140,,128,,,2026-05-05,2026-05-05
"LEADS 2026","BRASÍLIA 2026","[Imagem] SAÚDE BRASÍLIA 2026",2026-05-05,5,5,BRL,0,,,,,,,,2026-05-05,2026-05-05
"LEADS 2026","CURITIBA 2026","[Imagem] SAÚDE CURITIBA 2026",2026-05-05,4,4,BRL,0.02,,,,,,,,2026-05-05,2026-05-05
"LEADS 2026","GOIÂNIA 2026","[Imagem] SAÚDE GOIÂNIA 2026",2026-05-05,5,5,BRL,0.02,,,,,,,,2026-05-05,2026-05-05
"LEADS 2026","BRASÍLIA 2026","[Vídeo] Nimbus Alemã - BRASÍLIA 2026",2026-05-05,6,6,BRL,0.03,,,,,,,,2026-05-05,2026-05-05
"LEADS 2026","GOIÂNIA 2026","[Vídeo] PRATICIDADE — GOIÂNIA 2026",2026-05-05,6159,7154,BRL,22.84,1,,199,,160,,,2026-05-05,2026-05-05
"LEADS 2026","CURITIBA 2026","[Vídeo] PRATICIDADE — CURITIBA 2026",2026-05-05,6060,6550,BRL,22.92,,,208,,178,,,2026-05-05,2026-05-05
"LEADS 2026","BRASÍLIA 2026","[Vídeo] PRATICIDADE — BRASÍLIA 2026",2026-05-05,212,220,BRL,0.9,,,7,,4,,,2026-05-05,2026-05-05
"Instagram | Conversão 2026","[SP] BAIRROS NOBRES | SÃO PAULO & CIDADES DE SÃO PAULO","[Vídeo] Extratora HYLA — Bairros nobres SP",2026-05-04,2023,2074,BRL,11.2,4,,138,,123,,,2026-05-04,2026-05-04
"Instagram | Conversão 2026","[SP] BAIRROS NOBRES | SÃO PAULO & CIDADES DE SÃO PAULO","[Vídeo] PRATICIDADE — Bairros Nobres SP",2026-05-04,20842,21724,BRL,110.54,9,,1285,,1196,,5,2026-05-04,2026-05-04
"Instagram | Conversão 2026","[SP] BAIRROS NOBRES | SÃO PAULO & CIDADES DE SÃO PAULO","[Vídeo] Nimbus Tapete — Bairros nobres SP",2026-05-04,12817,13208,BRL,48.82,1,,565,,512,,,2026-05-04,2026-05-04
"Instagram | Conversão 2026","[SP] BAIRROS NOBRES | SÃO PAULO & CIDADES DE SÃO PAULO","[Vídeo] Trend Viral — Bairros nobres SP",2026-05-04,4514,4571,BRL,23.93,6,,272,,256,,3,2026-05-04,2026-05-04
"LEADS 2026","BRASÍLIA 2026","[VÍDEO] TREND VIRAL - BRASÍLIA 2026",2026-05-04,1424,1494,BRL,7,,,63,,51,,,2026-05-04,2026-05-04
"LEADS 2026","GOIÂNIA 2026","[VÍDEO] TREND VIRAL - GOIÂNIA 2026",2026-05-04,237,238,BRL,1.1,,,9,,9,,,2026-05-04,2026-05-04
"LEADS 2026","CURITIBA 2026","[VÍDEO] TREND VIRAL - CURITIBA 2026",2026-05-04,1019,1048,BRL,5.14,,,53,,44,,,2026-05-04,2026-05-04
"LEADS 2026","BRASÍLIA 2026","[Imagem] SAÚDE BRASÍLIA 2026",2026-05-04,4,4,BRL,0.01,,,,,,,,2026-05-04,2026-05-04
"LEADS 2026","CURITIBA 2026","[Imagem] SAÚDE CURITIBA 2026",2026-05-04,1,1,BRL,0,,,,,,,,2026-05-04,2026-05-04
"LEADS 2026","GOIÂNIA 2026","[Imagem] SAÚDE GOIÂNIA 2026",2026-05-04,2,2,BRL,0,,,,,,,,2026-05-04,2026-05-04
"LEADS 2026","GOIÂNIA 2026","[Vídeo] Nimbus Alemã - GOIÂNIA 2026",2026-05-04,139,139,BRL,0.7,,,7,,7,,,2026-05-04,2026-05-04
"LEADS 2026","GOIÂNIA 2026","[Vídeo] PRATICIDADE — GOIÂNIA 2026",2026-05-04,3339,3639,BRL,10.17,,,88,,76,,,2026-05-04,2026-05-04
"LEADS 2026","CURITIBA 2026","[Vídeo] PRATICIDADE — CURITIBA 2026",2026-05-04,6691,7512,BRL,25.11,3,,239,,223,,,2026-05-04,2026-05-04
"Instagram | Conversão 2026","[SP] BAIRROS NOBRES | SÃO PAULO & CIDADES DE SÃO PAULO","[Vídeo] Extratora HYLA — Bairros nobres SP",2026-05-03,788,792,BRL,3.51,2,,51,,39,,,2026-05-03,2026-05-03
"Instagram | Conversão 2026","[SP] BAIRROS NOBRES | SÃO PAULO & CIDADES DE SÃO PAULO","[Vídeo] PRATICIDADE — Bairros Nobres SP",2026-05-03,33530,35936,BRL,177.56,24,,2003,2,1918,2,3,2026-05-03,2026-05-03
"Instagram | Conversão 2026","[SP] BAIRROS NOBRES | SÃO PAULO & CIDADES DE SÃO PAULO","[Vídeo] Nimbus Tapete — Bairros nobres SP",2026-05-03,12593,13142,BRL,42.13,,,536,,502,,,2026-05-03,2026-05-03
"Instagram | Conversão 2026","[SP] BAIRROS NOBRES | SÃO PAULO & CIDADES DE SÃO PAULO","[Vídeo] Trend Viral — Bairros nobres SP",2026-05-03,826,826,BRL,3.91,1,,45,,40,,,2026-05-03,2026-05-03
"Instagram | Conversão 2026","[SP] BAIRROS NOBRES | SÃO PAULO & CIDADES DE SÃO PAULO","[Imagem] Saúde — Bairros nobres SP",2026-05-03,3,3,BRL,0.01,,,,,,,,2026-05-03,2026-05-03
"LEADS 2026","BRASÍLIA 2026","[VÍDEO] TREND VIRAL - BRASÍLIA 2026",2026-05-03,828,858,BRL,4.24,,,45,,43,,,2026-05-03,2026-05-03
"LEADS 2026","CURITIBA 2026","[VÍDEO] TREND VIRAL - CURITIBA 2026",2026-05-03,116,117,BRL,0.64,,,6,,5,,,2026-05-03,2026-05-03
"LEADS 2026","BRASÍLIA 2026","[Imagem] SAÚDE BRASÍLIA 2026",2026-05-03,7,8,BRL,0.02,,,2,,1,,,2026-05-03,2026-05-03
"LEADS 2026","CURITIBA 2026","[Imagem] SAÚDE CURITIBA 2026",2026-05-03,8,8,BRL,0.05,,,1,,1,,,2026-05-03,2026-05-03
"LEADS 2026","GOIÂNIA 2026","[Imagem] SAÚDE GOIÂNIA 2026",2026-05-03,28,30,BRL,0.13,,,,,2,,,2026-05-03,2026-05-03
"LEADS 2026","BRASÍLIA 2026","[Vídeo] Nimbus Alemã - BRASÍLIA 2026",2026-05-03,83,85,BRL,0.41,,,2,,1,,,2026-05-03,2026-05-03
"LEADS 2026","GOIÂNIA 2026","[Vídeo] Nimbus Alemã - GOIÂNIA 2026",2026-05-03,248,251,BRL,1.05,,,3,,4,,,2026-05-03,2026-05-03
"LEADS 2026","CURITIBA 2026","[Vídeo] Nimbus Alemã - CURITIBA 2026",2026-05-03,44,45,BRL,0.2,,,,,,,,2026-05-03,2026-05-03
"LEADS 2026","GOIÂNIA 2026","[Vídeo] PRATICIDADE — GOIÂNIA 2026",2026-05-03,13453,15847,BRL,45.67,4,,440,,400,,,2026-05-03,2026-05-03
"LEADS 2026","CURITIBA 2026","[Vídeo] PRATICIDADE — CURITIBA 2026",2026-05-03,17524,19886,BRL,67.17,8,,596,,564,,1,2026-05-03,2026-05-03
"Instagram | Conversão 2026","[SP] BAIRROS NOBRES | SÃO PAULO & CIDADES DE SÃO PAULO","[Vídeo] Extratora HYLA — Bairros nobres SP",2026-05-02,213,217,BRL,0.85,,,13,,13,,,2026-05-02,2026-05-02
"Instagram | Conversão 2026","[SP] BAIRROS NOBRES | SÃO PAULO & CIDADES DE SÃO PAULO","[Vídeo] PRATICIDADE — Bairros Nobres SP",2026-05-02,33936,34675,BRL,157.94,12,,1977,,1902,,3,2026-05-02,2026-05-02
"Instagram | Conversão 2026","[SP] BAIRROS NOBRES | SÃO PAULO & CIDADES DE SÃO PAULO","[Vídeo] Nimbus Tapete — Bairros nobres SP",2026-05-02,518,518,BRL,1.85,,,27,,32,,,2026-05-02,2026-05-02
"Instagram | Conversão 2026","[SP] BAIRROS NOBRES | SÃO PAULO & CIDADES DE SÃO PAULO","[Vídeo] Trend Viral — Bairros nobres SP",2026-05-02,209,212,BRL,0.91,,,9,,10,,,2026-05-02,2026-05-02
"LEADS 2026","BRASÍLIA 2026","[VÍDEO] TREND VIRAL - BRASÍLIA 2026",2026-05-02,273,275,BRL,1.27,,,15,,16,,2,2026-05-02,2026-05-02
"LEADS 2026","BRASÍLIA 2026","[Imagem] SAÚDE BRASÍLIA 2026",2026-05-02,43,63,BRL,0.45,,,3,,2,,,2026-05-02,2026-05-02
"LEADS 2026","CURITIBA 2026","[Imagem] SAÚDE CURITIBA 2026",2026-05-02,134,195,BRL,0.98,,,5,,5,,1,2026-05-02,2026-05-02
"LEADS 2026","GOIÂNIA 2026","[Imagem] SAÚDE GOIÂNIA 2026",2026-05-02,100,144,BRL,0.7,,,4,,3,,,2026-05-02,2026-05-02
"LEADS 2026","GOIÂNIA 2026","[Vídeo] Nimbus Alemã - GOIÂNIA 2026",2026-05-02,45,45,BRL,0.21,,,1,,,,,2026-05-02,2026-05-02
"LEADS 2026","GOIÂNIA 2026","[Vídeo] PRATICIDADE — GOIÂNIA 2026",2026-05-02,1333,1388,BRL,4.4,1,,55,,49,,,2026-05-02,2026-05-02
"LEADS 2026","CURITIBA 2026","[Vídeo] PRATICIDADE — CURITIBA 2026",2026-05-02,3973,4144,BRL,14.61,3,,167,,155,,,2026-05-02,2026-05-02
"LEADS 2026","BRASÍLIA 2026","[Vídeo] PRATICIDADE — BRASÍLIA 2026",2026-05-02,245,255,BRL,0.85,,,14,,14,,,2026-05-02,2026-05-02
"Instagram | Conversão 2026","[SP] BAIRROS NOBRES | SÃO PAULO & CIDADES DE SÃO PAULO","[Vídeo] Extratora HYLA — Bairros nobres SP",2026-05-01,1628,1720,BRL,8.09,,,102,,103,,,2026-05-01,2026-05-01
"Instagram | Conversão 2026","[SP] BAIRROS NOBRES | SÃO PAULO & CIDADES DE SÃO PAULO","[Vídeo] PRATICIDADE — Bairros Nobres SP",2026-05-01,29944,31588,BRL,164.25,16,,2040,,1935,,5,2026-05-01,2026-05-01
"Instagram | Conversão 2026","[SP] BAIRROS NOBRES | SÃO PAULO & CIDADES DE SÃO PAULO","[Vídeo] Nimbus Tapete — Bairros nobres SP",2026-05-01,4932,5054,BRL,16.59,,,226,,202,,,2026-05-01,2026-05-01
"Instagram | Conversão 2026","[SP] BAIRROS NOBRES | SÃO PAULO & CIDADES DE SÃO PAULO","[Vídeo] Trend Viral — Bairros nobres SP",2026-05-01,2084,2108,BRL,10.91,,,128,,118,,,2026-05-01,2026-05-01
"LEADS 2026","BRASÍLIA 2026","[VÍDEO] TREND VIRAL - BRASÍLIA 2026",2026-05-01,455,461,BRL,2.25,,,13,,13,,,2026-05-01,2026-05-01
"LEADS 2026","GOIÂNIA 2026","[VÍDEO] TREND VIRAL - GOIÂNIA 2026",2026-05-01,110,111,BRL,0.59,,,10,,8,,,2026-05-01,2026-05-01
"LEADS 2026","CURITIBA 2026","[VÍDEO] TREND VIRAL - CURITIBA 2026",2026-05-01,546,552,BRL,2.9,,,25,,25,,,2026-05-01,2026-05-01
"LEADS 2026","BRASÍLIA 2026","[Imagem] SAÚDE BRASÍLIA 2026",2026-05-01,1,1,BRL,0,,,,,,,,2026-05-01,2026-05-01
"LEADS 2026","CURITIBA 2026","[Imagem] SAÚDE CURITIBA 2026",2026-05-01,1,1,BRL,0,,,,,,,,2026-05-01,2026-05-01
"LEADS 2026","GOIÂNIA 2026","[Imagem] SAÚDE GOIÂNIA 2026",2026-05-01,5,5,BRL,0.01,,,1,,,,,2026-05-01,2026-05-01
"LEADS 2026","BRASÍLIA 2026","[Vídeo] Nimbus Alemã - BRASÍLIA 2026",2026-05-01,41,41,BRL,0.24,,,1,,1,,,2026-05-01,2026-05-01
"LEADS 2026","GOIÂNIA 2026","[Vídeo] PRATICIDADE — GOIÂNIA 2026",2026-05-01,7323,8070,BRL,25.75,1,,275,,249,,,2026-05-01,2026-05-01
"LEADS 2026","CURITIBA 2026","[Vídeo] PRATICIDADE — CURITIBA 2026",2026-05-01,8183,8724,BRL,31.82,4,,321,1,295,,,2026-05-01,2026-05-01
"LEADS 2026","BRASÍLIA 2026","[Vídeo] PRATICIDADE — BRASÍLIA 2026",2026-05-01,526,538,BRL,2.21,,,18,,15,,,2026-05-01,2026-05-01
"Instagram | Conversão 2026","[SP] BAIRROS NOBRES | SÃO PAULO & CIDADES DE SÃO PAULO","[Vídeo] Extratora HYLA — Bairros nobres SP",2026-04-30,1119,1149,BRL,6.15,,,71,,62,,,2026-04-30,2026-04-30
"Instagram | Conversão 2026","[SP] BAIRROS NOBRES | SÃO PAULO & CIDADES DE SÃO PAULO","[Vídeo] PRATICIDADE — Bairros Nobres SP",2026-04-30,28200,29085,BRL,181.05,9,,1957,,1849,,2,2026-04-30,2026-04-30
"Instagram | Conversão 2026","[SP] BAIRROS NOBRES | SÃO PAULO & CIDADES DE SÃO PAULO","[Vídeo] Nimbus Tapete — Bairros nobres SP",2026-04-30,3996,4160,BRL,16.44,,,158,,140,,,2026-04-30,2026-04-30
"Instagram | Conversão 2026","[SP] BAIRROS NOBRES | SÃO PAULO & CIDADES DE SÃO PAULO","[Vídeo] Trend Viral — Bairros nobres SP",2026-04-30,2432,2458,BRL,13.84,3,,146,,140,,,2026-04-30,2026-04-30
"LEADS 2026","BRASÍLIA 2026","[VÍDEO] TREND VIRAL - BRASÍLIA 2026",2026-04-30,71,71,BRL,0.4,,,2,,1,,,2026-04-30,2026-04-30
"LEADS 2026","GOIÂNIA 2026","[VÍDEO] TREND VIRAL - GOIÂNIA 2026",2026-04-30,71,73,BRL,0.44,,,2,,3,,,2026-04-30,2026-04-30
"LEADS 2026","CURITIBA 2026","[VÍDEO] TREND VIRAL - CURITIBA 2026",2026-04-30,572,581,BRL,3.17,1,,35,,31,,,2026-04-30,2026-04-30
"LEADS 2026","CURITIBA 2026","[Vídeo] Nimbus Alemã - CURITIBA 2026",2026-04-30,1,1,BRL,0,,,,,,,,2026-04-30,2026-04-30
"LEADS 2026","GOIÂNIA 2026","[Vídeo] PRATICIDADE — GOIÂNIA 2026",2026-04-30,3570,3907,BRL,14.52,2,,158,,131,,,2026-04-30,2026-04-30
"LEADS 2026","CURITIBA 2026","[Vídeo] PRATICIDADE — CURITIBA 2026",2026-04-30,4094,4387,BRL,17.73,1,,168,,133,,,2026-04-30,2026-04-30
"LEADS 2026","BRASÍLIA 2026","[Vídeo] PRATICIDADE — BRASÍLIA 2026",2026-04-30,2256,2321,BRL,9.71,,,89,,83,,,2026-04-30,2026-04-30
"Instagram | Conversão 2026","[SP] BAIRROS NOBRES | SÃO PAULO & CIDADES DE SÃO PAULO","[Vídeo] Extratora HYLA — Bairros nobres SP",2026-04-29,3595,3606,BRL,20.41,3,,185,,168,,,2026-04-29,2026-04-29
"Instagram | Conversão 2026","[SP] BAIRROS NOBRES | SÃO PAULO & CIDADES DE SÃO PAULO","[Vídeo] PRATICIDADE — Bairros Nobres SP",2026-04-29,7987,8545,BRL,54.33,,,626,,614,,1,2026-04-29,2026-04-29
"Instagram | Conversão 2026","[SP] BAIRROS NOBRES | SÃO PAULO & CIDADES DE SÃO PAULO","[Vídeo] Nimbus Tapete — Bairros nobres SP",2026-04-29,15794,16423,BRL,73.42,,,677,,598,,3,2026-04-29,2026-04-29
"Instagram | Conversão 2026","[SP] BAIRROS NOBRES | SÃO PAULO & CIDADES DE SÃO PAULO","[Vídeo] Trend Viral — Bairros nobres SP",2026-04-29,9373,9405,BRL,55.72,10,,517,,479,,,2026-04-29,2026-04-29
"LEADS 2026","BRASÍLIA 2026","[VÍDEO] TREND VIRAL - BRASÍLIA 2026",2026-04-29,588,613,BRL,3.72,,,40,,37,,,2026-04-29,2026-04-29
"LEADS 2026","GOIÂNIA 2026","[VÍDEO] TREND VIRAL - GOIÂNIA 2026",2026-04-29,449,459,BRL,2.42,1,,24,,20,,,2026-04-29,2026-04-29
"LEADS 2026","CURITIBA 2026","[VÍDEO] TREND VIRAL - CURITIBA 2026",2026-04-29,1038,1085,BRL,5.71,,,75,,69,,,2026-04-29,2026-04-29
"LEADS 2026","GOIÂNIA 2026","[Vídeo] Nimbus Alemã - GOIÂNIA 2026",2026-04-29,11,11,BRL,0.07,,,,,,,,2026-04-29,2026-04-29
"LEADS 2026","CURITIBA 2026","[Vídeo] Nimbus Alemã - CURITIBA 2026",2026-04-29,3,3,BRL,0.04,,,1,,1,,,2026-04-29,2026-04-29
"LEADS 2026","GOIÂNIA 2026","[Vídeo] PRATICIDADE — GOIÂNIA 2026",2026-04-29,2081,2272,BRL,9.13,,,65,,61,,,2026-04-29,2026-04-29
"LEADS 2026","CURITIBA 2026","[Vídeo] PRATICIDADE — CURITIBA 2026",2026-04-29,2600,2813,BRL,12.36,,,119,,107,,,2026-04-29,2026-04-29
"LEADS 2026","BRASÍLIA 2026","[Vídeo] PRATICIDADE — BRASÍLIA 2026",2026-04-29,1318,1404,BRL,6.6,,,55,,46,,2,2026-04-29,2026-04-29
"Instagram | Conversão 2026","[SP] BAIRROS NOBRES | SÃO PAULO & CIDADES DE SÃO PAULO","[Vídeo] Extratora HYLA — Bairros nobres SP",2026-04-28,4269,4411,BRL,25.17,,,257,,245,,,2026-04-28,2026-04-28
"Instagram | Conversão 2026","[SP] BAIRROS NOBRES | SÃO PAULO & CIDADES DE SÃO PAULO","[Vídeo] Célia 1M  — Bairros nobres SP",2026-04-28,219,220,BRL,1.23,,,8,,8,,,2026-04-28,2026-04-28
"Instagram | Conversão 2026","[SP] BAIRROS NOBRES | SÃO PAULO & CIDADES DE SÃO PAULO","[Vídeo] PRATICIDADE — Bairros Nobres SP",2026-04-28,273,276,BRL,1.44,,,19,,17,,1,2026-04-28,2026-04-28
"Instagram | Conversão 2026","[SP] BAIRROS NOBRES | SÃO PAULO & CIDADES DE SÃO PAULO","[Vídeo] Nimbus Tapete — Bairros nobres SP",2026-04-28,10045,10441,BRL,65.32,1,,593,,582,,,2026-04-28,2026-04-28
"Instagram | Conversão 2026","[SP] BAIRROS NOBRES | SÃO PAULO & CIDADES DE SÃO PAULO","[Vídeo] Trend Viral — Bairros nobres SP",2026-04-28,15451,16619,BRL,95.76,19,,963,,898,,,2026-04-28,2026-04-28
"Instagram | Conversão 2026","[SP] BAIRROS NOBRES | SÃO PAULO & CIDADES DE SÃO PAULO","[Imagem] Saúde — Bairros nobres SP",2026-04-28,1,1,BRL,0,,,1,,,,,2026-04-28,2026-04-28
"LEADS 2026","BRASÍLIA 2026","[VÍDEO] TREND VIRAL - BRASÍLIA 2026",2026-04-28,711,723,BRL,4.41,,,30,,26,,,2026-04-28,2026-04-28
"LEADS 2026","GOIÂNIA 2026","[VÍDEO] TREND VIRAL - GOIÂNIA 2026",2026-04-28,1606,1661,BRL,8.34,,,70,,62,,1,2026-04-28,2026-04-28
"LEADS 2026","CURITIBA 2026","[VÍDEO] TREND VIRAL - CURITIBA 2026",2026-04-28,4030,4121,BRL,20.86,,,183,,176,,,2026-04-28,2026-04-28
"LEADS 2026","BRASÍLIA 2026","[Imagem] SAÚDE BRASÍLIA 2026",2026-04-28,1,2,BRL,0,,,,,,,,2026-04-28,2026-04-28
"LEADS 2026","GOIÂNIA 2026","[Imagem] SAÚDE GOIÂNIA 2026",2026-04-28,1,1,BRL,0.01,,,,,,,,2026-04-28,2026-04-28
"LEADS 2026","BRASÍLIA 2026","[Vídeo] Nimbus Alemã - BRASÍLIA 2026",2026-04-28,30,30,BRL,0.1,,,1,,3,,,2026-04-28,2026-04-28
"LEADS 2026","GOIÂNIA 2026","[Vídeo] Nimbus Alemã - GOIÂNIA 2026",2026-04-28,69,69,BRL,0.47,,,4,,5,,,2026-04-28,2026-04-28
"LEADS 2026","CURITIBA 2026","[Vídeo] Nimbus Alemã - CURITIBA 2026",2026-04-28,178,187,BRL,1.24,,,16,,13,,,2026-04-28,2026-04-28
"LEADS 2026","GOIÂNIA 2026","[Vídeo] PRATICIDADE — GOIÂNIA 2026",2026-04-28,3121,3269,BRL,14.5,2,,123,,104,,2,2026-04-28,2026-04-28
"LEADS 2026","CURITIBA 2026","[Vídeo] PRATICIDADE — CURITIBA 2026",2026-04-28,3321,3420,BRL,16.78,,,151,,123,,,2026-04-28,2026-04-28
"LEADS 2026","BRASÍLIA 2026","[Vídeo] PRATICIDADE — BRASÍLIA 2026",2026-04-28,1145,1164,BRL,5.94,,,64,,52,,,2026-04-28,2026-04-28
"Instagram | Conversão 2026","[SP] BAIRROS NOBRES | SÃO PAULO & CIDADES DE SÃO PAULO","[Vídeo] Extratora HYLA — Bairros nobres SP",2026-04-27,6879,6947,BRL,33.69,5,,353,,308,,,2026-04-27,2026-04-27
"Instagram | Conversão 2026","[SP] BAIRROS NOBRES | SÃO PAULO & CIDADES DE SÃO PAULO","[Vídeo] Célia 1M  — Bairros nobres SP",2026-04-27,163,164,BRL,0.87,,,4,,4,,,2026-04-27,2026-04-27
"Instagram | Conversão 2026","[SP] BAIRROS NOBRES | SÃO PAULO & CIDADES DE SÃO PAULO","[Vídeo] Nimbus Tapete — Bairros nobres SP",2026-04-27,10830,10967,BRL,43.94,,,503,,435,,,2026-04-27,2026-04-27
"Instagram | Conversão 2026","[SP] BAIRROS NOBRES | SÃO PAULO & CIDADES DE SÃO PAULO","[Vídeo] Trend Viral — Bairros nobres SP",2026-04-27,23784,24923,BRL,124.56,19,,1352,,1230,,,2026-04-27,2026-04-27
"LEADS 2026","BRASÍLIA 2026","[VÍDEO] TREND VIRAL - BRASÍLIA 2026",2026-04-27,4648,4864,BRL,26.6,1,,233,,191,,1,2026-04-27,2026-04-27
"LEADS 2026","GOIÂNIA 2026","[VÍDEO] TREND VIRAL - GOIÂNIA 2026",2026-04-27,2048,2133,BRL,9.73,,,91,,87,,,2026-04-27,2026-04-27
"LEADS 2026","CURITIBA 2026","[VÍDEO] TREND VIRAL - CURITIBA 2026",2026-04-27,6889,7432,BRL,36.39,3,,291,,245,,,2026-04-27,2026-04-27
"LEADS 2026","BRASÍLIA 2026","[Imagem] SAÚDE BRASÍLIA 2026",2026-04-27,7,7,BRL,0.05,,,,,,,,2026-04-27,2026-04-27
"LEADS 2026","CURITIBA 2026","[Imagem] SAÚDE CURITIBA 2026",2026-04-27,4,4,BRL,0.01,,,,,,,,2026-04-27,2026-04-27
"LEADS 2026","GOIÂNIA 2026","[Imagem] SAÚDE GOIÂNIA 2026",2026-04-27,15,15,BRL,0.06,,,,,,,,2026-04-27,2026-04-27
"LEADS 2026","GOIÂNIA 2026","[Vídeo] Nimbus Alemã - GOIÂNIA 2026",2026-04-27,1326,1402,BRL,6.81,,,49,,42,,,2026-04-27,2026-04-27
"LEADS 2026","CURITIBA 2026","[Vídeo] Nimbus Alemã - CURITIBA 2026",2026-04-27,1916,1947,BRL,11.39,,,80,,71,,,2026-04-27,2026-04-27
"Instagram | Conversão 2026","[SP] BAIRROS NOBRES | SÃO PAULO & CIDADES DE SÃO PAULO","[Vídeo] Extratora HYLA — Bairros nobres SP",2026-04-26,13688,14273,BRL,70.83,15,,766,,700,,,2026-04-26,2026-04-26
"Instagram | Conversão 2026","[SP] BAIRROS NOBRES | SÃO PAULO & CIDADES DE SÃO PAULO","[Vídeo] Célia 1M  — Bairros nobres SP",2026-04-26,44,44,BRL,0.16,,,1,,1,,,2026-04-26,2026-04-26
"Instagram | Conversão 2026","[SP] BAIRROS NOBRES | SÃO PAULO & CIDADES DE SÃO PAULO","[Vídeo] Nimbus Tapete — Bairros nobres SP",2026-04-26,13076,13574,BRL,48.03,1,,532,,453,,,2026-04-26,2026-04-26
"Instagram | Conversão 2026","[SP] BAIRROS NOBRES | SÃO PAULO & CIDADES DE SÃO PAULO","[Vídeo] Trend Viral — Bairros nobres SP",2026-04-26,19063,20084,BRL,106.19,17,,1174,,1126,,2,2026-04-26,2026-04-26
"Instagram | Conversão 2026","[SP] BAIRROS NOBRES | SÃO PAULO & CIDADES DE SÃO PAULO","[Imagem] Saúde — Bairros nobres SP",2026-04-26,4,4,BRL,0.03,,,,,,,,2026-04-26,2026-04-26
"LEADS 2026","BRASÍLIA 2026","[VÍDEO] TREND VIRAL - BRASÍLIA 2026",2026-04-26,3761,3878,BRL,24.73,5,,143,,134,,,2026-04-26,2026-04-26
"LEADS 2026","GOIÂNIA 2026","[VÍDEO] TREND VIRAL - GOIÂNIA 2026",2026-04-26,5494,5822,BRL,28.13,,,227,,208,,,2026-04-26,2026-04-26
"LEADS 2026","CURITIBA 2026","[VÍDEO] TREND VIRAL - CURITIBA 2026",2026-04-26,11573,12683,BRL,66.45,3,,544,,481,,2,2026-04-26,2026-04-26
"LEADS 2026","BRASÍLIA 2026","[Imagem] SAÚDE BRASÍLIA 2026",2026-04-26,15,15,BRL,0.06,,,1,,1,,,2026-04-26,2026-04-26
"LEADS 2026","CURITIBA 2026","[Imagem] SAÚDE CURITIBA 2026",2026-04-26,19,19,BRL,0.08,,,1,,2,,,2026-04-26,2026-04-26
"LEADS 2026","GOIÂNIA 2026","[Imagem] SAÚDE GOIÂNIA 2026",2026-04-26,54,59,BRL,0.32,,,1,,1,,,2026-04-26,2026-04-26
"LEADS 2026","BRASÍLIA 2026","[Vídeo] Nimbus Alemã - BRASÍLIA 2026",2026-04-26,163,168,BRL,0.91,,,4,,4,,,2026-04-26,2026-04-26
"LEADS 2026","GOIÂNIA 2026","[Vídeo] Nimbus Alemã - GOIÂNIA 2026",2026-04-26,91,91,BRL,0.69,,,4,,5,,,2026-04-26,2026-04-26
"Instagram | Conversão 2026","[SP] BAIRROS NOBRES | SÃO PAULO & CIDADES DE SÃO PAULO","[Vídeo] - Nimbus Alemã",2026-04-25,101,101,BRL,0.58,,,1,,1,,,2026-04-25,2026-04-25
"Instagram | Conversão 2026","[SP] BAIRROS NOBRES | SÃO PAULO & CIDADES DE SÃO PAULO","[Vídeo] Extratora HYLA — Bairros nobres SP",2026-04-25,16238,16778,BRL,84.47,17,,837,,790,,,2026-04-25,2026-04-25
"Instagram | Conversão 2026","[SP] BAIRROS NOBRES | SÃO PAULO & CIDADES DE SÃO PAULO","[Vídeo] Nimbus Tapete — Bairros nobres SP",2026-04-25,1746,1746,BRL,7.44,,,72,,59,,,2026-04-25,2026-04-25
"Instagram | Conversão 2026","[SP] BAIRROS NOBRES | SÃO PAULO & CIDADES DE SÃO PAULO","[Vídeo] Trend Viral — Bairros nobres SP",2026-04-25,16016,17033,BRL,91.46,28,,957,,934,,1,2026-04-25,2026-04-25
"LEADS 2026","BRASÍLIA 2026","[VÍDEO] TREND VIRAL - BRASÍLIA 2026",2026-04-25,535,547,BRL,3.3,,,24,,21,,,2026-04-25,2026-04-25
"LEADS 2026","GOIÂNIA 2026","[VÍDEO] TREND VIRAL - GOIÂNIA 2026",2026-04-25,571,589,BRL,3.03,,,29,,29,,,2026-04-25,2026-04-25
"LEADS 2026","CURITIBA 2026","[VÍDEO] TREND VIRAL - CURITIBA 2026",2026-04-25,1707,1762,BRL,11.07,1,,94,,78,,,2026-04-25,2026-04-25
"LEADS 2026","BRASÍLIA 2026","[Imagem] SAÚDE BRASÍLIA 2026",2026-04-25,11,11,BRL,0.03,,,,,,,,2026-04-25,2026-04-25
"LEADS 2026","CURITIBA 2026","[Imagem] SAÚDE CURITIBA 2026",2026-04-25,11,12,BRL,0.09,,,3,,3,,,2026-04-25,2026-04-25
"LEADS 2026","GOIÂNIA 2026","[Imagem] SAÚDE GOIÂNIA 2026",2026-04-25,29,29,BRL,0.11,,,,,,,,2026-04-25,2026-04-25
"LEADS 2026","CURITIBA 2026","[Vídeo] Nimbus Alemã - CURITIBA 2026",2026-04-25,13,13,BRL,0.08,,,,,,,,2026-04-25,2026-04-25
"Instagram | Conversão 2026","[SP] BAIRROS NOBRES | SÃO PAULO & CIDADES DE SÃO PAULO","[Vídeo] - Nimbus Alemã",2026-04-24,84,86,BRL,0.48,,,5,,4,,,2026-04-24,2026-04-24
"Instagram | Conversão 2026","[SP] BAIRROS NOBRES | SÃO PAULO & CIDADES DE SÃO PAULO","[Vídeo] Extratora HYLA — Bairros nobres SP",2026-04-24,18537,18995,BRL,105.81,20,,837,,755,,1,2026-04-24,2026-04-24
"Instagram | Conversão 2026","[SP] BAIRROS NOBRES | SÃO PAULO & CIDADES DE SÃO PAULO","[Vídeo] Célia 1M  — Bairros nobres SP",2026-04-24,119,122,BRL,0.65,,,5,,4,,,2026-04-24,2026-04-24
"Instagram | Conversão 2026","[SP] BAIRROS NOBRES | SÃO PAULO & CIDADES DE SÃO PAULO","[Vídeo] Nimbus Tapete — Bairros nobres SP",2026-04-24,11409,12000,BRL,56.81,1,,511,,483,,,2026-04-24,2026-04-24
"Instagram | Conversão 2026","[SP] BAIRROS NOBRES | SÃO PAULO & CIDADES DE SÃO PAULO","[Vídeo] Trend Viral — Bairros nobres SP",2026-04-24,5628,5629,BRL,33.26,9,,355,,338,,1,2026-04-24,2026-04-24
"Instagram | Conversão 2026","[SP] BAIRROS NOBRES | SÃO PAULO & CIDADES DE SÃO PAULO","[Imagem] Saúde — Bairros nobres SP",2026-04-24,12,12,BRL,0.03,,,1,,1,,,2026-04-24,2026-04-24
"LEADS 2026","BRASÍLIA 2026","[VÍDEO] TREND VIRAL - BRASÍLIA 2026",2026-04-24,2178,2316,BRL,14.1,,,126,,119,,,2026-04-24,2026-04-24
"LEADS 2026","GOIÂNIA 2026","[VÍDEO] TREND VIRAL - GOIÂNIA 2026",2026-04-24,3020,3233,BRL,15.97,,,123,,112,,,2026-04-24,2026-04-24
"LEADS 2026","CURITIBA 2026","[VÍDEO] TREND VIRAL - CURITIBA 2026",2026-04-24,3235,3345,BRL,17.71,1,,130,,125,,,2026-04-24,2026-04-24
"LEADS 2026","BRASÍLIA 2026","[Imagem] SAÚDE BRASÍLIA 2026",2026-04-24,2,2,BRL,0,,,,,,,,2026-04-24,2026-04-24
"LEADS 2026","CURITIBA 2026","[Imagem] SAÚDE CURITIBA 2026",2026-04-24,4,4,BRL,0.03,,,,,,,,2026-04-24,2026-04-24
"LEADS 2026","GOIÂNIA 2026","[Imagem] SAÚDE GOIÂNIA 2026",2026-04-24,14,14,BRL,0.09,,,,,,,,2026-04-24,2026-04-24
"LEADS 2026","BRASÍLIA 2026","[Vídeo] Nimbus Alemã - BRASÍLIA 2026",2026-04-24,30,32,BRL,0.23,,,3,,2,,,2026-04-24,2026-04-24
"LEADS 2026","GOIÂNIA 2026","[Vídeo] Nimbus Alemã - GOIÂNIA 2026",2026-04-24,21,22,BRL,0.13,,,2,,2,,,2026-04-24,2026-04-24
"LEADS 2026","CURITIBA 2026","[Vídeo] Nimbus Alemã - CURITIBA 2026",2026-04-24,23,23,BRL,0.17,,,3,,3,,,2026-04-24,2026-04-24
"Instagram | Conversão 2026","[SP] BAIRROS NOBRES | SÃO PAULO & CIDADES DE SÃO PAULO","[Vídeo] Extratora HYLA — Bairros nobres SP",2026-04-23,7661,7831,BRL,46.26,11,,453,,415,,,2026-04-23,2026-04-23
"Instagram | Conversão 2026","[SP] BAIRROS NOBRES | SÃO PAULO & CIDADES DE SÃO PAULO","[Vídeo] Nimbus Tapete — Bairros nobres SP",2026-04-23,19927,20053,BRL,92.43,,,941,,807,,,2026-04-23,2026-04-23
"Instagram | Conversão 2026","[SP] BAIRROS NOBRES | SÃO PAULO & CIDADES DE SÃO PAULO","[Vídeo] Trend Viral — Bairros nobres SP",2026-04-23,8443,8621,BRL,51.31,19,,563,,554,,2,2026-04-23,2026-04-23
"Instagram | Conversão 2026","[SP] BAIRROS NOBRES | SÃO PAULO & CIDADES DE SÃO PAULO","[Imagem] Saúde — Bairros nobres SP",2026-04-23,1,1,BRL,0,,,,,,,,2026-04-23,2026-04-23
"LEADS 2026","BRASÍLIA 2026","[VÍDEO] TREND VIRAL - BRASÍLIA 2026",2026-04-23,1220,1222,BRL,7.91,,,80,,69,,,2026-04-23,2026-04-23
"LEADS 2026","GOIÂNIA 2026","[VÍDEO] TREND VIRAL - GOIÂNIA 2026",2026-04-23,2109,2192,BRL,12.29,,,116,,109,,,2026-04-23,2026-04-23
"LEADS 2026","CURITIBA 2026","[VÍDEO] TREND VIRAL - CURITIBA 2026",2026-04-23,3816,3868,BRL,22.38,,,196,,165,,,2026-04-23,2026-04-23
"LEADS 2026","BRASÍLIA 2026","[Imagem] SAÚDE BRASÍLIA 2026",2026-04-23,18,20,BRL,0.15,,,1,,1,,,2026-04-23,2026-04-23
"LEADS 2026","CURITIBA 2026","[Imagem] SAÚDE CURITIBA 2026",2026-04-23,11,12,BRL,0.05,,,,,,,,2026-04-23,2026-04-23
"LEADS 2026","GOIÂNIA 2026","[Imagem] SAÚDE GOIÂNIA 2026",2026-04-23,53,61,BRL,0.38,,,1,,1,,,2026-04-23,2026-04-23
"Instagram | Conversão 2026","[SP] BAIRROS NOBRES | SÃO PAULO & CIDADES DE SÃO PAULO","[Vídeo] - Nimbus Alemã",2026-04-22,117,124,BRL,0.72,,,9,,11,,,2026-04-22,2026-04-22
"Instagram | Conversão 2026","[SP] BAIRROS NOBRES | SÃO PAULO & CIDADES DE SÃO PAULO","[Vídeo] Extratora HYLA — Bairros nobres SP",2026-04-22,8950,8949,BRL,52.48,11,,490,,460,,,2026-04-22,2026-04-22
"Instagram | Conversão 2026","[SP] BAIRROS NOBRES | SÃO PAULO & CIDADES DE SÃO PAULO","[Vídeo] Nimbus Tapete — Bairros nobres SP",2026-04-22,17132,17725,BRL,79.74,,,883,,752,,,2026-04-22,2026-04-22
"Instagram | Conversão 2026","[SP] BAIRROS NOBRES | SÃO PAULO & CIDADES DE SÃO PAULO","[Vídeo] Trend Viral — Bairros nobres SP",2026-04-22,9363,9607,BRL,55.48,10,,523,,484,,,2026-04-22,2026-04-22
"Instagram | Conversão 2026","[SP] BAIRROS NOBRES | SÃO PAULO & CIDADES DE SÃO PAULO","[Imagem] Saúde — Bairros nobres SP",2026-04-22,1,1,BRL,0,,,,,,,,2026-04-22,2026-04-22
"LEADS 2026","BRASÍLIA 2026","[VÍDEO] TREND VIRAL - BRASÍLIA 2026",2026-04-22,4453,4605,BRL,29.24,,,216,,186,,,2026-04-22,2026-04-22
"LEADS 2026","GOIÂNIA 2026","[VÍDEO] TREND VIRAL - GOIÂNIA 2026",2026-04-22,4791,4941,BRL,27.33,1,,216,,187,,,2026-04-22,2026-04-22
"LEADS 2026","CURITIBA 2026","[VÍDEO] TREND VIRAL - CURITIBA 2026",2026-04-22,8105,8533,BRL,49.83,2,,365,,286,,,2026-04-22,2026-04-22
"LEADS 2026","BRASÍLIA 2026","[Imagem] SAÚDE BRASÍLIA 2026",2026-04-22,141,155,BRL,0.98,,,8,,7,,,2026-04-22,2026-04-22
"LEADS 2026","CURITIBA 2026","[Imagem] SAÚDE CURITIBA 2026",2026-04-22,126,139,BRL,0.96,,,4,,4,,,2026-04-22,2026-04-22
"LEADS 2026","GOIÂNIA 2026","[Imagem] SAÚDE GOIÂNIA 2026",2026-04-22,294,334,BRL,1.91,,,20,,20,,,2026-04-22,2026-04-22
"LEADS 2026","GOIÂNIA 2026","[Vídeo] Nimbus Alemã - GOIÂNIA 2026",2026-04-22,49,50,BRL,0.15,,,4,,4,,,2026-04-22,2026-04-22
"LEADS 2026","CURITIBA 2026","[Vídeo] Nimbus Alemã - CURITIBA 2026",2026-04-22,2,2,BRL,0.01,,,,,,,,2026-04-22,2026-04-22
"Instagram | Conversão 2026","[SP] BAIRROS NOBRES | SÃO PAULO & CIDADES DE SÃO PAULO","[Vídeo] - Nimbus Alemã",2026-04-21,13,13,BRL,0.1,,,1,,,,,2026-04-21,2026-04-21
"Instagram | Conversão 2026","[SP] BAIRROS NOBRES | SÃO PAULO & CIDADES DE SÃO PAULO","[Vídeo] Extratora HYLA — Bairros nobres SP",2026-04-21,9556,9650,BRL,52.17,20,,550,,462,,,2026-04-21,2026-04-21
"Instagram | Conversão 2026","[SP] BAIRROS NOBRES | SÃO PAULO & CIDADES DE SÃO PAULO","[Vídeo] Nimbus Tapete — Bairros nobres SP",2026-04-21,28309,28325,BRL,115.92,1,,1286,,1029,,1,2026-04-21,2026-04-21
"Instagram | Conversão 2026","[SP] BAIRROS NOBRES | SÃO PAULO & CIDADES DE SÃO PAULO","[Vídeo] Trend Viral — Bairros nobres SP",2026-04-21,7071,7095,BRL,36.77,15,,448,,393,,,2026-04-21,2026-04-21
"LEADS 2026","BRASÍLIA 2026","[VÍDEO] TREND VIRAL - BRASÍLIA 2026",2026-04-21,1935,1974,BRL,10.98,,,101,,84,,,2026-04-21,2026-04-21
"LEADS 2026","GOIÂNIA 2026","[VÍDEO] TREND VIRAL - GOIÂNIA 2026",2026-04-21,5066,5098,BRL,24.81,,,201,,163,,,2026-04-21,2026-04-21
"LEADS 2026","CURITIBA 2026","[VÍDEO] TREND VIRAL - CURITIBA 2026",2026-04-21,6235,6442,BRL,34.09,2,,276,,193,,,2026-04-21,2026-04-21
"LEADS 2026","BRASÍLIA 2026","[Imagem] SAÚDE BRASÍLIA 2026",2026-04-21,53,56,BRL,0.35,,,,,,,,2026-04-21,2026-04-21
"LEADS 2026","CURITIBA 2026","[Imagem] SAÚDE CURITIBA 2026",2026-04-21,72,77,BRL,0.51,,,,,,,,2026-04-21,2026-04-21
"LEADS 2026","GOIÂNIA 2026","[Imagem] SAÚDE GOIÂNIA 2026",2026-04-21,163,186,BRL,1.17,,,7,,4,,,2026-04-21,2026-04-21
"LEADS 2026","BRASÍLIA 2026","[Vídeo] Nimbus Alemã - BRASÍLIA 2026",2026-04-21,19,19,BRL,0.12,,,1,,1,,,2026-04-21,2026-04-21
"LEADS 2026","GOIÂNIA 2026","[Vídeo] Nimbus Alemã - GOIÂNIA 2026",2026-04-21,1,1,BRL,0,,,,,,,,2026-04-21,2026-04-21
"Instagram | Conversão 2026","[SP] BAIRROS NOBRES | SÃO PAULO & CIDADES DE SÃO PAULO","[Vídeo] Extratora HYLA — Bairros nobres SP",2026-04-20,8521,8871,BRL,48.29,14,,473,,380,,,2026-04-20,2026-04-20
"Instagram | Conversão 2026","[SP] BAIRROS NOBRES | SÃO PAULO & CIDADES DE SÃO PAULO","[Vídeo] Nimbus Tapete — Bairros nobres SP",2026-04-20,28601,28601,BRL,110.74,,,1309,,985,,,2026-04-20,2026-04-20
"Instagram | Conversão 2026","[SP] BAIRROS NOBRES | SÃO PAULO & CIDADES DE SÃO PAULO","[Vídeo] Trend Viral — Bairros nobres SP",2026-04-20,7453,7554,BRL,39.6,12,,434,,341,,,2026-04-20,2026-04-20
"Instagram | Conversão 2026","[SP] BAIRROS NOBRES | SÃO PAULO & CIDADES DE SÃO PAULO","[Imagem] Saúde — Bairros nobres SP",2026-04-20,2,2,BRL,0,,,,,,,,2026-04-20,2026-04-20
"LEADS 2026","BRASÍLIA 2026","[VÍDEO] TREND VIRAL - BRASÍLIA 2026",2026-04-20,3147,3331,BRL,18.33,,,176,,139,,1,2026-04-20,2026-04-20
"LEADS 2026","GOIÂNIA 2026","[VÍDEO] TREND VIRAL - GOIÂNIA 2026",2026-04-20,4992,5257,BRL,24.27,,,227,,180,,,2026-04-20,2026-04-20
"LEADS 2026","CURITIBA 2026","[VÍDEO] TREND VIRAL - CURITIBA 2026",2026-04-20,4437,4459,BRL,22.49,2,,220,,168,,,2026-04-20,2026-04-20
"LEADS 2026","BRASÍLIA 2026","[Imagem] SAÚDE BRASÍLIA 2026",2026-04-20,2,2,BRL,0.02,,,,,,,,2026-04-20,2026-04-20
"LEADS 2026","CURITIBA 2026","[Imagem] SAÚDE CURITIBA 2026",2026-04-20,9,9,BRL,0.08,,,,,,,,2026-04-20,2026-04-20
"LEADS 2026","GOIÂNIA 2026","[Imagem] SAÚDE GOIÂNIA 2026",2026-04-20,9,9,BRL,0.06,,,1,,1,,,2026-04-20,2026-04-20
"Instagram | Conversão 2026","[SP] BAIRROS NOBRES | SÃO PAULO & CIDADES DE SÃO PAULO","[Vídeo] - Nimbus Alemã",2026-04-19,26,28,BRL,0.18,,,3,,2,,,2026-04-19,2026-04-19
"Instagram | Conversão 2026","[SP] BAIRROS NOBRES | SÃO PAULO & CIDADES DE SÃO PAULO","[Vídeo] Extratora HYLA — Bairros nobres SP",2026-04-19,9496,9898,BRL,57.26,9,,590,2,465,,2,2026-04-19,2026-04-19
"Instagram | Conversão 2026","[SP] BAIRROS NOBRES | SÃO PAULO & CIDADES DE SÃO PAULO","[Vídeo] Nimbus Tapete — Bairros nobres SP",2026-04-19,32553,33068,BRL,128.03,,,1484,,1134,,,2026-04-19,2026-04-19
"Instagram | Conversão 2026","[SP] BAIRROS NOBRES | SÃO PAULO & CIDADES DE SÃO PAULO","[Vídeo] Trend Viral — Bairros nobres SP",2026-04-19,8378,8603,BRL,51.21,12,,551,,440,,,2026-04-19,2026-04-19
"LEADS 2026","BRASÍLIA 2026","[VÍDEO] TREND VIRAL - BRASÍLIA 2026",2026-04-19,3450,3555,BRL,22.54,,,174,,132,,,2026-04-19,2026-04-19
"LEADS 2026","GOIÂNIA 2026","[VÍDEO] TREND VIRAL - GOIÂNIA 2026",2026-04-19,6174,6450,BRL,33.9,,,286,,231,,,2026-04-19,2026-04-19
"LEADS 2026","CURITIBA 2026","[VÍDEO] TREND VIRAL - CURITIBA 2026",2026-04-19,6831,7108,BRL,38.48,4,,350,,253,,,2026-04-19,2026-04-19
"LEADS 2026","BRASÍLIA 2026","[Imagem] SAÚDE BRASÍLIA 2026",2026-04-19,16,16,BRL,0.12,,,,,,,,2026-04-19,2026-04-19
"LEADS 2026","CURITIBA 2026","[Imagem] SAÚDE CURITIBA 2026",2026-04-19,6,6,BRL,0.04,,,1,,1,,,2026-04-19,2026-04-19
"LEADS 2026","GOIÂNIA 2026","[Imagem] SAÚDE GOIÂNIA 2026",2026-04-19,23,24,BRL,0.15,,,,,,,,2026-04-19,2026-04-19
"LEADS 2026","BRASÍLIA 2026","[Vídeo] Nimbus Alemã - BRASÍLIA 2026",2026-04-19,1,1,BRL,0,,,,,,,,2026-04-19,2026-04-19
"LEADS 2026","GOIÂNIA 2026","[Vídeo] Nimbus Alemã - GOIÂNIA 2026",2026-04-19,1,1,BRL,0,,,,,,,,2026-04-19,2026-04-19
"LEADS 2026","CURITIBA 2026","[Vídeo] Nimbus Alemã - CURITIBA 2026",2026-04-19,31,31,BRL,0.32,,,1,,,,,2026-04-19,2026-04-19
"Instagram | Conversão 2026","[SP] BAIRROS NOBRES | SÃO PAULO & CIDADES DE SÃO PAULO","[Vídeo] Extratora HYLA — Bairros nobres SP",2026-04-18,5642,5691,BRL,35.84,5,,358,,286,,1,2026-04-18,2026-04-18
"Instagram | Conversão 2026","[SP] BAIRROS NOBRES | SÃO PAULO & CIDADES DE SÃO PAULO","[Vídeo] Nimbus Tapete — Bairros nobres SP",2026-04-18,30434,31360,BRL,127.09,,,1441,,1125,,,2026-04-18,2026-04-18
"Instagram | Conversão 2026","[SP] BAIRROS NOBRES | SÃO PAULO & CIDADES DE SÃO PAULO","[Vídeo] Trend Viral — Bairros nobres SP",2026-04-18,2279,2279,BRL,15.34,3,,157,,133,,,2026-04-18,2026-04-18
"LEADS 2026","BRASÍLIA 2026","[VÍDEO] TREND VIRAL - BRASÍLIA 2026",2026-04-18,369,378,BRL,2.79,,,23,,19,,,2026-04-18,2026-04-18
"LEADS 2026","GOIÂNIA 2026","[VÍDEO] TREND VIRAL - GOIÂNIA 2026",2026-04-18,3508,3508,BRL,20.77,,,149,,124,,,2026-04-18,2026-04-18
"LEADS 2026","CURITIBA 2026","[VÍDEO] TREND VIRAL - CURITIBA 2026",2026-04-18,4079,4318,BRL,29.9,1,,220,,163,,,2026-04-18,2026-04-18
"LEADS 2026","BRASÍLIA 2026","[Imagem] SAÚDE BRASÍLIA 2026",2026-04-18,98,105,BRL,0.77,,,,,,,,2026-04-18,2026-04-18
"LEADS 2026","CURITIBA 2026","[Imagem] SAÚDE CURITIBA 2026",2026-04-18,40,42,BRL,0.23,,,2,,1,,,2026-04-18,2026-04-18
"LEADS 2026","GOIÂNIA 2026","[Imagem] SAÚDE GOIÂNIA 2026",2026-04-18,212,228,BRL,1.4,,,12,,8,,,2026-04-18,2026-04-18
"Instagram | Conversão 2026","[SP] BAIRROS NOBRES | SÃO PAULO & CIDADES DE SÃO PAULO","[Vídeo] Extratora HYLA — Bairros nobres SP",2026-04-17,11339,11339,BRL,71.31,21,,660,,542,,3,2026-04-17,2026-04-17
"Instagram | Conversão 2026","[SP] BAIRROS NOBRES | SÃO PAULO & CIDADES DE SÃO PAULO","[Vídeo] Nimbus Tapete — Bairros nobres SP",2026-04-17,19044,19668,BRL,87.11,,,923,,711,,1,2026-04-17,2026-04-17
"Instagram | Conversão 2026","[SP] BAIRROS NOBRES | SÃO PAULO & CIDADES DE SÃO PAULO","[Vídeo] Trend Viral — Bairros nobres SP",2026-04-17,8125,8400,BRL,54.43,8,,521,,410,,,2026-04-17,2026-04-17
"LEADS 2026","BRASÍLIA 2026","[VÍDEO] TREND VIRAL - BRASÍLIA 2026",2026-04-17,1497,1499,BRL,10.79,,,84,,67,,,2026-04-17,2026-04-17
"LEADS 2026","GOIÂNIA 2026","[VÍDEO] TREND VIRAL - GOIÂNIA 2026",2026-04-17,5082,5350,BRL,33.98,,,277,,203,,,2026-04-17,2026-04-17
"LEADS 2026","CURITIBA 2026","[VÍDEO] TREND VIRAL - CURITIBA 2026",2026-04-17,5052,5195,BRL,37.08,2,,281,,213,,3,2026-04-17,2026-04-17
"LEADS 2026","BRASÍLIA 2026","[Imagem] SAÚDE BRASÍLIA 2026",2026-04-17,9,9,BRL,0.11,,,1,,1,,,2026-04-17,2026-04-17
"LEADS 2026","CURITIBA 2026","[Imagem] SAÚDE CURITIBA 2026",2026-04-17,6,6,BRL,0.03,,,,,,,,2026-04-17,2026-04-17
"LEADS 2026","GOIÂNIA 2026","[Imagem] SAÚDE GOIÂNIA 2026",2026-04-17,10,10,BRL,0.06,,,,,,,,2026-04-17,2026-04-17
"LEADS 2026","CURITIBA 2026","[Vídeo] Nimbus Alemã - CURITIBA 2026",2026-04-17,16,16,BRL,0.15,,,,,,,,2026-04-17,2026-04-17
"Instagram | Conversão 2026","[SP] BAIRROS NOBRES | SÃO PAULO & CIDADES DE SÃO PAULO","[Vídeo] - Nimbus Alemã",2026-04-16,1,1,BRL,0,,,,,,,,2026-04-16,2026-04-16
"Instagram | Conversão 2026","[SP] BAIRROS NOBRES | SÃO PAULO & CIDADES DE SÃO PAULO","[Vídeo] Extratora HYLA — Bairros nobres SP",2026-04-16,10287,10414,BRL,70.69,16,,616,,520,,,2026-04-16,2026-04-16
"Instagram | Conversão 2026","[SP] BAIRROS NOBRES | SÃO PAULO & CIDADES DE SÃO PAULO","[Vídeo] Nimbus Tapete — Bairros nobres SP",2026-04-16,12922,12922,BRL,63.5,1,,672,,512,,,2026-04-16,2026-04-16
"Instagram | Conversão 2026","[SP] BAIRROS NOBRES | SÃO PAULO & CIDADES DE SÃO PAULO","[Vídeo] Trend Viral — Bairros nobres SP",2026-04-16,8534,8959,BRL,60.07,20,,553,,467,,3,2026-04-16,2026-04-16
"LEADS 2026","BRASÍLIA 2026","[VÍDEO] TREND VIRAL - BRASÍLIA 2026",2026-04-16,1684,1751,BRL,13.82,1,,107,,92,,,2026-04-16,2026-04-16
"LEADS 2026","GOIÂNIA 2026","[VÍDEO] TREND VIRAL - GOIÂNIA 2026",2026-04-16,3183,3306,BRL,23.29,,,164,,144,,,2026-04-16,2026-04-16
"LEADS 2026","CURITIBA 2026","[VÍDEO] TREND VIRAL - CURITIBA 2026",2026-04-16,3511,3637,BRL,28.03,2,,205,,160,,,2026-04-16,2026-04-16
"LEADS 2026","BRASÍLIA 2026","[Imagem] SAÚDE BRASÍLIA 2026",2026-04-16,2,2,BRL,0.01,,,,,,,,2026-04-16,2026-04-16
"LEADS 2026","CURITIBA 2026","[Imagem] SAÚDE CURITIBA 2026",2026-04-16,3,3,BRL,0.01,,,,,,,,2026-04-16,2026-04-16
"LEADS 2026","BRASÍLIA 2026","[Vídeo] Nimbus Alemã - BRASÍLIA 2026",2026-04-16,3,3,BRL,0,,,,,,,,2026-04-16,2026-04-16
"LEADS 2026","GOIÂNIA 2026","[Vídeo] Nimbus Alemã - GOIÂNIA 2026",2026-04-16,3,3,BRL,0.04,,,1,,,,,2026-04-16,2026-04-16
"Instagram | Conversão 2026","[SP] BAIRROS NOBRES | SÃO PAULO & CIDADES DE SÃO PAULO","[Vídeo] Extratora HYLA — Bairros nobres SP",2026-04-15,9053,9098,BRL,55.17,13,,517,,387,,,2026-04-15,2026-04-15
"Instagram | Conversão 2026","[SP] BAIRROS NOBRES | SÃO PAULO & CIDADES DE SÃO PAULO","[Vídeo] Nimbus Tapete — Bairros nobres SP",2026-04-15,18508,19340,BRL,80.2,,,821,,506,,,2026-04-15,2026-04-15
"Instagram | Conversão 2026","[SP] BAIRROS NOBRES | SÃO PAULO & CIDADES DE SÃO PAULO","[Vídeo] Trend Viral — Bairros nobres SP",2026-04-15,11707,11706,BRL,65.02,17,,613,,412,,,2026-04-15,2026-04-15
"Instagram | Conversão 2026","[SP] BAIRROS NOBRES | SÃO PAULO & CIDADES DE SÃO PAULO","[Imagem] Saúde — Bairros nobres SP",2026-04-15,1,1,BRL,0.01,,,,,,,,2026-04-15,2026-04-15
"LEADS 2026","BRASÍLIA 2026","[VÍDEO] TREND VIRAL - BRASÍLIA 2026",2026-04-15,2471,2574,BRL,16.25,,,138,,87,,,2026-04-15,2026-04-15
"LEADS 2026","GOIÂNIA 2026","[VÍDEO] TREND VIRAL - GOIÂNIA 2026",2026-04-15,4907,5120,BRL,28.49,3,,199,,138,,,2026-04-15,2026-04-15
"LEADS 2026","CURITIBA 2026","[VÍDEO] TREND VIRAL - CURITIBA 2026",2026-04-15,3705,3729,BRL,23.03,1,,215,,131,,1,2026-04-15,2026-04-15
"LEADS 2026","CURITIBA 2026","[Imagem] SAÚDE CURITIBA 2026",2026-04-15,2,2,BRL,0.01,,,,,,,,2026-04-15,2026-04-15
"Instagram | Conversão 2026","[SP] BAIRROS NOBRES | SÃO PAULO & CIDADES DE SÃO PAULO","[Vídeo] - Nimbus Alemã",2026-04-14,61,62,BRL,0.52,,,1,,1,,,2026-04-14,2026-04-14
"Instagram | Conversão 2026","[SP] BAIRROS NOBRES | SÃO PAULO & CIDADES DE SÃO PAULO","[Vídeo] Extratora HYLA — Bairros nobres SP",2026-04-14,8607,8865,BRL,54.75,17,,562,,464,,,2026-04-14,2026-04-14
"Instagram | Conversão 2026","[SP] BAIRROS NOBRES | SÃO PAULO & CIDADES DE SÃO PAULO","[Vídeo] Nimbus Tapete — Bairros nobres SP",2026-04-14,18502,18734,BRL,78.87,,,821,,586,,,2026-04-14,2026-04-14
"Instagram | Conversão 2026","[SP] BAIRROS NOBRES | SÃO PAULO & CIDADES DE SÃO PAULO","[Vídeo] Trend Viral — Bairros nobres SP",2026-04-14,8856,9214,BRL,54.04,11,,528,,428,,,2026-04-14,2026-04-14
"LEADS 2026","BRASÍLIA 2026","[VÍDEO] TREND VIRAL - BRASÍLIA 2026",2026-04-14,1258,1311,BRL,8.85,,,59,,45,,,2026-04-14,2026-04-14
"LEADS 2026","GOIÂNIA 2026","[VÍDEO] TREND VIRAL - GOIÂNIA 2026",2026-04-14,4124,4439,BRL,25.52,,,206,,166,,,2026-04-14,2026-04-14
"LEADS 2026","CURITIBA 2026","[VÍDEO] TREND VIRAL - CURITIBA 2026",2026-04-14,3268,3293,BRL,21.97,,,182,,150,,1,2026-04-14,2026-04-14
"LEADS 2026","BRASÍLIA 2026","[Imagem] SAÚDE BRASÍLIA 2026",2026-04-14,1,1,BRL,0.01,,,,,,,,2026-04-14,2026-04-14
"LEADS 2026","CURITIBA 2026","[Imagem] SAÚDE CURITIBA 2026",2026-04-14,1,1,BRL,0,,,,,,,,2026-04-14,2026-04-14
"LEADS 2026","GOIÂNIA 2026","[Imagem] SAÚDE GOIÂNIA 2026",2026-04-14,1,1,BRL,0,,,,,,,,2026-04-14,2026-04-14
"LEADS 2026","BRASÍLIA 2026","[Vídeo] Nimbus Alemã - BRASÍLIA 2026",2026-04-14,9,9,BRL,0.08,,,,,,,,2026-04-14,2026-04-14
"Instagram | Conversão 2026","[SP] BAIRROS NOBRES | SÃO PAULO & CIDADES DE SÃO PAULO","[Vídeo] Extratora HYLA — Bairros nobres SP",2026-04-13,10523,10988,BRL,56.89,17,,604,,489,,1,2026-04-13,2026-04-13
"Instagram | Conversão 2026","[SP] BAIRROS NOBRES | SÃO PAULO & CIDADES DE SÃO PAULO","[Vídeo] Nimbus Tapete — Bairros nobres SP",2026-04-13,16187,17028,BRL,64.82,,,767,,578,,,2026-04-13,2026-04-13
"Instagram | Conversão 2026","[SP] BAIRROS NOBRES | SÃO PAULO & CIDADES DE SÃO PAULO","[Vídeo] Trend Viral — Bairros nobres SP",2026-04-13,12856,13339,BRL,66.6,20,,724,,566,,2,2026-04-13,2026-04-13
"Instagram | Conversão 2026","[SP] BAIRROS NOBRES | SÃO PAULO & CIDADES DE SÃO PAULO","[Imagem] Saúde — Bairros nobres SP",2026-04-13,3,3,BRL,0,,,,,,,,2026-04-13,2026-04-13
"LEADS 2026","BRASÍLIA 2026","[VÍDEO] TREND VIRAL - BRASÍLIA 2026",2026-04-13,2734,2833,BRL,14.75,1,,143,,118,,,2026-04-13,2026-04-13
"LEADS 2026","GOIÂNIA 2026","[VÍDEO] TREND VIRAL - GOIÂNIA 2026",2026-04-13,4958,5300,BRL,24.11,,,233,,195,,,2026-04-13,2026-04-13
"LEADS 2026","CURITIBA 2026","[VÍDEO] TREND VIRAL - CURITIBA 2026",2026-04-13,6561,6854,BRL,33.51,,,300,,238,,,2026-04-13,2026-04-13
"LEADS 2026","GOIÂNIA 2026","[Imagem] SAÚDE GOIÂNIA 2026",2026-04-13,1,1,BRL,0,,,,,,,,2026-04-13,2026-04-13
"Instagram | Conversão 2026","[SP] BAIRROS NOBRES | SÃO PAULO & CIDADES DE SÃO PAULO","[Vídeo] - Nimbus Alemã",2026-04-12,10,10,BRL,0.04,,,,,,,,2026-04-12,2026-04-12
"Instagram | Conversão 2026","[SP] BAIRROS NOBRES | SÃO PAULO & CIDADES DE SÃO PAULO","[Vídeo] Extratora HYLA — Bairros nobres SP",2026-04-12,15167,15694,BRL,79.28,30,,877,,599,,4,2026-04-12,2026-04-12
"Instagram | Conversão 2026","[SP] BAIRROS NOBRES | SÃO PAULO & CIDADES DE SÃO PAULO","[Vídeo] Nimbus Tapete — Bairros nobres SP",2026-04-12,15097,15479,BRL,57.75,,,725,,466,,,2026-04-12,2026-04-12
"Instagram | Conversão 2026","[SP] BAIRROS NOBRES | SÃO PAULO & CIDADES DE SÃO PAULO","[Vídeo] Trend Viral — Bairros nobres SP",2026-04-12,19242,20214,BRL,100.59,62,,1128,,836,,3,2026-04-12,2026-04-12
"LEADS 2026","BRASÍLIA 2026","[VÍDEO] TREND VIRAL - BRASÍLIA 2026",2026-04-12,4343,4679,BRL,26.04,,,221,,166,,,2026-04-12,2026-04-12
"LEADS 2026","GOIÂNIA 2026","[VÍDEO] TREND VIRAL - GOIÂNIA 2026",2026-04-12,6159,6605,BRL,30.1,,,301,,215,,3,2026-04-12,2026-04-12
"LEADS 2026","CURITIBA 2026","[VÍDEO] TREND VIRAL - CURITIBA 2026",2026-04-12,6521,6751,BRL,33.98,1,,336,,243,,,2026-04-12,2026-04-12
"LEADS 2026","CURITIBA 2026","[Imagem] SAÚDE CURITIBA 2026",2026-04-12,1,1,BRL,0,,,,,,,,2026-04-12,2026-04-12
"Instagram | Conversão 2026","[SP] BAIRROS NOBRES | SÃO PAULO & CIDADES DE SÃO PAULO","[Vídeo] - Nimbus Alemã",2026-04-11,1,1,BRL,0.01,,,,,,,,2026-04-11,2026-04-11
"Instagram | Conversão 2026","[SP] BAIRROS NOBRES | SÃO PAULO & CIDADES DE SÃO PAULO","[Vídeo] Extratora HYLA — Bairros nobres SP",2026-04-11,2999,2999,BRL,15.79,5,,198,,155,,,2026-04-11,2026-04-11
"Instagram | Conversão 2026","[SP] BAIRROS NOBRES | SÃO PAULO & CIDADES DE SÃO PAULO","[Vídeo] Nimbus Tapete — Bairros nobres SP",2026-04-11,1850,1868,BRL,7.61,,,90,,75,,,2026-04-11,2026-04-11
"Instagram | Conversão 2026","[SP] BAIRROS NOBRES | SÃO PAULO & CIDADES DE SÃO PAULO","[Vídeo] Trend Viral — Bairros nobres SP",2026-04-11,29682,30149,BRL,155.19,37,,1691,,1349,,2,2026-04-11,2026-04-11
"LEADS 2026","BRASÍLIA 2026","[VÍDEO] TREND VIRAL - BRASÍLIA 2026",2026-04-11,1501,1587,BRL,9.97,,,91,,84,,,2026-04-11,2026-04-11
"LEADS 2026","GOIÂNIA 2026","[VÍDEO] TREND VIRAL - GOIÂNIA 2026",2026-04-11,785,801,BRL,4.46,,,44,,39,,,2026-04-11,2026-04-11
"LEADS 2026","CURITIBA 2026","[VÍDEO] TREND VIRAL - CURITIBA 2026",2026-04-11,6043,6394,BRL,39.73,1,,310,,240,,2,2026-04-11,2026-04-11
"LEADS 2026","BRASÍLIA 2026","[Imagem] SAÚDE BRASÍLIA 2026",2026-04-11,1,1,BRL,0,,,,,,,,2026-04-11,2026-04-11
"LEADS 2026","CURITIBA 2026","[Imagem] SAÚDE CURITIBA 2026",2026-04-11,5,6,BRL,0.01,,,,,,,,2026-04-11,2026-04-11
"LEADS 2026","GOIÂNIA 2026","[Imagem] SAÚDE GOIÂNIA 2026",2026-04-11,5,5,BRL,0.01,,,,,,,,2026-04-11,2026-04-11
"Instagram | Conversão 2026","[SP] BAIRROS NOBRES | SÃO PAULO & CIDADES DE SÃO PAULO","[Vídeo] Extratora HYLA — Bairros nobres SP",2026-04-10,10353,10651,BRL,57.53,20,,615,,483,,,2026-04-10,2026-04-10
"Instagram | Conversão 2026","[SP] BAIRROS NOBRES | SÃO PAULO & CIDADES DE SÃO PAULO","[Vídeo] Nimbus Tapete — Bairros nobres SP",2026-04-10,5917,6089,BRL,25.61,,,300,,223,,,2026-04-10,2026-04-10
"Instagram | Conversão 2026","[SP] BAIRROS NOBRES | SÃO PAULO & CIDADES DE SÃO PAULO","[Vídeo] Trend Viral — Bairros nobres SP",2026-04-10,18163,18918,BRL,110.84,31,,1209,,969,,2,2026-04-10,2026-04-10
"LEADS 2026","BRASÍLIA 2026","[VÍDEO] TREND VIRAL - BRASÍLIA 2026",2026-04-10,1608,1667,BRL,11.16,,,122,,95,,,2026-04-10,2026-04-10
"LEADS 2026","GOIÂNIA 2026","[VÍDEO] TREND VIRAL - GOIÂNIA 2026",2026-04-10,1999,1999,BRL,11.48,,,115,,85,,,2026-04-10,2026-04-10
"LEADS 2026","CURITIBA 2026","[VÍDEO] TREND VIRAL - CURITIBA 2026",2026-04-10,4655,4767,BRL,29.97,,,250,,192,,,2026-04-10,2026-04-10
"LEADS 2026","CURITIBA 2026","[Imagem] SAÚDE CURITIBA 2026",2026-04-10,1,1,BRL,0,,,,,,,,2026-04-10,2026-04-10
"LEADS 2026","GOIÂNIA 2026","[Imagem] SAÚDE GOIÂNIA 2026",2026-04-10,1,1,BRL,0,,,,,,,,2026-04-10,2026-04-10
"Instagram | Conversão 2026","[SP] BAIRROS NOBRES | SÃO PAULO & CIDADES DE SÃO PAULO","[Vídeo] - Nimbus Alemã",2026-04-09,22,22,BRL,0.14,,,1,,1,,,2026-04-09,2026-04-09
"Instagram | Conversão 2026","[SP] BAIRROS NOBRES | SÃO PAULO & CIDADES DE SÃO PAULO","[Vídeo] Extratora HYLA — Bairros nobres SP",2026-04-09,10648,11103,BRL,56.08,14,,601,,482,,,2026-04-09,2026-04-09
"Instagram | Conversão 2026","[SP] BAIRROS NOBRES | SÃO PAULO & CIDADES DE SÃO PAULO","[Vídeo] Nimbus Tapete — Bairros nobres SP",2026-04-09,13310,13310,BRL,50,,,591,,441,,1,2026-04-09,2026-04-09
"Instagram | Conversão 2026","[SP] BAIRROS NOBRES | SÃO PAULO & CIDADES DE SÃO PAULO","[Vídeo] Trend Viral — Bairros nobres SP",2026-04-09,17426,18405,BRL,98.27,40,,1156,,937,,2,2026-04-09,2026-04-09
"LEADS 2026","BRASÍLIA 2026","[VÍDEO] TREND VIRAL - BRASÍLIA 2026",2026-04-09,1643,1697,BRL,9.58,,,87,,63,,,2026-04-09,2026-04-09
"LEADS 2026","GOIÂNIA 2026","[VÍDEO] TREND VIRAL - GOIÂNIA 2026",2026-04-09,2178,2222,BRL,11.23,,,91,,70,,,2026-04-09,2026-04-09
"LEADS 2026","CURITIBA 2026","[VÍDEO] TREND VIRAL - CURITIBA 2026",2026-04-09,3624,3695,BRL,20.99,,,190,,149,,,2026-04-09,2026-04-09
"LEADS 2026","BRASÍLIA 2026","[Vídeo] Nimbus Alemã - BRASÍLIA 2026",2026-04-09,3,3,BRL,0,,,,,,,,2026-04-09,2026-04-09
"LEADS 2026","GOIÂNIA 2026","[Vídeo] Nimbus Alemã - GOIÂNIA 2026",2026-04-09,3,3,BRL,0,,,,,,,,2026-04-09,2026-04-09
"LEADS 2026","CURITIBA 2026","[Vídeo] Nimbus Alemã - CURITIBA 2026",2026-04-09,7,7,BRL,0.02,,,,,,,,2026-04-09,2026-04-09
"Instagram | Conversão 2026","[SP] BAIRROS NOBRES | SÃO PAULO & CIDADES DE SÃO PAULO","[Vídeo] Extratora HYLA — Bairros nobres SP",2026-04-08,12471,13044,BRL,71,24,,806,,626,,1,2026-04-08,2026-04-08
"Instagram | Conversão 2026","[SP] BAIRROS NOBRES | SÃO PAULO & CIDADES DE SÃO PAULO","[Vídeo] Nimbus Tapete — Bairros nobres SP",2026-04-08,9039,9455,BRL,39.42,,,446,,314,,,2026-04-08,2026-04-08
"Instagram | Conversão 2026","[SP] BAIRROS NOBRES | SÃO PAULO & CIDADES DE SÃO PAULO","[Vídeo] Trend Viral — Bairros nobres SP",2026-04-08,15884,16215,BRL,91.09,40,,1013,,811,,1,2026-04-08,2026-04-08
"LEADS 2026","BRASÍLIA 2026","[VÍDEO] TREND VIRAL - BRASÍLIA 2026",2026-04-08,2022,2148,BRL,14.26,1,,125,,97,,,2026-04-08,2026-04-08
"LEADS 2026","GOIÂNIA 2026","[VÍDEO] TREND VIRAL - GOIÂNIA 2026",2026-04-08,2860,3088,BRL,18.25,2,,163,,132,,,2026-04-08,2026-04-08
"LEADS 2026","CURITIBA 2026","[VÍDEO] TREND VIRAL - CURITIBA 2026",2026-04-08,6469,6826,BRL,42.25,2,,359,,281,,,2026-04-08,2026-04-08
"LEADS 2026","BRASÍLIA 2026","[Imagem] SAÚDE BRASÍLIA 2026",2026-04-08,7,7,BRL,0.03,,,2,,1,,,2026-04-08,2026-04-08
"LEADS 2026","CURITIBA 2026","[Imagem] SAÚDE CURITIBA 2026",2026-04-08,2,2,BRL,0,,,,,,,,2026-04-08,2026-04-08
"LEADS 2026","GOIÂNIA 2026","[Imagem] SAÚDE GOIÂNIA 2026",2026-04-08,10,10,BRL,0.02,,,1,,1,,,2026-04-08,2026-04-08
"Instagram | Conversão 2026","[SP] BAIRROS NOBRES | SÃO PAULO & CIDADES DE SÃO PAULO","[Vídeo] - Nimbus Alemã",2026-04-07,15,16,BRL,0.06,,,,,,,,2026-04-07,2026-04-07
"Instagram | Conversão 2026","[SP] BAIRROS NOBRES | SÃO PAULO & CIDADES DE SÃO PAULO","[Vídeo] Extratora HYLA — Bairros nobres SP",2026-04-07,11472,11955,BRL,59.66,15,,651,,526,,,2026-04-07,2026-04-07
"Instagram | Conversão 2026","[SP] BAIRROS NOBRES | SÃO PAULO & CIDADES DE SÃO PAULO","[Vídeo] Nimbus Tapete — Bairros nobres SP",2026-04-07,7606,7917,BRL,32.71,,,402,,314,,1,2026-04-07,2026-04-07
"Instagram | Conversão 2026","[SP] BAIRROS NOBRES | SÃO PAULO & CIDADES DE SÃO PAULO","[Vídeo] Trend Viral — Bairros nobres SP",2026-04-07,17340,18147,BRL,101.26,33,,1198,,989,,1,2026-04-07,2026-04-07
"Instagram | Conversão 2026","[SP] BAIRROS NOBRES | SÃO PAULO & CIDADES DE SÃO PAULO","[Imagem] Saúde — Bairros nobres SP",2026-04-07,1,1,BRL,0,,,,,,,,2026-04-07,2026-04-07
"LEADS 2026","BRASÍLIA 2026","[VÍDEO] TREND VIRAL - BRASÍLIA 2026",2026-04-07,4099,4259,BRL,32.2,3,,204,1,160,,1,2026-04-07,2026-04-07
"LEADS 2026","GOIÂNIA 2026","[VÍDEO] TREND VIRAL - GOIÂNIA 2026",2026-04-07,3965,4040,BRL,23.7,,,190,,151,,1,2026-04-07,2026-04-07
"LEADS 2026","CURITIBA 2026","[VÍDEO] TREND VIRAL - CURITIBA 2026",2026-04-07,9776,9954,BRL,59.12,3,,501,,379,,1,2026-04-07,2026-04-07
"LEADS 2026","BRASÍLIA 2026","[Imagem] SAÚDE BRASÍLIA 2026",2026-04-07,8,8,BRL,0.07,,,1,,1,,,2026-04-07,2026-04-07
"LEADS 2026","CURITIBA 2026","[Imagem] SAÚDE CURITIBA 2026",2026-04-07,148,155,BRL,0.97,,,2,,,,,2026-04-07,2026-04-07
"LEADS 2026","GOIÂNIA 2026","[Imagem] SAÚDE GOIÂNIA 2026",2026-04-07,1,1,BRL,0,,,,,,,,2026-04-07,2026-04-07
"LEADS 2026","GOIÂNIA 2026","[Vídeo] Nimbus Alemã - GOIÂNIA 2026",2026-04-07,3,3,BRL,0,,,,,,,,2026-04-07,2026-04-07
"Instagram | Conversão 2026","[SP] BAIRROS NOBRES | SÃO PAULO & CIDADES DE SÃO PAULO","[Vídeo] - Nimbus Alemã",2026-04-06,3,3,BRL,0.03,,,,,,,,2026-04-06,2026-04-06
"Instagram | Conversão 2026","[SP] BAIRROS NOBRES | SÃO PAULO & CIDADES DE SÃO PAULO","[Vídeo] Extratora HYLA — Bairros nobres SP",2026-04-06,10581,10721,BRL,49.78,19,,619,,507,,,2026-04-06,2026-04-06
"Instagram | Conversão 2026","[SP] BAIRROS NOBRES | SÃO PAULO & CIDADES DE SÃO PAULO","[Vídeo] Nimbus Tapete — Bairros nobres SP",2026-04-06,11290,12023,BRL,43.35,,,543,,440,,,2026-04-06,2026-04-06
"Instagram | Conversão 2026","[SP] BAIRROS NOBRES | SÃO PAULO & CIDADES DE SÃO PAULO","[Vídeo] Trend Viral — Bairros nobres SP",2026-04-06,19706,21260,BRL,102.25,40,,1323,,1108,,1,2026-04-06,2026-04-06
"LEADS 2026","BRASÍLIA 2026","[VÍDEO] TREND VIRAL - BRASÍLIA 2026",2026-04-06,2020,2106,BRL,11.54,2,,108,,91,,,2026-04-06,2026-04-06
"LEADS 2026","GOIÂNIA 2026","[VÍDEO] TREND VIRAL - GOIÂNIA 2026",2026-04-06,3007,3256,BRL,15.07,3,,190,,148,,,2026-04-06,2026-04-06
"LEADS 2026","CURITIBA 2026","[VÍDEO] TREND VIRAL - CURITIBA 2026",2026-04-06,8726,9314,BRL,43.67,10,,526,,413,,,2026-04-06,2026-04-06
"LEADS 2026","GOIÂNIA 2026","[Imagem] SAÚDE GOIÂNIA 2026",2026-04-06,1,1,BRL,0,,,,,,,,2026-04-06,2026-04-06
"Instagram | Conversão 2026","[SP] BAIRROS NOBRES | SÃO PAULO & CIDADES DE SÃO PAULO","[Vídeo] Extratora HYLA — Bairros nobres SP",2026-04-05,6132,6245,BRL,29.07,6,,345,,273,,,2026-04-05,2026-04-05
"Instagram | Conversão 2026","[SP] BAIRROS NOBRES | SÃO PAULO & CIDADES DE SÃO PAULO","[Vídeo] Nimbus Tapete — Bairros nobres SP",2026-04-05,23910,23910,BRL,76.42,,,1024,,809,,2,2026-04-05,2026-04-05
"Instagram | Conversão 2026","[SP] BAIRROS NOBRES | SÃO PAULO & CIDADES DE SÃO PAULO","[Vídeo] Trend Viral — Bairros nobres SP",2026-04-05,25699,27403,BRL,126.83,56,,1670,,1336,,2,2026-04-05,2026-04-05
"LEADS 2026","BRASÍLIA 2026","[VÍDEO] TREND VIRAL - BRASÍLIA 2026",2026-04-05,2577,2778,BRL,15.01,1,,173,,143,,1,2026-04-05,2026-04-05
"LEADS 2026","GOIÂNIA 2026","[VÍDEO] TREND VIRAL - GOIÂNIA 2026",2026-04-05,4721,5141,BRL,22.03,,,258,,195,,,2026-04-05,2026-04-05
"LEADS 2026","CURITIBA 2026","[VÍDEO] TREND VIRAL - CURITIBA 2026",2026-04-05,8428,9598,BRL,43.19,10,,512,,376,,,2026-04-05,2026-04-05
"LEADS 2026","BRASÍLIA 2026","[Imagem] SAÚDE BRASÍLIA 2026",2026-04-05,1,1,BRL,0,,,,,,,,2026-04-05,2026-04-05
"LEADS 2026","CURITIBA 2026","[Imagem] SAÚDE CURITIBA 2026",2026-04-05,2,2,BRL,0.01,,,,,,,,2026-04-05,2026-04-05
"Instagram | Conversão 2026","[SP] BAIRROS NOBRES | SÃO PAULO & CIDADES DE SÃO PAULO","[Vídeo] - Nimbus Alemã",2026-04-04,6,6,BRL,0.03,,,,,,,,2026-04-04,2026-04-04
"Instagram | Conversão 2026","[SP] BAIRROS NOBRES | SÃO PAULO & CIDADES DE SÃO PAULO","[Vídeo] Extratora HYLA — Bairros nobres SP",2026-04-04,535,535,BRL,2.85,,,35,,31,,,2026-04-04,2026-04-04
"Instagram | Conversão 2026","[SP] BAIRROS NOBRES | SÃO PAULO & CIDADES DE SÃO PAULO","[Vídeo] Nimbus Tapete — Bairros nobres SP",2026-04-04,12162,13019,BRL,44.55,,,560,,443,,1,2026-04-04,2026-04-04
"Instagram | Conversão 2026","[SP] BAIRROS NOBRES | SÃO PAULO & CIDADES DE SÃO PAULO","[Vídeo] Trend Viral — Bairros nobres SP",2026-04-04,22864,24909,BRL,128.77,26,,1559,,1270,,4,2026-04-04,2026-04-04
"LEADS 2026","BRASÍLIA 2026","[VÍDEO] TREND VIRAL - BRASÍLIA 2026",2026-04-04,1682,1718,BRL,9.88,1,,114,,91,,,2026-04-04,2026-04-04
"LEADS 2026","GOIÂNIA 2026","[VÍDEO] TREND VIRAL - GOIÂNIA 2026",2026-04-04,2474,2629,BRL,12.49,,,145,,125,,,2026-04-04,2026-04-04
"LEADS 2026","CURITIBA 2026","[VÍDEO] TREND VIRAL - CURITIBA 2026",2026-04-04,4564,4987,BRL,24.97,5,,289,,245,,,2026-04-04,2026-04-04
"LEADS 2026","BRASÍLIA 2026","[Imagem] SAÚDE BRASÍLIA 2026",2026-04-04,2,2,BRL,0.01,,,,,,,,2026-04-04,2026-04-04
"Instagram | Conversão 2026","[SP] BAIRROS NOBRES | SÃO PAULO & CIDADES DE SÃO PAULO","[Vídeo] Extratora HYLA — Bairros nobres SP",2026-04-03,3507,3607,BRL,18.05,2,,202,2,178,,1,2026-04-03,2026-04-03
"Instagram | Conversão 2026","[SP] BAIRROS NOBRES | SÃO PAULO & CIDADES DE SÃO PAULO","[Vídeo] Nimbus Tapete — Bairros nobres SP",2026-04-03,11018,11018,BRL,38.13,,,505,,411,,,2026-04-03,2026-04-03
"Instagram | Conversão 2026","[SP] BAIRROS NOBRES | SÃO PAULO & CIDADES DE SÃO PAULO","[Vídeo] Trend Viral — Bairros nobres SP",2026-04-03,20384,21235,BRL,116.8,37,,1366,,1199,,,2026-04-03,2026-04-03
"LEADS 2026","BRASÍLIA 2026","[VÍDEO] TREND VIRAL - BRASÍLIA 2026",2026-04-03,1194,1236,BRL,6.99,1,,96,,82,,,2026-04-03,2026-04-03
"LEADS 2026","GOIÂNIA 2026","[VÍDEO] TREND VIRAL - GOIÂNIA 2026",2026-04-03,1450,1518,BRL,7.42,2,,90,,81,,,2026-04-03,2026-04-03
"LEADS 2026","CURITIBA 2026","[VÍDEO] TREND VIRAL - CURITIBA 2026",2026-04-03,2574,2695,BRL,13.41,3,,173,,140,,,2026-04-03,2026-04-03
"LEADS 2026","CURITIBA 2026","[Imagem] SAÚDE CURITIBA 2026",2026-04-03,1,1,BRL,0,,,,,,,,2026-04-03,2026-04-03
"Instagram | Conversão 2026","[SP] BAIRROS NOBRES | SÃO PAULO & CIDADES DE SÃO PAULO","[Vídeo] Extratora HYLA — Bairros nobres SP",2026-04-02,8638,8698,BRL,50.97,15,,579,,463,,,2026-04-02,2026-04-02
"Instagram | Conversão 2026","[SP] BAIRROS NOBRES | SÃO PAULO & CIDADES DE SÃO PAULO","[Vídeo] Célia 1M  — Bairros nobres SP",2026-04-02,8,8,BRL,0.02,,,,,,,,2026-04-02,2026-04-02
"Instagram | Conversão 2026","[SP] BAIRROS NOBRES | SÃO PAULO & CIDADES DE SÃO PAULO","[Vídeo] Nimbus Tapete — Bairros nobres SP",2026-04-02,8174,8203,BRL,33.04,2,,415,,333,,,2026-04-02,2026-04-02
"Instagram | Conversão 2026","[SP] BAIRROS NOBRES | SÃO PAULO & CIDADES DE SÃO PAULO","[Vídeo] Trend Viral — Bairros nobres SP",2026-04-02,19103,20614,BRL,121.07,34,,1491,,1267,,1,2026-04-02,2026-04-02
"Instagram | Conversão 2026","[SP] BAIRROS NOBRES | SÃO PAULO & CIDADES DE SÃO PAULO","[Vídeo] HYLA & Acessórios — Bairros nobres SP",2026-04-02,12,12,BRL,0.04,,,,,,,,2026-04-02,2026-04-02
"Instagram | Conversão 2026","[SP] BAIRROS NOBRES | SÃO PAULO & CIDADES DE SÃO PAULO","[Imagem] Saúde — Bairros nobres SP",2026-04-02,1,1,BRL,0,,,,,,,,2026-04-02,2026-04-02
"LEADS 2026","BRASÍLIA 2026","[VÍDEO] TREND VIRAL - BRASÍLIA 2026",2026-04-02,2419,2586,BRL,26.05,5,,139,,121,,,2026-04-02,2026-04-02
"LEADS 2026","GOIÂNIA 2026","[VÍDEO] TREND VIRAL - GOIÂNIA 2026",2026-04-02,2816,3112,BRL,18.44,,,179,,149,,,2026-04-02,2026-04-02
"LEADS 2026","CURITIBA 2026","[VÍDEO] TREND VIRAL - CURITIBA 2026",2026-04-02,3451,3774,BRL,24.03,8,,226,,174,,,2026-04-02,2026-04-02
"LEADS 2026","BRASÍLIA 2026","[Imagem] SAÚDE BRASÍLIA 2026",2026-04-02,543,544,BRL,8.81,,,3,,2,,,2026-04-02,2026-04-02
"LEADS 2026","CURITIBA 2026","[Imagem] SAÚDE CURITIBA 2026",2026-04-02,1,1,BRL,0,,,,,,,,2026-04-02,2026-04-02
"Instagram | Conversão 2026","[SP] BAIRROS NOBRES | SÃO PAULO & CIDADES DE SÃO PAULO","[Vídeo] - Nimbus Alemã",2026-04-01,23,23,BRL,0.12,,,2,,1,,,2026-04-01,2026-04-01
"Instagram | Conversão 2026","[SP] BAIRROS NOBRES | SÃO PAULO & CIDADES DE SÃO PAULO","[Vídeo] Extratora HYLA — Bairros nobres SP",2026-04-01,12178,12248,BRL,77.58,28,,776,,651,,1,2026-04-01,2026-04-01
"Instagram | Conversão 2026","[SP] BAIRROS NOBRES | SÃO PAULO & CIDADES DE SÃO PAULO","[Vídeo] Célia 1M  — Bairros nobres SP",2026-04-01,259,268,BRL,1.77,,,15,,18,,,2026-04-01,2026-04-01
"Instagram | Conversão 2026","[SP] BAIRROS NOBRES | SÃO PAULO & CIDADES DE SÃO PAULO","[Vídeo] Nimbus Tapete — Bairros nobres SP",2026-04-01,26963,27893,BRL,116.82,,,1289,,993,,2,2026-04-01,2026-04-01
"Instagram | Conversão 2026","[SP] BAIRROS NOBRES | SÃO PAULO & CIDADES DE SÃO PAULO","[Vídeo] Trend Viral — Bairros nobres SP",2026-04-01,466,475,BRL,2.83,1,,39,,33,,,2026-04-01,2026-04-01
"Instagram | Conversão 2026","[SP] BAIRROS NOBRES | SÃO PAULO & CIDADES DE SÃO PAULO","[Vídeo] HYLA & Acessórios — Bairros nobres SP",2026-04-01,19,19,BRL,0.15,,,1,,,,,2026-04-01,2026-04-01
"Instagram | Conversão WPP","DF|CWB|GO|SP 2","[Imagem] Benefícios — DF|CWB|GO|SP 2",2026-04-01,15,22,BRL,1.43,,,,,,,,2026-04-01,2026-04-01
"Instagram | Conversão WPP","DF|CWB|GO|SP 2","[Vídeo] Novo vídeo Nimbus — DF|CWB|GO|SP 2",2026-04-01,307,392,BRL,11.7,,,18,,,,,2026-04-01,2026-04-01
"Instagram | Conversão WPP","DF|CWB|GO|SP 2","[Imagem] Saúde — DF|CWB|GO|SP 2",2026-04-01,3,4,BRL,0.2,,,,,,,,2026-04-01,2026-04-01
"LEADS 2026","BRASÍLIA 2026","[VÍDEO] TREND VIRAL - BRASÍLIA 2026",2026-04-01,3798,4253,BRL,95.17,5,,60,,41,,1,2026-04-01,2026-04-01
"Instagram | Conversão 2026","[SP] BAIRROS NOBRES | SÃO PAULO & CIDADES DE SÃO PAULO","[Vídeo] - Nimbus Alemã",2026-03-31,16,16,BRL,0.07,,,,,1,,,2026-03-31,2026-03-31
"Instagram | Conversão 2026","[SP] BAIRROS NOBRES | SÃO PAULO & CIDADES DE SÃO PAULO","[Vídeo] Extratora HYLA — Bairros nobres SP",2026-03-31,11754,11869,BRL,78.23,27,,697,,654,,1,2026-03-31,2026-03-31
"Instagram | Conversão 2026","[SP] BAIRROS NOBRES | SÃO PAULO & CIDADES DE SÃO PAULO","[Vídeo] Célia 1M  — Bairros nobres SP",2026-03-31,559,577,BRL,4.12,,,34,,29,,,2026-03-31,2026-03-31
"Instagram | Conversão 2026","[SP] BAIRROS NOBRES | SÃO PAULO & CIDADES DE SÃO PAULO","[Vídeo] Nimbus Tapete — Bairros nobres SP",2026-03-31,27207,28865,BRL,127.63,,,1191,,1079,,,2026-03-31,2026-03-31
"Instagram | Conversão 2026","[SP] BAIRROS NOBRES | SÃO PAULO & CIDADES DE SÃO PAULO","[Vídeo] Trend Viral — Bairros nobres SP",2026-03-31,15,15,BRL,0.04,,,3,,1,,,2026-03-31,2026-03-31
"Instagram | Conversão 2026","[SP] BAIRROS NOBRES | SÃO PAULO & CIDADES DE SÃO PAULO","[Vídeo] Camila Pacanaro — Bairros nobres SP",2026-03-31,26,26,BRL,0.26,,,2,,2,,,2026-03-31,2026-03-31
"Instagram | Conversão 2026","[SP] BAIRROS NOBRES | SÃO PAULO & CIDADES DE SÃO PAULO","[Imagem] Benefícios — Bairros nobres SP",2026-03-31,7,7,BRL,0.01,,,,,,,,2026-03-31,2026-03-31
"Instagram | Conversão WPP","DF|CWB|GO|SP 2","[Vídeo] Célia 1M  — DF|CWB|GO|SP 2",2026-03-31,1,1,BRL,0.05,,,,,,,,2026-03-31,2026-03-31
"Instagram | Conversão WPP","DF|CWB|GO|SP 2","[Imagem] Benefícios — DF|CWB|GO|SP 2",2026-03-31,1686,1705,BRL,13.5,,,4,,,,,2026-03-31,2026-03-31
"Instagram | Conversão WPP","DF|CWB|GO|SP 2","[Vídeo] Novo vídeo Nimbus — DF|CWB|GO|SP 2",2026-03-31,4753,5581,BRL,77.77,,,127,,,,,2026-03-31,2026-03-31
"Instagram | Conversão WPP","DF|CWB|GO|SP 2","[Imagem] Saúde — DF|CWB|GO|SP 2",2026-03-31,4,4,BRL,0.04,,,,,,,,2026-03-31,2026-03-31
"Instagram | Conversão 2026","[SP] BAIRROS NOBRES | SÃO PAULO & CIDADES DE SÃO PAULO","[Vídeo] - Nimbus Alemã",2026-03-30,132,132,BRL,0.75,,,3,,3,,,2026-03-30,2026-03-30
"Instagram | Conversão 2026","[SP] BAIRROS NOBRES | SÃO PAULO & CIDADES DE SÃO PAULO","[Vídeo] Extratora HYLA — Bairros nobres SP",2026-03-30,10421,10662,BRL,64.67,16,,640,2,524,2,3,2026-03-30,2026-03-30
"Instagram | Conversão 2026","[SP] BAIRROS NOBRES | SÃO PAULO & CIDADES DE SÃO PAULO","[Vídeo] Célia 1M  — Bairros nobres SP",2026-03-30,3317,3318,BRL,19.49,,,196,,177,,,2026-03-30,2026-03-30
"Instagram | Conversão 2026","[SP] BAIRROS NOBRES | SÃO PAULO & CIDADES DE SÃO PAULO","[Vídeo] Nimbus Tapete — Bairros nobres SP",2026-03-30,26386,27326,BRL,118.37,2,,1200,,915,,3,2026-03-30,2026-03-30
"Instagram | Conversão 2026","[SP] BAIRROS NOBRES | SÃO PAULO & CIDADES DE SÃO PAULO","[Vídeo] Camila Pacanaro — Bairros nobres SP",2026-03-30,156,160,BRL,1.06,,,10,,12,,,2026-03-30,2026-03-30
"Instagram | Conversão 2026","[SP] BAIRROS NOBRES | SÃO PAULO & CIDADES DE SÃO PAULO","[Vídeo] HYLA & Acessórios — Bairros nobres SP",2026-03-30,33,33,BRL,0.09,,,2,,2,,,2026-03-30,2026-03-30
"Instagram | Conversão WPP","DF|CWB|GO|SP 2","[Vídeo] Nimbus tapete branco — DF|CWB|GO|SP 2",2026-03-30,2,2,BRL,0.06,,,,,,,,2026-03-30,2026-03-30
"Instagram | Conversão WPP","DF|CWB|GO|SP 2","[Imagem] Benefícios — DF|CWB|GO|SP 2",2026-03-30,1,1,BRL,0.06,,,,,,,,2026-03-30,2026-03-30
"Instagram | Conversão WPP","DF|CWB|GO|SP 2","[Vídeo] Novo vídeo Nimbus — DF|CWB|GO|SP 2",2026-03-30,4118,4773,BRL,73.88,1,,201,,,,1,2026-03-30,2026-03-30
"Instagram | Conversão 2026","[SP] BAIRROS NOBRES | SÃO PAULO & CIDADES DE SÃO PAULO","[Imagem] Saúde — Bairros nobres SP",2026-03-30,13,16,BRL,0.01,,,1,,,,,2026-03-30,2026-03-30
"Instagram | Conversão WPP","DF|CWB|GO|SP 2","[Imagem] Saúde — DF|CWB|GO|SP 2",2026-03-30,12,16,BRL,1.53,,,,,,,,2026-03-30,2026-03-30
"Instagram | Conversão 2026","[SP] BAIRROS NOBRES | SÃO PAULO & CIDADES DE SÃO PAULO","[Vídeo] - Nimbus Alemã",2026-03-29,7,7,BRL,0.03,,,,,,,,2026-03-29,2026-03-29
"Instagram | Conversão 2026","[SP] BAIRROS NOBRES | SÃO PAULO & CIDADES DE SÃO PAULO","[Vídeo] Extratora HYLA — Bairros nobres SP",2026-03-29,11254,11643,BRL,60.52,10,,630,,519,,,2026-03-29,2026-03-29
"Instagram | Conversão 2026","[SP] BAIRROS NOBRES | SÃO PAULO & CIDADES DE SÃO PAULO","[Vídeo] Célia 1M  — Bairros nobres SP",2026-03-29,6940,7215,BRL,40.65,2,,380,,342,,,2026-03-29,2026-03-29
"Instagram | Conversão 2026","[SP] BAIRROS NOBRES | SÃO PAULO & CIDADES DE SÃO PAULO","[Vídeo] Nimbus Tapete — Bairros nobres SP",2026-03-29,30086,31199,BRL,130.3,,,1434,,1177,,1,2026-03-29,2026-03-29
"Instagram | Conversão 2026","[SP] BAIRROS NOBRES | SÃO PAULO & CIDADES DE SÃO PAULO","[Vídeo] Camila Pacanaro — Bairros nobres SP",2026-03-29,2,2,BRL,0.04,,,,,,,,2026-03-29,2026-03-29
"Instagram | Conversão 2026","[SP] BAIRROS NOBRES | SÃO PAULO & CIDADES DE SÃO PAULO","[Imagem] Benefícios — Bairros nobres SP",2026-03-29,3,3,BRL,0,,,,,,,,2026-03-29,2026-03-29
"Instagram | Conversão WPP","DF|CWB|GO|SP 2","[Vídeo] Novo vídeo Nimbus — DF|CWB|GO|SP 2",2026-03-29,2132,2348,BRL,33.54,,,171,,,,,2026-03-29,2026-03-29
"Instagram | Conversão 2026","[SP] BAIRROS NOBRES | SÃO PAULO & CIDADES DE SÃO PAULO","[Imagem] Saúde — Bairros nobres SP",2026-03-29,15,19,BRL,0.05,,,2,,,,,2026-03-29,2026-03-29
"Instagram | Conversão 2026","[SP] BAIRROS NOBRES | SÃO PAULO & CIDADES DE SÃO PAULO","[Vídeo] Extratora HYLA — Bairros nobres SP",2026-03-28,14016,14259,BRL,77.48,9,,713,,593,,,2026-03-28,2026-03-28
"Instagram | Conversão 2026","[SP] BAIRROS NOBRES | SÃO PAULO & CIDADES DE SÃO PAULO","[Vídeo] Célia 1M  — Bairros nobres SP",2026-03-28,5333,5748,BRL,34.49,,,314,,276,,1,2026-03-28,2026-03-28
"Instagram | Conversão 2026","[SP] BAIRROS NOBRES | SÃO PAULO & CIDADES DE SÃO PAULO","[Vídeo] Nimbus Tapete — Bairros nobres SP",2026-03-28,22812,22812,BRL,103.48,1,,1042,,853,,1,2026-03-28,2026-03-28
"Instagram | Conversão 2026","[SP] BAIRROS NOBRES | SÃO PAULO & CIDADES DE SÃO PAULO","[Vídeo] HYLA & Acessórios — Bairros nobres SP",2026-03-28,2,2,BRL,0,,,,,,,,2026-03-28,2026-03-28
"Instagram | Conversão WPP","DF|CWB|GO|SP 2","[Vídeo] Célia 1M  — DF|CWB|GO|SP 2",2026-03-28,29,29,BRL,0.35,,,,,,,,2026-03-28,2026-03-28
"Instagram | Conversão WPP","DF|CWB|GO|SP 2","[Vídeo] Novo vídeo Nimbus — DF|CWB|GO|SP 2",2026-03-28,3050,3237,BRL,40.55,,,220,,,,,2026-03-28,2026-03-28
"Instagram | Conversão 2026","[SP] BAIRROS NOBRES | SÃO PAULO & CIDADES DE SÃO PAULO","[Imagem] Saúde — Bairros nobres SP",2026-03-28,7,8,BRL,0.02,,,,,,,,2026-03-28,2026-03-28
"Instagram | Conversão 2026","[SP] BAIRROS NOBRES | SÃO PAULO & CIDADES DE SÃO PAULO","[Vídeo] - Nimbus Alemã",2026-03-27,13,13,BRL,0.07,,,,,,,,2026-03-27,2026-03-27
"Instagram | Conversão 2026","[SP] BAIRROS NOBRES | SÃO PAULO & CIDADES DE SÃO PAULO","[Vídeo] Extratora HYLA — Bairros nobres SP",2026-03-27,15397,16396,BRL,100.12,6,,907,,725,,,2026-03-27,2026-03-27
"Instagram | Conversão 2026","[SP] BAIRROS NOBRES | SÃO PAULO & CIDADES DE SÃO PAULO","[Vídeo] Célia 1M  — Bairros nobres SP",2026-03-27,4695,4819,BRL,33.75,1,,273,,251,,1,2026-03-27,2026-03-27
"Instagram | Conversão 2026","[SP] BAIRROS NOBRES | SÃO PAULO & CIDADES DE SÃO PAULO","[Vídeo] Nimbus Tapete — Bairros nobres SP",2026-03-27,17411,18147,BRL,90.97,,,905,,695,,,2026-03-27,2026-03-27
"Instagram | Conversão WPP","DF|CWB|GO|SP 2","[Vídeo] Nimbus Sofá — DF|CWB|GO|SP 2",2026-03-27,879,967,BRL,25.67,1,,14,,1,,2,2026-03-27,2026-03-27
"Instagram | Conversão WPP","DF|CWB|GO|SP 2","[Imagem] Benefícios — DF|CWB|GO|SP 2",2026-03-27,163,174,BRL,4.45,,,1,,,,,2026-03-27,2026-03-27
"Instagram | Conversão WPP","DF|CWB|GO|SP 2","[Vídeo] Novo vídeo Nimbus — DF|CWB|GO|SP 2",2026-03-27,2042,2263,BRL,43.97,1,,139,,1,,,2026-03-27,2026-03-27
"Instagram | Conversão 2026","[SP] BAIRROS NOBRES | SÃO PAULO & CIDADES DE SÃO PAULO","[Imagem] Saúde — Bairros nobres SP",2026-03-27,9,9,BRL,0.04,,,,,,,,2026-03-27,2026-03-27
"Instagram | Conversão 2026","[SP] BAIRROS NOBRES | SÃO PAULO & CIDADES DE SÃO PAULO","[Vídeo] - Nimbus Alemã",2026-03-26,1,1,BRL,0.01,,,1,,1,,,2026-03-26,2026-03-26
"Instagram | Conversão 2026","[SP] BAIRROS NOBRES | SÃO PAULO & CIDADES DE SÃO PAULO","[Vídeo] Extratora HYLA — Bairros nobres SP",2026-03-26,9332,9564,BRL,57.96,7,,558,,419,,,2026-03-26,2026-03-26
"Instagram | Conversão 2026","[SP] BAIRROS NOBRES | SÃO PAULO & CIDADES DE SÃO PAULO","[Vídeo] Célia 1M  — Bairros nobres SP",2026-03-26,3902,4015,BRL,25.77,2,,228,,204,,,2026-03-26,2026-03-26
"Instagram | Conversão 2026","[SP] BAIRROS NOBRES | SÃO PAULO & CIDADES DE SÃO PAULO","[Vídeo] Nimbus Tapete — Bairros nobres SP",2026-03-26,11861,11953,BRL,63.7,,,592,,445,,1,2026-03-26,2026-03-26
"Instagram | Conversão 2026","[SP] BAIRROS NOBRES | SÃO PAULO & CIDADES DE SÃO PAULO","[Vídeo] Camila Pacanaro — Bairros nobres SP",2026-03-26,2,2,BRL,0.01,,,,,,,,2026-03-26,2026-03-26
"Instagram | Conversão 2026","[SP] BAIRROS NOBRES | SÃO PAULO & CIDADES DE SÃO PAULO","[Vídeo] HYLA & Acessórios — Bairros nobres SP",2026-03-26,1,1,BRL,0,,,,,,,,2026-03-26,2026-03-26
"Instagram | Conversão WPP","DF|CWB|GO|SP 2","[Vídeo] Célia 1M  — DF|CWB|GO|SP 2",2026-03-26,392,423,BRL,5.57,,,3,,,,,2026-03-26,2026-03-26
"Instagram | Conversão WPP","DF|CWB|GO|SP 2","[Vídeo] Nimbus Sofá — DF|CWB|GO|SP 2",2026-03-26,46,48,BRL,3.14,,,,,,,,2026-03-26,2026-03-26
"Instagram | Conversão WPP","DF|CWB|GO|SP 2","[Vídeo] Nimbus tapete branco — DF|CWB|GO|SP 2",2026-03-26,847,883,BRL,20.5,,,15,,,,,2026-03-26,2026-03-26
"Instagram | Conversão WPP","DF|CWB|GO|SP 2","[Imagem] Benefícios — DF|CWB|GO|SP 2",2026-03-26,55,58,BRL,1.19,,,,,,,,2026-03-26,2026-03-26
"Instagram | Conversão WPP","DF|CWB|GO|SP 2","[Vídeo] Novo vídeo Nimbus — DF|CWB|GO|SP 2",2026-03-26,975,1069,BRL,21.17,,,16,,,,,2026-03-26,2026-03-26
"Instagram | Conversão 2026","[SP] BAIRROS NOBRES | SÃO PAULO & CIDADES DE SÃO PAULO","[Imagem] Saúde — Bairros nobres SP",2026-03-26,2,2,BRL,0,,,,,,,,2026-03-26,2026-03-26
"Instagram | Conversão WPP","DF|CWB|GO|SP 2","[Imagem] Saúde — DF|CWB|GO|SP 2",2026-03-26,14,15,BRL,0.57,,,,,,,,2026-03-26,2026-03-26
"Instagram | Conversão WPP","DF|CWB|GO|SP 2","[Imagem] Carossel — DF|CWB|GO|SP 2",2026-03-26,26,26,BRL,0.26,,,1,,,,,2026-03-26,2026-03-26
"Instagram | Conversão 2026","[SP] BAIRROS NOBRES | SÃO PAULO & CIDADES DE SÃO PAULO","[Vídeo] Extratora HYLA — Bairros nobres SP",2026-03-25,16441,17251,BRL,95.34,4,,913,,716,,,2026-03-25,2026-03-25
"Instagram | Conversão 2026","[SP] BAIRROS NOBRES | SÃO PAULO & CIDADES DE SÃO PAULO","[Vídeo] Célia 1M  — Bairros nobres SP",2026-03-25,5404,5412,BRL,33.31,,,307,,259,,,2026-03-25,2026-03-25
"Instagram | Conversão 2026","[SP] BAIRROS NOBRES | SÃO PAULO & CIDADES DE SÃO PAULO","[Vídeo] Nimbus Tapete — Bairros nobres SP",2026-03-25,13697,14149,BRL,73.79,,,771,,602,,,2026-03-25,2026-03-25
"Instagram | Conversão 2026","[SP] BAIRROS NOBRES | SÃO PAULO & CIDADES DE SÃO PAULO","[Vídeo] HYLA & Acessórios — Bairros nobres SP",2026-03-25,1,1,BRL,0.01,,,,,,,,2026-03-25,2026-03-25
"Instagram | Conversão WPP","DF|CWB|GO|SP 2","[Vídeo] Célia 1M  — DF|CWB|GO|SP 2",2026-03-25,87,92,BRL,1.23,,,1,,,,,2026-03-25,2026-03-25
"Instagram | Conversão WPP","DF|CWB|GO|SP 2","[Vídeo] Nimbus Sofá — DF|CWB|GO|SP 2",2026-03-25,14,14,BRL,0.76,,,,,,,,2026-03-25,2026-03-25
"Instagram | Conversão WPP","DF|CWB|GO|SP 2","[Vídeo] Nimbus tapete branco — DF|CWB|GO|SP 2",2026-03-25,4974,5697,BRL,74.04,3,,106,,,,,2026-03-25,2026-03-25
"Instagram | Conversão WPP","DF|CWB|GO|SP 2","[Imagem] Benefícios — DF|CWB|GO|SP 2",2026-03-25,121,129,BRL,1.43,,,3,,,,,2026-03-25,2026-03-25
"Instagram | Conversão WPP","DF|CWB|GO|SP 2","[Vídeo] Novo vídeo Nimbus — DF|CWB|GO|SP 2",2026-03-25,43,48,BRL,1.3,,,2,,,,,2026-03-25,2026-03-25
"Instagram | Conversão 2026","[SP] BAIRROS NOBRES | SÃO PAULO & CIDADES DE SÃO PAULO","[Imagem] Saúde — Bairros nobres SP",2026-03-25,3,3,BRL,0,,,,,,,,2026-03-25,2026-03-25
"Instagram | Conversão 2026","[SP] BAIRROS NOBRES | SÃO PAULO & CIDADES DE SÃO PAULO","[Vídeo] - Nimbus Alemã",2026-03-24,22,22,BRL,0.09,,,2,,1,,,2026-03-24,2026-03-24
"Instagram | Conversão 2026","[SP] BAIRROS NOBRES | SÃO PAULO & CIDADES DE SÃO PAULO","[Vídeo] Extratora HYLA — Bairros nobres SP",2026-03-24,15985,16256,BRL,83.28,4,,877,,691,,,2026-03-24,2026-03-24
"Instagram | Conversão 2026","[SP] BAIRROS NOBRES | SÃO PAULO & CIDADES DE SÃO PAULO","[Vídeo] Célia 1M  — Bairros nobres SP",2026-03-24,4326,4541,BRL,25.23,,,238,,199,,,2026-03-24,2026-03-24
"Instagram | Conversão 2026","[SP] BAIRROS NOBRES | SÃO PAULO & CIDADES DE SÃO PAULO","[Vídeo] Nimbus Tapete — Bairros nobres SP",2026-03-24,16154,16387,BRL,76.31,,,821,,609,,2,2026-03-24,2026-03-24
"Instagram | Conversão 2026","[SP] BAIRROS NOBRES | SÃO PAULO & CIDADES DE SÃO PAULO","[Vídeo] Camila Pacanaro — Bairros nobres SP",2026-03-24,8,8,BRL,0.02,,,,,,,,2026-03-24,2026-03-24
"Instagram | Conversão WPP","DF|CWB|GO|SP 2","[Vídeo] Célia 1M  — DF|CWB|GO|SP 2",2026-03-24,561,607,BRL,16.37,,,7,,,,,2026-03-24,2026-03-24
"Instagram | Conversão WPP","DF|CWB|GO|SP 2","[Vídeo] Nimbus tapete branco — DF|CWB|GO|SP 2",2026-03-24,1659,1876,BRL,35.59,1,,25,,,,,2026-03-24,2026-03-24
"Instagram | Conversão WPP","DF|CWB|GO|SP 2","[Imagem] Benefícios — DF|CWB|GO|SP 2",2026-03-24,8,8,BRL,0.1,,,,,,,,2026-03-24,2026-03-24
"Instagram | Conversão WPP","DF|CWB|GO|SP 2","[Vídeo] Novo vídeo Nimbus — DF|CWB|GO|SP 2",2026-03-24,177,191,BRL,5.41,,,1,,,,,2026-03-24,2026-03-24
"Instagram | Conversão WPP","DF|CWB|GO|SP 2","[Imagem] Saúde — DF|CWB|GO|SP 2",2026-03-24,12,19,BRL,0.88,,,1,,,,,2026-03-24,2026-03-24
"Instagram | Conversão 2026","[SP] BAIRROS NOBRES | SÃO PAULO & CIDADES DE SÃO PAULO","[Vídeo] Extratora HYLA — Bairros nobres SP",2026-03-23,13741,14187,BRL,61.98,4,,750,,592,,1,2026-03-23,2026-03-23
"Instagram | Conversão 2026","[SP] BAIRROS NOBRES | SÃO PAULO & CIDADES DE SÃO PAULO","[Vídeo] Célia 1M  — Bairros nobres SP",2026-03-23,5996,6154,BRL,28.88,1,,329,,263,,2,2026-03-23,2026-03-23
"Instagram | Conversão 2026","[SP] BAIRROS NOBRES | SÃO PAULO & CIDADES DE SÃO PAULO","[Vídeo] Nimbus Tapete — Bairros nobres SP",2026-03-23,25695,26741,BRL,108.52,2,,1366,,1020,,1,2026-03-23,2026-03-23
"Instagram | Conversão WPP","DF|CWB|GO|SP 2","[Vídeo] Célia 1M  — DF|CWB|GO|SP 2",2026-03-23,381,439,BRL,16.28,1,,5,,,,,2026-03-23,2026-03-23
"Instagram | Conversão WPP","DF|CWB|GO|SP 2","[Vídeo] Nimbus tapete branco — DF|CWB|GO|SP 2",2026-03-23,825,862,BRL,23.27,,,60,,,,,2026-03-23,2026-03-23
"Instagram | Conversão WPP","DF|CWB|GO|SP 2","[Imagem] Benefícios — DF|CWB|GO|SP 2",2026-03-23,2127,3290,BRL,47.84,,,14,,,,,2026-03-23,2026-03-23
"Instagram | Conversão 2026","[SP] BAIRROS NOBRES | SÃO PAULO & CIDADES DE SÃO PAULO","[Imagem] Saúde — Bairros nobres SP",2026-03-23,3,3,BRL,0,,,,,,,,2026-03-23,2026-03-23
"Instagram | Conversão WPP","DF|CWB|GO|SP 2","[Imagem] Saúde — DF|CWB|GO|SP 2",2026-03-23,4,6,BRL,0.89,,,,,,,,2026-03-23,2026-03-23
"Instagram | Conversão 2026","[SP] BAIRROS NOBRES | SÃO PAULO & CIDADES DE SÃO PAULO","[Vídeo] - Nimbus Alemã",2026-03-22,9,9,BRL,0.04,,,,,,,,2026-03-22,2026-03-22
"Instagram | Conversão 2026","[SP] BAIRROS NOBRES | SÃO PAULO & CIDADES DE SÃO PAULO","[Vídeo] Extratora HYLA — Bairros nobres SP",2026-03-22,14573,15846,BRL,66.48,3,,861,,699,,,2026-03-22,2026-03-22
"Instagram | Conversão 2026","[SP] BAIRROS NOBRES | SÃO PAULO & CIDADES DE SÃO PAULO","[Vídeo] Célia 1M  — Bairros nobres SP",2026-03-22,5925,6191,BRL,27.47,1,,334,,292,,2,2026-03-22,2026-03-22
"Instagram | Conversão 2026","[SP] BAIRROS NOBRES | SÃO PAULO & CIDADES DE SÃO PAULO","[Vídeo] Nimbus Tapete — Bairros nobres SP",2026-03-22,30456,31929,BRL,131.37,,,1714,,1330,,1,2026-03-22,2026-03-22
"Instagram | Conversão WPP","DF|CWB|GO|SP 2","[Vídeo] Célia 1M  — DF|CWB|GO|SP 2",2026-03-22,800,969,BRL,25.06,2,,26,,,,,2026-03-22,2026-03-22
"Instagram | Conversão WPP","DF|CWB|GO|SP 2","[Imagem] Benefícios — DF|CWB|GO|SP 2",2026-03-22,1815,2822,BRL,36.97,,,9,,,,,2026-03-22,2026-03-22
"Instagram | Conversão 2026","[SP] BAIRROS NOBRES | SÃO PAULO & CIDADES DE SÃO PAULO","[Imagem] Saúde — Bairros nobres SP",2026-03-22,3,5,BRL,0.01,,,,,,,,2026-03-22,2026-03-22
"Instagram | Conversão 2026","[SP] BAIRROS NOBRES | SÃO PAULO & CIDADES DE SÃO PAULO","[Vídeo] - Nimbus Alemã",2026-03-21,1,1,BRL,0.03,,,,,,,,2026-03-21,2026-03-21
"Instagram | Conversão 2026","[SP] BAIRROS NOBRES | SÃO PAULO & CIDADES DE SÃO PAULO","[Vídeo] Extratora HYLA — Bairros nobres SP",2026-03-21,7343,7650,BRL,33.16,3,,468,,393,,,2026-03-21,2026-03-21
"Instagram | Conversão 2026","[SP] BAIRROS NOBRES | SÃO PAULO & CIDADES DE SÃO PAULO","[Vídeo] Célia 1M  — Bairros nobres SP",2026-03-21,4766,4796,BRL,22.84,,,243,,202,,1,2026-03-21,2026-03-21
"Instagram | Conversão 2026","[SP] BAIRROS NOBRES | SÃO PAULO & CIDADES DE SÃO PAULO","[Vídeo] Nimbus Tapete — Bairros nobres SP",2026-03-21,27662,27662,BRL,118.81,1,,1535,,1232,,,2026-03-21,2026-03-21
"Instagram | Conversão WPP","DF|CWB|GO|SP 2","[Vídeo] Célia 1M  — DF|CWB|GO|SP 2",2026-03-21,2710,3271,BRL,51.84,1,,32,,,,,2026-03-21,2026-03-21
"Instagram | Conversão WPP","DF|CWB|GO|SP 2","[Imagem] Benefícios — DF|CWB|GO|SP 2",2026-03-21,18,19,BRL,0.15,,,,,,,,2026-03-21,2026-03-21
"Instagram | Conversão 2026","[SP] BAIRROS NOBRES | SÃO PAULO & CIDADES DE SÃO PAULO","[Imagem] Saúde — Bairros nobres SP",2026-03-21,2,2,BRL,0,,,,,,,,2026-03-21,2026-03-21
"Instagram | Conversão 2026","[SP] BAIRROS NOBRES | SÃO PAULO & CIDADES DE SÃO PAULO","[Vídeo] Extratora HYLA — Bairros nobres SP",2026-03-20,6481,6932,BRL,35.51,1,,396,2,297,,,2026-03-20,2026-03-20
"Instagram | Conversão 2026","[SP] BAIRROS NOBRES | SÃO PAULO & CIDADES DE SÃO PAULO","[Vídeo] Célia 1M  — Bairros nobres SP",2026-03-20,6067,6378,BRL,33.58,,,336,,263,,,2026-03-20,2026-03-20
"Instagram | Conversão 2026","[SP] BAIRROS NOBRES | SÃO PAULO & CIDADES DE SÃO PAULO","[Vídeo] Nimbus Tapete — Bairros nobres SP",2026-03-20,21629,22320,BRL,111.38,,,1193,,911,,1,2026-03-20,2026-03-20
"Instagram | Conversão WPP","DF|CWB|GO|SP 2","[Vídeo] Célia 1M  — DF|CWB|GO|SP 2",2026-03-20,1476,1726,BRL,42.63,,,21,,2,,2,2026-03-20,2026-03-20
"Instagram | Conversão WPP","DF|CWB|GO|SP 2","[Vídeo] Nimbus Sofá — DF|CWB|GO|SP 2",2026-03-20,1,1,BRL,0.03,,,,,,,,2026-03-20,2026-03-20
"Instagram | Conversão WPP","DF|CWB|GO|SP 2","[Vídeo] Nimbus tapete branco — DF|CWB|GO|SP 2",2026-03-20,4,4,BRL,0.05,,,,,,,,2026-03-20,2026-03-20
"Instagram | Conversão WPP","DF|CWB|GO|SP 2","[Imagem] Benefícios — DF|CWB|GO|SP 2",2026-03-20,273,333,BRL,2.93,,,,,,,,2026-03-20,2026-03-20
"Instagram | Conversão WPP","DF|CWB|GO|SP 2","[Vídeo] Novo vídeo Nimbus — DF|CWB|GO|SP 2",2026-03-20,39,41,BRL,1.63,,,2,,,,,2026-03-20,2026-03-20
"Instagram | Conversão 2026","[SP] BAIRROS NOBRES | SÃO PAULO & CIDADES DE SÃO PAULO","[Imagem] Saúde — Bairros nobres SP",2026-03-20,3,3,BRL,0,,,,,,,,2026-03-20,2026-03-20
"Instagram | Conversão WPP","DF|CWB|GO|SP 2","[Imagem] Saúde — DF|CWB|GO|SP 2",2026-03-20,1,1,BRL,0.03,,,,,,,,2026-03-20,2026-03-20
"Instagram | Conversão 2026","[SP] BAIRROS NOBRES | SÃO PAULO & CIDADES DE SÃO PAULO","[Vídeo] - Nimbus Alemã",2026-03-19,7,7,BRL,0.01,,,,,,,,2026-03-19,2026-03-19
"Instagram | Conversão 2026","[SP] BAIRROS NOBRES | SÃO PAULO & CIDADES DE SÃO PAULO","[Vídeo] Extratora HYLA — Bairros nobres SP",2026-03-19,5965,6269,BRL,31.04,1,,377,,289,,,2026-03-19,2026-03-19
"Instagram | Conversão 2026","[SP] BAIRROS NOBRES | SÃO PAULO & CIDADES DE SÃO PAULO","[Vídeo] Célia 1M  — Bairros nobres SP",2026-03-19,7016,7434,BRL,36.31,,,379,,307,,,2026-03-19,2026-03-19
"Instagram | Conversão 2026","[SP] BAIRROS NOBRES | SÃO PAULO & CIDADES DE SÃO PAULO","[Vídeo] Nimbus Tapete — Bairros nobres SP",2026-03-19,20746,21570,BRL,99.09,,,1205,,856,,,2026-03-19,2026-03-19
"Instagram | Conversão 2026","[SP] BAIRROS NOBRES | SÃO PAULO & CIDADES DE SÃO PAULO","[Vídeo] Camila Pacanaro — Bairros nobres SP",2026-03-19,6,6,BRL,0.01,,,,,,,,2026-03-19,2026-03-19
"Instagram | Conversão WPP","DF|CWB|GO|SP 2","[Vídeo] Célia 1M  — DF|CWB|GO|SP 2",2026-03-19,1212,1358,BRL,34.38,1,,19,,2,,,2026-03-19,2026-03-19
"Instagram | Conversão WPP","DF|CWB|GO|SP 2","[Vídeo] Nimbus Sofá — DF|CWB|GO|SP 2",2026-03-19,287,299,BRL,9.8,,,9,,,,,2026-03-19,2026-03-19
"Instagram | Conversão WPP","DF|CWB|GO|SP 2","[Vídeo] Nimbus tapete branco — DF|CWB|GO|SP 2",2026-03-19,4,4,BRL,0.06,,,,,,,,2026-03-19,2026-03-19
"Instagram | Conversão WPP","DF|CWB|GO|SP 2","[Vídeo] Novo vídeo Nimbus — DF|CWB|GO|SP 2",2026-03-19,204,215,BRL,7.46,,,3,,,,,2026-03-19,2026-03-19
"Instagram | Conversão 2026","[SP] BAIRROS NOBRES | SÃO PAULO & CIDADES DE SÃO PAULO","[Imagem] Saúde — Bairros nobres SP",2026-03-19,1,1,BRL,0,,,,,,,,2026-03-19,2026-03-19
"Instagram | Conversão 2026","[SP] BAIRROS NOBRES | SÃO PAULO & CIDADES DE SÃO PAULO","[Vídeo] Extratora HYLA — Bairros nobres SP",2026-03-18,6178,6508,BRL,29.69,3,,383,,275,,,2026-03-18,2026-03-18
"Instagram | Conversão 2026","[SP] BAIRROS NOBRES | SÃO PAULO & CIDADES DE SÃO PAULO","[Vídeo] Célia 1M  — Bairros nobres SP",2026-03-18,7541,7618,BRL,36.98,2,,389,,317,,,2026-03-18,2026-03-18
"Instagram | Conversão 2026","[SP] BAIRROS NOBRES | SÃO PAULO & CIDADES DE SÃO PAULO","[Vídeo] Nimbus Tapete — Bairros nobres SP",2026-03-18,21861,21901,BRL,98.54,1,,1188,,830,,1,2026-03-18,2026-03-18
"Instagram | Conversão 2026","[SP] BAIRROS NOBRES | SÃO PAULO & CIDADES DE SÃO PAULO","[Vídeo] Camila Pacanaro — Bairros nobres SP",2026-03-18,1,1,BRL,0,,,,,,,,2026-03-18,2026-03-18
"Instagram | Conversão 2026","[SP] BAIRROS NOBRES | SÃO PAULO & CIDADES DE SÃO PAULO","[Vídeo] HYLA & Acessórios — Bairros nobres SP",2026-03-18,1,1,BRL,0,,,,,,,,2026-03-18,2026-03-18
"Instagram | Conversão WPP","DF|CWB|GO|SP 2","[Vídeo] Célia 1M  — DF|CWB|GO|SP 2",2026-03-18,1114,1329,BRL,39.35,,,22,,,,,2026-03-18,2026-03-18
"Instagram | Conversão WPP","DF|CWB|GO|SP 2","[Vídeo] Nimbus Sofá — DF|CWB|GO|SP 2",2026-03-18,247,265,BRL,11.61,,,2,,,,,2026-03-18,2026-03-18
"Instagram | Conversão WPP","DF|CWB|GO|SP 2","[Vídeo] Nimbus tapete branco — DF|CWB|GO|SP 2",2026-03-18,38,40,BRL,0.88,,,2,,,,,2026-03-18,2026-03-18
"Instagram | Conversão WPP","DF|CWB|GO|SP 2","[Imagem] Benefícios — DF|CWB|GO|SP 2",2026-03-18,5,5,BRL,0.08,,,,,,,,2026-03-18,2026-03-18
"Instagram | Conversão WPP","DF|CWB|GO|SP 2","[Vídeo] Novo vídeo Nimbus — DF|CWB|GO|SP 2",2026-03-18,211,241,BRL,12.33,,,5,,,,,2026-03-18,2026-03-18
"Instagram | Conversão 2026","[SP] BAIRROS NOBRES | SÃO PAULO & CIDADES DE SÃO PAULO","[Imagem] Saúde — Bairros nobres SP",2026-03-18,1,1,BRL,0,,,,,,,,2026-03-18,2026-03-18
"Instagram | Conversão WPP","DF|CWB|GO|SP 2","[Imagem] Saúde — DF|CWB|GO|SP 2",2026-03-18,19,25,BRL,1.43,,,,,,,,2026-03-18,2026-03-18
"Instagram | Conversão 2026","[SP] BAIRROS NOBRES | SÃO PAULO & CIDADES DE SÃO PAULO","[Vídeo] - Nimbus Alemã",2026-03-17,10,10,BRL,0.02,,,,,,,,2026-03-17,2026-03-17
"Instagram | Conversão 2026","[SP] BAIRROS NOBRES | SÃO PAULO & CIDADES DE SÃO PAULO","[Vídeo] Extratora HYLA — Bairros nobres SP",2026-03-17,2465,2499,BRL,11.7,,,141,,91,,1,2026-03-17,2026-03-17
"Instagram | Conversão 2026","[SP] BAIRROS NOBRES | SÃO PAULO & CIDADES DE SÃO PAULO","[Vídeo] Célia 1M  — Bairros nobres SP",2026-03-17,9065,9340,BRL,46.5,3,,496,,373,,1,2026-03-17,2026-03-17
"Instagram | Conversão 2026","[SP] BAIRROS NOBRES | SÃO PAULO & CIDADES DE SÃO PAULO","[Vídeo] Nimbus Tapete — Bairros nobres SP",2026-03-17,33137,35220,BRL,168.33,2,,1980,,1368,,,2026-03-17,2026-03-17
"Instagram | Conversão 2026","[SP] BAIRROS NOBRES | SÃO PAULO & CIDADES DE SÃO PAULO","[Vídeo] HYLA & Acessórios — Bairros nobres SP",2026-03-17,3,4,BRL,0,,,,,,,,2026-03-17,2026-03-17
"Instagram | Conversão WPP","DF|CWB|GO|SP 2","[Vídeo] Célia 1M  — DF|CWB|GO|SP 2",2026-03-17,1782,2011,BRL,46.45,,,23,,,,,2026-03-17,2026-03-17
"Instagram | Conversão WPP","DF|CWB|GO|SP 2","[Vídeo] Nimbus Sofá — DF|CWB|GO|SP 2",2026-03-17,205,211,BRL,11.45,,,4,,,,,2026-03-17,2026-03-17
"Instagram | Conversão WPP","DF|CWB|GO|SP 2","[Vídeo] Nimbus tapete branco — DF|CWB|GO|SP 2",2026-03-17,150,155,BRL,4.28,,,2,,,,,2026-03-17,2026-03-17
"Instagram | Conversão WPP","DF|CWB|GO|SP 2","[Imagem] Benefícios — DF|CWB|GO|SP 2",2026-03-17,4,5,BRL,0.5,,,,,,,,2026-03-17,2026-03-17
"Instagram | Conversão WPP","DF|CWB|GO|SP 2","[Vídeo] Novo vídeo Nimbus — DF|CWB|GO|SP 2",2026-03-17,546,645,BRL,28.86,,,9,2,1,2,1,2026-03-17,2026-03-17
"Instagram | Conversão 2026","[SP] BAIRROS NOBRES | SÃO PAULO & CIDADES DE SÃO PAULO","[Imagem] Saúde — Bairros nobres SP",2026-03-17,4,4,BRL,0,,,,,,,,2026-03-17,2026-03-17
"Instagram | Conversão WPP","DF|CWB|GO|SP 2","[Imagem] Saúde — DF|CWB|GO|SP 2",2026-03-17,10,11,BRL,0.08,,,,,,,,2026-03-17,2026-03-17
"Instagram | Conversão 2026","[SP] BAIRROS NOBRES | SÃO PAULO & CIDADES DE SÃO PAULO","[Vídeo] - Nimbus Alemã",2026-03-16,1,1,BRL,0,,,1,,1,,,2026-03-16,2026-03-16
"Instagram | Conversão 2026","[SP] BAIRROS NOBRES | SÃO PAULO & CIDADES DE SÃO PAULO","[Vídeo] Extratora HYLA — Bairros nobres SP",2026-03-16,7028,7145,BRL,25.18,1,,305,,230,,2,2026-03-16,2026-03-16
"Instagram | Conversão 2026","[SP] BAIRROS NOBRES | SÃO PAULO & CIDADES DE SÃO PAULO","[Vídeo] Célia 1M  — Bairros nobres SP",2026-03-16,6200,6210,BRL,29.92,,,300,,229,,1,2026-03-16,2026-03-16
"Instagram | Conversão 2026","[SP] BAIRROS NOBRES | SÃO PAULO & CIDADES DE SÃO PAULO","[Vídeo] Nimbus Tapete — Bairros nobres SP",2026-03-16,25071,25391,BRL,112.88,1,,1193,,853,,1,2026-03-16,2026-03-16
"Instagram | Conversão 2026","[SP] BAIRROS NOBRES | SÃO PAULO & CIDADES DE SÃO PAULO","[Vídeo] Trend Viral — Bairros nobres SP",2026-03-16,1,1,BRL,0,,,,,,,,2026-03-16,2026-03-16
"Instagram | Conversão WPP","DF|CWB|GO|SP 2","[Vídeo] Célia 1M  — DF|CWB|GO|SP 2",2026-03-16,1121,1259,BRL,37.41,1,,18,,1,,,2026-03-16,2026-03-16
"Instagram | Conversão WPP","DF|CWB|GO|SP 2","[Vídeo] Nimbus Sofá — DF|CWB|GO|SP 2",2026-03-16,2274,2479,BRL,57.36,1,,32,,2,,,2026-03-16,2026-03-16
"Instagram | Conversão WPP","DF|CWB|GO|SP 2","[Imagem] Benefícios — DF|CWB|GO|SP 2",2026-03-16,114,124,BRL,4.04,,,,,,,,2026-03-16,2026-03-16
"Instagram | Conversão WPP","DF|CWB|GO|SP 2","[Vídeo] Novo vídeo Nimbus — DF|CWB|GO|SP 2",2026-03-16,115,119,BRL,4.2,,,2,,,,,2026-03-16,2026-03-16
"Instagram | Conversão 2026","[SP] BAIRROS NOBRES | SÃO PAULO & CIDADES DE SÃO PAULO","[Imagem] Saúde — Bairros nobres SP",2026-03-16,7,8,BRL,0,,,,,,,,2026-03-16,2026-03-16
"Instagram | Conversão WPP","DF|CWB|GO|SP 2","[Imagem] Saúde — DF|CWB|GO|SP 2",2026-03-16,14,20,BRL,2.06,,,,,,,,2026-03-16,2026-03-16
"ADRIANA FERRO & HYLA","ADRIANA FERRO & HYLA - EVENTO ON-LINE P/ ORGANIZERS","[VÍDEO] HYLA",2026-03-16,0,0,BRL,0,1,,,,6,,,2026-03-16,2026-03-16
"Instagram | Conversão 2026","[SP] BAIRROS NOBRES | SÃO PAULO & CIDADES DE SÃO PAULO","[Vídeo] Extratora HYLA — Bairros nobres SP",2026-03-15,20792,20958,BRL,72.18,,,982,,784,,3,2026-03-15,2026-03-15
"Instagram | Conversão 2026","[SP] BAIRROS NOBRES | SÃO PAULO & CIDADES DE SÃO PAULO","[Vídeo] Célia 1M  — Bairros nobres SP",2026-03-15,4151,4265,BRL,16.04,,,214,,183,,1,2026-03-15,2026-03-15
"Instagram | Conversão 2026","[SP] BAIRROS NOBRES | SÃO PAULO & CIDADES DE SÃO PAULO","[Vídeo] Nimbus Tapete — Bairros nobres SP",2026-03-15,28566,28766,BRL,83.39,,,1130,,873,,2,2026-03-15,2026-03-15
"Instagram | Conversão 2026","[SP] BAIRROS NOBRES | SÃO PAULO & CIDADES DE SÃO PAULO","[Vídeo] Camila Pacanaro — Bairros nobres SP",2026-03-15,6,6,BRL,0.07,,,1,,,,,2026-03-15,2026-03-15
"Instagram | Conversão 2026","[SP] BAIRROS NOBRES | SÃO PAULO & CIDADES DE SÃO PAULO","[Vídeo] HYLA & Acessórios — Bairros nobres SP",2026-03-15,3,3,BRL,0,,,1,,1,,,2026-03-15,2026-03-15
"Instagram | Conversão WPP","DF|CWB|GO|SP 2","[Vídeo] Célia 1M  — DF|CWB|GO|SP 2",2026-03-15,1074,1387,BRL,30.18,,,29,,,,,2026-03-15,2026-03-15
"Instagram | Conversão WPP","DF|CWB|GO|SP 2","[Vídeo] Nimbus Sofá — DF|CWB|GO|SP 2",2026-03-15,305,323,BRL,7.22,,,9,,,,,2026-03-15,2026-03-15
"Instagram | Conversão WPP","DF|CWB|GO|SP 2","[Vídeo] Nimbus tapete branco — DF|CWB|GO|SP 2",2026-03-15,1,1,BRL,0,,,,,,,,2026-03-15,2026-03-15
"Instagram | Conversão WPP","DF|CWB|GO|SP 2","[Vídeo] Novo vídeo Nimbus — DF|CWB|GO|SP 2",2026-03-15,11,11,BRL,0.42,,,,,,,,2026-03-15,2026-03-15
"Instagram | Conversão 2026","[SP] BAIRROS NOBRES | SÃO PAULO & CIDADES DE SÃO PAULO","[Imagem] Saúde — Bairros nobres SP",2026-03-15,1,1,BRL,0,,,,,,,,2026-03-15,2026-03-15
"Instagram | Conversão 2026","[SP] BAIRROS NOBRES | SÃO PAULO & CIDADES DE SÃO PAULO","[Vídeo] Extratora HYLA — Bairros nobres SP",2026-03-14,16277,17218,BRL,65.55,2,,903,,707,,4,2026-03-14,2026-03-14
"Instagram | Conversão 2026","[SP] BAIRROS NOBRES | SÃO PAULO & CIDADES DE SÃO PAULO","[Vídeo] Célia 1M  — Bairros nobres SP",2026-03-14,1691,1738,BRL,7.49,,,84,,71,,,2026-03-14,2026-03-14
"Instagram | Conversão 2026","[SP] BAIRROS NOBRES | SÃO PAULO & CIDADES DE SÃO PAULO","[Vídeo] Nimbus Tapete — Bairros nobres SP",2026-03-14,20262,20798,BRL,70.71,,,936,,705,,,2026-03-14,2026-03-14
"Instagram | Conversão WPP","DF|CWB|GO|SP 2","[Vídeo] Célia 1M  — DF|CWB|GO|SP 2",2026-03-14,1677,2092,BRL,46.07,1,,50,,,,,2026-03-14,2026-03-14
"Instagram | Conversão WPP","DF|CWB|GO|SP 2","[Vídeo] Nimbus Sofá — DF|CWB|GO|SP 2",2026-03-14,8,8,BRL,0.2,,,,,,,,2026-03-14,2026-03-14
"Instagram | Conversão WPP","DF|CWB|GO|SP 2","[Imagem] Benefícios — DF|CWB|GO|SP 2",2026-03-14,2,2,BRL,0.03,,,,,,,,2026-03-14,2026-03-14
"Instagram | Conversão 2026","[SP] BAIRROS NOBRES | SÃO PAULO & CIDADES DE SÃO PAULO","[Vídeo] Extratora HYLA — Bairros nobres SP",2026-03-13,16280,16415,BRL,61.98,,,796,,608,,1,2026-03-13,2026-03-13
"Instagram | Conversão 2026","[SP] BAIRROS NOBRES | SÃO PAULO & CIDADES DE SÃO PAULO","[Vídeo] Célia 1M  — Bairros nobres SP",2026-03-13,3367,3581,BRL,14.31,,,166,,129,,,2026-03-13,2026-03-13
"Instagram | Conversão 2026","[SP] BAIRROS NOBRES | SÃO PAULO & CIDADES DE SÃO PAULO","[Vídeo] Nimbus Tapete — Bairros nobres SP",2026-03-13,20551,20710,BRL,70.62,,,946,,721,,1,2026-03-13,2026-03-13
"Instagram | Conversão 2026","[SP] BAIRROS NOBRES | SÃO PAULO & CIDADES DE SÃO PAULO","[Vídeo] Camila Pacanaro — Bairros nobres SP",2026-03-13,9,9,BRL,0,,,,,,,,2026-03-13,2026-03-13
"Instagram | Conversão WPP","DF|CWB|GO|SP 2","[Vídeo] Célia 1M  — DF|CWB|GO|SP 2",2026-03-13,875,1038,BRL,23.14,2,,26,,,,,2026-03-13,2026-03-13
"Instagram | Conversão WPP","DF|CWB|GO|SP 2","[Vídeo] Nimbus Sofá — DF|CWB|GO|SP 2",2026-03-13,504,554,BRL,12.41,1,,18,,1,,,2026-03-13,2026-03-13
"Instagram | Conversão WPP","DF|CWB|GO|SP 2","[Vídeo] Nimbus tapete branco — DF|CWB|GO|SP 2",2026-03-13,36,37,BRL,1.08,,,2,,,,,2026-03-13,2026-03-13
"Instagram | Conversão WPP","DF|CWB|GO|SP 2","[Vídeo] Novo vídeo Nimbus — DF|CWB|GO|SP 2",2026-03-13,13,14,BRL,0.23,,,,,,,,2026-03-13,2026-03-13
"Instagram | Conversão 2026","[SP] BAIRROS NOBRES | SÃO PAULO & CIDADES DE SÃO PAULO","[Imagem] Saúde — Bairros nobres SP",2026-03-13,1,1,BRL,0,,,,,,,,2026-03-13,2026-03-13
"Instagram | Conversão WPP","DF|CWB|GO|SP 2","[Imagem] Saúde — DF|CWB|GO|SP 2",2026-03-13,1,1,BRL,0.03,,,,,,,,2026-03-13,2026-03-13
"ADRIANA FERRO & HYLA","ADRIANA FERRO & HYLA - EVENTO ON-LINE P/ ORGANIZERS","[VÍDEO] MALA",2026-03-13,14,14,BRL,0.26,,,,,,,,2026-03-13,2026-03-13
"ADRIANA FERRO & HYLA","ADRIANA FERRO & HYLA - EVENTO ON-LINE P/ ORGANIZERS","[VÍDEO] CLOSET",2026-03-13,32,34,BRL,0.29,,,,,,,,2026-03-13,2026-03-13
"ADRIANA FERRO & HYLA","ADRIANA FERRO & HYLA - EVENTO ON-LINE P/ ORGANIZERS","[VÍDEO] HYLA",2026-03-13,649,669,BRL,12.29,12,,15,5,9,2,1,2026-03-13,2026-03-13
"Instagram | Conversão 2026","[SP] BAIRROS NOBRES | SÃO PAULO & CIDADES DE SÃO PAULO","[Vídeo] Extratora HYLA — Bairros nobres SP",2026-03-12,17491,18297,BRL,69.01,1,,898,,666,,1,2026-03-12,2026-03-12
"Instagram | Conversão 2026","[SP] BAIRROS NOBRES | SÃO PAULO & CIDADES DE SÃO PAULO","[Vídeo] Célia 1M  — Bairros nobres SP",2026-03-12,5067,5168,BRL,20.64,,,234,,185,,,2026-03-12,2026-03-12
"Instagram | Conversão 2026","[SP] BAIRROS NOBRES | SÃO PAULO & CIDADES DE SÃO PAULO","[Vídeo] Nimbus Tapete — Bairros nobres SP",2026-03-12,19161,19161,BRL,62.32,,,806,,597,,1,2026-03-12,2026-03-12
"Instagram | Conversão WPP","DF|CWB|GO|SP 2","[Vídeo] Célia 1M  — DF|CWB|GO|SP 2",2026-03-12,1005,1158,BRL,22.75,2,,22,,,,,2026-03-12,2026-03-12
"Instagram | Conversão WPP","DF|CWB|GO|SP 2","[Vídeo] Nimbus Sofá — DF|CWB|GO|SP 2",2026-03-12,1249,1426,BRL,31.04,2,,18,,1,,,2026-03-12,2026-03-12
"Instagram | Conversão WPP","DF|CWB|GO|SP 2","[Vídeo] Nimbus tapete branco — DF|CWB|GO|SP 2",2026-03-12,14,14,BRL,0.44,,,2,,,,,2026-03-12,2026-03-12
"Instagram | Conversão 2026","[SP] BAIRROS NOBRES | SÃO PAULO & CIDADES DE SÃO PAULO","[Imagem] Saúde — Bairros nobres SP",2026-03-12,1,1,BRL,0.01,,,,,,,,2026-03-12,2026-03-12
"Instagram | Conversão WPP","DF|CWB|GO|SP 2","[Imagem] Saúde — DF|CWB|GO|SP 2",2026-03-12,10,13,BRL,0.46,,,,,,,,2026-03-12,2026-03-12
"ADRIANA FERRO & HYLA","ADRIANA FERRO & HYLA - EVENTO ON-LINE P/ ORGANIZERS","[VÍDEO] MALA",2026-03-12,6,6,BRL,0.11,,,2,,,,,2026-03-12,2026-03-12
"ADRIANA FERRO & HYLA","ADRIANA FERRO & HYLA - EVENTO ON-LINE P/ ORGANIZERS","[VÍDEO] CLOSET",2026-03-12,63,69,BRL,1.38,,,1,,,,,2026-03-12,2026-03-12
"ADRIANA FERRO & HYLA","ADRIANA FERRO & HYLA - EVENTO ON-LINE P/ ORGANIZERS","[VÍDEO] HYLA",2026-03-12,1593,1787,BRL,38.07,16,,53,,4,,1,2026-03-12,2026-03-12
"Instagram | Conversão 2026","[SP] BAIRROS NOBRES | SÃO PAULO & CIDADES DE SÃO PAULO","[Vídeo] Extratora HYLA — Bairros nobres SP",2026-03-11,15694,16377,BRL,66.41,1,,888,,661,,2,2026-03-11,2026-03-11
"Instagram | Conversão 2026","[SP] BAIRROS NOBRES | SÃO PAULO & CIDADES DE SÃO PAULO","[Vídeo] Célia 1M  — Bairros nobres SP",2026-03-11,5601,5602,BRL,23.61,,,291,,232,,1,2026-03-11,2026-03-11
"Instagram | Conversão 2026","[SP] BAIRROS NOBRES | SÃO PAULO & CIDADES DE SÃO PAULO","[Vídeo] Nimbus Tapete — Bairros nobres SP",2026-03-11,16258,16806,BRL,57.15,,,816,,599,,,2026-03-11,2026-03-11
"Instagram | Conversão WPP","DF|CWB|GO|SP 2","[Vídeo] Célia 1M  — DF|CWB|GO|SP 2",2026-03-11,1351,1594,BRL,36.52,1,,38,,2,,,2026-03-11,2026-03-11
"Instagram | Conversão WPP","DF|CWB|GO|SP 2","[Vídeo] Nimbus Sofá — DF|CWB|GO|SP 2",2026-03-11,1718,1862,BRL,44.5,,,36,,,,,2026-03-11,2026-03-11
"Instagram | Conversão WPP","DF|CWB|GO|SP 2","[Imagem] Benefícios — DF|CWB|GO|SP 2",2026-03-11,8,8,BRL,0.32,,,2,,,,,2026-03-11,2026-03-11
"Instagram | Conversão WPP","DF|CWB|GO|SP 2","[Vídeo] Novo vídeo Nimbus — DF|CWB|GO|SP 2",2026-03-11,16,16,BRL,0.23,,,,,,,,2026-03-11,2026-03-11
"Instagram | Conversão 2026","[SP] BAIRROS NOBRES | SÃO PAULO & CIDADES DE SÃO PAULO","[Imagem] Saúde — Bairros nobres SP",2026-03-11,4,4,BRL,0,,,1,,1,,,2026-03-11,2026-03-11
"Instagram | Conversão WPP","DF|CWB|GO|SP 2","[Imagem] Saúde — DF|CWB|GO|SP 2",2026-03-11,29,51,BRL,3.48,,,,,,,,2026-03-11,2026-03-11
"ADRIANA FERRO & HYLA","ADRIANA FERRO & HYLA - EVENTO ON-LINE P/ ORGANIZERS","[VÍDEO] MALA",2026-03-11,56,67,BRL,1.19,,,3,,,,,2026-03-11,2026-03-11
"ADRIANA FERRO & HYLA","ADRIANA FERRO & HYLA - EVENTO ON-LINE P/ ORGANIZERS","[VÍDEO] CLOSET",2026-03-11,37,44,BRL,1.09,,,1,,,,,2026-03-11,2026-03-11
"ADRIANA FERRO & HYLA","ADRIANA FERRO & HYLA - EVENTO ON-LINE P/ ORGANIZERS","[VÍDEO] HYLA",2026-03-11,1522,1671,BRL,37.48,7,,42,,,,,2026-03-11,2026-03-11
"Instagram | Conversão 2026","[SP] BAIRROS NOBRES | SÃO PAULO & CIDADES DE SÃO PAULO","[Vídeo] Extratora HYLA — Bairros nobres SP",2026-03-10,13725,14292,BRL,57.8,,,819,,617,,2,2026-03-10,2026-03-10
"Instagram | Conversão 2026","[SP] BAIRROS NOBRES | SÃO PAULO & CIDADES DE SÃO PAULO","[Vídeo] Célia 1M  — Bairros nobres SP",2026-03-10,5988,6015,BRL,23.46,,,278,,230,,,2026-03-10,2026-03-10
"Instagram | Conversão 2026","[SP] BAIRROS NOBRES | SÃO PAULO & CIDADES DE SÃO PAULO","[Vídeo] Nimbus Tapete — Bairros nobres SP",2026-03-10,20388,21812,BRL,66.66,1,,914,,695,,,2026-03-10,2026-03-10
"Instagram | Conversão WPP","DF|CWB|GO|SP 2","[Vídeo] Célia 1M  — DF|CWB|GO|SP 2",2026-03-10,1803,2201,BRL,34.54,,,35,,,,,2026-03-10,2026-03-10
"Instagram | Conversão WPP","DF|CWB|GO|SP 2","[Vídeo] Nimbus Sofá — DF|CWB|GO|SP 2",2026-03-10,2660,3290,BRL,47.6,,,72,,,,,2026-03-10,2026-03-10
"Instagram | Conversão WPP","DF|CWB|GO|SP 2","[Vídeo] Nimbus tapete branco — DF|CWB|GO|SP 2",2026-03-10,6,6,BRL,0.19,,,,,,,,2026-03-10,2026-03-10
"Instagram | Conversão WPP","DF|CWB|GO|SP 2","[Imagem] Benefícios — DF|CWB|GO|SP 2",2026-03-10,14,15,BRL,0.11,,,,,,,,2026-03-10,2026-03-10
"Instagram | Conversão WPP","DF|CWB|GO|SP 2","[Vídeo] Novo vídeo Nimbus — DF|CWB|GO|SP 2",2026-03-10,73,74,BRL,1.11,,,2,,,,,2026-03-10,2026-03-10
"Instagram | Conversão WPP","DF|CWB|GO|SP 2","[Imagem] Saúde — DF|CWB|GO|SP 2",2026-03-10,1470,1917,BRL,12.93,2,,3,,2,,,2026-03-10,2026-03-10
"ADRIANA FERRO & HYLA","ADRIANA FERRO & HYLA - EVENTO ON-LINE P/ ORGANIZERS","[VÍDEO] MALA",2026-03-10,78,81,BRL,1.11,,,1,,,,,2026-03-10,2026-03-10
"ADRIANA FERRO & HYLA","ADRIANA FERRO & HYLA - EVENTO ON-LINE P/ ORGANIZERS","[VÍDEO] CLOSET",2026-03-10,267,284,BRL,3.62,,,2,,,,,2026-03-10,2026-03-10
"ADRIANA FERRO & HYLA","ADRIANA FERRO & HYLA - EVENTO ON-LINE P/ ORGANIZERS","[VÍDEO] HYLA",2026-03-10,469,508,BRL,12.66,,,26,,1,,,2026-03-10,2026-03-10
"Instagram | Conversão 2026","[SP] BAIRROS NOBRES | SÃO PAULO & CIDADES DE SÃO PAULO","[Vídeo] Extratora HYLA — Bairros nobres SP",2026-03-09,13974,13974,BRL,56.09,1,,843,,642,,2,2026-03-09,2026-03-09
"Instagram | Conversão 2026","[SP] BAIRROS NOBRES | SÃO PAULO & CIDADES DE SÃO PAULO","[Vídeo] Célia 1M  — Bairros nobres SP",2026-03-09,7687,7835,BRL,27.1,,,360,,305,,,2026-03-09,2026-03-09
"Instagram | Conversão 2026","[SP] BAIRROS NOBRES | SÃO PAULO & CIDADES DE SÃO PAULO","[Vídeo] Nimbus Tapete — Bairros nobres SP",2026-03-09,21238,22537,BRL,65.31,,,930,,725,,,2026-03-09,2026-03-09
"Instagram | Conversão WPP","DF|CWB|GO|SP 2","[Vídeo] Célia 1M  — DF|CWB|GO|SP 2",2026-03-09,939,1080,BRL,28.41,2,,23,,,,,2026-03-09,2026-03-09
"Instagram | Conversão WPP","DF|CWB|GO|SP 2","[Vídeo] Nimbus Sofá — DF|CWB|GO|SP 2",2026-03-09,2036,2619,BRL,46.06,,,57,,,,,2026-03-09,2026-03-09
"Instagram | Conversão WPP","DF|CWB|GO|SP 2","[Vídeo] Nimbus tapete branco — DF|CWB|GO|SP 2",2026-03-09,7,8,BRL,0.29,,,,,,,,2026-03-09,2026-03-09
"Instagram | Conversão WPP","DF|CWB|GO|SP 2","[Imagem] Benefícios — DF|CWB|GO|SP 2",2026-03-09,4,4,BRL,0.03,,,,,,,,2026-03-09,2026-03-09
"Instagram | Conversão WPP","DF|CWB|GO|SP 2","[Vídeo] Novo vídeo Nimbus — DF|CWB|GO|SP 2",2026-03-09,38,39,BRL,0.55,,,,,,,,2026-03-09,2026-03-09
"Instagram | Conversão 2026","[SP] BAIRROS NOBRES | SÃO PAULO & CIDADES DE SÃO PAULO","[Imagem] Saúde — Bairros nobres SP",2026-03-09,0,1,BRL,0,,,,,,,,2026-03-09,2026-03-09
"Instagram | Conversão WPP","DF|CWB|GO|SP 2","[Imagem] Saúde — DF|CWB|GO|SP 2",2026-03-09,797,1137,BRL,17.36,,,3,,,,,2026-03-09,2026-03-09
"Instagram | Conversão 2026","[SP] BAIRROS NOBRES | SÃO PAULO & CIDADES DE SÃO PAULO","[Vídeo] Extratora HYLA — Bairros nobres SP",2026-03-08,16995,17457,BRL,65.16,,,961,,740,,,2026-03-08,2026-03-08
"Instagram | Conversão 2026","[SP] BAIRROS NOBRES | SÃO PAULO & CIDADES DE SÃO PAULO","[Vídeo] Célia 1M  — Bairros nobres SP",2026-03-08,9125,9658,BRL,31.55,,,391,,335,,2,2026-03-08,2026-03-08
"Instagram | Conversão 2026","[SP] BAIRROS NOBRES | SÃO PAULO & CIDADES DE SÃO PAULO","[Vídeo] Nimbus Tapete — Bairros nobres SP",2026-03-08,23994,24025,BRL,67.06,,,949,,748,,,2026-03-08,2026-03-08
"Instagram | Conversão WPP","DF|CWB|GO|SP 2","[Vídeo] Célia 1M  — DF|CWB|GO|SP 2",2026-03-08,1112,1390,BRL,34.11,,,26,,1,,,2026-03-08,2026-03-08
"Instagram | Conversão WPP","DF|CWB|GO|SP 2","[Vídeo] Nimbus Sofá — DF|CWB|GO|SP 2",2026-03-08,2061,2591,BRL,55,2,,44,,,,,2026-03-08,2026-03-08
"Instagram | Conversão WPP","DF|CWB|GO|SP 2","[Vídeo] Nimbus tapete branco — DF|CWB|GO|SP 2",2026-03-08,44,45,BRL,1.1,,,5,,,,,2026-03-08,2026-03-08
"Instagram | Conversão WPP","DF|CWB|GO|SP 2","[Imagem] Benefícios — DF|CWB|GO|SP 2",2026-03-08,9,10,BRL,0.02,,,,,,,,2026-03-08,2026-03-08
"Instagram | Conversão WPP","DF|CWB|GO|SP 2","[Vídeo] Novo vídeo Nimbus — DF|CWB|GO|SP 2",2026-03-08,29,29,BRL,1.99,,,1,,,,,2026-03-08,2026-03-08
"Instagram | Conversão 2026","[SP] BAIRROS NOBRES | SÃO PAULO & CIDADES DE SÃO PAULO","[Imagem] Saúde — Bairros nobres SP",2026-03-08,1,1,BRL,0,,,,,,,,2026-03-08,2026-03-08
"Instagram | Conversão WPP","DF|CWB|GO|SP 2","[Imagem] Saúde — DF|CWB|GO|SP 2",2026-03-08,177,205,BRL,0.86,,,1,,,,,2026-03-08,2026-03-08
"Instagram | Conversão 2026","[SP] BAIRROS NOBRES | SÃO PAULO & CIDADES DE SÃO PAULO","[Vídeo] Extratora HYLA — Bairros nobres SP",2026-03-07,14801,15199,BRL,54.87,,,853,,675,,1,2026-03-07,2026-03-07
"Instagram | Conversão 2026","[SP] BAIRROS NOBRES | SÃO PAULO & CIDADES DE SÃO PAULO","[Vídeo] Célia 1M  — Bairros nobres SP",2026-03-07,4492,4588,BRL,16.69,,,211,,189,,1,2026-03-07,2026-03-07
"Instagram | Conversão 2026","[SP] BAIRROS NOBRES | SÃO PAULO & CIDADES DE SÃO PAULO","[Vídeo] Nimbus Tapete — Bairros nobres SP",2026-03-07,23696,23765,BRL,72.12,,,1070,,862,,,2026-03-07,2026-03-07
"Instagram | Conversão WPP","DF|CWB|GO|SP 2","[Vídeo] Célia 1M  — DF|CWB|GO|SP 2",2026-03-07,1474,1816,BRL,33.6,,,30,,1,,,2026-03-07,2026-03-07
"Instagram | Conversão WPP","DF|CWB|GO|SP 2","[Vídeo] Nimbus Sofá — DF|CWB|GO|SP 2",2026-03-07,1102,1233,BRL,31.44,,,15,,,,,2026-03-07,2026-03-07
"Instagram | Conversão WPP","DF|CWB|GO|SP 2","[Vídeo] Nimbus tapete branco — DF|CWB|GO|SP 2",2026-03-07,6,6,BRL,0.13,,,,,,,,2026-03-07,2026-03-07
"Instagram | Conversão WPP","DF|CWB|GO|SP 2","[Imagem] Benefícios — DF|CWB|GO|SP 2",2026-03-07,16,18,BRL,2.16,,,1,,,,,2026-03-07,2026-03-07
"Instagram | Conversão WPP","DF|CWB|GO|SP 2","[Vídeo] Novo vídeo Nimbus — DF|CWB|GO|SP 2",2026-03-07,18,20,BRL,0.35,,,2,,,,,2026-03-07,2026-03-07
"Instagram | Conversão 2026","[SP] BAIRROS NOBRES | SÃO PAULO & CIDADES DE SÃO PAULO","[Imagem] Saúde — Bairros nobres SP",2026-03-07,1,1,BRL,0,,,,,,,,2026-03-07,2026-03-07
"Instagram | Conversão WPP","DF|CWB|GO|SP 2","[Imagem] Saúde — DF|CWB|GO|SP 2",2026-03-07,286,319,BRL,2.18,,,,,,,,2026-03-07,2026-03-07
"Instagram | Conversão 2026","[SP] BAIRROS NOBRES | SÃO PAULO & CIDADES DE SÃO PAULO","[Vídeo] Extratora HYLA — Bairros nobres SP",2026-03-06,15150,15212,BRL,54.93,,,711,,583,,1,2026-03-06,2026-03-06
"Instagram | Conversão 2026","[SP] BAIRROS NOBRES | SÃO PAULO & CIDADES DE SÃO PAULO","[Vídeo] Célia 1M  — Bairros nobres SP",2026-03-06,5638,5721,BRL,21.84,,,280,,240,,2,2026-03-06,2026-03-06
"Instagram | Conversão 2026","[SP] BAIRROS NOBRES | SÃO PAULO & CIDADES DE SÃO PAULO","[Vídeo] Nimbus Tapete — Bairros nobres SP",2026-03-06,22148,22680,BRL,70.06,,,1005,,791,,,2026-03-06,2026-03-06
"Instagram | Conversão WPP","DF|CWB|GO|SP 2","[Vídeo] Célia 1M  — DF|CWB|GO|SP 2",2026-03-06,2152,2705,BRL,44.59,,,37,,,,,2026-03-06,2026-03-06
"Instagram | Conversão WPP","DF|CWB|GO|SP 2","[Vídeo] Nimbus Sofá — DF|CWB|GO|SP 2",2026-03-06,2445,2806,BRL,45.22,,,32,,,,,2026-03-06,2026-03-06
"Instagram | Conversão WPP","DF|CWB|GO|SP 2","[Vídeo] Nimbus tapete branco — DF|CWB|GO|SP 2",2026-03-06,73,75,BRL,1.56,,,1,,,,,2026-03-06,2026-03-06
"Instagram | Conversão WPP","DF|CWB|GO|SP 2","[Imagem] Benefícios — DF|CWB|GO|SP 2",2026-03-06,51,52,BRL,0.18,,,,,,,,2026-03-06,2026-03-06
"Instagram | Conversão WPP","DF|CWB|GO|SP 2","[Vídeo] Novo vídeo Nimbus — DF|CWB|GO|SP 2",2026-03-06,53,59,BRL,1.45,,,3,,,,,2026-03-06,2026-03-06
"Instagram | Conversão 2026","[SP] BAIRROS NOBRES | SÃO PAULO & CIDADES DE SÃO PAULO","[Imagem] Saúde — Bairros nobres SP",2026-03-06,1,1,BRL,0,,,,,,,,2026-03-06,2026-03-06
"Instagram | Conversão WPP","DF|CWB|GO|SP 2","[Imagem] Saúde — DF|CWB|GO|SP 2",2026-03-06,41,60,BRL,2.41,5,,2,,5,,,2026-03-06,2026-03-06
"Instagram | Conversão 2026","[SP] BAIRROS NOBRES | SÃO PAULO & CIDADES DE SÃO PAULO","[Vídeo] Extratora HYLA — Bairros nobres SP",2026-03-05,13696,13696,BRL,53.15,2,,694,,490,,4,2026-03-05,2026-03-05
"Instagram | Conversão 2026","[SP] BAIRROS NOBRES | SÃO PAULO & CIDADES DE SÃO PAULO","[Vídeo] Célia 1M  — Bairros nobres SP",2026-03-05,6230,6464,BRL,24.71,,,292,,224,,,2026-03-05,2026-03-05
"Instagram | Conversão 2026","[SP] BAIRROS NOBRES | SÃO PAULO & CIDADES DE SÃO PAULO","[Vídeo] Nimbus Tapete — Bairros nobres SP",2026-03-05,23401,24173,BRL,77.58,,,1060,,765,,,2026-03-05,2026-03-05
"Instagram | Conversão WPP","DF|CWB|GO|SP 2","[Vídeo] Célia 1M  — DF|CWB|GO|SP 2",2026-03-05,3240,3829,BRL,59.89,4,,52,,5,,1,2026-03-05,2026-03-05
"Instagram | Conversão WPP","DF|CWB|GO|SP 2","[Vídeo] Nimbus Sofá — DF|CWB|GO|SP 2",2026-03-05,741,786,BRL,14.4,1,,19,,2,,,2026-03-05,2026-03-05
"Instagram | Conversão WPP","DF|CWB|GO|SP 2","[Vídeo] Nimbus tapete branco — DF|CWB|GO|SP 2",2026-03-05,329,341,BRL,3.94,,,3,,,,,2026-03-05,2026-03-05
"Instagram | Conversão WPP","DF|CWB|GO|SP 2","[Imagem] Benefícios — DF|CWB|GO|SP 2",2026-03-05,127,145,BRL,0.73,,,,,,,,2026-03-05,2026-03-05
"Instagram | Conversão 2026","[SP] BAIRROS NOBRES | SÃO PAULO & CIDADES DE SÃO PAULO","[Imagem] Saúde — Bairros nobres SP",2026-03-05,3,3,BRL,0.02,,,,,,,,2026-03-05,2026-03-05
"Instagram | Conversão WPP","DF|CWB|GO|SP 2","[Imagem] Saúde — DF|CWB|GO|SP 2",2026-03-05,136,172,BRL,16.52,,,1,,2,,,2026-03-05,2026-03-05
"Instagram | Conversão 2026","[SP] BAIRROS NOBRES | SÃO PAULO & CIDADES DE SÃO PAULO","[Vídeo] Extratora HYLA — Bairros nobres SP",2026-03-04,12413,12996,BRL,54.88,,,692,,566,,,2026-03-04,2026-03-04
"Instagram | Conversão 2026","[SP] BAIRROS NOBRES | SÃO PAULO & CIDADES DE SÃO PAULO","[Vídeo] Célia 1M  — Bairros nobres SP",2026-03-04,8922,9208,BRL,38.55,1,,469,,403,,1,2026-03-04,2026-03-04
"Instagram | Conversão 2026","[SP] BAIRROS NOBRES | SÃO PAULO & CIDADES DE SÃO PAULO","[Vídeo] Nimbus Tapete — Bairros nobres SP",2026-03-04,18869,19354,BRL,67.85,2,,940,,708,,,2026-03-04,2026-03-04
"Instagram | Conversão WPP","DF|CWB|GO|SP 2","[Vídeo] Célia 1M  — DF|CWB|GO|SP 2",2026-03-04,3692,4648,BRL,71.86,10,,54,,3,,1,2026-03-04,2026-03-04
"Instagram | Conversão WPP","DF|CWB|GO|SP 2","[Vídeo] Nimbus tapete branco — DF|CWB|GO|SP 2",2026-03-04,940,1218,BRL,19.17,,,20,,,,,2026-03-04,2026-03-04
"Instagram | Conversão WPP","DF|CWB|GO|SP 2","[Imagem] Benefícios — DF|CWB|GO|SP 2",2026-03-04,559,616,BRL,5.07,,,2,,,,,2026-03-04,2026-03-04
"Instagram | Conversão WPP","DF|CWB|GO|SP 2","[Vídeo] Novo vídeo Nimbus — DF|CWB|GO|SP 2",2026-03-04,99,102,BRL,1.12,,,4,,,,,2026-03-04,2026-03-04
"Instagram | Conversão 2026","[SP] BAIRROS NOBRES | SÃO PAULO & CIDADES DE SÃO PAULO","[Imagem] Saúde — Bairros nobres SP",2026-03-04,5,5,BRL,0.02,,,,,,,,2026-03-04,2026-03-04
"Instagram | Conversão WPP","DF|CWB|GO|SP 2","[Imagem] Saúde — DF|CWB|GO|SP 2",2026-03-04,73,82,BRL,4.5,,,,,,,,2026-03-04,2026-03-04
"Instagram | Conversão 2026","[SP] BAIRROS NOBRES | SÃO PAULO & CIDADES DE SÃO PAULO","[Vídeo] Extratora HYLA — Bairros nobres SP",2026-03-03,10426,10791,BRL,44.58,1,,608,,475,,2,2026-03-03,2026-03-03
"Instagram | Conversão 2026","[SP] BAIRROS NOBRES | SÃO PAULO & CIDADES DE SÃO PAULO","[Vídeo] Célia 1M  — Bairros nobres SP",2026-03-03,6011,6097,BRL,23.63,,,287,,237,,,2026-03-03,2026-03-03
"Instagram | Conversão 2026","[SP] BAIRROS NOBRES | SÃO PAULO & CIDADES DE SÃO PAULO","[Vídeo] Nimbus Tapete — Bairros nobres SP",2026-03-03,15674,15830,BRL,56.67,1,,822,,649,,,2026-03-03,2026-03-03
"Instagram | Conversão WPP","DF|CWB|GO|SP 2","[Vídeo] Célia 1M  — DF|CWB|GO|SP 2",2026-03-03,3243,3910,BRL,59.03,4,,78,,3,,,2026-03-03,2026-03-03
"Instagram | Conversão WPP","DF|CWB|GO|SP 2","[Vídeo] Nimbus Sofá — DF|CWB|GO|SP 2",2026-03-03,1573,1861,BRL,24.2,2,,22,,,,,2026-03-03,2026-03-03
"Instagram | Conversão WPP","DF|CWB|GO|SP 2","[Vídeo] Nimbus tapete branco — DF|CWB|GO|SP 2",2026-03-03,795,888,BRL,12.87,,,15,,,,,2026-03-03,2026-03-03
"Instagram | Conversão WPP","DF|CWB|GO|SP 2","[Imagem] Benefícios — DF|CWB|GO|SP 2",2026-03-03,77,92,BRL,1.73,,,,,,,,2026-03-03,2026-03-03
"Instagram | Conversão WPP","DF|CWB|GO|SP 2","[Vídeo] Novo vídeo Nimbus — DF|CWB|GO|SP 2",2026-03-03,6,6,BRL,0.04,,,1,,,,,2026-03-03,2026-03-03
"Instagram | Conversão 2026","[SP] BAIRROS NOBRES | SÃO PAULO & CIDADES DE SÃO PAULO","[Imagem] Saúde — Bairros nobres SP",2026-03-03,9,9,BRL,0.01,,,1,,,,,2026-03-03,2026-03-03
"Instagram | Conversão WPP","DF|CWB|GO|SP 2","[Imagem] Saúde — DF|CWB|GO|SP 2",2026-03-03,51,59,BRL,0.53,,,,,,,,2026-03-03,2026-03-03
"Instagram | Conversão 2026","[SP] BAIRROS NOBRES | SÃO PAULO & CIDADES DE SÃO PAULO","[Vídeo] Extratora HYLA — Bairros nobres SP",2026-03-02,18569,20199,BRL,65.99,,,1031,,811,,,2026-03-02,2026-03-02
"Instagram | Conversão 2026","[SP] BAIRROS NOBRES | SÃO PAULO & CIDADES DE SÃO PAULO","[Vídeo] Célia 1M  — Bairros nobres SP",2026-03-02,6917,7086,BRL,22.65,,,319,,268,,1,2026-03-02,2026-03-02
"Instagram | Conversão 2026","[SP] BAIRROS NOBRES | SÃO PAULO & CIDADES DE SÃO PAULO","[Vídeo] Nimbus Tapete — Bairros nobres SP",2026-03-02,13197,13461,BRL,39.75,,,624,,502,,,2026-03-02,2026-03-02
"Instagram | Conversão WPP","DF|CWB|GO|SP 2","[Vídeo] Célia 1M  — DF|CWB|GO|SP 2",2026-03-02,3277,4208,BRL,48.55,1,,59,,1,,,2026-03-02,2026-03-02
"Instagram | Conversão WPP","DF|CWB|GO|SP 2","[Vídeo] Nimbus Sofá — DF|CWB|GO|SP 2",2026-03-02,2953,3644,BRL,46.64,5,,39,,,,,2026-03-02,2026-03-02
"Instagram | Conversão WPP","DF|CWB|GO|SP 2","[Vídeo] Nimbus tapete branco — DF|CWB|GO|SP 2",2026-03-02,1102,1299,BRL,16.3,,,21,,,,,2026-03-02,2026-03-02
"Instagram | Conversão WPP","DF|CWB|GO|SP 2","[Imagem] Benefícios — DF|CWB|GO|SP 2",2026-03-02,153,178,BRL,4.56,,,,,,,,2026-03-02,2026-03-02
"Instagram | Conversão WPP","DF|CWB|GO|SP 2","[Vídeo] Novo vídeo Nimbus — DF|CWB|GO|SP 2",2026-03-02,1,1,BRL,0,,,,,,,,2026-03-02,2026-03-02
"Instagram | Conversão WPP","RS SC ES MS MG AL PE - WPP","[Vídeo] Célia 1M  — RS SC ES MS MG AL PE - WPP",2026-03-02,243,264,BRL,3.2,,,5,,1,,,2026-03-02,2026-03-02
"Instagram | Conversão WPP","RS SC ES MS MG AL PE - WPP","[Vídeo] Nimbus tapete branco — RS SC ES MS MG AL PE - WPP",2026-03-02,24,24,BRL,0.19,,,2,,,,,2026-03-02,2026-03-02
"Instagram | Conversão WPP","RS SC ES MS MG AL PE - WPP","[Imagem] Benefícios — RS SC ES MS MG AL PE - WPP",2026-03-02,70,74,BRL,0.57,,,,,,,,2026-03-02,2026-03-02
"Instagram | Conversão WPP","RS SC ES MS MG AL PE - WPP","[Vídeo] Novo vídeo Nimbus — RS SC ES MS MG AL PE - WPP",2026-03-02,83,87,BRL,0.72,,,2,,,,,2026-03-02,2026-03-02
"Instagram | Conversão WPP","RS SC ES MS MG AL PE - WPP","[Vídeo] Nimbus Tapete — RS SC ES MS MG AL PE - WPP",2026-03-02,288,297,BRL,2.91,,,4,,,,,2026-03-02,2026-03-02
"Instagram | Conversão 2026","[SP] BAIRROS NOBRES | SÃO PAULO & CIDADES DE SÃO PAULO","[Vídeo] Extratora HYLA — Bairros nobres SP",2026-03-01,22297,24067,BRL,66.95,2,,1194,,987,,3,2026-03-01,2026-03-01
"Instagram | Conversão 2026","[SP] BAIRROS NOBRES | SÃO PAULO & CIDADES DE SÃO PAULO","[Vídeo] Célia 1M  — Bairros nobres SP",2026-03-01,4989,5079,BRL,14.68,,,232,,198,,,2026-03-01,2026-03-01
"Instagram | Conversão 2026","[SP] BAIRROS NOBRES | SÃO PAULO & CIDADES DE SÃO PAULO","[Vídeo] Nimbus Tapete — Bairros nobres SP",2026-03-01,13049,13049,BRL,34,,,556,,450,,,2026-03-01,2026-03-01
"Instagram | Conversão WPP","DF|CWB|GO|SP 2","[Vídeo] Célia 1M  — DF|CWB|GO|SP 2",2026-03-01,2802,3192,BRL,44.47,5,,46,,2,,2,2026-03-01,2026-03-01
"Instagram | Conversão WPP","DF|CWB|GO|SP 2","[Vídeo] Nimbus Sofá — DF|CWB|GO|SP 2",2026-03-01,3670,4162,BRL,58.43,6,,65,,1,,,2026-03-01,2026-03-01
"Instagram | Conversão WPP","DF|CWB|GO|SP 2","[Vídeo] Nimbus tapete branco — DF|CWB|GO|SP 2",2026-03-01,749,795,BRL,15.11,,,26,,,,,2026-03-01,2026-03-01
"Instagram | Conversão WPP","DF|CWB|GO|SP 2","[Imagem] Benefícios — DF|CWB|GO|SP 2",2026-03-01,109,119,BRL,3.08,2,,,,,,,2026-03-01,2026-03-01
"Instagram | Conversão WPP","DF|CWB|GO|SP 2","[Vídeo] Novo vídeo Nimbus — DF|CWB|GO|SP 2",2026-03-01,49,52,BRL,0.51,,,2,,,,,2026-03-01,2026-03-01
"Instagram | Conversão WPP","RS SC ES MS MG AL PE - WPP","[Vídeo] Célia 1M  — RS SC ES MS MG AL PE - WPP",2026-03-01,1243,1430,BRL,23.39,10,,22,,1,,,2026-03-01,2026-03-01
"Instagram | Conversão WPP","RS SC ES MS MG AL PE - WPP","[Vídeo] Nimbus tapete branco — RS SC ES MS MG AL PE - WPP",2026-03-01,336,358,BRL,6.6,,,7,,,,,2026-03-01,2026-03-01
"Instagram | Conversão WPP","RS SC ES MS MG AL PE - WPP","[Imagem] Benefícios — RS SC ES MS MG AL PE - WPP",2026-03-01,273,332,BRL,3.75,,,,,,,,2026-03-01,2026-03-01
"Instagram | Conversão WPP","RS SC ES MS MG AL PE - WPP","[Vídeo] Novo vídeo Nimbus — RS SC ES MS MG AL PE - WPP",2026-03-01,209,230,BRL,1.59,,,6,,,,,2026-03-01,2026-03-01
"Instagram | Conversão WPP","RS SC ES MS MG AL PE - WPP","[Vídeo] Nimbus Tapete — RS SC ES MS MG AL PE - WPP",2026-03-01,2090,2358,BRL,29.92,6,,37,,1,,,2026-03-01,2026-03-01
"Instagram | Conversão 2026","[SP] BAIRROS NOBRES | SÃO PAULO & CIDADES DE SÃO PAULO","[Vídeo] Extratora HYLA — Bairros nobres SP",2026-02-28,26060,26060,BRL,89.86,1,,1353,,1135,,1,2026-02-28,2026-02-28
"Instagram | Conversão 2026","[SP] BAIRROS NOBRES | SÃO PAULO & CIDADES DE SÃO PAULO","[Vídeo] Célia 1M  — Bairros nobres SP",2026-02-28,406,406,BRL,1.51,,,19,,17,,,2026-02-28,2026-02-28
"Instagram | Conversão 2026","[SP] BAIRROS NOBRES | SÃO PAULO & CIDADES DE SÃO PAULO","[Vídeo] Nimbus Tapete — Bairros nobres SP",2026-02-28,9211,9450,BRL,29.92,,,475,,398,,,2026-02-28,2026-02-28
"Instagram | Conversão WPP","DF|CWB|GO|SP 2","[Vídeo] Célia 1M  — DF|CWB|GO|SP 2",2026-02-28,4721,5602,BRL,91.3,9,,81,,2,,,2026-02-28,2026-02-28
"Instagram | Conversão WPP","DF|CWB|GO|SP 2","[Vídeo] Nimbus Sofá — DF|CWB|GO|SP 2",2026-02-28,280,299,BRL,5.04,,,5,,,,,2026-02-28,2026-02-28
"Instagram | Conversão WPP","DF|CWB|GO|SP 2","[Vídeo] Nimbus tapete branco — DF|CWB|GO|SP 2",2026-02-28,400,421,BRL,10.18,1,,6,,,,,2026-02-28,2026-02-28
"Instagram | Conversão WPP","DF|CWB|GO|SP 2","[Imagem] Benefícios — DF|CWB|GO|SP 2",2026-02-28,2619,2882,BRL,13.48,2,,7,,,,,2026-02-28,2026-02-28
"Instagram | Conversão WPP","RS SC ES MS MG AL PE - WPP","[Vídeo] Célia 1M  — RS SC ES MS MG AL PE - WPP",2026-02-28,806,894,BRL,16.68,2,,16,,,,1,2026-02-28,2026-02-28
"Instagram | Conversão WPP","RS SC ES MS MG AL PE - WPP","[Vídeo] Nimbus tapete branco — RS SC ES MS MG AL PE - WPP",2026-02-28,402,443,BRL,9.55,2,,7,,,,1,2026-02-28,2026-02-28
"Instagram | Conversão WPP","RS SC ES MS MG AL PE - WPP","[Imagem] Benefícios — RS SC ES MS MG AL PE - WPP",2026-02-28,2864,3878,BRL,28.59,,,16,,,,,2026-02-28,2026-02-28
"Instagram | Conversão WPP","RS SC ES MS MG AL PE - WPP","[Vídeo] Novo vídeo Nimbus — RS SC ES MS MG AL PE - WPP",2026-02-28,3,3,BRL,0.04,,,,,,,,2026-02-28,2026-02-28
"Instagram | Conversão WPP","RS SC ES MS MG AL PE - WPP","[Vídeo] Nimbus Tapete — RS SC ES MS MG AL PE - WPP",2026-02-28,194,204,BRL,2.86,,,2,,,,,2026-02-28,2026-02-28
"Instagram | Conversão 2026","[SP] BAIRROS NOBRES | SÃO PAULO & CIDADES DE SÃO PAULO","[Vídeo] Extratora HYLA — Bairros nobres SP",2026-02-27,21588,22037,BRL,78.52,,,1168,,954,,2,2026-02-27,2026-02-27
"Instagram | Conversão 2026","[SP] BAIRROS NOBRES | SÃO PAULO & CIDADES DE SÃO PAULO","[Vídeo] Célia 1M  — Bairros nobres SP",2026-02-27,959,994,BRL,3.77,,,46,,42,,,2026-02-27,2026-02-27
"Instagram | Conversão 2026","[SP] BAIRROS NOBRES | SÃO PAULO & CIDADES DE SÃO PAULO","[Vídeo] Nimbus Tapete — Bairros nobres SP",2026-02-27,11603,11721,BRL,37.87,,,531,,437,,,2026-02-27,2026-02-27
"Instagram | Conversão WPP","DF|CWB|GO|SP 2","[Vídeo] Célia 1M  — DF|CWB|GO|SP 2",2026-02-27,2376,2873,BRL,34.25,6,,28,2,,,,2026-02-27,2026-02-27
"Instagram | Conversão WPP","DF|CWB|GO|SP 2","[Vídeo] Nimbus Sofá — DF|CWB|GO|SP 2",2026-02-27,25,25,BRL,0.82,,,1,,,,,2026-02-27,2026-02-27
"Instagram | Conversão WPP","DF|CWB|GO|SP 2","[Vídeo] Nimbus tapete branco — DF|CWB|GO|SP 2",2026-02-27,3,3,BRL,0.06,,,,,,,,2026-02-27,2026-02-27
"Instagram | Conversão WPP","DF|CWB|GO|SP 2","[Imagem] Benefícios — DF|CWB|GO|SP 2",2026-02-27,28630,36873,BRL,60.03,,,66,,,,,2026-02-27,2026-02-27
"Instagram | Conversão WPP","DF|CWB|GO|SP 2","[Vídeo] Novo vídeo Nimbus — DF|CWB|GO|SP 2",2026-02-27,91,93,BRL,1.12,,,1,,,,,2026-02-27,2026-02-27
"Instagram | Conversão WPP","RS SC ES MS MG AL PE - WPP","[Vídeo] Célia 1M  — RS SC ES MS MG AL PE - WPP",2026-02-27,1051,1170,BRL,16.7,5,,14,,,,,2026-02-27,2026-02-27
"Instagram | Conversão WPP","RS SC ES MS MG AL PE - WPP","[Imagem] Benefícios — RS SC ES MS MG AL PE - WPP",2026-02-27,15712,20998,BRL,31.87,,,36,,,,,2026-02-27,2026-02-27
"Instagram | Conversão WPP","RS SC ES MS MG AL PE - WPP","[Vídeo] Nimbus Tapete — RS SC ES MS MG AL PE - WPP",2026-02-27,353,384,BRL,7.9,,,4,,,,,2026-02-27,2026-02-27
"Instagram | Conversão 2026","[SP] BAIRROS NOBRES | SÃO PAULO & CIDADES DE SÃO PAULO","[Vídeo] Extratora HYLA — Bairros nobres SP",2026-02-26,24288,25367,BRL,89.93,3,,1325,,1101,,4,2026-02-26,2026-02-26
"Instagram | Conversão 2026","[SP] BAIRROS NOBRES | SÃO PAULO & CIDADES DE SÃO PAULO","[Vídeo] Célia 1M  — Bairros nobres SP",2026-02-26,291,291,BRL,1.07,,,19,,22,,,2026-02-26,2026-02-26
"Instagram | Conversão 2026","[SP] BAIRROS NOBRES | SÃO PAULO & CIDADES DE SÃO PAULO","[Vídeo] Nimbus Tapete — Bairros nobres SP",2026-02-26,10180,10334,BRL,31.51,,,495,,410,,,2026-02-26,2026-02-26
"Instagram | Conversão WPP","DF|CWB|GO|SP 2","[Vídeo] Célia 1M  — DF|CWB|GO|SP 2",2026-02-26,1159,1368,BRL,15.8,2,,5,,3,,,2026-02-26,2026-02-26
"Instagram | Conversão WPP","DF|CWB|GO|SP 2","[Vídeo] Nimbus Sofá — DF|CWB|GO|SP 2",2026-02-26,80,83,BRL,1.04,,,2,,,,,2026-02-26,2026-02-26
"Instagram | Conversão WPP","DF|CWB|GO|SP 2","[Vídeo] Nimbus tapete branco — DF|CWB|GO|SP 2",2026-02-26,2,2,BRL,0.01,,,,,,,,2026-02-26,2026-02-26
"Instagram | Conversão WPP","DF|CWB|GO|SP 2","[Imagem] Benefícios — DF|CWB|GO|SP 2",2026-02-26,45701,63931,BRL,105.03,,,124,,,,,2026-02-26,2026-02-26
"Instagram | Conversão WPP","RS SC ES MS MG AL PE - WPP","[Vídeo] Célia 1M  — RS SC ES MS MG AL PE - WPP",2026-02-26,581,634,BRL,9.66,2,,9,,2,,1,2026-02-26,2026-02-26
"Instagram | Conversão WPP","RS SC ES MS MG AL PE - WPP","[Vídeo] Nimbus tapete branco — RS SC ES MS MG AL PE - WPP",2026-02-26,15,15,BRL,0.36,,,1,,,,,2026-02-26,2026-02-26
"Instagram | Conversão WPP","RS SC ES MS MG AL PE - WPP","[Imagem] Benefícios — RS SC ES MS MG AL PE - WPP",2026-02-26,21358,30728,BRL,48.27,,,55,,,,,2026-02-26,2026-02-26
"Instagram | Conversão WPP","RS SC ES MS MG AL PE - WPP","[Vídeo] Novo vídeo Nimbus — RS SC ES MS MG AL PE - WPP",2026-02-26,61,64,BRL,0.64,,,2,,,,,2026-02-26,2026-02-26
"Instagram | Conversão WPP","RS SC ES MS MG AL PE - WPP","[Vídeo] Nimbus Tapete — RS SC ES MS MG AL PE - WPP",2026-02-26,24,25,BRL,0.16,,,,,,,,2026-02-26,2026-02-26
"Instagram | Conversão 2026","[SP] BAIRROS NOBRES | SÃO PAULO & CIDADES DE SÃO PAULO","[Vídeo] Extratora HYLA — Bairros nobres SP",2026-02-25,21347,22873,BRL,81.4,1,,1217,,991,,5,2026-02-25,2026-02-25
"Instagram | Conversão 2026","[SP] BAIRROS NOBRES | SÃO PAULO & CIDADES DE SÃO PAULO","[Vídeo] Célia 1M  — Bairros nobres SP",2026-02-25,982,982,BRL,3.48,,,44,,37,,,2026-02-25,2026-02-25
"Instagram | Conversão 2026","[SP] BAIRROS NOBRES | SÃO PAULO & CIDADES DE SÃO PAULO","[Vídeo] Nimbus Tapete — Bairros nobres SP",2026-02-25,12375,12391,BRL,37.96,3,,615,,499,,1,2026-02-25,2026-02-25
"Instagram | Conversão WPP","DF|CWB|GO|SP 2","[Vídeo] Célia 1M  — DF|CWB|GO|SP 2",2026-02-25,4682,5467,BRL,58.99,16,,59,2,1,2,,2026-02-25,2026-02-25
"Instagram | Conversão WPP","DF|CWB|GO|SP 2","[Vídeo] Nimbus Sofá — DF|CWB|GO|SP 2",2026-02-25,623,674,BRL,8.46,2,,15,,,,,2026-02-25,2026-02-25
"Instagram | Conversão WPP","DF|CWB|GO|SP 2","[Vídeo] Nimbus tapete branco — DF|CWB|GO|SP 2",2026-02-25,127,131,BRL,3.94,,,2,,,,,2026-02-25,2026-02-25
"Instagram | Conversão WPP","DF|CWB|GO|SP 2","[Imagem] Benefícios — DF|CWB|GO|SP 2",2026-02-25,32172,44958,BRL,71.23,,,68,,,,,2026-02-25,2026-02-25
"Instagram | Conversão WPP","RS SC ES MS MG AL PE - WPP","[Vídeo] Célia 1M  — RS SC ES MS MG AL PE - WPP",2026-02-25,1643,1883,BRL,32.12,2,,25,,,,,2026-02-25,2026-02-25
"Instagram | Conversão WPP","RS SC ES MS MG AL PE - WPP","[Vídeo] Nimbus tapete branco — RS SC ES MS MG AL PE - WPP",2026-02-25,11,12,BRL,0.41,,,,,,,,2026-02-25,2026-02-25
"Instagram | Conversão WPP","RS SC ES MS MG AL PE - WPP","[Imagem] Benefícios — RS SC ES MS MG AL PE - WPP",2026-02-25,15724,22548,BRL,36.59,,,56,,,,,2026-02-25,2026-02-25
"Instagram | Conversão WPP","RS SC ES MS MG AL PE - WPP","[Vídeo] Nimbus Tapete — RS SC ES MS MG AL PE - WPP",2026-02-25,5,5,BRL,0.02,,,,,,,,2026-02-25,2026-02-25
"Instagram | Conversão 2026","[SP] BAIRROS NOBRES | SÃO PAULO & CIDADES DE SÃO PAULO","[Vídeo] Extratora HYLA — Bairros nobres SP",2026-02-24,3601,3649,BRL,13.43,1,,206,,167,,,2026-02-24,2026-02-24
"Instagram | Conversão 2026","[SP] BAIRROS NOBRES | SÃO PAULO & CIDADES DE SÃO PAULO","[Vídeo] Célia 1M  — Bairros nobres SP",2026-02-24,146,146,BRL,0.52,,,11,,11,,,2026-02-24,2026-02-24
"Instagram | Conversão 2026","[SP] BAIRROS NOBRES | SÃO PAULO & CIDADES DE SÃO PAULO","[Vídeo] Nimbus Tapete — Bairros nobres SP",2026-02-24,33500,35112,BRL,108.06,2,,1523,,1267,,1,2026-02-24,2026-02-24
"Instagram | Conversão WPP","DF|CWB|GO|SP 2","[Vídeo] Célia 1M  — DF|CWB|GO|SP 2",2026-02-24,12005,14544,BRL,128.71,9,,162,,3,,2,2026-02-24,2026-02-24
"Instagram | Conversão WPP","DF|CWB|GO|SP 2","[Vídeo] Nimbus Sofá — DF|CWB|GO|SP 2",2026-02-24,38,39,BRL,0.26,2,,,,,,,2026-02-24,2026-02-24
"Instagram | Conversão WPP","DF|CWB|GO|SP 2","[Imagem] Benefícios — DF|CWB|GO|SP 2",2026-02-24,3590,4236,BRL,6.5,,,5,,,,,2026-02-24,2026-02-24
"Instagram | Conversão WPP","RS SC ES MS MG AL PE - WPP","[Vídeo] Célia 1M  — RS SC ES MS MG AL PE - WPP",2026-02-24,643,677,BRL,11.61,1,,17,,,,,2026-02-24,2026-02-24
"Instagram | Conversão WPP","RS SC ES MS MG AL PE - WPP","[Imagem] Benefícios — RS SC ES MS MG AL PE - WPP",2026-02-24,19403,28795,BRL,49.22,,,62,,,,,2026-02-24,2026-02-24
"Instagram | Conversão WPP","RS SC ES MS MG AL PE - WPP","[Vídeo] Novo vídeo Nimbus — RS SC ES MS MG AL PE - WPP",2026-02-24,219,245,BRL,3.47,,,6,,,,,2026-02-24,2026-02-24
"Instagram | Conversão WPP","RS SC ES MS MG AL PE - WPP","[Vídeo] Nimbus Tapete — RS SC ES MS MG AL PE - WPP",2026-02-24,140,149,BRL,2.54,,,,,,,,2026-02-24,2026-02-24
"Instagram | Conversão 2026","[SP] BAIRROS NOBRES | SÃO PAULO & CIDADES DE SÃO PAULO","[Vídeo] Extratora HYLA — Bairros nobres SP",2026-02-23,2717,2717,BRL,10.46,,,171,,138,,,2026-02-23,2026-02-23
"Instagram | Conversão 2026","[SP] BAIRROS NOBRES | SÃO PAULO & CIDADES DE SÃO PAULO","[Vídeo] Célia 1M  — Bairros nobres SP",2026-02-23,893,922,BRL,3.15,,,53,,46,,,2026-02-23,2026-02-23
"Instagram | Conversão 2026","[SP] BAIRROS NOBRES | SÃO PAULO & CIDADES DE SÃO PAULO","[Vídeo] Nimbus Tapete — Bairros nobres SP",2026-02-23,2188,2186,BRL,7.23,,,99,,80,,,2026-02-23,2026-02-23
"Instagram | Conversão WPP","DF|CWB|GO|SP 2","[Vídeo] Célia 1M  — DF|CWB|GO|SP 2",2026-02-23,2345,2621,BRL,15.91,,,41,,1,,,2026-02-23,2026-02-23
"Instagram | Conversão WPP","DF|CWB|GO|SP 2","[Vídeo] Nimbus Sofá — DF|CWB|GO|SP 2",2026-02-23,335,357,BRL,2.73,3,,4,,,,,2026-02-23,2026-02-23
"Instagram | Conversão WPP","RS SC ES MS MG AL PE - WPP","[Imagem] Benefícios — RS SC ES MS MG AL PE - WPP",2026-02-23,1982,2254,BRL,2.89,,,1,,,,,2026-02-23,2026-02-23
"Instagram | Conversão WPP","RS SC ES MS MG AL PE - WPP","[Vídeo] Novo vídeo Nimbus — RS SC ES MS MG AL PE - WPP",2026-02-23,411,466,BRL,2.41,,,9,,,,,2026-02-23,2026-02-23
"Instagram | Conversão 2026","[SP] BAIRROS NOBRES | SÃO PAULO & CIDADES DE SÃO PAULO","[Vídeo] Extratora HYLA — Bairros nobres SP",2026-02-22,11891,12317,BRL,34.86,,,667,,517,,2,2026-02-22,2026-02-22
"Instagram | Conversão 2026","[SP] BAIRROS NOBRES | SÃO PAULO & CIDADES DE SÃO PAULO","[Vídeo] Célia 1M  — Bairros nobres SP",2026-02-22,2482,2557,BRL,6.96,,,127,,100,,1,2026-02-22,2026-02-22
"Instagram | Conversão 2026","[SP] BAIRROS NOBRES | SÃO PAULO & CIDADES DE SÃO PAULO","[Vídeo] Nimbus Tapete — Bairros nobres SP",2026-02-22,10037,10628,BRL,24.87,,,460,,356,,,2026-02-22,2026-02-22
"Instagram | Conversão WPP","DF|CWB|GO|SP 2","[Vídeo] Célia 1M  — DF|CWB|GO|SP 2",2026-02-22,5446,6766,BRL,62.12,3,,87,,,,1,2026-02-22,2026-02-22
"Instagram | Conversão WPP","DF|CWB|GO|SP 2","[Vídeo] Nimbus Sofá — DF|CWB|GO|SP 2",2026-02-22,139,147,BRL,1.47,,,3,,,,,2026-02-22,2026-02-22
"Instagram | Conversão WPP","DF|CWB|GO|SP 2","[Vídeo] Nimbus tapete branco — DF|CWB|GO|SP 2",2026-02-22,37,39,BRL,0.84,,,1,,,,,2026-02-22,2026-02-22
"Instagram | Conversão WPP","DF|CWB|GO|SP 2","[Vídeo] Novo vídeo Nimbus — DF|CWB|GO|SP 2",2026-02-22,1,1,BRL,0,,,,,,,,2026-02-22,2026-02-22
"Instagram | Conversão WPP","RS SC ES MS MG AL PE - WPP","[Imagem] Benefícios — RS SC ES MS MG AL PE - WPP",2026-02-22,5690,7728,BRL,12.85,,,17,,,,,2026-02-22,2026-02-22
"Instagram | Conversão WPP","RS SC ES MS MG AL PE - WPP","[Vídeo] Novo vídeo Nimbus — RS SC ES MS MG AL PE - WPP",2026-02-22,1134,1336,BRL,9.41,,,31,,,,,2026-02-22,2026-02-22
"Instagram | Conversão WPP","RS SC ES MS MG AL PE - WPP","[Vídeo] Nimbus Tapete — RS SC ES MS MG AL PE - WPP",2026-02-22,1351,1601,BRL,12.98,1,,24,,,,,2026-02-22,2026-02-22
"Instagram | Conversão 2026","[SP] BAIRROS NOBRES | SÃO PAULO & CIDADES DE SÃO PAULO","[Vídeo] Extratora HYLA — Bairros nobres SP",2026-02-21,11987,12595,BRL,39.23,2,,717,,561,,,2026-02-21,2026-02-21
"Instagram | Conversão 2026","[SP] BAIRROS NOBRES | SÃO PAULO & CIDADES DE SÃO PAULO","[Vídeo] Célia 1M  — Bairros nobres SP",2026-02-21,1434,1497,BRL,4.4,1,,76,,59,,,2026-02-21,2026-02-21
"Instagram | Conversão 2026","[SP] BAIRROS NOBRES | SÃO PAULO & CIDADES DE SÃO PAULO","[Vídeo] Nimbus Tapete — Bairros nobres SP",2026-02-21,24880,25113,BRL,63.72,,,1100,,822,,,2026-02-21,2026-02-21
"Instagram | Conversão WPP","DF|CWB|GO|SP 2","[Vídeo] Célia 1M  — DF|CWB|GO|SP 2",2026-02-21,1915,2204,BRL,22.7,,,24,,,,,2026-02-21,2026-02-21
"Instagram | Conversão WPP","DF|CWB|GO|SP 2","[Vídeo] Nimbus Sofá — DF|CWB|GO|SP 2",2026-02-21,8,8,BRL,0.04,,,,,,,,2026-02-21,2026-02-21
"Instagram | Conversão WPP","DF|CWB|GO|SP 2","[Vídeo] Nimbus tapete branco — DF|CWB|GO|SP 2",2026-02-21,3,3,BRL,0.04,,,,,,,,2026-02-21,2026-02-21
"Instagram | Conversão WPP","DF|CWB|GO|SP 2","[Imagem] Benefícios — DF|CWB|GO|SP 2",2026-02-21,82,88,BRL,0.6,,,,,,,,2026-02-21,2026-02-21
"Instagram | Conversão WPP","DF|CWB|GO|SP 2","[Vídeo] Novo vídeo Nimbus — DF|CWB|GO|SP 2",2026-02-21,2,2,BRL,0,,,,,,,,2026-02-21,2026-02-21
"Instagram | Conversão WPP","RS SC ES MS MG AL PE - WPP","[Vídeo] Célia 1M  — RS SC ES MS MG AL PE - WPP",2026-02-21,78,80,BRL,1.52,,,4,,,,,2026-02-21,2026-02-21
"Instagram | Conversão WPP","RS SC ES MS MG AL PE - WPP","[Vídeo] Nimbus tapete branco — RS SC ES MS MG AL PE - WPP",2026-02-21,32,33,BRL,0.37,,,,,,,,2026-02-21,2026-02-21
"Instagram | Conversão WPP","RS SC ES MS MG AL PE - WPP","[Imagem] Benefícios — RS SC ES MS MG AL PE - WPP",2026-02-21,1487,1869,BRL,3.29,1,,4,,,,,2026-02-21,2026-02-21
"Instagram | Conversão WPP","RS SC ES MS MG AL PE - WPP","[Vídeo] Novo vídeo Nimbus — RS SC ES MS MG AL PE - WPP",2026-02-21,145,161,BRL,1.3,,,3,,,,,2026-02-21,2026-02-21
"Instagram | Conversão WPP","RS SC ES MS MG AL PE - WPP","[Vídeo] Nimbus Tapete — RS SC ES MS MG AL PE - WPP",2026-02-21,55,55,BRL,0.59,,,1,,,,,2026-02-21,2026-02-21
"Instagram | Conversão 2026","[SP] BAIRROS NOBRES | SÃO PAULO & CIDADES DE SÃO PAULO","[Vídeo] Extratora HYLA — Bairros nobres SP",2026-02-20,11873,11873,BRL,39.99,1,,697,,472,,3,2026-02-20,2026-02-20
"Instagram | Conversão 2026","[SP] BAIRROS NOBRES | SÃO PAULO & CIDADES DE SÃO PAULO","[Vídeo] Célia 1M  — Bairros nobres SP",2026-02-20,3544,3546,BRL,11.4,,,163,,132,,,2026-02-20,2026-02-20
"Instagram | Conversão 2026","[SP] BAIRROS NOBRES | SÃO PAULO & CIDADES DE SÃO PAULO","[Vídeo] Nimbus Tapete — Bairros nobres SP",2026-02-20,18495,18714,BRL,49.63,,,809,,587,,,2026-02-20,2026-02-20
"Instagram | Conversão 2026","[SP] BAIRROS NOBRES | SÃO PAULO & CIDADES DE SÃO PAULO","[Imagem] Benefícios — Bairros nobres SP",2026-02-20,1,1,BRL,0.01,,,,,,,,2026-02-20,2026-02-20
"Instagram | Conversão WPP","DF|CWB|GO|SP 2","[Vídeo] Célia 1M  — DF|CWB|GO|SP 2",2026-02-20,2463,2865,BRL,129.26,1,,45,,,,,2026-02-20,2026-02-20
"Instagram | Conversão WPP","DF|CWB|GO|SP 2","[Vídeo] Nimbus Sofá — DF|CWB|GO|SP 2",2026-02-20,20,20,BRL,3.16,,,,,,,,2026-02-20,2026-02-20
"Instagram | Conversão WPP","DF|CWB|GO|SP 2","[Vídeo] Nimbus tapete branco — DF|CWB|GO|SP 2",2026-02-20,3,3,BRL,0,,,,,,,,2026-02-20,2026-02-20
"Instagram | Conversão WPP","DF|CWB|GO|SP 2","[Imagem] Benefícios — DF|CWB|GO|SP 2",2026-02-20,7191,8599,BRL,17.72,,,18,2,,1,,2026-02-20,2026-02-20
"Instagram | Conversão WPP","DF|CWB|GO|SP 2","[Vídeo] Novo vídeo Nimbus — DF|CWB|GO|SP 2",2026-02-20,305,331,BRL,3.94,,,4,,,,,2026-02-20,2026-02-20
"Instagram | Conversão WPP","RS SC ES MS MG AL PE - WPP","[Vídeo] Célia 1M  — RS SC ES MS MG AL PE - WPP",2026-02-20,59,61,BRL,0.58,,,,,,,,2026-02-20,2026-02-20
"Instagram | Conversão WPP","RS SC ES MS MG AL PE - WPP","[Vídeo] Nimbus tapete branco — RS SC ES MS MG AL PE - WPP",2026-02-20,5,5,BRL,0.21,,,,,,,,2026-02-20,2026-02-20
"Instagram | Conversão WPP","RS SC ES MS MG AL PE - WPP","[Imagem] Benefícios — RS SC ES MS MG AL PE - WPP",2026-02-20,8004,10147,BRL,36.3,,,23,,,,,2026-02-20,2026-02-20
"Instagram | Conversão WPP","RS SC ES MS MG AL PE - WPP","[Vídeo] Novo vídeo Nimbus — RS SC ES MS MG AL PE - WPP",2026-02-20,646,747,BRL,32.59,,,22,,,,,2026-02-20,2026-02-20
"Instagram | Conversão WPP","RS SC ES MS MG AL PE - WPP","[Vídeo] Nimbus Tapete — RS SC ES MS MG AL PE - WPP",2026-02-20,415,476,BRL,12.48,,,6,,,,,2026-02-20,2026-02-20
"Instagram | Conversão 2026","[SP] BAIRROS NOBRES | SÃO PAULO & CIDADES DE SÃO PAULO","[Vídeo] Extratora HYLA — Bairros nobres SP",2026-02-19,12473,12758,BRL,40.92,,,766,,509,,,2026-02-19,2026-02-19
"Instagram | Conversão 2026","[SP] BAIRROS NOBRES | SÃO PAULO & CIDADES DE SÃO PAULO","[Vídeo] Célia 1M  — Bairros nobres SP",2026-02-19,4996,5319,BRL,16.59,1,,255,,191,,,2026-02-19,2026-02-19
"Instagram | Conversão 2026","[SP] BAIRROS NOBRES | SÃO PAULO & CIDADES DE SÃO PAULO","[Vídeo] Nimbus Tapete — Bairros nobres SP",2026-02-19,14594,14684,BRL,38.93,,,719,,489,,,2026-02-19,2026-02-19
"Instagram | Conversão WPP","DF|CWB|GO|SP 2","[Vídeo] Célia 1M  — DF|CWB|GO|SP 2",2026-02-19,1982,2277,BRL,35.4,1,,35,,1,,,2026-02-19,2026-02-19
"Instagram | Conversão WPP","DF|CWB|GO|SP 2","[Vídeo] Nimbus Sofá — DF|CWB|GO|SP 2",2026-02-19,16,16,BRL,0.17,,,,,,,,2026-02-19,2026-02-19
"Instagram | Conversão WPP","DF|CWB|GO|SP 2","[Imagem] Benefícios — DF|CWB|GO|SP 2",2026-02-19,26158,35158,BRL,58.31,3,,96,,1,,,2026-02-19,2026-02-19
"Instagram | Conversão WPP","DF|CWB|GO|SP 2","[Vídeo] Novo vídeo Nimbus — DF|CWB|GO|SP 2",2026-02-19,355,371,BRL,3.04,,,6,,,,,2026-02-19,2026-02-19
"Instagram | Conversão WPP","RS SC ES MS MG AL PE - WPP","[Vídeo] Célia 1M  — RS SC ES MS MG AL PE - WPP",2026-02-19,80,87,BRL,1.37,,,2,,,,,2026-02-19,2026-02-19
"Instagram | Conversão WPP","RS SC ES MS MG AL PE - WPP","[Vídeo] Nimbus tapete branco — RS SC ES MS MG AL PE - WPP",2026-02-19,14,15,BRL,0.1,,,,,,,,2026-02-19,2026-02-19
"Instagram | Conversão WPP","RS SC ES MS MG AL PE - WPP","[Imagem] Benefícios — RS SC ES MS MG AL PE - WPP",2026-02-19,13604,18898,BRL,32.41,,,46,,,,,2026-02-19,2026-02-19
"Instagram | Conversão WPP","RS SC ES MS MG AL PE - WPP","[Vídeo] Novo vídeo Nimbus — RS SC ES MS MG AL PE - WPP",2026-02-19,583,644,BRL,4.62,,,13,,,,,2026-02-19,2026-02-19
"Instagram | Conversão WPP","RS SC ES MS MG AL PE - WPP","[Vídeo] Nimbus Tapete — RS SC ES MS MG AL PE - WPP",2026-02-19,522,575,BRL,5.51,,,11,,,,,2026-02-19,2026-02-19
"Instagram | Conversão 2026","[SP] BAIRROS NOBRES | SÃO PAULO & CIDADES DE SÃO PAULO","[Vídeo] Extratora HYLA — Bairros nobres SP",2026-02-18,12818,13132,BRL,37.21,,,822,,594,,1,2026-02-18,2026-02-18
"Instagram | Conversão 2026","[SP] BAIRROS NOBRES | SÃO PAULO & CIDADES DE SÃO PAULO","[Vídeo] Célia 1M  — Bairros nobres SP",2026-02-18,4045,4315,BRL,12.42,,,233,,184,,,2026-02-18,2026-02-18
"Instagram | Conversão 2026","[SP] BAIRROS NOBRES | SÃO PAULO & CIDADES DE SÃO PAULO","[Vídeo] Nimbus Tapete — Bairros nobres SP",2026-02-18,10448,10663,BRL,27.87,,,567,,417,,,2026-02-18,2026-02-18
"Instagram | Conversão WPP","DF|CWB|GO|SP 2","[Vídeo] Célia 1M  — DF|CWB|GO|SP 2",2026-02-18,753,807,BRL,7.2,1,,12,,,,,2026-02-18,2026-02-18
"Instagram | Conversão WPP","DF|CWB|GO|SP 2","[Vídeo] Nimbus Sofá — DF|CWB|GO|SP 2",2026-02-18,334,343,BRL,2.51,,,5,,,,,2026-02-18,2026-02-18
"Instagram | Conversão WPP","DF|CWB|GO|SP 2","[Vídeo] Nimbus tapete branco — DF|CWB|GO|SP 2",2026-02-18,27,27,BRL,0.17,,,,,,,,2026-02-18,2026-02-18
"Instagram | Conversão WPP","DF|CWB|GO|SP 2","[Imagem] Benefícios — DF|CWB|GO|SP 2",2026-02-18,28512,34566,BRL,62.9,7,,86,,1,,1,2026-02-18,2026-02-18
"Instagram | Conversão WPP","DF|CWB|GO|SP 2","[Vídeo] Novo vídeo Nimbus — DF|CWB|GO|SP 2",2026-02-18,2317,2448,BRL,16.44,,,54,,,,,2026-02-18,2026-02-18
"Instagram | Conversão WPP","RS SC ES MS MG AL PE - WPP","[Vídeo] Célia 1M  — RS SC ES MS MG AL PE - WPP",2026-02-18,200,218,BRL,1.85,,,3,,,,,2026-02-18,2026-02-18
"Instagram | Conversão WPP","RS SC ES MS MG AL PE - WPP","[Vídeo] Nimbus tapete branco — RS SC ES MS MG AL PE - WPP",2026-02-18,4,4,BRL,0.03,,,,,,,,2026-02-18,2026-02-18
"Instagram | Conversão WPP","RS SC ES MS MG AL PE - WPP","[Imagem] Benefícios — RS SC ES MS MG AL PE - WPP",2026-02-18,14535,18168,BRL,29.95,,,45,,,,,2026-02-18,2026-02-18
"Instagram | Conversão WPP","RS SC ES MS MG AL PE - WPP","[Vídeo] Novo vídeo Nimbus — RS SC ES MS MG AL PE - WPP",2026-02-18,1225,1321,BRL,7.01,,,34,,,,,2026-02-18,2026-02-18
"Instagram | Conversão WPP","RS SC ES MS MG AL PE - WPP","[Vídeo] Nimbus Tapete — RS SC ES MS MG AL PE - WPP",2026-02-18,1339,1461,BRL,7.91,1,,14,,1,,,2026-02-18,2026-02-18
"Instagram | Conversão 2026","[SP] BAIRROS NOBRES | SÃO PAULO & CIDADES DE SÃO PAULO","[Vídeo] Extratora HYLA — Bairros nobres SP",2026-02-17,11551,11669,BRL,35.41,,,929,,705,,2,2026-02-17,2026-02-17
"Instagram | Conversão 2026","[SP] BAIRROS NOBRES | SÃO PAULO & CIDADES DE SÃO PAULO","[Vídeo] Célia 1M  — Bairros nobres SP",2026-02-17,4370,4382,BRL,12.98,,,293,,248,,2,2026-02-17,2026-02-17
"Instagram | Conversão 2026","[SP] BAIRROS NOBRES | SÃO PAULO & CIDADES DE SÃO PAULO","[Vídeo] Nimbus Tapete — Bairros nobres SP",2026-02-17,17394,17643,BRL,45.35,,,1104,,815,,,2026-02-17,2026-02-17
"Instagram | Conversão WPP","DF|CWB|GO|SP 2","[Vídeo] Célia 1M  — DF|CWB|GO|SP 2",2026-02-17,4303,4995,BRL,40.92,2,,62,,,,,2026-02-17,2026-02-17
"Instagram | Conversão WPP","DF|CWB|GO|SP 2","[Vídeo] Nimbus Sofá — DF|CWB|GO|SP 2",2026-02-17,435,477,BRL,5.47,2,,5,,1,,,2026-02-17,2026-02-17
"Instagram | Conversão WPP","DF|CWB|GO|SP 2","[Vídeo] Nimbus tapete branco — DF|CWB|GO|SP 2",2026-02-17,22,24,BRL,0.3,,,,,,,,2026-02-17,2026-02-17
"Instagram | Conversão WPP","DF|CWB|GO|SP 2","[Imagem] Benefícios — DF|CWB|GO|SP 2",2026-02-17,2179,2697,BRL,6.44,,,11,,,,,2026-02-17,2026-02-17
"Instagram | Conversão WPP","DF|CWB|GO|SP 2","[Vídeo] Novo vídeo Nimbus — DF|CWB|GO|SP 2",2026-02-17,3837,4406,BRL,46.53,1,,127,,,,,2026-02-17,2026-02-17
"Instagram | Conversão WPP","RS SC ES MS MG AL PE - WPP","[Vídeo] Célia 1M  — RS SC ES MS MG AL PE - WPP",2026-02-17,1398,1501,BRL,13.61,,,10,,,,,2026-02-17,2026-02-17
"Instagram | Conversão WPP","RS SC ES MS MG AL PE - WPP","[Vídeo] Nimbus tapete branco — RS SC ES MS MG AL PE - WPP",2026-02-17,1,1,BRL,0.01,,,,,,,,2026-02-17,2026-02-17
"Instagram | Conversão WPP","RS SC ES MS MG AL PE - WPP","[Imagem] Benefícios — RS SC ES MS MG AL PE - WPP",2026-02-17,440,534,BRL,1.18,,,2,,,,,2026-02-17,2026-02-17
"Instagram | Conversão WPP","RS SC ES MS MG AL PE - WPP","[Vídeo] Novo vídeo Nimbus — RS SC ES MS MG AL PE - WPP",2026-02-17,2144,2417,BRL,26.15,,,64,,,,,2026-02-17,2026-02-17
"Instagram | Conversão WPP","RS SC ES MS MG AL PE - WPP","[Vídeo] Nimbus Tapete — RS SC ES MS MG AL PE - WPP",2026-02-17,650,720,BRL,6.96,,,14,,,,,2026-02-17,2026-02-17
"Instagram | Conversão 2026","[SP] BAIRROS NOBRES | SÃO PAULO & CIDADES DE SÃO PAULO","[Vídeo] Extratora HYLA — Bairros nobres SP",2026-02-16,13102,13767,BRL,45.5,1,,1183,,863,,2,2026-02-16,2026-02-16
"Instagram | Conversão 2026","[SP] BAIRROS NOBRES | SÃO PAULO & CIDADES DE SÃO PAULO","[Vídeo] Célia 1M  — Bairros nobres SP",2026-02-16,4400,4483,BRL,14.5,,,280,,222,,,2026-02-16,2026-02-16
"Instagram | Conversão 2026","[SP] BAIRROS NOBRES | SÃO PAULO & CIDADES DE SÃO PAULO","[Vídeo] Nimbus Tapete — Bairros nobres SP",2026-02-16,16922,17332,BRL,47.16,,,1069,,817,,,2026-02-16,2026-02-16
"Instagram | Conversão WPP","DF|CWB|GO|SP 2","[Vídeo] Célia 1M  — DF|CWB|GO|SP 2",2026-02-16,5177,6423,BRL,66.27,1,,98,,,,1,2026-02-16,2026-02-16
"Instagram | Conversão WPP","DF|CWB|GO|SP 2","[Vídeo] Nimbus Sofá — DF|CWB|GO|SP 2",2026-02-16,785,874,BRL,8.82,,,17,,,,,2026-02-16,2026-02-16
"Instagram | Conversão WPP","DF|CWB|GO|SP 2","[Vídeo] Nimbus tapete branco — DF|CWB|GO|SP 2",2026-02-16,29,29,BRL,0.31,,,2,,,,,2026-02-16,2026-02-16
"Instagram | Conversão WPP","DF|CWB|GO|SP 2","[Imagem] Benefícios — DF|CWB|GO|SP 2",2026-02-16,1358,1721,BRL,6.73,,,10,,,,,2026-02-16,2026-02-16
"Instagram | Conversão WPP","DF|CWB|GO|SP 2","[Vídeo] Novo vídeo Nimbus — DF|CWB|GO|SP 2",2026-02-16,2806,3169,BRL,36.28,1,,102,,,,,2026-02-16,2026-02-16
"Instagram | Conversão WPP","RS SC ES MS MG AL PE - WPP","[Vídeo] Célia 1M  — RS SC ES MS MG AL PE - WPP",2026-02-16,1862,2129,BRL,21.36,,,13,,,,,2026-02-16,2026-02-16
"Instagram | Conversão WPP","RS SC ES MS MG AL PE - WPP","[Vídeo] Nimbus tapete branco — RS SC ES MS MG AL PE - WPP",2026-02-16,14,14,BRL,0.1,,,,,,,,2026-02-16,2026-02-16
"Instagram | Conversão WPP","RS SC ES MS MG AL PE - WPP","[Imagem] Benefícios — RS SC ES MS MG AL PE - WPP",2026-02-16,196,232,BRL,1.2,,,3,,,,,2026-02-16,2026-02-16
"Instagram | Conversão WPP","RS SC ES MS MG AL PE - WPP","[Vídeo] Novo vídeo Nimbus — RS SC ES MS MG AL PE - WPP",2026-02-16,1063,1181,BRL,14.5,,,42,,,,,2026-02-16,2026-02-16
"Instagram | Conversão WPP","RS SC ES MS MG AL PE - WPP","[Vídeo] Nimbus Tapete — RS SC ES MS MG AL PE - WPP",2026-02-16,1901,2201,BRL,24.28,,,44,,,,,2026-02-16,2026-02-16
"Instagram | Conversão 2026","[SP] BAIRROS NOBRES | SÃO PAULO & CIDADES DE SÃO PAULO","[Vídeo] Extratora HYLA — Bairros nobres SP",2026-02-15,12371,12983,BRL,52.63,,,1295,,923,,2,2026-02-15,2026-02-15
"Instagram | Conversão 2026","[SP] BAIRROS NOBRES | SÃO PAULO & CIDADES DE SÃO PAULO","[Vídeo] Célia 1M  — Bairros nobres SP",2026-02-15,2042,2065,BRL,8.31,1,,174,,145,,1,2026-02-15,2026-02-15
"Instagram | Conversão 2026","[SP] BAIRROS NOBRES | SÃO PAULO & CIDADES DE SÃO PAULO","[Vídeo] Nimbus Tapete — Bairros nobres SP",2026-02-15,17693,17693,BRL,55.84,,,1194,,941,,1,2026-02-15,2026-02-15
"Instagram | Conversão WPP","DF|CWB|GO|SP 2","[Vídeo] Célia 1M  — DF|CWB|GO|SP 2",2026-02-15,5467,6969,BRL,78.06,1,,130,,1,,1,2026-02-15,2026-02-15
"Instagram | Conversão WPP","DF|CWB|GO|SP 2","[Vídeo] Nimbus Sofá — DF|CWB|GO|SP 2",2026-02-15,710,811,BRL,8.79,,,16,,,,,2026-02-15,2026-02-15
"Instagram | Conversão WPP","DF|CWB|GO|SP 2","[Vídeo] Nimbus tapete branco — DF|CWB|GO|SP 2",2026-02-15,3,3,BRL,0.03,,,,,,,,2026-02-15,2026-02-15
"Instagram | Conversão WPP","DF|CWB|GO|SP 2","[Imagem] Benefícios — DF|CWB|GO|SP 2",2026-02-15,1134,1413,BRL,6.4,,,11,,,,,2026-02-15,2026-02-15
"Instagram | Conversão WPP","DF|CWB|GO|SP 2","[Vídeo] Novo vídeo Nimbus — DF|CWB|GO|SP 2",2026-02-15,2149,2385,BRL,23.96,,,45,,1,,,2026-02-15,2026-02-15
"Instagram | Conversão WPP","RS SC ES MS MG AL PE - WPP","[Vídeo] Célia 1M  — RS SC ES MS MG AL PE - WPP",2026-02-15,1862,2118,BRL,23.75,,,12,,,,,2026-02-15,2026-02-15
"Instagram | Conversão WPP","RS SC ES MS MG AL PE - WPP","[Vídeo] Nimbus tapete branco — RS SC ES MS MG AL PE - WPP",2026-02-15,42,44,BRL,0.64,,,1,,,,,2026-02-15,2026-02-15
"Instagram | Conversão WPP","RS SC ES MS MG AL PE - WPP","[Imagem] Benefícios — RS SC ES MS MG AL PE - WPP",2026-02-15,354,413,BRL,1.55,,,,,,,,2026-02-15,2026-02-15
"Instagram | Conversão WPP","RS SC ES MS MG AL PE - WPP","[Vídeo] Novo vídeo Nimbus — RS SC ES MS MG AL PE - WPP",2026-02-15,353,365,BRL,4.37,,,11,,,,,2026-02-15,2026-02-15
"Instagram | Conversão WPP","RS SC ES MS MG AL PE - WPP","[Vídeo] Nimbus Tapete — RS SC ES MS MG AL PE - WPP",2026-02-15,2205,2693,BRL,29.91,1,,47,,,,,2026-02-15,2026-02-15
"Instagram | Conversão 2026","[SP] BAIRROS NOBRES | SÃO PAULO & CIDADES DE SÃO PAULO","[Vídeo] Extratora HYLA — Bairros nobres SP",2026-02-14,10160,10319,BRL,46.51,,,979,,748,,3,2026-02-14,2026-02-14
"Instagram | Conversão 2026","[SP] BAIRROS NOBRES | SÃO PAULO & CIDADES DE SÃO PAULO","[Vídeo] Célia 1M  — Bairros nobres SP",2026-02-14,1949,1977,BRL,8.88,,,142,,129,,,2026-02-14,2026-02-14
"Instagram | Conversão 2026","[SP] BAIRROS NOBRES | SÃO PAULO & CIDADES DE SÃO PAULO","[Vídeo] Nimbus Tapete — Bairros nobres SP",2026-02-14,12612,12864,BRL,43.33,,,819,,671,,,2026-02-14,2026-02-14
"Instagram | Conversão WPP","DF|CWB|GO|SP 2","[Vídeo] Célia 1M  — DF|CWB|GO|SP 2",2026-02-14,4570,5211,BRL,60.01,1,,77,,,,,2026-02-14,2026-02-14
"Instagram | Conversão WPP","DF|CWB|GO|SP 2","[Vídeo] Nimbus Sofá — DF|CWB|GO|SP 2",2026-02-14,67,69,BRL,1.65,,,,,,,,2026-02-14,2026-02-14
"Instagram | Conversão WPP","DF|CWB|GO|SP 2","[Vídeo] Nimbus tapete branco — DF|CWB|GO|SP 2",2026-02-14,42,45,BRL,0.65,,,5,,,,,2026-02-14,2026-02-14
"Instagram | Conversão WPP","DF|CWB|GO|SP 2","[Imagem] Benefícios — DF|CWB|GO|SP 2",2026-02-14,1242,1735,BRL,10.35,,,3,,,,,2026-02-14,2026-02-14
"Instagram | Conversão WPP","DF|CWB|GO|SP 2","[Vídeo] Novo vídeo Nimbus — DF|CWB|GO|SP 2",2026-02-14,2167,2316,BRL,23.07,,,63,,,,,2026-02-14,2026-02-14
"Instagram | Conversão WPP","RS SC ES MS MG AL PE - WPP","[Vídeo] Célia 1M  — RS SC ES MS MG AL PE - WPP",2026-02-14,615,639,BRL,7.22,,,4,,,,,2026-02-14,2026-02-14
"Instagram | Conversão WPP","RS SC ES MS MG AL PE - WPP","[Imagem] Benefícios — RS SC ES MS MG AL PE - WPP",2026-02-14,619,731,BRL,3.79,,,6,,,,,2026-02-14,2026-02-14
"Instagram | Conversão WPP","RS SC ES MS MG AL PE - WPP","[Vídeo] Novo vídeo Nimbus — RS SC ES MS MG AL PE - WPP",2026-02-14,750,812,BRL,9.48,,,21,,,,,2026-02-14,2026-02-14
"Instagram | Conversão WPP","RS SC ES MS MG AL PE - WPP","[Vídeo] Nimbus Tapete — RS SC ES MS MG AL PE - WPP",2026-02-14,1382,1501,BRL,18.19,1,,37,,1,,1,2026-02-14,2026-02-14
"Instagram | Conversão 2026","[SP] BAIRROS NOBRES | SÃO PAULO & CIDADES DE SÃO PAULO","[Vídeo] Extratora HYLA — Bairros nobres SP",2026-02-13,10289,10324,BRL,47.08,1,,939,,659,,2,2026-02-13,2026-02-13
"Instagram | Conversão 2026","[SP] BAIRROS NOBRES | SÃO PAULO & CIDADES DE SÃO PAULO","[Vídeo] Célia 1M  — Bairros nobres SP",2026-02-13,3098,3098,BRL,14.27,,,194,,157,,,2026-02-13,2026-02-13
"Instagram | Conversão 2026","[SP] BAIRROS NOBRES | SÃO PAULO & CIDADES DE SÃO PAULO","[Vídeo] Nimbus Tapete — Bairros nobres SP",2026-02-13,10282,10630,BRL,38.53,,,714,,522,,,2026-02-13,2026-02-13
"Instagram | Conversão WPP","DF|CWB|GO|SP 2","[Vídeo] Célia 1M  — DF|CWB|GO|SP 2",2026-02-13,3544,4015,BRL,41.91,5,,61,,,,,2026-02-13,2026-02-13
"Instagram | Conversão WPP","DF|CWB|GO|SP 2","[Vídeo] Nimbus Sofá — DF|CWB|GO|SP 2",2026-02-13,662,742,BRL,10.65,1,,13,,,,,2026-02-13,2026-02-13
"Instagram | Conversão WPP","DF|CWB|GO|SP 2","[Imagem] Benefícios — DF|CWB|GO|SP 2",2026-02-13,987,1359,BRL,12.61,1,,12,,,,,2026-02-13,2026-02-13
"Instagram | Conversão WPP","DF|CWB|GO|SP 2","[Vídeo] Novo vídeo Nimbus — DF|CWB|GO|SP 2",2026-02-13,2304,2619,BRL,29.28,,,74,,,,,2026-02-13,2026-02-13
"Instagram | Conversão WPP","RS SC ES MS MG AL PE - WPP","[Vídeo] Célia 1M  — RS SC ES MS MG AL PE - WPP",2026-02-13,1112,1253,BRL,20.17,,,3,,,,,2026-02-13,2026-02-13
"Instagram | Conversão WPP","RS SC ES MS MG AL PE - WPP","[Imagem] Benefícios — RS SC ES MS MG AL PE - WPP",2026-02-13,495,618,BRL,6.15,,,3,,,,,2026-02-13,2026-02-13
"Instagram | Conversão WPP","RS SC ES MS MG AL PE - WPP","[Vídeo] Novo vídeo Nimbus — RS SC ES MS MG AL PE - WPP",2026-02-13,990,1082,BRL,11.23,,,29,,,,,2026-02-13,2026-02-13
"Instagram | Conversão WPP","RS SC ES MS MG AL PE - WPP","[Vídeo] Nimbus Tapete — RS SC ES MS MG AL PE - WPP",2026-02-13,1000,1160,BRL,12.83,3,,25,,,,,2026-02-13,2026-02-13
"Instagram | Conversão 2026","[SP] BAIRROS NOBRES | SÃO PAULO & CIDADES DE SÃO PAULO","[Vídeo] Extratora HYLA — Bairros nobres SP",2026-02-12,9710,10026,BRL,48.73,2,,913,,554,,,2026-02-12,2026-02-12
"Instagram | Conversão 2026","[SP] BAIRROS NOBRES | SÃO PAULO & CIDADES DE SÃO PAULO","[Vídeo] Célia 1M  — Bairros nobres SP",2026-02-12,3607,3747,BRL,18.22,,,270,,190,,1,2026-02-12,2026-02-12
"Instagram | Conversão 2026","[SP] BAIRROS NOBRES | SÃO PAULO & CIDADES DE SÃO PAULO","[Vídeo] Nimbus Tapete — Bairros nobres SP",2026-02-12,8210,8210,BRL,32.39,,,531,,352,,1,2026-02-12,2026-02-12
"Instagram | Conversão WPP","DF|CWB|GO|SP 2","[Vídeo] Célia 1M  — DF|CWB|GO|SP 2",2026-02-12,2293,2620,BRL,35.18,1,,59,,,,,2026-02-12,2026-02-12
"Instagram | Conversão WPP","DF|CWB|GO|SP 2","[Vídeo] Nimbus Sofá — DF|CWB|GO|SP 2",2026-02-12,857,1004,BRL,12.46,,,17,,,,,2026-02-12,2026-02-12
"Instagram | Conversão WPP","DF|CWB|GO|SP 2","[Vídeo] Nimbus tapete branco — DF|CWB|GO|SP 2",2026-02-12,27,33,BRL,0.63,,,,,,,,2026-02-12,2026-02-12
"Instagram | Conversão WPP","DF|CWB|GO|SP 2","[Imagem] Benefícios — DF|CWB|GO|SP 2",2026-02-12,873,1183,BRL,11.24,,,11,,1,,,2026-02-12,2026-02-12
"Instagram | Conversão WPP","DF|CWB|GO|SP 2","[Vídeo] Novo vídeo Nimbus — DF|CWB|GO|SP 2",2026-02-12,1768,1878,BRL,22.02,2,,69,,,,,2026-02-12,2026-02-12
"Instagram | Conversão WPP","RS SC ES MS MG AL PE - WPP","[Vídeo] Célia 1M  — RS SC ES MS MG AL PE - WPP",2026-02-12,173,183,BRL,1.69,,,2,,,,,2026-02-12,2026-02-12
"Instagram | Conversão WPP","RS SC ES MS MG AL PE - WPP","[Vídeo] Nimbus tapete branco — RS SC ES MS MG AL PE - WPP",2026-02-12,51,58,BRL,0.81,,,5,,,,,2026-02-12,2026-02-12
"Instagram | Conversão WPP","RS SC ES MS MG AL PE - WPP","[Imagem] Benefícios — RS SC ES MS MG AL PE - WPP",2026-02-12,419,479,BRL,5.21,,,5,,,,,2026-02-12,2026-02-12
"Instagram | Conversão WPP","RS SC ES MS MG AL PE - WPP","[Vídeo] Novo vídeo Nimbus — RS SC ES MS MG AL PE - WPP",2026-02-12,797,866,BRL,10.62,,,27,,,,,2026-02-12,2026-02-12
"Instagram | Conversão WPP","RS SC ES MS MG AL PE - WPP","[Vídeo] Nimbus Tapete — RS SC ES MS MG AL PE - WPP",2026-02-12,1266,1514,BRL,20.43,3,,33,,1,,,2026-02-12,2026-02-12
"Instagram | Conversão 2026","[SP] BAIRROS NOBRES | SÃO PAULO & CIDADES DE SÃO PAULO","[Vídeo] Extratora HYLA — Bairros nobres SP",2026-02-11,9650,9650,BRL,46.95,,,815,,520,,,2026-02-11,2026-02-11
"Instagram | Conversão 2026","[SP] BAIRROS NOBRES | SÃO PAULO & CIDADES DE SÃO PAULO","[Vídeo] Célia 1M  — Bairros nobres SP",2026-02-11,1938,1952,BRL,9.27,1,,121,,91,,,2026-02-11,2026-02-11
"Instagram | Conversão 2026","[SP] BAIRROS NOBRES | SÃO PAULO & CIDADES DE SÃO PAULO","[Vídeo] Nimbus Tapete — Bairros nobres SP",2026-02-11,11376,11577,BRL,43.75,,,674,,468,,1,2026-02-11,2026-02-11
"Instagram | Conversão WPP","DF|CWB|GO|SP 2","[Vídeo] Célia 1M  — DF|CWB|GO|SP 2",2026-02-11,2504,2804,BRL,39.09,2,,48,,,,1,2026-02-11,2026-02-11
"Instagram | Conversão WPP","DF|CWB|GO|SP 2","[Vídeo] Nimbus Sofá — DF|CWB|GO|SP 2",2026-02-11,1008,1135,BRL,15.32,,,24,,,,,2026-02-11,2026-02-11
"Instagram | Conversão WPP","DF|CWB|GO|SP 2","[Vídeo] Nimbus tapete branco — DF|CWB|GO|SP 2",2026-02-11,18,20,BRL,0.49,,,,,,,,2026-02-11,2026-02-11
"Instagram | Conversão WPP","DF|CWB|GO|SP 2","[Imagem] Benefícios — DF|CWB|GO|SP 2",2026-02-11,2362,2915,BRL,10.63,,,12,,,,,2026-02-11,2026-02-11
"Instagram | Conversão WPP","DF|CWB|GO|SP 2","[Vídeo] Novo vídeo Nimbus — DF|CWB|GO|SP 2",2026-02-11,3247,3639,BRL,44.89,,,91,,,,,2026-02-11,2026-02-11
"Instagram | Conversão WPP","RS SC ES MS MG AL PE - WPP","[Vídeo] Célia 1M  — RS SC ES MS MG AL PE - WPP",2026-02-11,639,687,BRL,11.14,,,4,,,,,2026-02-11,2026-02-11
"Instagram | Conversão WPP","RS SC ES MS MG AL PE - WPP","[Imagem] Benefícios — RS SC ES MS MG AL PE - WPP",2026-02-11,638,743,BRL,3.25,,,3,,,,,2026-02-11,2026-02-11
"Instagram | Conversão WPP","RS SC ES MS MG AL PE - WPP","[Vídeo] Novo vídeo Nimbus — RS SC ES MS MG AL PE - WPP",2026-02-11,1974,2190,BRL,26.1,,,67,,,,,2026-02-11,2026-02-11
"Instagram | Conversão WPP","RS SC ES MS MG AL PE - WPP","[Vídeo] Nimbus Tapete — RS SC ES MS MG AL PE - WPP",2026-02-11,813,911,BRL,13.73,2,,27,,,,,2026-02-11,2026-02-11
"Instagram | Conversão 2026","[SP] BAIRROS NOBRES | SÃO PAULO & CIDADES DE SÃO PAULO","[Vídeo] Extratora HYLA — Bairros nobres SP",2026-02-10,11001,11200,BRL,49.58,,,985,,646,,1,2026-02-10,2026-02-10
"Instagram | Conversão 2026","[SP] BAIRROS NOBRES | SÃO PAULO & CIDADES DE SÃO PAULO","[Vídeo] Célia 1M  — Bairros nobres SP",2026-02-10,2723,2781,BRL,11.98,,,192,,159,,1,2026-02-10,2026-02-10
"Instagram | Conversão 2026","[SP] BAIRROS NOBRES | SÃO PAULO & CIDADES DE SÃO PAULO","[Vídeo] Nimbus Tapete — Bairros nobres SP",2026-02-10,9239,9445,BRL,34.34,,,630,,442,,,2026-02-10,2026-02-10
"Instagram | Conversão WPP","DF|CWB|GO|SP 2","[Vídeo] Célia 1M  — DF|CWB|GO|SP 2",2026-02-10,2662,3122,BRL,41.67,,,50,,2,,,2026-02-10,2026-02-10
"Instagram | Conversão WPP","DF|CWB|GO|SP 2","[Vídeo] Nimbus Sofá — DF|CWB|GO|SP 2",2026-02-10,476,552,BRL,11.3,,,16,,,,,2026-02-10,2026-02-10
"Instagram | Conversão WPP","DF|CWB|GO|SP 2","[Vídeo] Nimbus tapete branco — DF|CWB|GO|SP 2",2026-02-10,49,51,BRL,1.22,,,3,,,,,2026-02-10,2026-02-10
"Instagram | Conversão WPP","DF|CWB|GO|SP 2","[Imagem] Benefícios — DF|CWB|GO|SP 2",2026-02-10,1402,1615,BRL,9.75,5,,3,,3,,,2026-02-10,2026-02-10
"Instagram | Conversão WPP","DF|CWB|GO|SP 2","[Vídeo] Novo vídeo Nimbus — DF|CWB|GO|SP 2",2026-02-10,2290,2499,BRL,34.91,,,90,,,,,2026-02-10,2026-02-10
"Instagram | Conversão WPP","RS SC ES MS MG AL PE - WPP","[Vídeo] Célia 1M  — RS SC ES MS MG AL PE - WPP",2026-02-10,453,497,BRL,6.58,,,4,,,,,2026-02-10,2026-02-10
"Instagram | Conversão WPP","RS SC ES MS MG AL PE - WPP","[Vídeo] Nimbus tapete branco — RS SC ES MS MG AL PE - WPP",2026-02-10,2,2,BRL,0.01,,,,,,,,2026-02-10,2026-02-10
"Instagram | Conversão WPP","RS SC ES MS MG AL PE - WPP","[Imagem] Benefícios — RS SC ES MS MG AL PE - WPP",2026-02-10,512,549,BRL,1.68,,,1,,,,,2026-02-10,2026-02-10
"Instagram | Conversão WPP","RS SC ES MS MG AL PE - WPP","[Vídeo] Novo vídeo Nimbus — RS SC ES MS MG AL PE - WPP",2026-02-10,1059,1198,BRL,19.68,,,43,,,,,2026-02-10,2026-02-10
"Instagram | Conversão WPP","RS SC ES MS MG AL PE - WPP","[Vídeo] Nimbus Tapete — RS SC ES MS MG AL PE - WPP",2026-02-10,553,635,BRL,22.61,,,16,,,,,2026-02-10,2026-02-10
"Instagram | Conversão 2026","[SP] BAIRROS NOBRES | SÃO PAULO & CIDADES DE SÃO PAULO","[Vídeo] Extratora HYLA — Bairros nobres SP",2026-02-09,11445,11537,BRL,49.56,,,1033,,722,,4,2026-02-09,2026-02-09
"Instagram | Conversão 2026","[SP] BAIRROS NOBRES | SÃO PAULO & CIDADES DE SÃO PAULO","[Vídeo] Célia 1M  — Bairros nobres SP",2026-02-09,4175,4280,BRL,17.78,,,290,,242,,1,2026-02-09,2026-02-09
"Instagram | Conversão 2026","[SP] BAIRROS NOBRES | SÃO PAULO & CIDADES DE SÃO PAULO","[Vídeo] Nimbus Tapete — Bairros nobres SP",2026-02-09,9328,9708,BRL,32.43,,,635,,436,,,2026-02-09,2026-02-09
"Instagram | Conversão WPP","DF|CWB|GO|SP 2","[Vídeo] Célia 1M  — DF|CWB|GO|SP 2",2026-02-09,3715,4349,BRL,49.87,2,,59,,,,,2026-02-09,2026-02-09
"Instagram | Conversão WPP","DF|CWB|GO|SP 2","[Vídeo] Nimbus Sofá — DF|CWB|GO|SP 2",2026-02-09,372,413,BRL,6.28,,,14,,,,,2026-02-09,2026-02-09
"Instagram | Conversão WPP","DF|CWB|GO|SP 2","[Vídeo] Nimbus tapete branco — DF|CWB|GO|SP 2",2026-02-09,104,112,BRL,1.48,,,8,,,,,2026-02-09,2026-02-09
"Instagram | Conversão WPP","DF|CWB|GO|SP 2","[Imagem] Benefícios — DF|CWB|GO|SP 2",2026-02-09,4262,5300,BRL,22.37,12,,4,,7,,,2026-02-09,2026-02-09
"Instagram | Conversão WPP","DF|CWB|GO|SP 2","[Vídeo] Novo vídeo Nimbus — DF|CWB|GO|SP 2",2026-02-09,3294,3769,BRL,36.76,1,,137,,1,,,2026-02-09,2026-02-09
"Instagram | Conversão WPP","RS SC ES MS MG AL PE - WPP","[Vídeo] Célia 1M  — RS SC ES MS MG AL PE - WPP",2026-02-09,502,530,BRL,8.43,,,4,,,,,2026-02-09,2026-02-09
"Instagram | Conversão WPP","RS SC ES MS MG AL PE - WPP","[Vídeo] Nimbus tapete branco — RS SC ES MS MG AL PE - WPP",2026-02-09,41,45,BRL,0.67,,,4,,,,,2026-02-09,2026-02-09
"Instagram | Conversão WPP","RS SC ES MS MG AL PE - WPP","[Imagem] Benefícios — RS SC ES MS MG AL PE - WPP",2026-02-09,3906,4794,BRL,7.9,,,17,,,,,2026-02-09,2026-02-09
"Instagram | Conversão WPP","RS SC ES MS MG AL PE - WPP","[Vídeo] Novo vídeo Nimbus — RS SC ES MS MG AL PE - WPP",2026-02-09,2596,2977,BRL,38.24,,,117,,,,,2026-02-09,2026-02-09
"Instagram | Conversão WPP","RS SC ES MS MG AL PE - WPP","[Vídeo] Nimbus Tapete — RS SC ES MS MG AL PE - WPP",2026-02-09,211,230,BRL,3.16,,,6,,,,,2026-02-09,2026-02-09
"Instagram | Conversão 2026","[SP] BAIRROS NOBRES | SÃO PAULO & CIDADES DE SÃO PAULO","[Vídeo] Extratora HYLA — Bairros nobres SP",2026-02-08,16133,16330,BRL,66.86,,,1413,,1050,,3,2026-02-08,2026-02-08
"Instagram | Conversão 2026","[SP] BAIRROS NOBRES | SÃO PAULO & CIDADES DE SÃO PAULO","[Vídeo] Célia 1M  — Bairros nobres SP",2026-02-08,3410,3498,BRL,14.47,,,259,,210,,,2026-02-08,2026-02-08
"Instagram | Conversão 2026","[SP] BAIRROS NOBRES | SÃO PAULO & CIDADES DE SÃO PAULO","[Vídeo] Nimbus Tapete — Bairros nobres SP",2026-02-08,7672,7755,BRL,25.09,,,499,,382,,,2026-02-08,2026-02-08
"Instagram | Conversão 2026","[SP] BAIRROS NOBRES | SÃO PAULO & CIDADES DE SÃO PAULO","[Imagem] Benefícios — Bairros nobres SP",2026-02-08,1,1,BRL,0,,,,,,,,2026-02-08,2026-02-08
"Instagram | Conversão WPP","DF|CWB|GO|SP 2","[Vídeo] Célia 1M  — DF|CWB|GO|SP 2",2026-02-08,3315,4012,BRL,40.59,,,50,,,,,2026-02-08,2026-02-08
"Instagram | Conversão WPP","DF|CWB|GO|SP 2","[Vídeo] Nimbus Sofá — DF|CWB|GO|SP 2",2026-02-08,314,334,BRL,3.36,,,5,,,,,2026-02-08,2026-02-08
"Instagram | Conversão WPP","DF|CWB|GO|SP 2","[Imagem] Benefícios — DF|CWB|GO|SP 2",2026-02-08,6740,10020,BRL,22.38,,,33,,,,,2026-02-08,2026-02-08
"Instagram | Conversão WPP","DF|CWB|GO|SP 2","[Vídeo] Novo vídeo Nimbus — DF|CWB|GO|SP 2",2026-02-08,3964,4703,BRL,35.71,,,123,,,,,2026-02-08,2026-02-08
"Instagram | Conversão WPP","RS SC ES MS MG AL PE - WPP","[Vídeo] Célia 1M  — RS SC ES MS MG AL PE - WPP",2026-02-08,485,523,BRL,3.72,,,3,,1,,,2026-02-08,2026-02-08
"Instagram | Conversão WPP","RS SC ES MS MG AL PE - WPP","[Vídeo] Nimbus tapete branco — RS SC ES MS MG AL PE - WPP",2026-02-08,1,1,BRL,0.01,,,1,,,,,2026-02-08,2026-02-08
"Instagram | Conversão WPP","RS SC ES MS MG AL PE - WPP","[Imagem] Benefícios — RS SC ES MS MG AL PE - WPP",2026-02-08,5230,7988,BRL,27.33,,,34,,,,,2026-02-08,2026-02-08
"Instagram | Conversão WPP","RS SC ES MS MG AL PE - WPP","[Vídeo] Novo vídeo Nimbus — RS SC ES MS MG AL PE - WPP",2026-02-08,1981,2371,BRL,22.8,,,67,,,,,2026-02-08,2026-02-08
"Instagram | Conversão WPP","RS SC ES MS MG AL PE - WPP","[Vídeo] Nimbus Tapete — RS SC ES MS MG AL PE - WPP",2026-02-08,553,605,BRL,5.08,,,13,,,,,2026-02-08,2026-02-08
"Instagram | Conversão 2026","[SP] BAIRROS NOBRES | SÃO PAULO & CIDADES DE SÃO PAULO","[Vídeo] Extratora HYLA — Bairros nobres SP",2026-02-07,20048,20619,BRL,79.06,,,1612,,1172,,2,2026-02-07,2026-02-07
"Instagram | Conversão 2026","[SP] BAIRROS NOBRES | SÃO PAULO & CIDADES DE SÃO PAULO","[Vídeo] Célia 1M  — Bairros nobres SP",2026-02-07,1939,2003,BRL,8.91,,,139,,113,,1,2026-02-07,2026-02-07
"Instagram | Conversão 2026","[SP] BAIRROS NOBRES | SÃO PAULO & CIDADES DE SÃO PAULO","[Vídeo] Nimbus Tapete — Bairros nobres SP",2026-02-07,2659,2727,BRL,9.47,,,168,,129,,,2026-02-07,2026-02-07
"Instagram | Conversão WPP","DF|CWB|GO|SP 2","[Vídeo] Célia 1M  — DF|CWB|GO|SP 2",2026-02-07,4354,5354,BRL,50.12,3,,99,,,,,2026-02-07,2026-02-07
"Instagram | Conversão WPP","DF|CWB|GO|SP 2","[Vídeo] Nimbus Sofá — DF|CWB|GO|SP 2",2026-02-07,32,33,BRL,0.38,,,,,,,,2026-02-07,2026-02-07
"Instagram | Conversão WPP","DF|CWB|GO|SP 2","[Vídeo] Nimbus tapete branco — DF|CWB|GO|SP 2",2026-02-07,12,13,BRL,0.27,,,2,,,,,2026-02-07,2026-02-07
"Instagram | Conversão WPP","DF|CWB|GO|SP 2","[Imagem] Benefícios — DF|CWB|GO|SP 2",2026-02-07,2776,3462,BRL,9.56,,,7,,,,,2026-02-07,2026-02-07
"Instagram | Conversão WPP","DF|CWB|GO|SP 2","[Vídeo] Novo vídeo Nimbus — DF|CWB|GO|SP 2",2026-02-07,1777,2071,BRL,19.48,,,47,,,,,2026-02-07,2026-02-07
"Instagram | Conversão WPP","RS SC ES MS MG AL PE - WPP","[Imagem] Benefícios — RS SC ES MS MG AL PE - WPP",2026-02-07,2629,3343,BRL,6.75,,,8,,,,,2026-02-07,2026-02-07
"Instagram | Conversão WPP","RS SC ES MS MG AL PE - WPP","[Vídeo] Novo vídeo Nimbus — RS SC ES MS MG AL PE - WPP",2026-02-07,1702,2108,BRL,26.04,,,61,,,,,2026-02-07,2026-02-07
"Instagram | Conversão 2026","[SP] BAIRROS NOBRES | SÃO PAULO & CIDADES DE SÃO PAULO","[Vídeo] Extratora HYLA — Bairros nobres SP",2026-02-06,11987,12795,BRL,63.61,1,,1252,,892,,2,2026-02-06,2026-02-06
"Instagram | Conversão 2026","[SP] BAIRROS NOBRES | SÃO PAULO & CIDADES DE SÃO PAULO","[Vídeo] Célia 1M  — Bairros nobres SP",2026-02-06,3747,4059,BRL,20.06,,,257,,219,,,2026-02-06,2026-02-06
"Instagram | Conversão 2026","[SP] BAIRROS NOBRES | SÃO PAULO & CIDADES DE SÃO PAULO","[Vídeo] Nimbus Tapete — Bairros nobres SP",2026-02-06,2994,3139,BRL,12.58,,,214,,174,,,2026-02-06,2026-02-06
"Instagram | Conversão WPP","DF|CWB|GO|SP 2","[Vídeo] Célia 1M  — DF|CWB|GO|SP 2",2026-02-06,1497,1676,BRL,21.45,1,,28,,,,1,2026-02-06,2026-02-06
"Instagram | Conversão WPP","DF|CWB|GO|SP 2","[Vídeo] Nimbus Sofá — DF|CWB|GO|SP 2",2026-02-06,273,294,BRL,6.95,,,4,,,,,2026-02-06,2026-02-06
"Instagram | Conversão WPP","DF|CWB|GO|SP 2","[Vídeo] Nimbus tapete branco — DF|CWB|GO|SP 2",2026-02-06,8,8,BRL,0.05,,,,,,,,2026-02-06,2026-02-06
"Instagram | Conversão WPP","DF|CWB|GO|SP 2","[Imagem] Benefícios — DF|CWB|GO|SP 2",2026-02-06,996,1223,BRL,6.3,1,,3,,,,,2026-02-06,2026-02-06
"Instagram | Conversão WPP","DF|CWB|GO|SP 2","[Vídeo] Novo vídeo Nimbus — DF|CWB|GO|SP 2",2026-02-06,5628,7187,BRL,60.18,,,297,,,,,2026-02-06,2026-02-06
"Instagram | Conversão WPP","RS SC ES MS MG AL PE - WPP","[Imagem] Benefícios — RS SC ES MS MG AL PE - WPP",2026-02-06,268,323,BRL,3.04,,,,,,,,2026-02-06,2026-02-06
"Instagram | Conversão WPP","RS SC ES MS MG AL PE - WPP","[Vídeo] Novo vídeo Nimbus — RS SC ES MS MG AL PE - WPP",2026-02-06,2889,3883,BRL,35.83,,,138,,,,,2026-02-06,2026-02-06
"Instagram | Conversão 2026","[SP] BAIRROS NOBRES | SÃO PAULO & CIDADES DE SÃO PAULO","[Vídeo] Extratora HYLA — Bairros nobres SP",2026-02-05,12865,13184,BRL,61.47,4,,1172,,831,,3,2026-02-05,2026-02-05
"Instagram | Conversão 2026","[SP] BAIRROS NOBRES | SÃO PAULO & CIDADES DE SÃO PAULO","[Vídeo] Célia 1M  — Bairros nobres SP",2026-02-05,4692,4953,BRL,24.91,,,364,,312,,,2026-02-05,2026-02-05
"Instagram | Conversão 2026","[SP] BAIRROS NOBRES | SÃO PAULO & CIDADES DE SÃO PAULO","[Vídeo] Nimbus Tapete — Bairros nobres SP",2026-02-05,4304,4304,BRL,16.96,,,287,,221,,,2026-02-05,2026-02-05
"Instagram | Conversão WPP","DF|CWB|GO|SP 2","[Vídeo] Célia 1M  — DF|CWB|GO|SP 2",2026-02-05,1148,1324,BRL,13.22,,,36,,2,,1,2026-02-05,2026-02-05
"Instagram | Conversão WPP","DF|CWB|GO|SP 2","[Vídeo] Nimbus Sofá — DF|CWB|GO|SP 2",2026-02-05,261,288,BRL,3.3,,,7,,,,,2026-02-05,2026-02-05
"Instagram | Conversão WPP","DF|CWB|GO|SP 2","[Vídeo] Nimbus tapete branco — DF|CWB|GO|SP 2",2026-02-05,2,2,BRL,0.03,,,,,,,,2026-02-05,2026-02-05
"Instagram | Conversão WPP","DF|CWB|GO|SP 2","[Imagem] Benefícios — DF|CWB|GO|SP 2",2026-02-05,4263,5267,BRL,14.07,,,10,,,,,2026-02-05,2026-02-05
"Instagram | Conversão WPP","DF|CWB|GO|SP 2","[Vídeo] Novo vídeo Nimbus — DF|CWB|GO|SP 2",2026-02-05,4858,5712,BRL,66.45,2,,229,,4,,1,2026-02-05,2026-02-05
"Instagram | Conversão WPP","RS SC ES MS MG AL PE - WPP","[Vídeo] Célia 1M  — RS SC ES MS MG AL PE - WPP",2026-02-05,19,20,BRL,8.77,,,1,,,,,2026-02-05,2026-02-05
"Instagram | Conversão WPP","RS SC ES MS MG AL PE - WPP","[Vídeo] Nimbus tapete branco — RS SC ES MS MG AL PE - WPP",2026-02-05,3,3,BRL,0.02,,,,,,,,2026-02-05,2026-02-05
"Instagram | Conversão WPP","RS SC ES MS MG AL PE - WPP","[Imagem] Benefícios — RS SC ES MS MG AL PE - WPP",2026-02-05,786,939,BRL,4.41,,,5,,,,,2026-02-05,2026-02-05
"Instagram | Conversão WPP","RS SC ES MS MG AL PE - WPP","[Vídeo] Novo vídeo Nimbus — RS SC ES MS MG AL PE - WPP",2026-02-05,2375,2835,BRL,34.36,,,84,,,,,2026-02-05,2026-02-05
"Instagram | Conversão WPP","RS SC ES MS MG AL PE - WPP","[Vídeo] Nimbus Tapete — RS SC ES MS MG AL PE - WPP",2026-02-05,10,11,BRL,0.66,,,,,,,,2026-02-05,2026-02-05
"Instagram | Conversão 2026","[SP] BAIRROS NOBRES | SÃO PAULO & CIDADES DE SÃO PAULO","[Vídeo] Extratora HYLA — Bairros nobres SP",2026-02-04,13981,14008,BRL,68.06,,,1395,,1006,,1,2026-02-04,2026-02-04
"Instagram | Conversão 2026","[SP] BAIRROS NOBRES | SÃO PAULO & CIDADES DE SÃO PAULO","[Vídeo] Célia 1M  — Bairros nobres SP",2026-02-04,2598,2680,BRL,12.72,1,,208,,176,,,2026-02-04,2026-02-04
"Instagram | Conversão 2026","[SP] BAIRROS NOBRES | SÃO PAULO & CIDADES DE SÃO PAULO","[Vídeo] Nimbus Tapete — Bairros nobres SP",2026-02-04,4231,4231,BRL,16.42,1,,309,2,240,,,2026-02-04,2026-02-04
"Instagram | Conversão WPP","DF|CWB|GO|SP 2","[Vídeo] Célia 1M  — DF|CWB|GO|SP 2",2026-02-04,2921,3413,BRL,31.87,1,,40,,1,,,2026-02-04,2026-02-04
"Instagram | Conversão WPP","DF|CWB|GO|SP 2","[Vídeo] Nimbus Sofá — DF|CWB|GO|SP 2",2026-02-04,575,665,BRL,8.76,2,,10,,1,,,2026-02-04,2026-02-04
"Instagram | Conversão WPP","DF|CWB|GO|SP 2","[Imagem] Benefícios — DF|CWB|GO|SP 2",2026-02-04,11691,15809,BRL,26.83,,,38,,,,,2026-02-04,2026-02-04
"Instagram | Conversão WPP","DF|CWB|GO|SP 2","[Vídeo] Novo vídeo Nimbus — DF|CWB|GO|SP 2",2026-02-04,1266,1634,BRL,15.41,1,,67,,1,,,2026-02-04,2026-02-04
"Instagram | Conversão WPP","RS SC ES MS MG AL PE - WPP","[Vídeo] Célia 1M  — RS SC ES MS MG AL PE - WPP",2026-02-04,25,25,BRL,0.45,,,,,,,,2026-02-04,2026-02-04
"Instagram | Conversão WPP","RS SC ES MS MG AL PE - WPP","[Imagem] Benefícios — RS SC ES MS MG AL PE - WPP",2026-02-04,6791,9016,BRL,15.22,,,33,,,,,2026-02-04,2026-02-04
"Instagram | Conversão WPP","RS SC ES MS MG AL PE - WPP","[Vídeo] Novo vídeo Nimbus — RS SC ES MS MG AL PE - WPP",2026-02-04,1811,2047,BRL,16.98,,,79,,,,,2026-02-04,2026-02-04
"Instagram | Conversão WPP","RS SC ES MS MG AL PE - WPP","[Vídeo] Nimbus Tapete — RS SC ES MS MG AL PE - WPP",2026-02-04,583,692,BRL,19.85,1,,16,,,,,2026-02-04,2026-02-04
"Instagram | Conversão 2026","[SP] BAIRROS NOBRES | SÃO PAULO & CIDADES DE SÃO PAULO","[Vídeo] Extratora HYLA — Bairros nobres SP",2026-02-03,15219,15843,BRL,82.63,1,,1712,,948,,3,2026-02-03,2026-02-03
"Instagram | Conversão 2026","[SP] BAIRROS NOBRES | SÃO PAULO & CIDADES DE SÃO PAULO","[Vídeo] Célia 1M  — Bairros nobres SP",2026-02-03,443,449,BRL,2.14,,,31,,29,,,2026-02-03,2026-02-03
"Instagram | Conversão 2026","[SP] BAIRROS NOBRES | SÃO PAULO & CIDADES DE SÃO PAULO","[Vídeo] Nimbus Tapete — Bairros nobres SP",2026-02-03,2995,3079,BRL,13.34,,,236,,150,,,2026-02-03,2026-02-03
"Instagram | Conversão WPP","DF|CWB|GO|SP 2","[Vídeo] Célia 1M  — DF|CWB|GO|SP 2",2026-02-03,4045,5111,BRL,58.61,1,,48,,,,,2026-02-03,2026-02-03
"Instagram | Conversão WPP","DF|CWB|GO|SP 2","[Vídeo] Nimbus Sofá — DF|CWB|GO|SP 2",2026-02-03,717,840,BRL,16.63,,,20,,,,,2026-02-03,2026-02-03
"Instagram | Conversão WPP","DF|CWB|GO|SP 2","[Vídeo] Nimbus tapete branco — DF|CWB|GO|SP 2",2026-02-03,11,11,BRL,1.47,1,,,,,,,2026-02-03,2026-02-03
"Instagram | Conversão WPP","DF|CWB|GO|SP 2","[Imagem] Benefícios — DF|CWB|GO|SP 2",2026-02-03,5043,5913,BRL,14.14,1,,20,,2,,1,2026-02-03,2026-02-03
"Instagram | Conversão WPP","DF|CWB|GO|SP 2","[Vídeo] Novo vídeo Nimbus — DF|CWB|GO|SP 2",2026-02-03,1157,1361,BRL,29.27,,,46,,,,,2026-02-03,2026-02-03
"Instagram | Conversão WPP","RS SC ES MS MG AL PE - WPP","[Vídeo] Célia 1M  — RS SC ES MS MG AL PE - WPP",2026-02-03,734,835,BRL,8.34,,,2,,,,,2026-02-03,2026-02-03
"Instagram | Conversão WPP","RS SC ES MS MG AL PE - WPP","[Vídeo] Nimbus tapete branco — RS SC ES MS MG AL PE - WPP",2026-02-03,6,6,BRL,0.32,,,,,,,,2026-02-03,2026-02-03
"Instagram | Conversão WPP","RS SC ES MS MG AL PE - WPP","[Imagem] Benefícios — RS SC ES MS MG AL PE - WPP",2026-02-03,3500,4270,BRL,9.15,,,11,,,,,2026-02-03,2026-02-03
"Instagram | Conversão WPP","RS SC ES MS MG AL PE - WPP","[Vídeo] Novo vídeo Nimbus — RS SC ES MS MG AL PE - WPP",2026-02-03,127,134,BRL,2.63,,,12,,,,,2026-02-03,2026-02-03
"Instagram | Conversão WPP","RS SC ES MS MG AL PE - WPP","[Vídeo] Nimbus Tapete — RS SC ES MS MG AL PE - WPP",2026-02-03,1102,1290,BRL,34.82,1,,31,,,,,2026-02-03,2026-02-03
"Instagram | Conversão 2026","[SP] BAIRROS NOBRES | SÃO PAULO & CIDADES DE SÃO PAULO","[Vídeo] Extratora HYLA — Bairros nobres SP",2026-02-02,15181,15909,BRL,69.75,,,1504,,1018,,2,2026-02-02,2026-02-02
"Instagram | Conversão 2026","[SP] BAIRROS NOBRES | SÃO PAULO & CIDADES DE SÃO PAULO","[Vídeo] Célia 1M  — Bairros nobres SP",2026-02-02,2936,3101,BRL,13.2,,,214,,176,,,2026-02-02,2026-02-02
"Instagram | Conversão 2026","[SP] BAIRROS NOBRES | SÃO PAULO & CIDADES DE SÃO PAULO","[Vídeo] Nimbus Tapete — Bairros nobres SP",2026-02-02,4421,4421,BRL,16.09,,,300,,227,,,2026-02-02,2026-02-02
"Instagram | Conversão WPP","DF|CWB|GO|SP 2","[Vídeo] Célia 1M  — DF|CWB|GO|SP 2",2026-02-02,4054,4889,BRL,47.91,5,,72,,,,1,2026-02-02,2026-02-02
"Instagram | Conversão WPP","DF|CWB|GO|SP 2","[Vídeo] Nimbus Sofá — DF|CWB|GO|SP 2",2026-02-02,1591,1734,BRL,27.32,3,,63,,1,,2,2026-02-02,2026-02-02
"Instagram | Conversão WPP","DF|CWB|GO|SP 2","[Vídeo] Nimbus tapete branco — DF|CWB|GO|SP 2",2026-02-02,53,54,BRL,0.86,,,1,,,,,2026-02-02,2026-02-02
"Instagram | Conversão WPP","DF|CWB|GO|SP 2","[Imagem] Benefícios — DF|CWB|GO|SP 2",2026-02-02,1018,1275,BRL,12.49,,,4,,,,,2026-02-02,2026-02-02
"Instagram | Conversão WPP","DF|CWB|GO|SP 2","[Vídeo] Novo vídeo Nimbus — DF|CWB|GO|SP 2",2026-02-02,1476,1742,BRL,17.67,,,80,,,,,2026-02-02,2026-02-02
"Instagram | Conversão WPP","RS SC ES MS MG AL PE - WPP","[Vídeo] Célia 1M  — RS SC ES MS MG AL PE - WPP",2026-02-02,300,332,BRL,3.09,,,1,,,,,2026-02-02,2026-02-02
"Instagram | Conversão WPP","RS SC ES MS MG AL PE - WPP","[Vídeo] Nimbus tapete branco — RS SC ES MS MG AL PE - WPP",2026-02-02,18,18,BRL,0.4,,,,,,,,2026-02-02,2026-02-02
"Instagram | Conversão WPP","RS SC ES MS MG AL PE - WPP","[Imagem] Benefícios — RS SC ES MS MG AL PE - WPP",2026-02-02,636,787,BRL,6.98,,,5,,,,,2026-02-02,2026-02-02
"Instagram | Conversão WPP","RS SC ES MS MG AL PE - WPP","[Vídeo] Novo vídeo Nimbus — RS SC ES MS MG AL PE - WPP",2026-02-02,823,976,BRL,13.46,,,54,,,,,2026-02-02,2026-02-02
"Instagram | Conversão WPP","RS SC ES MS MG AL PE - WPP","[Vídeo] Nimbus Tapete — RS SC ES MS MG AL PE - WPP",2026-02-02,1468,1658,BRL,33.55,3,,51,,1,,,2026-02-02,2026-02-02
"Instagram | Conversão 2026","[SP] BAIRROS NOBRES | SÃO PAULO & CIDADES DE SÃO PAULO","[Vídeo] Extratora HYLA — Bairros nobres SP",2026-02-01,17116,17878,BRL,66.34,,,1307,,992,,3,2026-02-01,2026-02-01
"Instagram | Conversão 2026","[SP] BAIRROS NOBRES | SÃO PAULO & CIDADES DE SÃO PAULO","[Vídeo] Célia 1M  — Bairros nobres SP",2026-02-01,1916,1956,BRL,7.33,,,111,,91,,1,2026-02-01,2026-02-01
"Instagram | Conversão 2026","[SP] BAIRROS NOBRES | SÃO PAULO & CIDADES DE SÃO PAULO","[Vídeo] Nimbus Tapete — Bairros nobres SP",2026-02-01,10253,10494,BRL,34.95,,,641,,503,,,2026-02-01,2026-02-01
"Instagram | Conversão WPP","DF|CWB|GO|SP 2","[Vídeo] Célia 1M  — DF|CWB|GO|SP 2",2026-02-01,4096,4865,BRL,54.13,3,,69,,,,,2026-02-01,2026-02-01
"Instagram | Conversão WPP","DF|CWB|GO|SP 2","[Vídeo] Nimbus Sofá — DF|CWB|GO|SP 2",2026-02-01,1260,1408,BRL,18.76,1,,31,,,,,2026-02-01,2026-02-01
"Instagram | Conversão WPP","DF|CWB|GO|SP 2","[Vídeo] Nimbus tapete branco — DF|CWB|GO|SP 2",2026-02-01,303,356,BRL,8.48,,,16,,,,,2026-02-01,2026-02-01
"Instagram | Conversão WPP","DF|CWB|GO|SP 2","[Imagem] Benefícios — DF|CWB|GO|SP 2",2026-02-01,1193,1498,BRL,9.97,,,6,,,,,2026-02-01,2026-02-01
"Instagram | Conversão WPP","DF|CWB|GO|SP 2","[Vídeo] Novo vídeo Nimbus — DF|CWB|GO|SP 2",2026-02-01,1316,1542,BRL,22.17,,,58,,,,,2026-02-01,2026-02-01
"Instagram | Conversão WPP","RS SC ES MS MG AL PE - WPP","[Vídeo] Célia 1M  — RS SC ES MS MG AL PE - WPP",2026-02-01,1096,1255,BRL,12.99,,,9,,,,,2026-02-01,2026-02-01
"Instagram | Conversão WPP","RS SC ES MS MG AL PE - WPP","[Vídeo] Nimbus tapete branco — RS SC ES MS MG AL PE - WPP",2026-02-01,157,174,BRL,3.13,,,6,,,,,2026-02-01,2026-02-01
"Instagram | Conversão WPP","RS SC ES MS MG AL PE - WPP","[Imagem] Benefícios — RS SC ES MS MG AL PE - WPP",2026-02-01,378,453,BRL,4.77,,,2,,,,,2026-02-01,2026-02-01
"Instagram | Conversão WPP","RS SC ES MS MG AL PE - WPP","[Vídeo] Novo vídeo Nimbus — RS SC ES MS MG AL PE - WPP",2026-02-01,611,696,BRL,25.21,,,18,,,,,2026-02-01,2026-02-01
"Instagram | Conversão WPP","RS SC ES MS MG AL PE - WPP","[Vídeo] Nimbus Tapete — RS SC ES MS MG AL PE - WPP",2026-02-01,653,715,BRL,18.13,,,26,,,,,2026-02-01,2026-02-01
"Instagram | Conversão 2026","[SP] BAIRROS NOBRES | SÃO PAULO & CIDADES DE SÃO PAULO","[Vídeo] Extratora HYLA — Bairros nobres SP",2026-01-31,14099,14226,BRL,57.32,,,1105,,790,,,2026-01-31,2026-01-31
"Instagram | Conversão 2026","[SP] BAIRROS NOBRES | SÃO PAULO & CIDADES DE SÃO PAULO","[Vídeo] Célia 1M  — Bairros nobres SP",2026-01-31,179,180,BRL,0.86,,,12,,12,,,2026-01-31,2026-01-31
"Instagram | Conversão 2026","[SP] BAIRROS NOBRES | SÃO PAULO & CIDADES DE SÃO PAULO","[Vídeo] Nimbus Tapete — Bairros nobres SP",2026-01-31,10599,10917,BRL,38.6,,,738,,578,,,2026-01-31,2026-01-31
"Instagram | Conversão WPP","DF|CWB|GO|SP 2","[Vídeo] Célia 1M  — DF|CWB|GO|SP 2",2026-01-31,1877,2144,BRL,28.75,1,,23,,2,,,2026-01-31,2026-01-31
"Instagram | Conversão WPP","DF|CWB|GO|SP 2","[Vídeo] Nimbus Sofá — DF|CWB|GO|SP 2",2026-01-31,1320,1411,BRL,22.53,,,37,,1,,,2026-01-31,2026-01-31
"Instagram | Conversão WPP","DF|CWB|GO|SP 2","[Vídeo] Nimbus tapete branco — DF|CWB|GO|SP 2",2026-01-31,129,138,BRL,1.94,,,5,,,,,2026-01-31,2026-01-31
"Instagram | Conversão WPP","DF|CWB|GO|SP 2","[Imagem] Benefícios — DF|CWB|GO|SP 2",2026-01-31,1364,1731,BRL,11.6,,,8,,,,,2026-01-31,2026-01-31
"Instagram | Conversão WPP","DF|CWB|GO|SP 2","[Vídeo] Novo vídeo Nimbus — DF|CWB|GO|SP 2",2026-01-31,843,917,BRL,9.75,,,38,,,,,2026-01-31,2026-01-31
"Instagram | Conversão WPP","RS SC ES MS MG AL PE - WPP","[Vídeo] Célia 1M  — RS SC ES MS MG AL PE - WPP",2026-01-31,331,363,BRL,8.79,,,,,,,,2026-01-31,2026-01-31
"Instagram | Conversão WPP","RS SC ES MS MG AL PE - WPP","[Vídeo] Nimbus tapete branco — RS SC ES MS MG AL PE - WPP",2026-01-31,46,48,BRL,1.25,,,3,,,,,2026-01-31,2026-01-31
"Instagram | Conversão WPP","RS SC ES MS MG AL PE - WPP","[Imagem] Benefícios — RS SC ES MS MG AL PE - WPP",2026-01-31,362,416,BRL,6.32,,,4,,,,,2026-01-31,2026-01-31
"Instagram | Conversão WPP","RS SC ES MS MG AL PE - WPP","[Vídeo] Nimbus Tapete — RS SC ES MS MG AL PE - WPP",2026-01-31,713,787,BRL,15.8,2,,28,,2,,,2026-01-31,2026-01-31
"Instagram | Conversão 2026","[SP] BAIRROS NOBRES | SÃO PAULO & CIDADES DE SÃO PAULO","[Vídeo] Extratora HYLA — Bairros nobres SP",2026-01-30,14022,14584,BRL,58.65,1,,1181,,857,,1,2026-01-30,2026-01-30
"Instagram | Conversão 2026","[SP] BAIRROS NOBRES | SÃO PAULO & CIDADES DE SÃO PAULO","[Vídeo] Célia 1M  — Bairros nobres SP",2026-01-30,327,327,BRL,1.4,,,22,,16,,,2026-01-30,2026-01-30
"Instagram | Conversão 2026","[SP] BAIRROS NOBRES | SÃO PAULO & CIDADES DE SÃO PAULO","[Vídeo] Nimbus Tapete — Bairros nobres SP",2026-01-30,8333,8907,BRL,32.27,,,635,,471,,,2026-01-30,2026-01-30
"Instagram | Conversão WPP","DF|CWB|GO|SP 2","[Vídeo] Célia 1M  — DF|CWB|GO|SP 2",2026-01-30,3458,4121,BRL,41.33,4,,43,,,,,2026-01-30,2026-01-30
"Instagram | Conversão WPP","DF|CWB|GO|SP 2","[Vídeo] Nimbus Sofá — DF|CWB|GO|SP 2",2026-01-30,950,1047,BRL,17.23,,,30,,,,,2026-01-30,2026-01-30
"Instagram | Conversão WPP","DF|CWB|GO|SP 2","[Vídeo] Nimbus tapete branco — DF|CWB|GO|SP 2",2026-01-30,335,379,BRL,11.78,,,12,,,,,2026-01-30,2026-01-30
"Instagram | Conversão WPP","DF|CWB|GO|SP 2","[Imagem] Benefícios — DF|CWB|GO|SP 2",2026-01-30,1464,1933,BRL,17.3,,,11,,,,,2026-01-30,2026-01-30
"Instagram | Conversão WPP","DF|CWB|GO|SP 2","[Vídeo] Novo vídeo Nimbus — DF|CWB|GO|SP 2",2026-01-30,1688,1879,BRL,25.82,,,93,,,,,2026-01-30,2026-01-30
"Instagram | Conversão WPP","RS SC ES MS MG AL PE - WPP","[Vídeo] Célia 1M  — RS SC ES MS MG AL PE - WPP",2026-01-30,3195,4209,BRL,44.88,2,,70,,,,,2026-01-30,2026-01-30
"Instagram | Conversão WPP","RS SC ES MS MG AL PE - WPP","[Vídeo] Nimbus tapete branco — RS SC ES MS MG AL PE - WPP",2026-01-30,33,35,BRL,0.52,,,3,,,,,2026-01-30,2026-01-30
"Instagram | Conversão WPP","RS SC ES MS MG AL PE - WPP","[Imagem] Benefícios — RS SC ES MS MG AL PE - WPP",2026-01-30,234,274,BRL,11.32,,,2,,,,,2026-01-30,2026-01-30
"Instagram | Conversão WPP","RS SC ES MS MG AL PE - WPP","[Vídeo] Nimbus Tapete — RS SC ES MS MG AL PE - WPP",2026-01-30,395,422,BRL,4.6,,,16,,,,,2026-01-30,2026-01-30
"Instagram | Conversão 2026","[SP] BAIRROS NOBRES | SÃO PAULO & CIDADES DE SÃO PAULO","[Vídeo] Extratora HYLA — Bairros nobres SP",2026-01-29,15521,16038,BRL,70.51,1,,1348,,1006,,,2026-01-29,2026-01-29
"Instagram | Conversão 2026","[SP] BAIRROS NOBRES | SÃO PAULO & CIDADES DE SÃO PAULO","[Vídeo] Célia 1M  — Bairros nobres SP",2026-01-29,411,420,BRL,2,,,35,,28,,,2026-01-29,2026-01-29
"Instagram | Conversão 2026","[SP] BAIRROS NOBRES | SÃO PAULO & CIDADES DE SÃO PAULO","[Vídeo] Nimbus Tapete — Bairros nobres SP",2026-01-29,8528,8751,BRL,32.71,,,605,,436,,,2026-01-29,2026-01-29
"Instagram | Conversão WPP","DF|CWB|GO|SP 2","[Vídeo] Célia 1M  — DF|CWB|GO|SP 2",2026-01-29,2944,3354,BRL,36.13,2,,21,,,,,2026-01-29,2026-01-29
"Instagram | Conversão WPP","DF|CWB|GO|SP 2","[Vídeo] Nimbus Sofá — DF|CWB|GO|SP 2",2026-01-29,1086,1149,BRL,21.12,,,25,,,,,2026-01-29,2026-01-29
"Instagram | Conversão WPP","DF|CWB|GO|SP 2","[Vídeo] Nimbus tapete branco — DF|CWB|GO|SP 2",2026-01-29,1716,1836,BRL,13.57,,,44,,,,,2026-01-29,2026-01-29
"Instagram | Conversão WPP","DF|CWB|GO|SP 2","[Imagem] Benefícios — DF|CWB|GO|SP 2",2026-01-29,1064,1245,BRL,8.09,1,,2,,,,,2026-01-29,2026-01-29
"Instagram | Conversão WPP","DF|CWB|GO|SP 2","[Vídeo] Novo vídeo Nimbus — DF|CWB|GO|SP 2",2026-01-29,2810,3046,BRL,24.91,,,80,,,,,2026-01-29,2026-01-29
"Instagram | Conversão WPP","RS SC ES MS MG AL PE - WPP","[Vídeo] Célia 1M  — RS SC ES MS MG AL PE - WPP",2026-01-29,2504,3037,BRL,35.1,,,46,,,,,2026-01-29,2026-01-29
"Instagram | Conversão WPP","RS SC ES MS MG AL PE - WPP","[Vídeo] Nimbus tapete branco — RS SC ES MS MG AL PE - WPP",2026-01-29,10,11,BRL,0.07,,,,,,,,2026-01-29,2026-01-29
"Instagram | Conversão WPP","RS SC ES MS MG AL PE - WPP","[Imagem] Benefícios — RS SC ES MS MG AL PE - WPP",2026-01-29,207,227,BRL,1.38,,,1,,,,,2026-01-29,2026-01-29
"Instagram | Conversão WPP","RS SC ES MS MG AL PE - WPP","[Vídeo] Novo vídeo Nimbus — RS SC ES MS MG AL PE - WPP",2026-01-29,613,649,BRL,4.69,,,23,,,,,2026-01-29,2026-01-29
"Instagram | Conversão WPP","RS SC ES MS MG AL PE - WPP","[Vídeo] Nimbus Tapete — RS SC ES MS MG AL PE - WPP",2026-01-29,1458,1567,BRL,14.76,,,44,,,,,2026-01-29,2026-01-29
"Instagram | Conversão 2026","[SP] BAIRROS NOBRES | SÃO PAULO & CIDADES DE SÃO PAULO","[Vídeo] Extratora HYLA — Bairros nobres SP",2026-01-28,15239,15594,BRL,65.54,,,1199,,771,,1,2026-01-28,2026-01-28
"Instagram | Conversão 2026","[SP] BAIRROS NOBRES | SÃO PAULO & CIDADES DE SÃO PAULO","[Vídeo] Célia 1M  — Bairros nobres SP",2026-01-28,141,141,BRL,0.72,,,15,,13,,,2026-01-28,2026-01-28
"Instagram | Conversão 2026","[SP] BAIRROS NOBRES | SÃO PAULO & CIDADES DE SÃO PAULO","[Vídeo] Nimbus Tapete — Bairros nobres SP",2026-01-28,8357,8691,BRL,31.58,,,503,,363,,,2026-01-28,2026-01-28
"Instagram | Conversão 2026","[SP] BAIRROS NOBRES | SÃO PAULO & CIDADES DE SÃO PAULO","[Imagem] Benefícios — Bairros nobres SP",2026-01-28,1,1,BRL,0,,,,,,,,2026-01-28,2026-01-28
"Instagram | Conversão WPP","DF|CWB|GO|SP 2","[Vídeo] Célia 1M  — DF|CWB|GO|SP 2",2026-01-28,4511,5208,BRL,51.45,,,54,,,,,2026-01-28,2026-01-28
"Instagram | Conversão WPP","DF|CWB|GO|SP 2","[Vídeo] Nimbus Sofá — DF|CWB|GO|SP 2",2026-01-28,1516,1691,BRL,20.16,,,37,,,,,2026-01-28,2026-01-28
"Instagram | Conversão WPP","DF|CWB|GO|SP 2","[Vídeo] Nimbus tapete branco — DF|CWB|GO|SP 2",2026-01-28,451,515,BRL,8.24,,,14,,,,,2026-01-28,2026-01-28
"Instagram | Conversão WPP","DF|CWB|GO|SP 2","[Imagem] Benefícios — DF|CWB|GO|SP 2",2026-01-28,1528,1915,BRL,11.07,,,10,,,,,2026-01-28,2026-01-28
"Instagram | Conversão WPP","DF|CWB|GO|SP 2","[Vídeo] Novo vídeo Nimbus — DF|CWB|GO|SP 2",2026-01-28,2333,2527,BRL,14.34,,,66,,,,,2026-01-28,2026-01-28
"Instagram | Conversão WPP","RS SC ES MS MG AL PE - WPP","[Vídeo] Célia 1M  — RS SC ES MS MG AL PE - WPP",2026-01-28,804,909,BRL,9.28,,,18,,,,,2026-01-28,2026-01-28
"Instagram | Conversão WPP","RS SC ES MS MG AL PE - WPP","[Vídeo] Nimbus tapete branco — RS SC ES MS MG AL PE - WPP",2026-01-28,1,1,BRL,0,,,,,,,,2026-01-28,2026-01-28
"Instagram | Conversão WPP","RS SC ES MS MG AL PE - WPP","[Imagem] Benefícios — RS SC ES MS MG AL PE - WPP",2026-01-28,435,503,BRL,4.9,,,5,,,,,2026-01-28,2026-01-28
"Instagram | Conversão WPP","RS SC ES MS MG AL PE - WPP","[Vídeo] Novo vídeo Nimbus — RS SC ES MS MG AL PE - WPP",2026-01-28,1735,1987,BRL,14.69,,,62,,,,,2026-01-28,2026-01-28
"Instagram | Conversão WPP","RS SC ES MS MG AL PE - WPP","[Vídeo] Nimbus Tapete — RS SC ES MS MG AL PE - WPP",2026-01-28,2672,3022,BRL,23.83,,,86,,,,,2026-01-28,2026-01-28
"Instagram | Conversão 2026","[SP] BAIRROS NOBRES | SÃO PAULO & CIDADES DE SÃO PAULO","[Vídeo] Extratora HYLA — Bairros nobres SP",2026-01-27,17324,18018,BRL,73.71,2,,1269,,877,,,2026-01-27,2026-01-27
"Instagram | Conversão 2026","[SP] BAIRROS NOBRES | SÃO PAULO & CIDADES DE SÃO PAULO","[Vídeo] Célia 1M  — Bairros nobres SP",2026-01-27,244,248,BRL,1.16,,,21,,18,,,2026-01-27,2026-01-27
"Instagram | Conversão 2026","ALPHAVILLE 2025","[Vídeo] Holofote-Poeira",2026-01-27,24,24,BRL,0.11,,,1,,1,,,2026-01-27,2026-01-27
"Instagram | Conversão 2026","ALPHAVILLE 2025","[Vídeo] Nimbus Tapete",2026-01-27,3,3,BRL,0.03,,,,,,,,2026-01-27,2026-01-27
"Instagram | Conversão 2026","ALPHAVILLE 2025","[Vídeo] Célia Gava 1 M",2026-01-27,2261,2541,BRL,15.76,,,109,,78,,,2026-01-27,2026-01-27
"Instagram | Conversão 2026","ALPHAVILLE 2025","[Vídeo] Extratora HYLA",2026-01-27,2708,2876,BRL,17.19,,,142,,81,,,2026-01-27,2026-01-27
"Instagram | Conversão 2026","[SP] BAIRROS NOBRES | SÃO PAULO & CIDADES DE SÃO PAULO","[Vídeo] Nimbus Tapete — Bairros nobres SP",2026-01-27,7438,7438,BRL,27.22,,,465,,320,,,2026-01-27,2026-01-27
"Instagram | Conversão WPP","DF|CWB|GO|SP 2","[Vídeo] Célia 1M  — DF|CWB|GO|SP 2",2026-01-27,4511,5556,BRL,56.71,1,,54,,,,,2026-01-27,2026-01-27
"Instagram | Conversão WPP","DF|CWB|GO|SP 2","[Vídeo] Nimbus Sofá — DF|CWB|GO|SP 2",2026-01-27,932,1068,BRL,12.67,,,22,,1,,,2026-01-27,2026-01-27
"Instagram | Conversão WPP","DF|CWB|GO|SP 2","[Vídeo] Nimbus tapete branco — DF|CWB|GO|SP 2",2026-01-27,509,646,BRL,22.41,,,17,,,,,2026-01-27,2026-01-27
"Instagram | Conversão WPP","DF|CWB|GO|SP 2","[Imagem] Benefícios — DF|CWB|GO|SP 2",2026-01-27,909,1289,BRL,11.28,,,8,,,,,2026-01-27,2026-01-27
"Instagram | Conversão WPP","DF|CWB|GO|SP 2","[Vídeo] Novo vídeo Nimbus — DF|CWB|GO|SP 2",2026-01-27,507,593,BRL,12.87,,,25,,,,,2026-01-27,2026-01-27
"Instagram | Conversão WPP","RS SC ES MS MG AL PE - WPP","[Vídeo] Célia 1M  — RS SC ES MS MG AL PE - WPP",2026-01-27,17,17,BRL,0.11,,,,,,,,2026-01-27,2026-01-27
"Instagram | Conversão WPP","RS SC ES MS MG AL PE - WPP","[Imagem] Benefícios — RS SC ES MS MG AL PE - WPP",2026-01-27,355,430,BRL,3.56,,,1,,,,,2026-01-27,2026-01-27
"Instagram | Conversão WPP","RS SC ES MS MG AL PE - WPP","[Vídeo] Novo vídeo Nimbus — RS SC ES MS MG AL PE - WPP",2026-01-27,664,793,BRL,11.52,,,55,,,,,2026-01-27,2026-01-27
"Instagram | Conversão WPP","RS SC ES MS MG AL PE - WPP","[Vídeo] Nimbus Tapete — RS SC ES MS MG AL PE - WPP",2026-01-27,1311,1635,BRL,27.87,1,,45,,,,1,2026-01-27,2026-01-27
"Instagram | Conversão 2026","[SP] BAIRROS NOBRES | SÃO PAULO & CIDADES DE SÃO PAULO","[Vídeo] Extratora HYLA — Bairros nobres SP",2026-01-26,17889,19670,BRL,75.31,,,1429,,860,,1,2026-01-26,2026-01-26
"Instagram | Conversão 2026","[SP] BAIRROS NOBRES | SÃO PAULO & CIDADES DE SÃO PAULO","[Vídeo] Célia 1M  — Bairros nobres SP",2026-01-26,168,170,BRL,0.67,,,12,,8,,1,2026-01-26,2026-01-26
"Instagram | Conversão 2026","ALPHAVILLE 2025","[Vídeo] Holofote-Poeira",2026-01-26,28,28,BRL,0.19,,,,,,,,2026-01-26,2026-01-26
"Instagram | Conversão 2026","ALPHAVILLE 2025","[Vídeo] Bruna Limpa Vidros",2026-01-26,4,4,BRL,0.01,,,1,,1,,,2026-01-26,2026-01-26
"Instagram | Conversão 2026","ALPHAVILLE 2025","[Vídeo] Célia Gava 1 M",2026-01-26,4626,5126,BRL,29.12,1,,203,,108,,,2026-01-26,2026-01-26
"Instagram | Conversão 2026","ALPHAVILLE 2025","[Vídeo] Extratora HYLA",2026-01-26,3565,3883,BRL,24.23,,,237,,110,,1,2026-01-26,2026-01-26
"Instagram | Conversão 2026","[SP] BAIRROS NOBRES | SÃO PAULO & CIDADES DE SÃO PAULO","[Vídeo] Nimbus Tapete — Bairros nobres SP",2026-01-26,6587,6587,BRL,22.71,,,389,,268,,,2026-01-26,2026-01-26
"Instagram | Conversão 2026","[SP] BAIRROS NOBRES | SÃO PAULO & CIDADES DE SÃO PAULO","[Imagem] Benefícios — Bairros nobres SP",2026-01-26,1,1,BRL,0,,,,,,,,2026-01-26,2026-01-26
"Instagram | Conversão WPP","DF|CWB|GO|SP 2","[Vídeo] Célia 1M  — DF|CWB|GO|SP 2",2026-01-26,3814,4575,BRL,43.45,1,,39,2,2,1,,2026-01-26,2026-01-26
"Instagram | Conversão WPP","DF|CWB|GO|SP 2","[Vídeo] Nimbus Sofá — DF|CWB|GO|SP 2",2026-01-26,987,1097,BRL,11.25,4,,33,,5,,,2026-01-26,2026-01-26
"Instagram | Conversão WPP","DF|CWB|GO|SP 2","[Vídeo] Nimbus tapete branco — DF|CWB|GO|SP 2",2026-01-26,575,731,BRL,18.59,,,24,,1,,,2026-01-26,2026-01-26
"Instagram | Conversão WPP","DF|CWB|GO|SP 2","[Imagem] Benefícios — DF|CWB|GO|SP 2",2026-01-26,822,1030,BRL,14.21,,,5,,2,,,2026-01-26,2026-01-26
"Instagram | Conversão WPP","DF|CWB|GO|SP 2","[Vídeo] Novo vídeo Nimbus — DF|CWB|GO|SP 2",2026-01-26,1860,2083,BRL,26.66,,,104,,1,,,2026-01-26,2026-01-26
"Instagram | Conversão WPP","RS SC ES MS MG AL PE - WPP","[Imagem] Benefícios — RS SC ES MS MG AL PE - WPP",2026-01-26,314,383,BRL,3.85,,,,,,,,2026-01-26,2026-01-26
"Instagram | Conversão WPP","RS SC ES MS MG AL PE - WPP","[Vídeo] Novo vídeo Nimbus — RS SC ES MS MG AL PE - WPP",2026-01-26,1763,2032,BRL,20.97,,,110,,,,,2026-01-26,2026-01-26
"Instagram | Conversão WPP","RS SC ES MS MG AL PE - WPP","[Vídeo] Nimbus Tapete — RS SC ES MS MG AL PE - WPP",2026-01-26,1090,1280,BRL,14.48,,,36,,,,,2026-01-26,2026-01-26
"Instagram | Conversão 2026","[SP] BAIRROS NOBRES | SÃO PAULO & CIDADES DE SÃO PAULO","[Vídeo] Extratora HYLA — Bairros nobres SP",2026-01-25,23111,24456,BRL,86.46,3,,1651,,1123,,,2026-01-25,2026-01-25
"Instagram | Conversão 2026","ALPHAVILLE 2025","[Vídeo] Holofote-Poeira",2026-01-25,150,160,BRL,0.88,,,6,,5,,,2026-01-25,2026-01-25
"Instagram | Conversão 2026","ALPHAVILLE 2025","[Vídeo] Bruna Limpa Vidros",2026-01-25,86,87,BRL,0.69,,,6,,3,,,2026-01-25,2026-01-25
"Instagram | Conversão 2026","ALPHAVILLE 2025","[Vídeo] Célia Gava 1 M",2026-01-25,5499,5963,BRL,29.04,2,,217,,167,,,2026-01-25,2026-01-25
"Instagram | Conversão 2026","ALPHAVILLE 2025","[Vídeo] Extratora HYLA",2026-01-25,4085,4522,BRL,24.26,1,,225,,130,,2,2026-01-25,2026-01-25
"Instagram | Conversão 2026","[SP] BAIRROS NOBRES | SÃO PAULO & CIDADES DE SÃO PAULO","[Vídeo] Nimbus Tapete — Bairros nobres SP",2026-01-25,5999,6158,BRL,20.6,,,398,,302,,1,2026-01-25,2026-01-25
"Instagram | Conversão WPP","DF|CWB|GO|SP 2","[Vídeo] Célia 1M  — DF|CWB|GO|SP 2",2026-01-25,3030,3453,BRL,43.51,,,46,,1,,,2026-01-25,2026-01-25
"Instagram | Conversão WPP","DF|CWB|GO|SP 2","[Vídeo] Nimbus Sofá — DF|CWB|GO|SP 2",2026-01-25,548,612,BRL,8.21,,,27,,,,,2026-01-25,2026-01-25
"Instagram | Conversão WPP","DF|CWB|GO|SP 2","[Vídeo] Nimbus tapete branco — DF|CWB|GO|SP 2",2026-01-25,217,242,BRL,6.74,,,18,,,,,2026-01-25,2026-01-25
"Instagram | Conversão WPP","DF|CWB|GO|SP 2","[Imagem] Benefícios — DF|CWB|GO|SP 2",2026-01-25,1159,1414,BRL,7.64,,,4,,,,,2026-01-25,2026-01-25
"Instagram | Conversão WPP","DF|CWB|GO|SP 2","[Vídeo] Novo vídeo Nimbus — DF|CWB|GO|SP 2",2026-01-25,2047,2246,BRL,36.09,,,163,,1,,,2026-01-25,2026-01-25
"Instagram | Conversão WPP","RS SC ES MS MG AL PE - WPP","[Vídeo] Nimbus tapete branco — RS SC ES MS MG AL PE - WPP",2026-01-25,17,17,BRL,0.3,,,2,,,,,2026-01-25,2026-01-25
"Instagram | Conversão WPP","RS SC ES MS MG AL PE - WPP","[Imagem] Benefícios — RS SC ES MS MG AL PE - WPP",2026-01-25,198,241,BRL,3.99,,,,,,,,2026-01-25,2026-01-25
"Instagram | Conversão WPP","RS SC ES MS MG AL PE - WPP","[Vídeo] Novo vídeo Nimbus — RS SC ES MS MG AL PE - WPP",2026-01-25,1271,1459,BRL,19.33,,,98,,,,,2026-01-25,2026-01-25
"Instagram | Conversão WPP","RS SC ES MS MG AL PE - WPP","[Vídeo] Nimbus Tapete — RS SC ES MS MG AL PE - WPP",2026-01-25,687,755,BRL,13.25,2,,30,,,,,2026-01-25,2026-01-25
"Instagram | Conversão 2026","[SP] BAIRROS NOBRES | SÃO PAULO & CIDADES DE SÃO PAULO","[Vídeo] Extratora HYLA — Bairros nobres SP",2026-01-24,25726,27691,BRL,100.63,1,,1898,,1278,,2,2026-01-24,2026-01-24
"Instagram | Conversão 2026","[SP] BAIRROS NOBRES | SÃO PAULO & CIDADES DE SÃO PAULO","[Vídeo] Célia 1M  — Bairros nobres SP",2026-01-24,265,278,BRL,1.09,,,16,,13,,,2026-01-24,2026-01-24
"Instagram | Conversão 2026","ALPHAVILLE 2025","[Vídeo] Bruna Limpa Vidros",2026-01-24,92,93,BRL,0.61,,,4,,4,,,2026-01-24,2026-01-24
"Instagram | Conversão 2026","ALPHAVILLE 2025","[Vídeo] Nimbus Tapete",2026-01-24,35,37,BRL,0.18,,,2,,,,,2026-01-24,2026-01-24
"Instagram | Conversão 2026","ALPHAVILLE 2025","[Vídeo] Célia Gava 1 M",2026-01-24,6673,7374,BRL,37.15,,,258,,178,,1,2026-01-24,2026-01-24
"Instagram | Conversão 2026","ALPHAVILLE 2025","[Vídeo] Extratora HYLA",2026-01-24,2196,2364,BRL,12.43,,,127,,77,,,2026-01-24,2026-01-24
"Instagram | Conversão 2026","[SP] BAIRROS NOBRES | SÃO PAULO & CIDADES DE SÃO PAULO","[Vídeo] Nimbus Tapete — Bairros nobres SP",2026-01-24,1915,1981,BRL,7.02,,,132,,90,,,2026-01-24,2026-01-24
"Instagram | Conversão 2026","ALPHAVILLE 2025","[Imagem] Benefícios — Alphaville 2025",2026-01-24,2,2,BRL,0,,,,,,,,2026-01-24,2026-01-24
"Instagram | Conversão WPP","DF|CWB|GO|SP 2","[Vídeo] Célia 1M  — DF|CWB|GO|SP 2",2026-01-24,747,787,BRL,23.81,,,8,,,,,2026-01-24,2026-01-24
"Instagram | Conversão WPP","DF|CWB|GO|SP 2","[Vídeo] Nimbus Sofá — DF|CWB|GO|SP 2",2026-01-24,160,174,BRL,2.72,,,9,,,,,2026-01-24,2026-01-24
"Instagram | Conversão WPP","DF|CWB|GO|SP 2","[Vídeo] Nimbus tapete branco — DF|CWB|GO|SP 2",2026-01-24,56,58,BRL,1.54,,,2,,,,,2026-01-24,2026-01-24
"Instagram | Conversão WPP","DF|CWB|GO|SP 2","[Imagem] Benefícios — DF|CWB|GO|SP 2",2026-01-24,3550,4309,BRL,47.14,,,28,,,,,2026-01-24,2026-01-24
"Instagram | Conversão WPP","DF|CWB|GO|SP 2","[Vídeo] Novo vídeo Nimbus — DF|CWB|GO|SP 2",2026-01-24,668,689,BRL,9.51,,,61,,,,,2026-01-24,2026-01-24
"Instagram | Conversão WPP","RS SC ES MS MG AL PE - WPP","[Vídeo] Célia 1M  — RS SC ES MS MG AL PE - WPP",2026-01-24,110,115,BRL,1.26,,,1,,,,,2026-01-24,2026-01-24
"Instagram | Conversão WPP","RS SC ES MS MG AL PE - WPP","[Vídeo] Nimbus tapete branco — RS SC ES MS MG AL PE - WPP",2026-01-24,17,17,BRL,0.25,,,1,,,,,2026-01-24,2026-01-24
"Instagram | Conversão WPP","RS SC ES MS MG AL PE - WPP","[Imagem] Benefícios — RS SC ES MS MG AL PE - WPP",2026-01-24,889,1008,BRL,11.46,,,9,,,,,2026-01-24,2026-01-24
"Instagram | Conversão WPP","RS SC ES MS MG AL PE - WPP","[Vídeo] Novo vídeo Nimbus — RS SC ES MS MG AL PE - WPP",2026-01-24,273,284,BRL,4.32,2,,24,,,,,2026-01-24,2026-01-24
"Instagram | Conversão WPP","RS SC ES MS MG AL PE - WPP","[Vídeo] Nimbus Tapete — RS SC ES MS MG AL PE - WPP",2026-01-24,259,273,BRL,4.33,,,11,,,,,2026-01-24,2026-01-24
"Instagram | Conversão 2026","[SP] BAIRROS NOBRES | SÃO PAULO & CIDADES DE SÃO PAULO","[Vídeo] Extratora HYLA — Bairros nobres SP",2026-01-23,21590,22305,BRL,88.61,2,,1629,,1130,,4,2026-01-23,2026-01-23
"Instagram | Conversão 2026","ALPHAVILLE 2025","[Vídeo] Holofote-Poeira",2026-01-23,84,85,BRL,0.51,,,6,,4,,,2026-01-23,2026-01-23
"Instagram | Conversão 2026","ALPHAVILLE 2025","[Vídeo] Bruna Limpa Vidros",2026-01-23,3,3,BRL,0.02,,,,,,,,2026-01-23,2026-01-23
"Instagram | Conversão 2026","ALPHAVILLE 2025","[Vídeo] Nimbus Tapete",2026-01-23,1,1,BRL,0,,,,,,,,2026-01-23,2026-01-23
"Instagram | Conversão 2026","ALPHAVILLE 2025","[Vídeo] Célia Gava 1 M",2026-01-23,4603,4951,BRL,26.92,1,,210,,152,,,2026-01-23,2026-01-23
"Instagram | Conversão 2026","ALPHAVILLE 2025","[Vídeo] Extratora HYLA",2026-01-23,4065,4433,BRL,24.37,,,233,,132,,,2026-01-23,2026-01-23
"Instagram | Conversão 2026","[SP] BAIRROS NOBRES | SÃO PAULO & CIDADES DE SÃO PAULO","[Vídeo] Nimbus Tapete — Bairros nobres SP",2026-01-23,5537,5702,BRL,21.24,,,368,,269,,,2026-01-23,2026-01-23
"Instagram | Conversão WPP","DF|CWB|GO|SP 2","[Vídeo] Célia 1M  — DF|CWB|GO|SP 2",2026-01-23,1628,1819,BRL,18.26,,,25,,,,,2026-01-23,2026-01-23
"Instagram | Conversão WPP","DF|CWB|GO|SP 2","[Vídeo] Nimbus Sofá — DF|CWB|GO|SP 2",2026-01-23,2,2,BRL,0.12,,,,,,,,2026-01-23,2026-01-23
"Instagram | Conversão WPP","DF|CWB|GO|SP 2","[Vídeo] Nimbus tapete branco — DF|CWB|GO|SP 2",2026-01-23,125,133,BRL,4.46,,,7,,,,,2026-01-23,2026-01-23
"Instagram | Conversão WPP","DF|CWB|GO|SP 2","[Imagem] Benefícios — DF|CWB|GO|SP 2",2026-01-23,270,334,BRL,9.5,1,,2,,,,,2026-01-23,2026-01-23
"Instagram | Conversão WPP","DF|CWB|GO|SP 2","[Vídeo] Novo vídeo Nimbus — DF|CWB|GO|SP 2",2026-01-23,2968,3132,BRL,55.13,,,268,,,,,2026-01-23,2026-01-23
"Instagram | Conversão WPP","RS SC ES MS MG AL PE - WPP","[Vídeo] Célia 1M  — RS SC ES MS MG AL PE - WPP",2026-01-23,77,79,BRL,1.12,,,2,,,,,2026-01-23,2026-01-23
"Instagram | Conversão WPP","RS SC ES MS MG AL PE - WPP","[Vídeo] Nimbus tapete branco — RS SC ES MS MG AL PE - WPP",2026-01-23,15,16,BRL,0.19,,,,,,,,2026-01-23,2026-01-23
"Instagram | Conversão WPP","RS SC ES MS MG AL PE - WPP","[Imagem] Benefícios — RS SC ES MS MG AL PE - WPP",2026-01-23,105,121,BRL,0.91,,,,,,,,2026-01-23,2026-01-23
"Instagram | Conversão WPP","RS SC ES MS MG AL PE - WPP","[Vídeo] Novo vídeo Nimbus — RS SC ES MS MG AL PE - WPP",2026-01-23,1253,1389,BRL,22.69,,,120,,,,,2026-01-23,2026-01-23
"Instagram | Conversão WPP","RS SC ES MS MG AL PE - WPP","[Vídeo] Nimbus Tapete — RS SC ES MS MG AL PE - WPP",2026-01-23,17,17,BRL,0.29,,,1,,,,,2026-01-23,2026-01-23
"Instagram | Conversão 2026","[SP] BAIRROS NOBRES | SÃO PAULO & CIDADES DE SÃO PAULO","[Vídeo] Extratora HYLA — Bairros nobres SP",2026-01-22,20907,21806,BRL,86.37,,,1494,,1018,,2,2026-01-22,2026-01-22
"Instagram | Conversão 2026","[SP] BAIRROS NOBRES | SÃO PAULO & CIDADES DE SÃO PAULO","[Vídeo] Célia 1M  — Bairros nobres SP",2026-01-22,154,155,BRL,0.65,,,2,,2,,,2026-01-22,2026-01-22
"Instagram | Conversão 2026","ALPHAVILLE 2025","[Vídeo] Holofote-Poeira",2026-01-22,46,52,BRL,0.27,,,4,,3,,,2026-01-22,2026-01-22
"Instagram | Conversão 2026","ALPHAVILLE 2025","[Vídeo] Nimbus Tapete",2026-01-22,18,19,BRL,0.09,,,,,,,,2026-01-22,2026-01-22
"Instagram | Conversão 2026","ALPHAVILLE 2025","[Vídeo] Célia Gava 1 M",2026-01-22,4737,5203,BRL,29.9,2,,200,,147,,,2026-01-22,2026-01-22
"Instagram | Conversão 2026","ALPHAVILLE 2025","[Vídeo] Extratora HYLA",2026-01-22,4358,4732,BRL,27.46,,,259,,146,,,2026-01-22,2026-01-22
"Instagram | Conversão 2026","[SP] BAIRROS NOBRES | SÃO PAULO & CIDADES DE SÃO PAULO","[Vídeo] Nimbus Tapete — Bairros nobres SP",2026-01-22,5193,5429,BRL,20.19,,,317,,228,,,2026-01-22,2026-01-22
"Instagram | Conversão 2026","ALPHAVILLE 2025","[Imagem] Benefícios — Alphaville 2025",2026-01-22,1,1,BRL,0,,,,,,,,2026-01-22,2026-01-22
"Instagram | Conversão WPP","DF|CWB|GO|SP 2","[Vídeo] Célia 1M  — DF|CWB|GO|SP 2",2026-01-22,2528,2781,BRL,30.55,3,,50,,1,,,2026-01-22,2026-01-22
"Instagram | Conversão WPP","DF|CWB|GO|SP 2","[Vídeo] Nimbus Sofá — DF|CWB|GO|SP 2",2026-01-22,111,120,BRL,2.02,,,3,,,,,2026-01-22,2026-01-22
"Instagram | Conversão WPP","DF|CWB|GO|SP 2","[Vídeo] Nimbus tapete branco — DF|CWB|GO|SP 2",2026-01-22,99,115,BRL,3.8,2,,6,,,,,2026-01-22,2026-01-22
"Instagram | Conversão WPP","DF|CWB|GO|SP 2","[Imagem] Benefícios — DF|CWB|GO|SP 2",2026-01-22,623,720,BRL,6.52,,,4,,,,,2026-01-22,2026-01-22
"Instagram | Conversão WPP","DF|CWB|GO|SP 2","[Vídeo] Novo vídeo Nimbus — DF|CWB|GO|SP 2",2026-01-22,5078,5542,BRL,68.09,2,,244,,,,,2026-01-22,2026-01-22
"Instagram | Conversão WPP","RS SC ES MS MG AL PE - WPP","[Vídeo] Célia 1M  — RS SC ES MS MG AL PE - WPP",2026-01-22,22,22,BRL,0.3,,,1,,,,,2026-01-22,2026-01-22
"Instagram | Conversão WPP","RS SC ES MS MG AL PE - WPP","[Vídeo] Nimbus tapete branco — RS SC ES MS MG AL PE - WPP",2026-01-22,192,212,BRL,3.06,,,2,,,,,2026-01-22,2026-01-22
"Instagram | Conversão WPP","RS SC ES MS MG AL PE - WPP","[Imagem] Benefícios — RS SC ES MS MG AL PE - WPP",2026-01-22,2162,2536,BRL,11.96,,,6,,,,,2026-01-22,2026-01-22
"Instagram | Conversão WPP","RS SC ES MS MG AL PE - WPP","[Vídeo] Novo vídeo Nimbus — RS SC ES MS MG AL PE - WPP",2026-01-22,2003,2146,BRL,25.09,,,113,,,,,2026-01-22,2026-01-22
"Instagram | Conversão WPP","RS SC ES MS MG AL PE - WPP","[Vídeo] Nimbus Tapete — RS SC ES MS MG AL PE - WPP",2026-01-22,638,696,BRL,4.53,1,,9,,,,,2026-01-22,2026-01-22
"Instagram | Conversão 2026","[SP] BAIRROS NOBRES | SÃO PAULO & CIDADES DE SÃO PAULO","[Vídeo] Extratora HYLA — Bairros nobres SP",2026-01-21,21832,22348,BRL,86.92,,,1592,,1051,,2,2026-01-21,2026-01-21
"Instagram | Conversão 2026","[SP] BAIRROS NOBRES | SÃO PAULO & CIDADES DE SÃO PAULO","[Vídeo] Célia 1M  — Bairros nobres SP",2026-01-21,30,30,BRL,0.12,,,2,,1,,,2026-01-21,2026-01-21
"Instagram | Conversão 2026","ALPHAVILLE 2025","[Vídeo] Célia Gava 1 M",2026-01-21,3031,3163,BRL,17.42,,,125,,90,,,2026-01-21,2026-01-21
"Instagram | Conversão 2026","ALPHAVILLE 2025","[Vídeo] Extratora HYLA",2026-01-21,6350,6839,BRL,40.22,1,,374,,205,,,2026-01-21,2026-01-21
"Instagram | Conversão 2026","[SP] BAIRROS NOBRES | SÃO PAULO & CIDADES DE SÃO PAULO","[Vídeo] Nimbus Tapete — Bairros nobres SP",2026-01-21,6839,6895,BRL,23.59,,,415,,263,,,2026-01-21,2026-01-21
"Instagram | Conversão 2026","ALPHAVILLE 2025","[Imagem] Benefícios — Alphaville 2025",2026-01-21,2,2,BRL,0,,,,,,,,2026-01-21,2026-01-21
"Instagram | Conversão 2026","[SP] BAIRROS NOBRES | SÃO PAULO & CIDADES DE SÃO PAULO","[Imagem] Benefícios — Bairros nobres SP",2026-01-21,1,1,BRL,0,,,,,,,,2026-01-21,2026-01-21
"Instagram | Conversão WPP","DF|CWB|GO|SP 2","[Vídeo] Célia 1M  — DF|CWB|GO|SP 2",2026-01-21,5221,5969,BRL,28.04,1,,38,,,,,2026-01-21,2026-01-21
"Instagram | Conversão WPP","DF|CWB|GO|SP 2","[Vídeo] Nimbus Sofá — DF|CWB|GO|SP 2",2026-01-21,194,207,BRL,0.51,,,3,,,,,2026-01-21,2026-01-21
"Instagram | Conversão WPP","DF|CWB|GO|SP 2","[Vídeo] Nimbus tapete branco — DF|CWB|GO|SP 2",2026-01-21,393,421,BRL,4.56,1,,15,,,,,2026-01-21,2026-01-21
"Instagram | Conversão WPP","DF|CWB|GO|SP 2","[Imagem] Benefícios — DF|CWB|GO|SP 2",2026-01-21,12881,17775,BRL,34.08,,,39,,,,,2026-01-21,2026-01-21
"Instagram | Conversão WPP","DF|CWB|GO|SP 2","[Vídeo] Novo vídeo Nimbus — DF|CWB|GO|SP 2",2026-01-21,2653,2944,BRL,36.01,,,103,,,,,2026-01-21,2026-01-21
"Instagram | Conversão WPP","RS SC ES MS MG AL PE - WPP","[Vídeo] Célia 1M  — RS SC ES MS MG AL PE - WPP",2026-01-21,303,352,BRL,4.66,,,5,,,,,2026-01-21,2026-01-21
"Instagram | Conversão WPP","RS SC ES MS MG AL PE - WPP","[Imagem] Benefícios — RS SC ES MS MG AL PE - WPP",2026-01-21,9753,13382,BRL,28.27,,,35,,,,,2026-01-21,2026-01-21
"Instagram | Conversão WPP","RS SC ES MS MG AL PE - WPP","[Vídeo] Novo vídeo Nimbus — RS SC ES MS MG AL PE - WPP",2026-01-21,121,130,BRL,0.79,,,2,,,,,2026-01-21,2026-01-21
"Instagram | Conversão WPP","RS SC ES MS MG AL PE - WPP","[Vídeo] Nimbus Tapete — RS SC ES MS MG AL PE - WPP",2026-01-21,75,80,BRL,0.21,,,2,,,,,2026-01-21,2026-01-21
"Instagram | Conversão 2026","[SP] BAIRROS NOBRES | SÃO PAULO & CIDADES DE SÃO PAULO","[Vídeo] Extratora HYLA — Bairros nobres SP",2026-01-20,22128,23066,BRL,92.99,1,,1601,,1068,,3,2026-01-20,2026-01-20
"Instagram | Conversão 2026","[SP] BAIRROS NOBRES | SÃO PAULO & CIDADES DE SÃO PAULO","[Vídeo] Célia 1M  — Bairros nobres SP",2026-01-20,156,159,BRL,0.77,,,11,,7,,,2026-01-20,2026-01-20
"Instagram | Conversão 2026","ALPHAVILLE 2025","[Vídeo] Nimbus Tapete",2026-01-20,1,1,BRL,0,,,,,,,,2026-01-20,2026-01-20
"Instagram | Conversão 2026","ALPHAVILLE 2025","[Vídeo] Célia Gava 1 M",2026-01-20,349,354,BRL,2.13,,,20,,11,,,2026-01-20,2026-01-20
"Instagram | Conversão 2026","ALPHAVILLE 2025","[Vídeo] Extratora HYLA",2026-01-20,7250,8244,BRL,52.73,,,433,,247,,,2026-01-20,2026-01-20
"Instagram | Conversão 2026","[SP] BAIRROS NOBRES | SÃO PAULO & CIDADES DE SÃO PAULO","[Vídeo] Nimbus Tapete — Bairros nobres SP",2026-01-20,4337,4360,BRL,16.16,,,309,,205,,1,2026-01-20,2026-01-20
"Instagram | Conversão WPP","DF|CWB|GO|SP 2","[Vídeo] Célia 1M  — DF|CWB|GO|SP 2",2026-01-20,13491,15486,BRL,46.74,1,,93,,,,,2026-01-20,2026-01-20
"Instagram | Conversão WPP","DF|CWB|GO|SP 2","[Vídeo] Nimbus Sofá — DF|CWB|GO|SP 2",2026-01-20,6,6,BRL,0.01,,,,,,,,2026-01-20,2026-01-20
"Instagram | Conversão WPP","DF|CWB|GO|SP 2","[Vídeo] Nimbus tapete branco — DF|CWB|GO|SP 2",2026-01-20,616,718,BRL,11.62,,,25,,,,,2026-01-20,2026-01-20
"Instagram | Conversão WPP","DF|CWB|GO|SP 2","[Imagem] Benefícios — DF|CWB|GO|SP 2",2026-01-20,18261,23628,BRL,40.4,,,36,,,,,2026-01-20,2026-01-20
"Instagram | Conversão WPP","DF|CWB|GO|SP 2","[Vídeo] Novo vídeo Nimbus — DF|CWB|GO|SP 2",2026-01-20,2907,3140,BRL,15.35,,,39,,,,,2026-01-20,2026-01-20
"Instagram | Conversão WPP","RS SC ES MS MG AL PE - WPP","[Vídeo] Nimbus tapete branco — RS SC ES MS MG AL PE - WPP",2026-01-20,91,94,BRL,0.97,,,2,,,,,2026-01-20,2026-01-20
"Instagram | Conversão WPP","RS SC ES MS MG AL PE - WPP","[Imagem] Benefícios — RS SC ES MS MG AL PE - WPP",2026-01-20,16724,22169,BRL,34.01,,,41,,,,,2026-01-20,2026-01-20
"Instagram | Conversão WPP","RS SC ES MS MG AL PE - WPP","[Vídeo] Novo vídeo Nimbus — RS SC ES MS MG AL PE - WPP",2026-01-20,159,167,BRL,2.85,,,1,,,,,2026-01-20,2026-01-20
"Instagram | Conversão WPP","RS SC ES MS MG AL PE - WPP","[Vídeo] Nimbus Tapete — RS SC ES MS MG AL PE - WPP",2026-01-20,785,838,BRL,3.55,,,10,,,,,2026-01-20,2026-01-20
"Instagram | Conversão 2026","[SP] BAIRROS NOBRES | SÃO PAULO & CIDADES DE SÃO PAULO","[Vídeo] Extratora HYLA — Bairros nobres SP",2026-01-19,9604,10104,BRL,35.88,,,750,,495,,,2026-01-19,2026-01-19
"Instagram | Conversão 2026","[SP] BAIRROS NOBRES | SÃO PAULO & CIDADES DE SÃO PAULO","[Vídeo] Célia 1M  — Bairros nobres SP",2026-01-19,344,348,BRL,1.45,,,19,,13,,,2026-01-19,2026-01-19
"Instagram | Conversão 2026","ALPHAVILLE 2025","[Vídeo] Bruna Limpa Vidros",2026-01-19,383,399,BRL,2.7,,,20,,14,,,2026-01-19,2026-01-19
"Instagram | Conversão 2026","ALPHAVILLE 2025","[Vídeo] Nimbus Tapete",2026-01-19,5,5,BRL,0.02,,,,,,,,2026-01-19,2026-01-19
"Instagram | Conversão 2026","ALPHAVILLE 2025","[Vídeo] Célia Gava 1 M",2026-01-19,1464,1576,BRL,7.75,,,62,,50,,,2026-01-19,2026-01-19
"Instagram | Conversão 2026","ALPHAVILLE 2025","[Vídeo] Extratora HYLA",2026-01-19,2049,2257,BRL,11.96,1,,119,,67,,,2026-01-19,2026-01-19
"Instagram | Conversão 2026","[SP] BAIRROS NOBRES | SÃO PAULO & CIDADES DE SÃO PAULO","[Vídeo] Nimbus Tapete — Bairros nobres SP",2026-01-19,2389,2427,BRL,7.88,,,150,,95,,,2026-01-19,2026-01-19
"Instagram | Conversão WPP","DF|CWB|GO|SP 2","[Vídeo] Célia 1M  — DF|CWB|GO|SP 2",2026-01-19,953,1066,BRL,9.62,,,10,,,,,2026-01-19,2026-01-19
"Instagram | Conversão WPP","DF|CWB|GO|SP 2","[Vídeo] Nimbus Sofá — DF|CWB|GO|SP 2",2026-01-19,243,270,BRL,2.8,,,6,,,,,2026-01-19,2026-01-19
"Instagram | Conversão WPP","DF|CWB|GO|SP 2","[Vídeo] Nimbus tapete branco — DF|CWB|GO|SP 2",2026-01-19,464,564,BRL,9.04,2,,27,,,,,2026-01-19,2026-01-19
"Instagram | Conversão WPP","DF|CWB|GO|SP 2","[Imagem] Benefícios — DF|CWB|GO|SP 2",2026-01-19,3278,3767,BRL,6.36,,,9,,,,,2026-01-19,2026-01-19
"Instagram | Conversão WPP","DF|CWB|GO|SP 2","[Vídeo] Novo vídeo Nimbus — DF|CWB|GO|SP 2",2026-01-19,556,597,BRL,3.88,,,11,,,,,2026-01-19,2026-01-19
"Instagram | Conversão WPP","RS SC ES MS MG AL PE - WPP","[Vídeo] Célia 1M  — RS SC ES MS MG AL PE - WPP",2026-01-19,17,17,BRL,0.29,,,,,,,,2026-01-19,2026-01-19
"Instagram | Conversão WPP","RS SC ES MS MG AL PE - WPP","[Imagem] Benefícios — RS SC ES MS MG AL PE - WPP",2026-01-19,1716,1960,BRL,3.3,,,5,,,,,2026-01-19,2026-01-19
"Instagram | Conversão WPP","RS SC ES MS MG AL PE - WPP","[Vídeo] Novo vídeo Nimbus — RS SC ES MS MG AL PE - WPP",2026-01-19,264,282,BRL,2.42,,,5,,,,,2026-01-19,2026-01-19
"Instagram | Conversão WPP","RS SC ES MS MG AL PE - WPP","[Vídeo] Nimbus Tapete — RS SC ES MS MG AL PE - WPP",2026-01-19,209,226,BRL,2.98,,,11,,,,,2026-01-19,2026-01-19
"Instagram | Conversão 2026","[SP] BAIRROS NOBRES | SÃO PAULO & CIDADES DE SÃO PAULO","[Vídeo] Extratora HYLA — Bairros nobres SP",2026-01-18,20165,22258,BRL,82.42,1,,1586,,1124,,,2026-01-18,2026-01-18
"Instagram | Conversão 2026","[SP] BAIRROS NOBRES | SÃO PAULO & CIDADES DE SÃO PAULO","[Vídeo] Célia 1M  — Bairros nobres SP",2026-01-18,1782,1935,BRL,7.35,,,99,,78,,,2026-01-18,2026-01-18
"Instagram | Conversão 2026","ALPHAVILLE 2025","[Vídeo] Holofote-Poeira",2026-01-18,40,40,BRL,0.23,,,5,,4,,,2026-01-18,2026-01-18
"Instagram | Conversão 2026","ALPHAVILLE 2025","[Vídeo] Bruna Limpa Vidros",2026-01-18,985,1054,BRL,6.66,,,68,,49,,,2026-01-18,2026-01-18
"Instagram | Conversão 2026","ALPHAVILLE 2025","[Vídeo] Nimbus Tapete",2026-01-18,3,3,BRL,0.01,,,,,,,,2026-01-18,2026-01-18
"Instagram | Conversão 2026","ALPHAVILLE 2025","[Vídeo] Célia Gava 1 M",2026-01-18,2998,3426,BRL,17.72,,,128,,95,,,2026-01-18,2026-01-18
"Instagram | Conversão 2026","ALPHAVILLE 2025","[Vídeo] Extratora HYLA",2026-01-18,5205,5385,BRL,30.54,,,307,,178,,,2026-01-18,2026-01-18
"Instagram | Conversão 2026","[SP] BAIRROS NOBRES | SÃO PAULO & CIDADES DE SÃO PAULO","[Vídeo] Nimbus Tapete — Bairros nobres SP",2026-01-18,5375,5546,BRL,18.67,,,331,,235,,,2026-01-18,2026-01-18
"Instagram | Conversão WPP","DF|CWB|GO|SP 2","[Vídeo] Célia 1M  — DF|CWB|GO|SP 2",2026-01-18,7549,9153,BRL,25.28,,,48,,,,,2026-01-18,2026-01-18
"Instagram | Conversão WPP","DF|CWB|GO|SP 2","[Vídeo] Nimbus Sofá — DF|CWB|GO|SP 2",2026-01-18,996,1125,BRL,5.34,,,18,,,,,2026-01-18,2026-01-18
"Instagram | Conversão WPP","DF|CWB|GO|SP 2","[Vídeo] Nimbus tapete branco — DF|CWB|GO|SP 2",2026-01-18,1275,1475,BRL,14.01,,,28,,,,,2026-01-18,2026-01-18
"Instagram | Conversão WPP","DF|CWB|GO|SP 2","[Imagem] Benefícios — DF|CWB|GO|SP 2",2026-01-18,18782,25395,BRL,36.92,,,48,,,,,2026-01-18,2026-01-18
"Instagram | Conversão WPP","DF|CWB|GO|SP 2","[Vídeo] Novo vídeo Nimbus — DF|CWB|GO|SP 2",2026-01-18,5503,6031,BRL,15.61,,,39,,,,,2026-01-18,2026-01-18
"Instagram | Conversão WPP","RS SC ES MS MG AL PE - WPP","[Vídeo] Célia 1M  — RS SC ES MS MG AL PE - WPP",2026-01-18,238,276,BRL,0.95,,,2,,,,,2026-01-18,2026-01-18
"Instagram | Conversão WPP","RS SC ES MS MG AL PE - WPP","[Vídeo] Nimbus tapete branco — RS SC ES MS MG AL PE - WPP",2026-01-18,1,2,BRL,0.01,,,,,,,,2026-01-18,2026-01-18
"Instagram | Conversão WPP","RS SC ES MS MG AL PE - WPP","[Imagem] Benefícios — RS SC ES MS MG AL PE - WPP",2026-01-18,9189,12259,BRL,18.31,,,18,,,,,2026-01-18,2026-01-18
"Instagram | Conversão WPP","RS SC ES MS MG AL PE - WPP","[Vídeo] Novo vídeo Nimbus — RS SC ES MS MG AL PE - WPP",2026-01-18,1623,1912,BRL,7.94,,,23,,,,,2026-01-18,2026-01-18
"Instagram | Conversão WPP","RS SC ES MS MG AL PE - WPP","[Vídeo] Nimbus Tapete — RS SC ES MS MG AL PE - WPP",2026-01-18,1187,1351,BRL,6.29,,,20,,,,,2026-01-18,2026-01-18
"Instagram | Conversão 2026","[SP] BAIRROS NOBRES | SÃO PAULO & CIDADES DE SÃO PAULO","[Vídeo] Extratora HYLA — Bairros nobres SP",2026-01-17,22924,25010,BRL,100.15,2,,1750,,1257,,2,2026-01-17,2026-01-17
"Instagram | Conversão 2026","[SP] BAIRROS NOBRES | SÃO PAULO & CIDADES DE SÃO PAULO","[Vídeo] Célia 1M  — Bairros nobres SP",2026-01-17,2276,2446,BRL,11.79,,,108,,97,,,2026-01-17,2026-01-17
"Instagram | Conversão 2026","ALPHAVILLE 2025","[Vídeo] Holofote-Poeira",2026-01-17,15,16,BRL,0.08,,,,,,,,2026-01-17,2026-01-17
"Instagram | Conversão 2026","ALPHAVILLE 2025","[Vídeo] Bruna Limpa Vidros",2026-01-17,529,577,BRL,3.95,,,27,,22,,,2026-01-17,2026-01-17
"Instagram | Conversão 2026","ALPHAVILLE 2025","[Vídeo] Nimbus Tapete",2026-01-17,4,4,BRL,0.02,,,,,,,,2026-01-17,2026-01-17
"Instagram | Conversão 2026","ALPHAVILLE 2025","[Vídeo] Célia Gava 1 M",2026-01-17,1282,1415,BRL,8.24,,,52,,41,,,2026-01-17,2026-01-17
"Instagram | Conversão 2026","ALPHAVILLE 2025","[Vídeo] Extratora HYLA",2026-01-17,6758,7763,BRL,47.41,1,,410,,239,,,2026-01-17,2026-01-17
"Instagram | Conversão 2026","[SP] BAIRROS NOBRES | SÃO PAULO & CIDADES DE SÃO PAULO","[Vídeo] Nimbus Tapete — Bairros nobres SP",2026-01-17,2241,2241,BRL,9.34,,,140,,100,,1,2026-01-17,2026-01-17
"Instagram | Conversão 2026","ALPHAVILLE 2025","[Imagem] Benefícios — Alphaville 2025",2026-01-17,7,12,BRL,0.14,,,,,,,,2026-01-17,2026-01-17
"Instagram | Conversão WPP","DF|CWB|GO|SP 2","[Vídeo] Célia 1M  — DF|CWB|GO|SP 2",2026-01-17,2770,3227,BRL,34.69,3,,48,,,,,2026-01-17,2026-01-17
"Instagram | Conversão WPP","DF|CWB|GO|SP 2","[Vídeo] Nimbus Sofá — DF|CWB|GO|SP 2",2026-01-17,2147,2349,BRL,14.58,,,49,,,,,2026-01-17,2026-01-17
"Instagram | Conversão WPP","DF|CWB|GO|SP 2","[Vídeo] Nimbus tapete branco — DF|CWB|GO|SP 2",2026-01-17,234,249,BRL,5.35,,,9,,,,,2026-01-17,2026-01-17
"Instagram | Conversão WPP","DF|CWB|GO|SP 2","[Imagem] Benefícios — DF|CWB|GO|SP 2",2026-01-17,14990,17936,BRL,49.02,1,,51,,,,,2026-01-17,2026-01-17
"Instagram | Conversão WPP","DF|CWB|GO|SP 2","[Vídeo] Novo vídeo Nimbus — DF|CWB|GO|SP 2",2026-01-17,671,730,BRL,15.34,,,39,,,,,2026-01-17,2026-01-17
"Instagram | Conversão WPP","RS SC ES MS MG AL PE - WPP","[Vídeo] Nimbus tapete branco — RS SC ES MS MG AL PE - WPP",2026-01-17,6,6,BRL,0.11,,,1,,,,,2026-01-17,2026-01-17
"Instagram | Conversão WPP","RS SC ES MS MG AL PE - WPP","[Imagem] Benefícios — RS SC ES MS MG AL PE - WPP",2026-01-17,5238,5968,BRL,13.13,,,16,,,,,2026-01-17,2026-01-17
"Instagram | Conversão WPP","RS SC ES MS MG AL PE - WPP","[Vídeo] Novo vídeo Nimbus — RS SC ES MS MG AL PE - WPP",2026-01-17,521,570,BRL,8.14,,,26,,,,,2026-01-17,2026-01-17
"Instagram | Conversão WPP","RS SC ES MS MG AL PE - WPP","[Vídeo] Nimbus Tapete — RS SC ES MS MG AL PE - WPP",2026-01-17,1024,1252,BRL,21.97,3,,61,,,,,2026-01-17,2026-01-17
"Instagram | Conversão 2026","[SP] BAIRROS NOBRES | SÃO PAULO & CIDADES DE SÃO PAULO","[Vídeo] Extratora HYLA — Bairros nobres SP",2026-01-16,19115,19941,BRL,81.09,,,1420,,921,,2,2026-01-16,2026-01-16
"Instagram | Conversão 2026","[SP] BAIRROS NOBRES | SÃO PAULO & CIDADES DE SÃO PAULO","[Vídeo] Célia 1M  — Bairros nobres SP",2026-01-16,3341,3485,BRL,16.54,,,178,,149,,,2026-01-16,2026-01-16
"Instagram | Conversão 2026","ALPHAVILLE 2025","[Vídeo] Bruna Limpa Vidros",2026-01-16,1150,1251,BRL,7.94,,,68,,51,,1,2026-01-16,2026-01-16
"Instagram | Conversão 2026","ALPHAVILLE 2025","[Vídeo] Célia Gava 1 M",2026-01-16,3931,4367,BRL,24.79,,,161,,112,,2,2026-01-16,2026-01-16
"Instagram | Conversão 2026","ALPHAVILLE 2025","[Vídeo] Extratora HYLA",2026-01-16,4301,4716,BRL,28.67,2,,281,,169,,,2026-01-16,2026-01-16
"Instagram | Conversão 2026","[SP] BAIRROS NOBRES | SÃO PAULO & CIDADES DE SÃO PAULO","[Vídeo] Nimbus Tapete — Bairros nobres SP",2026-01-16,4980,5337,BRL,22.13,,,308,,220,,,2026-01-16,2026-01-16
"Instagram | Conversão 2026","[SP] BAIRROS NOBRES | SÃO PAULO & CIDADES DE SÃO PAULO","[Imagem] Benefícios — Bairros nobres SP",2026-01-16,2,2,BRL,0,,,,,,,,2026-01-16,2026-01-16
"Instagram | Conversão WPP","DF|CWB|GO|SP 2","[Vídeo] Célia 1M  — DF|CWB|GO|SP 2",2026-01-16,7818,10198,BRL,87.31,,,172,,,,,2026-01-16,2026-01-16
"Instagram | Conversão WPP","DF|CWB|GO|SP 2","[Vídeo] Nimbus Sofá — DF|CWB|GO|SP 2",2026-01-16,14,14,BRL,0.23,,,,,,,,2026-01-16,2026-01-16
"Instagram | Conversão WPP","DF|CWB|GO|SP 2","[Vídeo] Nimbus tapete branco — DF|CWB|GO|SP 2",2026-01-16,305,340,BRL,6.87,1,,18,,,,,2026-01-16,2026-01-16
"Instagram | Conversão WPP","DF|CWB|GO|SP 2","[Imagem] Benefícios — DF|CWB|GO|SP 2",2026-01-16,2553,3262,BRL,17.87,,,14,,1,,,2026-01-16,2026-01-16
"Instagram | Conversão WPP","DF|CWB|GO|SP 2","[Vídeo] Novo vídeo Nimbus — DF|CWB|GO|SP 2",2026-01-16,260,271,BRL,3.3,,,7,,,,,2026-01-16,2026-01-16
"Instagram | Conversão WPP","RS SC ES MS MG AL PE - WPP","[Vídeo] Célia 1M  — RS SC ES MS MG AL PE - WPP",2026-01-16,15,18,BRL,0.16,,,,,,,,2026-01-16,2026-01-16
"Instagram | Conversão WPP","RS SC ES MS MG AL PE - WPP","[Vídeo] Nimbus tapete branco — RS SC ES MS MG AL PE - WPP",2026-01-16,2,2,BRL,0,,,,,,,,2026-01-16,2026-01-16
"Instagram | Conversão WPP","RS SC ES MS MG AL PE - WPP","[Imagem] Benefícios — RS SC ES MS MG AL PE - WPP",2026-01-16,3246,3878,BRL,17.37,,,18,,,,,2026-01-16,2026-01-16
"Instagram | Conversão WPP","RS SC ES MS MG AL PE - WPP","[Vídeo] Nimbus Tapete — RS SC ES MS MG AL PE - WPP",2026-01-16,1267,1380,BRL,15.17,1,,58,,,,,2026-01-16,2026-01-16
"Instagram | Conversão 2026","[SP] BAIRROS NOBRES | SÃO PAULO & CIDADES DE SÃO PAULO","[Vídeo] Extratora HYLA — Bairros nobres SP",2026-01-15,21668,22477,BRL,87.94,2,,1605,,914,,2,2026-01-15,2026-01-15
"Instagram | Conversão 2026","[SP] BAIRROS NOBRES | SÃO PAULO & CIDADES DE SÃO PAULO","[Vídeo] Célia 1M  — Bairros nobres SP",2026-01-15,2679,2847,BRL,12.11,,,168,,115,,1,2026-01-15,2026-01-15
"Instagram | Conversão 2026","ALPHAVILLE 2025","[Vídeo] Holofote-Poeira",2026-01-15,131,135,BRL,0.81,,,2,,1,,,2026-01-15,2026-01-15
"Instagram | Conversão 2026","ALPHAVILLE 2025","[Vídeo] Bruna Limpa Vidros",2026-01-15,1900,2064,BRL,12.49,,,80,,51,,,2026-01-15,2026-01-15
"Instagram | Conversão 2026","ALPHAVILLE 2025","[Vídeo] Nimbus Tapete",2026-01-15,2,2,BRL,0.01,,,,,,,,2026-01-15,2026-01-15
"Instagram | Conversão 2026","ALPHAVILLE 2025","[Vídeo] Célia Gava 1 M",2026-01-15,3506,3887,BRL,21.42,,,141,,97,,,2026-01-15,2026-01-15
"Instagram | Conversão 2026","ALPHAVILLE 2025","[Vídeo] Extratora HYLA",2026-01-15,4729,5375,BRL,32.52,,,337,,179,,,2026-01-15,2026-01-15
"Instagram | Conversão 2026","[SP] BAIRROS NOBRES | SÃO PAULO & CIDADES DE SÃO PAULO","[Vídeo] Nimbus Tapete — Bairros nobres SP",2026-01-15,5069,5222,BRL,20.65,,,326,,190,,,2026-01-15,2026-01-15
"Instagram | Conversão 2026","ALPHAVILLE 2025","[Imagem] Benefícios — Alphaville 2025",2026-01-15,19,21,BRL,0.06,,,,,,,,2026-01-15,2026-01-15
"Instagram | Conversão 2026","[SP] BAIRROS NOBRES | SÃO PAULO & CIDADES DE SÃO PAULO","[Imagem] Benefícios — Bairros nobres SP",2026-01-15,3,3,BRL,0,,,,,,,,2026-01-15,2026-01-15
"Instagram | Conversão WPP","DF|CWB|GO|SP 2","[Vídeo] Célia 1M  — DF|CWB|GO|SP 2",2026-01-15,6164,8457,BRL,24.52,,,80,,,,,2026-01-15,2026-01-15
"Instagram | Conversão WPP","DF|CWB|GO|SP 2","[Vídeo] Nimbus Sofá — DF|CWB|GO|SP 2",2026-01-15,141,149,BRL,0.86,,,2,,,,,2026-01-15,2026-01-15
"Instagram | Conversão WPP","DF|CWB|GO|SP 2","[Vídeo] Nimbus tapete branco — DF|CWB|GO|SP 2",2026-01-15,121,145,BRL,1.54,1,,1,,,,,2026-01-15,2026-01-15
"Instagram | Conversão WPP","DF|CWB|GO|SP 2","[Imagem] Benefícios — DF|CWB|GO|SP 2",2026-01-15,29887,36317,BRL,74.59,,,103,,,,,2026-01-15,2026-01-15
"Instagram | Conversão WPP","DF|CWB|GO|SP 2","[Vídeo] Novo vídeo Nimbus — DF|CWB|GO|SP 2",2026-01-15,273,297,BRL,1.06,,,6,,,,,2026-01-15,2026-01-15
"Instagram | Conversão WPP","RS SC ES MS MG AL PE - WPP","[Vídeo] Nimbus tapete branco — RS SC ES MS MG AL PE - WPP",2026-01-15,29,29,BRL,0.13,,,,,,,,2026-01-15,2026-01-15
"Instagram | Conversão WPP","RS SC ES MS MG AL PE - WPP","[Imagem] Benefícios — RS SC ES MS MG AL PE - WPP",2026-01-15,11904,14984,BRL,30.43,,,46,,,,,2026-01-15,2026-01-15
"Instagram | Conversão WPP","RS SC ES MS MG AL PE - WPP","[Vídeo] Novo vídeo Nimbus — RS SC ES MS MG AL PE - WPP",2026-01-15,24,28,BRL,0.32,,,3,,,,,2026-01-15,2026-01-15
"Instagram | Conversão WPP","RS SC ES MS MG AL PE - WPP","[Vídeo] Nimbus Tapete — RS SC ES MS MG AL PE - WPP",2026-01-15,963,1075,BRL,3.25,,,21,,,,,2026-01-15,2026-01-15
"Instagram | Conversão 2026","[SP] BAIRROS NOBRES | SÃO PAULO & CIDADES DE SÃO PAULO","[Vídeo] Extratora HYLA — Bairros nobres SP",2026-01-14,8734,9228,BRL,36.95,1,,641,,405,,2,2026-01-14,2026-01-14
"Instagram | Conversão 2026","[SP] BAIRROS NOBRES | SÃO PAULO & CIDADES DE SÃO PAULO","[Vídeo] Célia 1M  — Bairros nobres SP",2026-01-14,724,736,BRL,3.02,,,41,,29,,,2026-01-14,2026-01-14
"Instagram | Conversão 2026","ALPHAVILLE 2025","[Vídeo] Holofote-Poeira",2026-01-14,4,4,BRL,0.06,,,,,,,,2026-01-14,2026-01-14
"Instagram | Conversão 2026","ALPHAVILLE 2025","[Vídeo] Bruna Limpa Vidros",2026-01-14,6697,8029,BRL,58.04,,,374,,229,,1,2026-01-14,2026-01-14
"Instagram | Conversão 2026","ALPHAVILLE 2025","[Vídeo] Nimbus Tapete",2026-01-14,82,86,BRL,0.41,,,4,,,,,2026-01-14,2026-01-14
"Instagram | Conversão 2026","ALPHAVILLE 2025","[Vídeo] Célia Gava 1 M",2026-01-14,9,9,BRL,0.04,,,,,,,,2026-01-14,2026-01-14
"Instagram | Conversão 2026","ALPHAVILLE 2025","[Vídeo] Extratora HYLA",2026-01-14,2816,3043,BRL,16.55,,,127,,81,,,2026-01-14,2026-01-14
"Instagram | Conversão 2026","[SP] BAIRROS NOBRES | SÃO PAULO & CIDADES DE SÃO PAULO","[Vídeo] Nimbus Tapete — Bairros nobres SP",2026-01-14,14259,14657,BRL,74.86,2,,880,,546,,,2026-01-14,2026-01-14
"Instagram | Conversão 2026","ALPHAVILLE 2025","[Imagem] Benefícios — Alphaville 2025",2026-01-14,66,97,BRL,0.3,,,,,,,,2026-01-14,2026-01-14
"Instagram | Conversão 2026","[SP] BAIRROS NOBRES | SÃO PAULO & CIDADES DE SÃO PAULO","[Imagem] Benefícios — Bairros nobres SP",2026-01-14,309,311,BRL,5.39,,,2,,1,,,2026-01-14,2026-01-14
"Instagram | Conversão WPP","DF|CWB|GO|SP 2","[Vídeo] Célia 1M  — DF|CWB|GO|SP 2",2026-01-14,7907,9817,BRL,38.73,2,,124,,,,,2026-01-14,2026-01-14
"Instagram | Conversão WPP","DF|CWB|GO|SP 2","[Vídeo] Nimbus Sofá — DF|CWB|GO|SP 2",2026-01-14,262,274,BRL,2.6,,,8,,,,,2026-01-14,2026-01-14
"Instagram | Conversão WPP","DF|CWB|GO|SP 2","[Vídeo] Nimbus tapete branco — DF|CWB|GO|SP 2",2026-01-14,987,1152,BRL,15.54,,,51,,,,,2026-01-14,2026-01-14
"Instagram | Conversão WPP","DF|CWB|GO|SP 2","[Imagem] Benefícios — DF|CWB|GO|SP 2",2026-01-14,35830,46610,BRL,86.2,1,,114,,1,,,2026-01-14,2026-01-14
"Instagram | Conversão WPP","RS SC ES MS MG AL PE - WPP","[Vídeo] Célia 1M  — RS SC ES MS MG AL PE - WPP",2026-01-14,233,248,BRL,0.88,,,5,,,,,2026-01-14,2026-01-14
"Instagram | Conversão WPP","RS SC ES MS MG AL PE - WPP","[Vídeo] Nimbus tapete branco — RS SC ES MS MG AL PE - WPP",2026-01-14,383,413,BRL,4.51,,,15,,,,,2026-01-14,2026-01-14
"Instagram | Conversão WPP","RS SC ES MS MG AL PE - WPP","[Imagem] Benefícios — RS SC ES MS MG AL PE - WPP",2026-01-14,16664,20857,BRL,38.07,,,49,,,,,2026-01-14,2026-01-14
"Instagram | Conversão WPP","RS SC ES MS MG AL PE - WPP","[Vídeo] Novo vídeo Nimbus — RS SC ES MS MG AL PE - WPP",2026-01-14,112,116,BRL,0.7,,,3,,,,,2026-01-14,2026-01-14
"Instagram | Conversão WPP","RS SC ES MS MG AL PE - WPP","[Vídeo] Nimbus Tapete — RS SC ES MS MG AL PE - WPP",2026-01-14,537,611,BRL,3.88,,,33,,,,,2026-01-14,2026-01-14
"Instagram | Conversão 2026","ALPHAVILLE 2025","[Vídeo] Holofote-Poeira",2026-01-13,18,24,BRL,0.66,,,,,,,,2026-01-13,2026-01-13
"Instagram | Conversão 2026","ALPHAVILLE 2025","[Vídeo] Bruna Limpa Vidros",2026-01-13,4659,5321,BRL,58.57,,,136,,83,,,2026-01-13,2026-01-13
"Instagram | Conversão 2026","ALPHAVILLE 2025","[Vídeo] Nimbus Tapete",2026-01-13,1,1,BRL,0,,,,,,,,2026-01-13,2026-01-13
"Instagram | Conversão 2026","[SP] BAIRROS NOBRES | SÃO PAULO & CIDADES DE SÃO PAULO","[Vídeo] Nimbus Tapete — Bairros nobres SP",2026-01-13,7557,7821,BRL,43.67,,,423,,235,,,2026-01-13,2026-01-13
"Instagram | Conversão 2026","ALPHAVILLE 2025","[Imagem] Benefícios — Alphaville 2025",2026-01-13,1187,1316,BRL,26.82,,,5,,4,,,2026-01-13,2026-01-13
"Instagram | Conversão 2026","[SP] BAIRROS NOBRES | SÃO PAULO & CIDADES DE SÃO PAULO","[Imagem] Benefícios — Bairros nobres SP",2026-01-13,4423,4653,BRL,77.67,,,32,,21,,,2026-01-13,2026-01-13
"Instagram | Conversão WPP","DF|CWB|GO|SP 2","[Vídeo] Célia 1M  — DF|CWB|GO|SP 2",2026-01-13,8199,9715,BRL,90.58,,,195,,,,,2026-01-13,2026-01-13
"Instagram | Conversão WPP","DF|CWB|GO|SP 2","[Vídeo] Nimbus tapete branco — DF|CWB|GO|SP 2",2026-01-13,455,469,BRL,7.76,,,26,,,,,2026-01-13,2026-01-13
"Instagram | Conversão WPP","DF|CWB|GO|SP 2","[Imagem] Benefícios — DF|CWB|GO|SP 2",2026-01-13,15526,17183,BRL,51.11,1,,36,,3,,,2026-01-13,2026-01-13
"Instagram | Conversão WPP","DF|CWB|GO|SP 2","[Vídeo] Novo vídeo Nimbus — DF|CWB|GO|SP 2",2026-01-13,22,22,BRL,0.14,,,,,,,,2026-01-13,2026-01-13
"Instagram | Conversão WPP","RS SC ES MS MG AL PE - WPP","[Imagem] Benefícios — RS SC ES MS MG AL PE - WPP",2026-01-13,10081,10821,BRL,51.66,,,33,,1,,,2026-01-13,2026-01-13
