Dia,"Nome da campanha","Nome do conjunto de anúncios","Nome do anúncio","Nome da Página","Status de veiculação","Nível de veiculação",Alcance,Impressões,Frequência,"Configuração de atribuição","Tipo de resultado",Resultados,"Valor usado (BRL)","Custo por resultado",Início,Término,"Cliques no link","CPM (custo por 1.000 impressões)","Início dos relatórios","Encerramento dos relatórios"
2026-04-30,"PM | CBO | ENGAJ | 30.04","SEMELHANTE seguidores — Cópia","ADS 011 — Cópia","Casa & Cia Centro",not_delivering,ad,154,164,1.06493506,"Clique de 7 dias ou visualização de 1 dia",,,3.57,,2026-04-30,Contínuo,,21.76829268,2026-04-30,2026-04-30
2026-04-30,"PM | CBO | ENGAJ | 25.04","Semelhante (2% to 3%) - SEGUIDORES — Cópia","ADS 011","Casa & Cia Centro",not_delivering,ad,632,796,1.25949367,"Clique de 7 dias ou visualização de 1 dia","Conversas por mensagem iniciadas",1,11.79,11.79,2026-04-25,Contínuo,1,14.81155779,2026-04-30,2026-04-30
2026-04-30,"PM | ABO | ENGAJ | TEST - PUB | 25.04","SEMELHANTE — Cópia — Cópia","ADS 011 — Cópia","Casa & Cia Centro",not_delivering,ad,731,807,1.10396717,"Clique de 7 dias ou visualização de 1 dia","Conversas por mensagem iniciadas",1,8.63,8.63,2026-04-25,Contínuo,3,10.69392813,2026-04-30,2026-04-30
2026-04-30,"PM | ABO | TRAFEGO | 16.04","ABERTO - CXS","ADS 002","Casa & Cia Centro",not_delivering,ad,1143,1214,1.06211724,"Clique de 1 dia","Visitas ao perfil do Instagram",21,8.47,0.40333333,2026-04-16,Contínuo,20,6.97693575,2026-04-30,2026-04-30
2026-04-30,"PM | ABO | ENGAJ | TEST.PUB | 24.04","Semelhante (2% to 3%) - ENVIARAM MENSAGEM 30D","ADS 011","Casa & Cia Centro",not_delivering,ad,0,0,0,"Clique de 7 dias ou visualização de 1 dia","Conversas por mensagem iniciadas",1,0,0,2026-04-24,Contínuo,,,2026-04-30,2026-04-30
2026-04-30,"PM | ABO | ENGAJ | VALIDADOS | 14.04 | EXPRESS  - 711",SEMELHANTE,"ADS 011 — Cópia","Casa & Cia Centro",not_delivering,ad,540,597,1.10555556,"Clique de 7 dias ou visualização de 1 dia","Conversas por mensagem iniciadas",2,8.57,4.285,2026-04-14,Contínuo,1,14.35510888,2026-04-30,2026-04-30
2026-04-30,"PM | ABO | ENGAJ | TEST.PUB | 24.04","Semelhante (2% to 3%) - SEGUIDORES","ADS 011","Casa & Cia Centro",not_delivering,ad,553,594,1.07414105,"Clique de 7 dias ou visualização de 1 dia",,,7.39,,2026-04-24,Contínuo,3,12.44107744,2026-04-30,2026-04-30
2026-04-30,"PM | ABO | ENGAJ | VALIDADOS | 14.04 |  711","SEMELHANTE seguidores","ADS 011 — Cópia","Casa & Cia Centro",not_delivering,ad,743,946,1.27321669,"Clique de 7 dias ou visualização de 1 dia","Conversas por mensagem iniciadas",2,13.26,6.63,2026-04-14,Contínuo,3,14.01691332,2026-04-30,2026-04-30
2026-04-30,"PM | ABO | ENGAJ | TEST - PUB | 25.04","SEMELHANTE — Cópia — Cópia","ADS 011 — Cópia","Casa & Cia Centro",not_delivering,ad,664,734,1.10542169,"Clique de 7 dias ou visualização de 1 dia",,,9.36,,2026-04-25,Contínuo,,12.7520436,2026-04-30,2026-04-30
2026-04-29,"PM | ABO | ENGAJ | VALIDADOS | 14.04 |  711","SEMELHANTE seguidores — TROCA CRIATIVO","ADS 005 — Cópia — Cópia","Casa & Cia Centro",not_delivering,ad,361,413,1.14404432,"Clique de 7 dias ou visualização de 1 dia",,,7,,2026-04-25,Contínuo,3,16.94915254,2026-04-29,2026-04-29
2026-04-29,"PM | ABO | ENGAJ | VALIDADOS | 14.04 | EXPRESS  - 211",SEMELHANTE,"ADS 011 — Cópia","Casa & Cia Centro",not_delivering,ad,525,585,1.11428571,"Clique de 7 dias ou visualização de 1 dia",,,8.35,,2026-04-14,Contínuo,1,14.27350427,2026-04-29,2026-04-29
2026-04-29,"PM | ABO | ENGAJ | TEST - PUB | 25.04","SEMELHANTE — Cópia — Cópia","ADS 011 — Cópia","Casa & Cia Centro",not_delivering,ad,599,685,1.14357262,"Clique de 7 dias ou visualização de 1 dia",,,10.14,,2026-04-25,Contínuo,2,14.80291971,2026-04-29,2026-04-29
2026-04-29,"PM | ABO | ENGAJ | VALIDADOS | 14.04 |  711","SEMELHANTE seguidores","ADS 011 — Cópia","Casa & Cia Centro",not_delivering,ad,873,1145,1.3115693,"Clique de 7 dias ou visualização de 1 dia","Conversas por mensagem iniciadas",1,17.57,17.57,2026-04-14,Contínuo,3,15.34497817,2026-04-29,2026-04-29
2026-04-29,"PM | ABO | ENGAJ | VALIDADOS | 14.04 | EXPRESS  - 211",SEMELHANTE,"ADS 005 — Cópia","Casa & Cia Centro",not_delivering,ad,12,12,1,"Clique de 7 dias ou visualização de 1 dia",,,0.23,,2026-04-14,Contínuo,,19.16666667,2026-04-29,2026-04-29
2026-04-29,"PM | ABO | ENGAJ | TEST.PUB | 24.04","Semelhante (2% to 3%) - SEGUIDORES","ADS 011","Casa & Cia Centro",not_delivering,ad,751,964,1.28362184,"Clique de 7 dias ou visualização de 1 dia","Conversas por mensagem iniciadas",1,14.64,14.64,2026-04-24,Contínuo,4,15.18672199,2026-04-29,2026-04-29
2026-04-29,"PM | ABO | ENGAJ | TEST - PUB | 25.04","SEMELHANTE — Cópia","ADS 011 — Cópia","Casa & Cia Centro",not_delivering,ad,471,521,1.10615711,"Clique de 7 dias ou visualização de 1 dia",,,7.73,,2026-04-25,Contínuo,3,14.83685221,2026-04-29,2026-04-29
2026-04-29,"PM | ABO | ENGAJ | VALIDADOS | 14.04 | EXPRESS  - 711",SEMELHANTE,"ADS 011 — Cópia","Casa & Cia Centro",not_delivering,ad,667,703,1.05397301,"Clique de 7 dias ou visualização de 1 dia","Conversas por mensagem iniciadas",1,11.15,11.15,2026-04-14,Contínuo,7,15.86059744,2026-04-29,2026-04-29
2026-04-29,"PM | ABO | ENGAJ | TEST.PUB | 24.04","Semelhante (2% to 3%) - ENVIARAM MENSAGEM 30D","ADS 011","Casa & Cia Centro",not_delivering,ad,448,470,1.04910714,"Clique de 7 dias ou visualização de 1 dia",,,6.08,,2026-04-24,Contínuo,2,12.93617021,2026-04-29,2026-04-29
2026-04-29,"PM | ABO | ENGAJ | TEST - PUB | 25.04","SEMELHANTE — Cópia — Cópia","ADS 011 — Cópia","Casa & Cia Centro",not_delivering,ad,312,353,1.13141026,"Clique de 7 dias ou visualização de 1 dia","Conversas por mensagem iniciadas",1,7.49,7.49,2026-04-25,Contínuo,1,21.21813031,2026-04-29,2026-04-29
2026-04-29,"PM | ABO | TRAFEGO | 16.04","ABERTO - CXS","ADS 002","Casa & Cia Centro",not_delivering,ad,1134,1241,1.09435626,"Clique de 1 dia","Visitas ao perfil do Instagram",16,8.56,0.535,2026-04-16,Contínuo,16,6.89766317,2026-04-29,2026-04-29
2026-04-29,"PM | ABO | ENGAJ | TEST - PUB | 25.04","SEMELHANTE — Cópia — Cópia","ADS 011 — Cópia","Casa & Cia Centro",not_delivering,ad,484,537,1.10950413,"Clique de 7 dias ou visualização de 1 dia","Conversas por mensagem iniciadas",1,10.61,10.61,2026-04-25,Contínuo,5,19.75791434,2026-04-29,2026-04-29
2026-04-29,"PM | ABO | TRAFEGO | 16.04","ABERTO - CXS","ADS 001","Casa & Cia Centro",not_delivering,ad,270,277,1.02592593,"Clique de 1 dia","Visitas ao perfil do Instagram",8,3.13,0.39125,2026-04-16,Contínuo,7,11.29963899,2026-04-29,2026-04-29
2026-04-29,"PM | CBO | ENGAJ | 25.04","Semelhante (2% to 3%) - SEGUIDORES — Cópia","ADS 011","Casa & Cia Centro",not_delivering,ad,738,876,1.18699187,"Clique de 7 dias ou visualização de 1 dia",,,13.78,,2026-04-25,Contínuo,1,15.73059361,2026-04-29,2026-04-29
2026-04-28,"PM | ABO | ENGAJ | VALIDADOS | 14.04 | EXPRESS  - 211",SEMELHANTE,"ADS 011 — Cópia","Casa & Cia Centro",not_delivering,ad,828,924,1.11594203,"Clique de 7 dias ou visualização de 1 dia",,,12.42,,2026-04-14,Contínuo,3,13.44155844,2026-04-28,2026-04-28
2026-04-28,"PM | ABO | ENGAJ | TEST - PUB | 25.04","SEMELHANTE — Cópia","ADS 011 — Cópia","Casa & Cia Centro",not_delivering,ad,773,884,1.14359638,"Clique de 7 dias ou visualização de 1 dia",,,12.61,,2026-04-25,Contínuo,2,14.26470588,2026-04-28,2026-04-28
2026-04-28,"PM | ABO | ENGAJ | TEST - PUB | 25.04","SEMELHANTE — Cópia — Cópia","ADS 011 — Cópia","Casa & Cia Centro",not_delivering,ad,595,730,1.22689076,"Clique de 7 dias ou visualização de 1 dia","Conversas por mensagem iniciadas",3,12.52,4.17333333,2026-04-25,Contínuo,7,17.15068493,2026-04-28,2026-04-28
2026-04-28,"PM | ABO | ENGAJ | VALIDADOS | 14.04 |  711","SEMELHANTE seguidores","ADS 011 — Cópia","Casa & Cia Centro",not_delivering,ad,852,1022,1.19953052,"Clique de 7 dias ou visualização de 1 dia","Conversas por mensagem iniciadas",5,20.94,4.188,2026-04-14,Contínuo,8,20.48923679,2026-04-28,2026-04-28
2026-04-28,"PM | ABO | ENGAJ | VALIDADOS | 14.04 | EXPRESS  - 211",SEMELHANTE,"ADS 005 — Cópia","Casa & Cia Centro",not_delivering,ad,3,3,1,"Clique de 7 dias ou visualização de 1 dia",,,0.03,,2026-04-14,Contínuo,,10,2026-04-28,2026-04-28
2026-04-28,"PM | ABO | ENGAJ | TEST.PUB | 24.04","Semelhante (2% to 3%) - SEGUIDORES","ADS 011","Casa & Cia Centro",not_delivering,ad,800,1008,1.26,"Clique de 7 dias ou visualização de 1 dia","Conversas por mensagem iniciadas",1,17.45,17.45,2026-04-24,Contínuo,3,17.31150794,2026-04-28,2026-04-28
2026-04-28,"PM | ABO | ENGAJ | VALIDADOS | 14.04 |  711","SEMELHANTE seguidores — TROCA CRIATIVO","ADS 005 — Cópia — Cópia","Casa & Cia Centro",not_delivering,ad,356,468,1.31460674,"Clique de 7 dias ou visualização de 1 dia",,,11.62,,2026-04-25,Contínuo,2,24.82905983,2026-04-28,2026-04-28
2026-04-28,"PM | ABO | ENGAJ | VALIDADOS | 14.04 | EXPRESS  - 711",SEMELHANTE,"ADS 011 — Cópia","Casa & Cia Centro",not_delivering,ad,639,718,1.12363067,"Clique de 7 dias ou visualização de 1 dia",,,12.32,,2026-04-14,Contínuo,4,17.15877437,2026-04-28,2026-04-28
2026-04-28,"PM | ABO | ENGAJ | TEST.PUB | 24.04","Semelhante (2% to 3%) - ENVIARAM MENSAGEM 30D","ADS 011","Casa & Cia Centro",not_delivering,ad,490,565,1.15306122,"Clique de 7 dias ou visualização de 1 dia","Conversas por mensagem iniciadas",1,10.2,10.2,2026-04-24,Contínuo,2,18.05309735,2026-04-28,2026-04-28
2026-04-28,"PM | ABO | ENGAJ | TEST - PUB | 25.04","SEMELHANTE — Cópia — Cópia","ADS 011 — Cópia","Casa & Cia Centro",not_delivering,ad,647,739,1.14219474,"Clique de 7 dias ou visualização de 1 dia","Conversas por mensagem iniciadas",1,12.29,12.29,2026-04-25,Contínuo,4,16.63058187,2026-04-28,2026-04-28
2026-04-28,"PM | ABO | TRAFEGO | 16.04","ABERTO - CXS","ADS 002","Casa & Cia Centro",not_delivering,ad,1114,1232,1.1059246,"Clique de 1 dia","Visitas ao perfil do Instagram",25,9.12,0.3648,2026-04-16,Contínuo,26,7.4025974,2026-04-28,2026-04-28
2026-04-28,"PM | ABO | ENGAJ | TEST - PUB | 25.04","SEMELHANTE — Cópia — Cópia","ADS 011 — Cópia","Casa & Cia Centro",not_delivering,ad,577,665,1.152513,"Clique de 7 dias ou visualização de 1 dia","Conversas por mensagem iniciadas",1,11.74,11.74,2026-04-25,Contínuo,3,17.65413534,2026-04-28,2026-04-28
2026-04-28,"PM | ABO | TRAFEGO | 16.04","ABERTO - CXS","ADS 001","Casa & Cia Centro",not_delivering,ad,565,590,1.04424779,"Clique de 1 dia","Visitas ao perfil do Instagram",12,8.39,0.69916667,2026-04-16,Contínuo,10,14.22033898,2026-04-28,2026-04-28
2026-04-28,"PM | CBO | ENGAJ | 25.04","Semelhante (2% to 3%) - SEGUIDORES — Cópia","ADS 011","Casa & Cia Centro",not_delivering,ad,480,563,1.17291667,"Clique de 7 dias ou visualização de 1 dia","Conversas por mensagem iniciadas",2,12.44,6.22,2026-04-25,Contínuo,4,22.09591474,2026-04-28,2026-04-28
2026-04-27,"PM | ABO | ENGAJ | VALIDADOS | 14.04 |  711","SEMELHANTE seguidores — TROCA CRIATIVO","ADS 005 — Cópia — Cópia","Casa & Cia Centro",not_delivering,ad,434,572,1.31797235,"Clique de 7 dias ou visualização de 1 dia",,,11.46,,2026-04-25,Contínuo,6,20.03496503,2026-04-27,2026-04-27
2026-04-27,"PM | ABO | ENGAJ | VALIDADOS | 14.04 | EXPRESS  - 211",SEMELHANTE,"ADS 011 — Cópia","Casa & Cia Centro",not_delivering,ad,636,725,1.13993711,"Clique de 7 dias ou visualização de 1 dia","Conversas por mensagem iniciadas",1,8.95,8.95,2026-04-14,Contínuo,3,12.34482759,2026-04-27,2026-04-27
2026-04-27,"PM | ABO | ENGAJ | TEST - PUB | 25.04","SEMELHANTE — Cópia","ADS 011 — Cópia","Casa & Cia Centro",not_delivering,ad,678,801,1.18141593,"Clique de 7 dias ou visualização de 1 dia",,,9.93,,2026-04-25,Contínuo,,12.39700375,2026-04-27,2026-04-27
2026-04-27,"PM | ABO | ENGAJ | TEST - PUB | 25.04","SEMELHANTE — Cópia — Cópia","ADS 011 — Cópia","Casa & Cia Centro",not_delivering,ad,530,653,1.23207547,"Clique de 7 dias ou visualização de 1 dia",,,10.51,,2026-04-25,Contínuo,,16.0949464,2026-04-27,2026-04-27
2026-04-27,"PM | ABO | ENGAJ | VALIDADOS | 14.04 |  711","SEMELHANTE seguidores","ADS 011 — Cópia","Casa & Cia Centro",not_delivering,ad,961,1104,1.14880333,"Clique de 7 dias ou visualização de 1 dia","Conversas por mensagem iniciadas",4,17.94,4.485,2026-04-14,Contínuo,8,16.25,2026-04-27,2026-04-27
2026-04-27,"PM | ABO | ENGAJ | VALIDADOS | 14.04 | EXPRESS  - 211",SEMELHANTE,"ADS 005 — Cópia","Casa & Cia Centro",not_delivering,ad,64,68,1.0625,"Clique de 7 dias ou visualização de 1 dia",,,1.24,,2026-04-14,Contínuo,,18.23529412,2026-04-27,2026-04-27
2026-04-27,"PM | ABO | ENGAJ | TEST.PUB | 24.04","Semelhante (2% to 3%) - SEGUIDORES","ADS 011","Casa & Cia Centro",not_delivering,ad,801,971,1.21223471,"Clique de 7 dias ou visualização de 1 dia","Conversas por mensagem iniciadas",2,14.76,7.38,2026-04-24,Contínuo,3,15.20082389,2026-04-27,2026-04-27
2026-04-27,"PM | CBO | ENGAJ | 25.04","Semelhante (2% to 3%) - SEGUIDORES — Cópia","ADS 011","Casa & Cia Centro",not_delivering,ad,495,621,1.25454545,"Clique de 7 dias ou visualização de 1 dia","Conversas por mensagem iniciadas",4,10.78,2.695,2026-04-25,Contínuo,5,17.35909823,2026-04-27,2026-04-27
2026-04-27,"PM | ABO | ENGAJ | VALIDADOS | 14.04 | EXPRESS  - 711",SEMELHANTE,"ADS 011 — Cópia","Casa & Cia Centro",not_delivering,ad,603,692,1.14759536,"Clique de 7 dias ou visualização de 1 dia","Conversas por mensagem iniciadas",1,11.2,11.2,2026-04-14,Contínuo,2,16.1849711,2026-04-27,2026-04-27
2026-04-27,"PM | ABO | ENGAJ | TEST - PUB | 25.04","SEMELHANTE — Cópia — Cópia","ADS 011 — Cópia","Casa & Cia Centro",not_delivering,ad,529,627,1.1852552,"Clique de 7 dias ou visualização de 1 dia",,,11.73,,2026-04-25,Contínuo,2,18.70813397,2026-04-27,2026-04-27
2026-04-27,"PM | ABO | TRAFEGO | 16.04","ABERTO - CXS","ADS 002","Casa & Cia Centro",not_delivering,ad,1203,1356,1.12718204,"Clique de 1 dia","Visitas ao perfil do Instagram",32,10.28,0.32125,2026-04-16,Contínuo,32,7.58112094,2026-04-27,2026-04-27
2026-04-27,"PM | ABO | ENGAJ | TEST - PUB | 25.04","SEMELHANTE — Cópia — Cópia","ADS 011 — Cópia","Casa & Cia Centro",not_delivering,ad,484,597,1.23347107,"Clique de 7 dias ou visualização de 1 dia","Conversas por mensagem iniciadas",1,12.13,12.13,2026-04-25,Contínuo,3,20.31825796,2026-04-27,2026-04-27
2026-04-27,"PM | ABO | TRAFEGO | 16.04","ABERTO - CXS","ADS 001","Casa & Cia Centro",not_delivering,ad,918,974,1.06100218,"Clique de 1 dia","Visitas ao perfil do Instagram",22,11.58,0.52636364,2026-04-16,Contínuo,21,11.88911704,2026-04-27,2026-04-27
2026-04-27,"PM | ABO | ENGAJ | TEST.PUB | 24.04","Semelhante (2% to 3%) - ENVIARAM MENSAGEM 30D","ADS 011","Casa & Cia Centro",not_delivering,ad,420,492,1.17142857,"Clique de 7 dias ou visualização de 1 dia","Conversas por mensagem iniciadas",1,8.36,8.36,2026-04-24,Contínuo,3,16.99186992,2026-04-27,2026-04-27
2026-04-26,"PM | ABO | ENGAJ | VALIDADOS | 14.04 | EXPRESS  - 711",SEMELHANTE,"ADS 011 — Cópia","Casa & Cia Centro",not_delivering,ad,535,594,1.11028037,"Clique de 7 dias ou visualização de 1 dia","Conversas por mensagem iniciadas",1,9.78,9.78,2026-04-14,Contínuo,5,16.46464646,2026-04-26,2026-04-26
2026-04-26,"PM | ABO | ENGAJ | VALIDADOS | 14.04 | EXPRESS  - 211",SEMELHANTE,"ADS 011 — Cópia","Casa & Cia Centro",not_delivering,ad,524,576,1.09923664,"Clique de 7 dias ou visualização de 1 dia","Conversas por mensagem iniciadas",1,9.39,9.39,2026-04-14,Contínuo,3,16.30208333,2026-04-26,2026-04-26
2026-04-26,"PM | ABO | ENGAJ | TEST - PUB | 25.04","SEMELHANTE — Cópia","ADS 011 — Cópia","Casa & Cia Centro",not_delivering,ad,760,893,1.175,"Clique de 7 dias ou visualização de 1 dia",,,9.75,,2026-04-25,Contínuo,6,10.91825308,2026-04-26,2026-04-26
2026-04-26,"PM | ABO | ENGAJ | TEST - PUB | 25.04","SEMELHANTE — Cópia — Cópia","ADS 011 — Cópia","Casa & Cia Centro",not_delivering,ad,526,621,1.18060837,"Clique de 7 dias ou visualização de 1 dia","Conversas por mensagem iniciadas",1,10.66,10.66,2026-04-25,Contínuo,2,17.16586151,2026-04-26,2026-04-26
2026-04-26,"PM | ABO | ENGAJ | TEST.PUB | 24.04","Semelhante (2% to 3%) - SEGUIDORES","ADS 011","Casa & Cia Centro",not_delivering,ad,660,726,1.1,"Clique de 7 dias ou visualização de 1 dia","Conversas por mensagem iniciadas",1,12.7,12.7,2026-04-24,Contínuo,5,17.49311295,2026-04-26,2026-04-26
2026-04-26,"PM | ABO | ENGAJ | VALIDADOS | 14.04 |  711","SEMELHANTE seguidores — TROCA CRIATIVO","ADS 005 — Cópia — Cópia","Casa & Cia Centro",not_delivering,ad,378,494,1.30687831,"Clique de 7 dias ou visualização de 1 dia",,,11.38,,2026-04-25,Contínuo,3,23.03643725,2026-04-26,2026-04-26
2026-04-26,"PM | ABO | ENGAJ | VALIDADOS | 14.04 |  711","SEMELHANTE seguidores","ADS 011 — Cópia","Casa & Cia Centro",not_delivering,ad,846,950,1.12293144,"Clique de 7 dias ou visualização de 1 dia","Conversas por mensagem iniciadas",1,14.48,14.48,2026-04-14,Contínuo,7,15.24210526,2026-04-26,2026-04-26
2026-04-26,"PM | ABO | ENGAJ | TEST.PUB | 24.04","Semelhante (2% to 3%) - ENVIARAM MENSAGEM 30D","ADS 011","Casa & Cia Centro",not_delivering,ad,355,394,1.10985915,"Clique de 7 dias ou visualização de 1 dia",,,7.3,,2026-04-24,Contínuo,1,18.52791878,2026-04-26,2026-04-26
2026-04-26,"PM | ABO | TRAFEGO | 16.04","ABERTO - CXS","ADS 002","Casa & Cia Centro",not_delivering,ad,1422,1556,1.09423347,"Clique de 1 dia","Visitas ao perfil do Instagram",38,12.18,0.32052632,2026-04-16,Contínuo,41,7.8277635,2026-04-26,2026-04-26
2026-04-26,"PM | ABO | ENGAJ | TEST - PUB | 25.04","SEMELHANTE — Cópia — Cópia","ADS 011 — Cópia","Casa & Cia Centro",not_delivering,ad,428,496,1.1588785,"Clique de 7 dias ou visualização de 1 dia","Conversas por mensagem iniciadas",1,10.31,10.31,2026-04-25,Contínuo,1,20.78629032,2026-04-26,2026-04-26
2026-04-26,"PM | ABO | TRAFEGO | 16.04","ABERTO - CXS","ADS 001","Casa & Cia Centro",not_delivering,ad,866,961,1.10969977,"Clique de 1 dia","Visitas ao perfil do Instagram",24,11.68,0.48666667,2026-04-16,Contínuo,26,12.15400624,2026-04-26,2026-04-26
2026-04-26,"PM | CBO | ENGAJ | 25.04","Semelhante (2% to 3%) - SEGUIDORES — Cópia","ADS 011","Casa & Cia Centro",not_delivering,ad,526,613,1.16539924,"Clique de 7 dias ou visualização de 1 dia","Conversas por mensagem iniciadas",1,11.11,11.11,2026-04-25,Contínuo,2,18.12398042,2026-04-26,2026-04-26
2026-04-26,"PM | ABO | ENGAJ | TEST - PUB | 25.04","SEMELHANTE — Cópia — Cópia","ADS 011 — Cópia","Casa & Cia Centro",not_delivering,ad,603,706,1.1708126,"Clique de 7 dias ou visualização de 1 dia","Conversas por mensagem iniciadas",2,10.42,5.21,2026-04-25,Contínuo,4,14.7592068,2026-04-26,2026-04-26
2026-04-25,"PM | ABO | ENGAJ | VALIDADOS | 14.04 |  711","SEMELHANTE  VISITAS 150 D","ADS 005 — Cópia","Casa & Cia Centro",not_delivering,ad,152,169,1.11184211,"Clique de 7 dias ou visualização de 1 dia","Conversas por mensagem iniciadas",1,4.24,4.24,2026-04-14,Contínuo,1,25.0887574,2026-04-25,2026-04-25
2026-04-25,"PM | ABO | ENGAJ | VALIDADOS | 14.04 | EXPRESS  - 711",SEMELHANTE,"ADS 011 — Cópia","Casa & Cia Centro",not_delivering,ad,660,758,1.14848485,"Clique de 7 dias ou visualização de 1 dia",,,10.9,,2026-04-14,Contínuo,4,14.37994723,2026-04-25,2026-04-25
2026-04-25,"PM | ABO | ENGAJ | VALIDADOS | 14.04 |  711","SEMELHANTE seguidores — TROCA CRIATIVO","ADS 005 — Cópia — Cópia","Casa & Cia Centro",not_delivering,ad,326,349,1.07055215,"Clique de 7 dias ou visualização de 1 dia",,,5.1,,2026-04-25,Contínuo,,14.61318052,2026-04-25,2026-04-25
2026-04-25,"PM | ABO | ENGAJ | TEST.PUB | 24.04","Semelhante (2% to 3%) - INTERAGIRAM POST 30D","ADS 011","Casa & Cia Centro",not_delivering,ad,354,378,1.06779661,"Clique de 7 dias ou visualização de 1 dia",,,6.16,,2026-04-24,Contínuo,1,16.2962963,2026-04-25,2026-04-25
2026-04-25,"PM | ABO | ENGAJ | TEST.PUB | 24.04","Semelhante (2% to 3%) - SEGUIDORES","ADS 011","Casa & Cia Centro",not_delivering,ad,920,992,1.07826087,"Clique de 7 dias ou visualização de 1 dia","Conversas por mensagem iniciadas",1,13.54,13.54,2026-04-24,Contínuo,6,13.64919355,2026-04-25,2026-04-25
2026-04-25,"PM | ABO | ENGAJ | TEST - PUB | 25.04","SEMELHANTE — Cópia","ADS 011 — Cópia","Casa & Cia Centro",not_delivering,ad,495,523,1.05656566,"Clique de 7 dias ou visualização de 1 dia",,,5.08,,2026-04-25,Contínuo,2,9.71319312,2026-04-25,2026-04-25
2026-04-25,"PM | ABO | ENGAJ | VALIDADOS | 14.04 |  711","SEMELHANTE seguidores","ADS 011 — Cópia","Casa & Cia Centro",not_delivering,ad,728,846,1.16208791,"Clique de 7 dias ou visualização de 1 dia","Conversas por mensagem iniciadas",1,12.97,12.97,2026-04-14,Contínuo,5,15.33096927,2026-04-25,2026-04-25
2026-04-25,"PM | ABO | ENGAJ | TEST - PUB | 25.04","SEMELHANTE — Cópia — Cópia","ADS 011 — Cópia","Casa & Cia Centro",not_delivering,ad,385,423,1.0987013,"Clique de 7 dias ou visualização de 1 dia",,,5.01,,2026-04-25,Contínuo,,11.84397163,2026-04-25,2026-04-25
2026-04-25,"PM | ABO | ENGAJ | TEST.PUB | 24.04 | SEMELHANTE 90D","Semelhante (2% to 3%) - INTERAGIRAM POST 30D","ADS 011","Casa & Cia Centro",not_delivering,ad,290,301,1.03793103,"Clique de 7 dias ou visualização de 1 dia",,,6.03,,2026-04-24,Contínuo,1,20.03322259,2026-04-25,2026-04-25
2026-04-25,"PM | ABO | ENGAJ | TEST.PUB | 24.04 | SEMELHANTE 90D","Semelhante (2% to 3%) - VISITARAM PERFIL 30D","ADS 011","Casa & Cia Centro",not_delivering,ad,309,332,1.07443366,"Clique de 7 dias ou visualização de 1 dia",,,5.82,,2026-04-24,Contínuo,3,17.53012048,2026-04-25,2026-04-25
2026-04-25,"PM | ABO | ENGAJ | VALIDADOS | 14.04 | EXPRESS  - 211",SEMELHANTE,"ADS 011 — Cópia","Casa & Cia Centro",not_delivering,ad,551,610,1.10707804,"Clique de 7 dias ou visualização de 1 dia","Conversas por mensagem iniciadas",1,8.88,8.88,2026-04-14,Contínuo,1,14.55737705,2026-04-25,2026-04-25
2026-04-25,"PM | ABO | ENGAJ | TEST.PUB | 24.04 | SEMELHANTE 90D","Semelhante (2% to 3%) - ENVIARAM MENSAGEM 30D","ADS 011","Casa & Cia Centro",not_delivering,ad,279,295,1.05734767,"Clique de 7 dias ou visualização de 1 dia",,,5.54,,2026-04-24,Contínuo,1,18.77966102,2026-04-25,2026-04-25
2026-04-25,"PM | ABO | ENGAJ | TEST.PUB | 24.04","Semelhante (2% to 3%) - ENVIARAM MENSAGEM 30D","ADS 011","Casa & Cia Centro",not_delivering,ad,584,627,1.07363014,"Clique de 7 dias ou visualização de 1 dia",,,10.64,,2026-04-24,Contínuo,2,16.96969697,2026-04-25,2026-04-25
2026-04-25,"PM | ABO | TRAFEGO | 16.04","ABERTO - CXS","ADS 001","Casa & Cia Centro",not_delivering,ad,749,823,1.0987984,"Clique de 1 dia","Visitas ao perfil do Instagram",14,8.8,0.62857143,2026-04-16,Contínuo,14,10.69258809,2026-04-25,2026-04-25
2026-04-25,"PM | ABO | ENGAJ | TEST - PUB | 25.04","SEMELHANTE — Cópia — Cópia","ADS 011 — Cópia","Casa & Cia Centro",not_delivering,ad,453,482,1.06401766,"Clique de 7 dias ou visualização de 1 dia","Conversas por mensagem iniciadas",1,4.96,4.96,2026-04-25,Contínuo,4,10.29045643,2026-04-25,2026-04-25
2026-04-25,"PM | CBO | ENGAJ | 25.04","Semelhante (2% to 3%) - SEGUIDORES — Cópia","ADS 011","Casa & Cia Centro",not_delivering,ad,373,396,1.0616622,"Clique de 7 dias ou visualização de 1 dia",,,5.08,,2026-04-25,Contínuo,1,12.82828283,2026-04-25,2026-04-25
2026-04-25,"PM | ABO | ENGAJ | TEST.PUB | 24.04","Semelhante (2% to 3%) - INTERAGIRAM CONTA 30D","ADS 011","Casa & Cia Centro",not_delivering,ad,275,288,1.04727273,"Clique de 7 dias ou visualização de 1 dia",,,5.3,,2026-04-24,Contínuo,,18.40277778,2026-04-25,2026-04-25
2026-04-25,"PM | ABO | ENGAJ | TEST.PUB | 24.04 | SEMELHANTE 50D","Semelhante (2% to 3%) - VISITARAM PERFIL 30D","ADS 011","Casa & Cia Centro",not_delivering,ad,272,279,1.02573529,"Clique de 7 dias ou visualização de 1 dia",,,5.2,,2026-04-24,Contínuo,1,18.63799283,2026-04-25,2026-04-25
2026-04-25,"PM | ABO | ENGAJ | TEST.PUB | 24.04 | SEMELHANTE 50D","Semelhante (2% to 3%) - ENVIARAM MENSAGEM 30D","ADS 011","Casa & Cia Centro",not_delivering,ad,385,420,1.09090909,"Clique de 7 dias ou visualização de 1 dia",,,6.48,,2026-04-24,Contínuo,3,15.42857143,2026-04-25,2026-04-25
2026-04-25,"PM | ABO | ENGAJ | TEST.PUB | 24.04 | SEMELHANTE 90D","Semelhante (2% to 3%) - SEGUIDORES","ADS 011","Casa & Cia Centro",not_delivering,ad,293,314,1.07167235,"Clique de 7 dias ou visualização de 1 dia",,,5.9,,2026-04-24,Contínuo,4,18.78980892,2026-04-25,2026-04-25
2026-04-25,"PM | ABO | ENGAJ | TEST.PUB | 24.04 | SEMELHANTE 90D","Semelhante (2% to 3%) - INTERAGIRAM CONTA 30D","ADS 011","Casa & Cia Centro",not_delivering,ad,263,277,1.05323194,"Clique de 7 dias ou visualização de 1 dia",,,5.68,,2026-04-24,Contínuo,2,20.50541516,2026-04-25,2026-04-25
2026-04-25,"PM | ABO | ENGAJ | TEST.PUB | 24.04 | SEMELHANTE 50D","Semelhante (2% to 3%) - SEGUIDORES","ADS 011","Casa & Cia Centro",not_delivering,ad,288,301,1.04513889,"Clique de 7 dias ou visualização de 1 dia",,,5.44,,2026-04-24,Contínuo,1,18.0730897,2026-04-25,2026-04-25
2026-04-25,"PM | ABO | ENGAJ | TEST.PUB | 24.04 | SEMELHANTE 50D","Semelhante (2% to 3%) - INTERAGIRAM CONTA 30D","ADS 011","Casa & Cia Centro",not_delivering,ad,363,388,1.06887052,"Clique de 7 dias ou visualização de 1 dia",,,6.37,,2026-04-24,Contínuo,1,16.41752577,2026-04-25,2026-04-25
2026-04-25,"PM | ABO | ENGAJ | TEST - PUB | 25.04","SEMELHANTE — Cópia — Cópia","ADS 011 — Cópia","Casa & Cia Centro",not_delivering,ad,391,442,1.13043478,"Clique de 7 dias ou visualização de 1 dia",,,5.18,,2026-04-25,Contínuo,2,11.71945701,2026-04-25,2026-04-25
2026-04-25,"PM | ABO | ENGAJ | TEST.PUB | 24.04","Semelhante (2% to 3%) - VISITARAM PERFIL 30D","ADS 011","Casa & Cia Centro",not_delivering,ad,307,330,1.07491857,"Clique de 7 dias ou visualização de 1 dia",,,5.4,,2026-04-24,Contínuo,3,16.36363636,2026-04-25,2026-04-25
2026-04-25,"PM | ABO | TRAFEGO | 16.04","ABERTO - CXS","ADS 002","Casa & Cia Centro",not_delivering,ad,1275,1385,1.08627451,"Clique de 1 dia","Visitas ao perfil do Instagram",28,9.02,0.32214286,2026-04-16,Contínuo,24,6.51263538,2026-04-25,2026-04-25
2026-04-25,"PM | ABO | ENGAJ | TEST.PUB | 24.04 | SEMELHANTE 50D","Semelhante (2% to 3%) - INTERAGIRAM POST 30D","ADS 011","Casa & Cia Centro",not_delivering,ad,312,339,1.08653846,"Clique de 7 dias ou visualização de 1 dia",,,6.41,,2026-04-24,Contínuo,2,18.90855457,2026-04-25,2026-04-25
2026-04-24,"PM | ABO | ENGAJ | TEST.PUB | 24.04","Semelhante (2% to 3%) - SEGUIDORES","ADS 011","Casa & Cia Centro",not_delivering,ad,353,361,1.02266289,"Clique de 7 dias ou visualização de 1 dia","Conversas por mensagem iniciadas",1,5.45,5.45,2026-04-24,Contínuo,4,15.09695291,2026-04-24,2026-04-24
2026-04-24,"PM | ABO | ENGAJ | TEST.PUB | 24.04 | SEMELHANTE 90D","Semelhante (2% to 3%) - ENVIARAM MENSAGEM 30D","ADS 011","Casa & Cia Centro",not_delivering,ad,275,288,1.04727273,"Clique de 7 dias ou visualização de 1 dia",,,4.44,,2026-04-24,Contínuo,1,15.41666667,2026-04-24,2026-04-24
2026-04-24,"PM | ABO | ENGAJ | TEST.PUB | 24.04","Semelhante (2% to 3%) - ENVIARAM MENSAGEM 30D","ADS 011","Casa & Cia Centro",not_delivering,ad,293,307,1.04778157,"Clique de 7 dias ou visualização de 1 dia","Conversas por mensagem iniciadas",1,4.87,4.87,2026-04-24,Contínuo,3,15.86319218,2026-04-24,2026-04-24
2026-04-24,"PM | ABO | ENGAJ - TEST.PUB | 14.04",Compradores,"ADS 005","Casa & Cia Centro",not_delivering,ad,62,64,1.03225806,"Clique de 7 dias ou visualização de 1 dia",,,1.24,,2026-04-14,Contínuo,,19.375,2026-04-24,2026-04-24
2026-04-24,"PM | ABO | ENGAJ | TEST.PUB | 24.04","Semelhante (2% to 3%) - INTERAGIRAM POST 30D","ADS 011","Casa & Cia Centro",not_delivering,ad,366,391,1.06830601,"Clique de 7 dias ou visualização de 1 dia",,,5.3,,2026-04-24,Contínuo,1,13.55498721,2026-04-24,2026-04-24
2026-04-24,"PM | ABO | ENGAJ | VALIDADOS | 14.04 |  711","SEMELHANTE seguidores","ADS 011 — Cópia","Casa & Cia Centro",not_delivering,ad,900,1084,1.20444444,"Clique de 7 dias ou visualização de 1 dia","Conversas por mensagem iniciadas",1,17.95,17.95,2026-04-14,Contínuo,6,16.55904059,2026-04-24,2026-04-24
2026-04-24,"PM | ABO | ENGAJ | VALIDADOS | 14.04 | EXPRESS  - 211",SEMELHANTE,"ADS 005 — Cópia","Casa & Cia Centro",not_delivering,ad,2,2,1,"Clique de 7 dias ou visualização de 1 dia",,,0.02,,2026-04-14,Contínuo,,10,2026-04-24,2026-04-24
2026-04-24,"PM | ABO | ENGAJ | VALIDADOS | 14.04 |  711","SEMELHANTE  VISITAS 150 D","ADS 005 — Cópia","Casa & Cia Centro",not_delivering,ad,393,443,1.12722646,"Clique de 7 dias ou visualização de 1 dia",,,8.18,,2026-04-14,Contínuo,,18.46501129,2026-04-24,2026-04-24
2026-04-24,"PM | ABO | ENGAJ | TEST.PUB | 24.04 | SEMELHANTE 90D","Semelhante (2% to 3%) - INTERAGIRAM POST 30D","ADS 011","Casa & Cia Centro",not_delivering,ad,342,367,1.07309942,"Clique de 7 dias ou visualização de 1 dia",,,4.91,,2026-04-24,Contínuo,1,13.37874659,2026-04-24,2026-04-24
2026-04-24,"PM | ABO | ENGAJ | TEST.PUB | 24.04 | SEMELHANTE 90D","Semelhante (2% to 3%) - VISITARAM PERFIL 30D","ADS 011","Casa & Cia Centro",not_delivering,ad,348,360,1.03448276,"Clique de 7 dias ou visualização de 1 dia",,,5.01,,2026-04-24,Contínuo,,13.91666667,2026-04-24,2026-04-24
2026-04-24,"PM | ABO | ENGAJ | VALIDADOS | 14.04 | EXPRESS  - 211",SEMELHANTE,"ADS 011 — Cópia","Casa & Cia Centro",not_delivering,ad,589,687,1.1663837,"Clique de 7 dias ou visualização de 1 dia","Conversas por mensagem iniciadas",1,10.02,10.02,2026-04-14,Contínuo,3,14.58515284,2026-04-24,2026-04-24
2026-04-24,"PM | ABO | ENGAJ | TEST.PUB | 24.04","Semelhante (2% to 3%) - INTERAGIRAM CONTA 30D","ADS 011","Casa & Cia Centro",not_delivering,ad,356,376,1.05617978,"Clique de 7 dias ou visualização de 1 dia",,,5.08,,2026-04-24,Contínuo,1,13.5106383,2026-04-24,2026-04-24
2026-04-24,"PM | ABO | ENGAJ | TEST. PUB | 22.04","SEMELHANTE seguidores","ADS 011 — Cópia","Casa & Cia Centro",not_delivering,ad,102,108,1.05882353,"Clique de 7 dias ou visualização de 1 dia",,,1.84,,2026-04-22,Contínuo,,17.03703704,2026-04-24,2026-04-24
2026-04-24,"PM | ABO | ENGAJ - TEST.PUB | 14.04","Compradores — Cópia","ADS 005","Casa & Cia Centro",not_delivering,ad,33,36,1.09090909,"Clique de 7 dias ou visualização de 1 dia",,,1.39,,2026-04-22,Contínuo,,38.61111111,2026-04-24,2026-04-24
2026-04-24,"PM | ABO | ENGAJ | VALIDADOS | 14.04 | EXPRESS  - 711",SEMELHANTE,"ADS 011 — Cópia","Casa & Cia Centro",not_delivering,ad,661,722,1.09228442,"Clique de 7 dias ou visualização de 1 dia","Conversas por mensagem iniciadas",1,11.81,11.81,2026-04-14,Contínuo,4,16.35734072,2026-04-24,2026-04-24
2026-04-24,"PM | ABO | TRAFEGO | 16.04","ABERTO - CXS","ADS 002","Casa & Cia Centro",not_delivering,ad,1041,1148,1.10278578,"Clique de 1 dia","Visitas ao perfil do Instagram",30,8.63,0.28766667,2026-04-16,Contínuo,27,7.5174216,2026-04-24,2026-04-24
2026-04-24,"PM | ABO | ENGAJ - TEST.PUB | 14.04","Compradores — Cópia","ADS 005","Casa & Cia Centro",not_delivering,ad,63,64,1.01587302,"Clique de 7 dias ou visualização de 1 dia",,,2.18,,2026-04-22,Contínuo,,34.0625,2026-04-24,2026-04-24
2026-04-24,"PM | ABO | ENGAJ | TEST.PUB | 24.04","Semelhante (2% to 3%) - VISITARAM PERFIL 30D","ADS 011","Casa & Cia Centro",not_delivering,ad,360,384,1.06666667,"Clique de 7 dias ou visualização de 1 dia",,,5.44,,2026-04-24,Contínuo,,14.16666667,2026-04-24,2026-04-24
2026-04-24,"PM | ABO | ENGAJ | VALIDADOS | 14.04 |  711","SEMELHANTE seguidores — Cópia","ADS 011 — Cópia","Casa & Cia Centro",not_delivering,ad,258,278,1.07751938,"Clique de 7 dias ou visualização de 1 dia",,,5.5,,2026-04-22,Contínuo,,19.78417266,2026-04-24,2026-04-24
2026-04-24,"PM | ABO | ENGAJ | TEST. PUB | 22.04",SEMELHANTE,"ADS 011 — Cópia","Casa & Cia Centro",not_delivering,ad,84,87,1.03571429,"Clique de 7 dias ou visualização de 1 dia",,,2.26,,2026-04-22,Contínuo,,25.97701149,2026-04-24,2026-04-24
2026-04-24,"PM | ABO | ENGAJ | TEST.PUB | 24.04 | SEMELHANTE 50D","Semelhante (2% to 3%) - SEGUIDORES","ADS 011","Casa & Cia Centro",not_delivering,ad,262,277,1.05725191,"Clique de 7 dias ou visualização de 1 dia",,,5.1,,2026-04-24,Contínuo,2,18.41155235,2026-04-24,2026-04-24
2026-04-24,"PM | ABO | ENGAJ | TEST.PUB | 24.04 | SEMELHANTE 50D","Semelhante (2% to 3%) - ENVIARAM MENSAGEM 30D","ADS 011","Casa & Cia Centro",not_delivering,ad,350,369,1.05428571,"Clique de 7 dias ou visualização de 1 dia",,,5.27,,2026-04-24,Contínuo,2,14.28184282,2026-04-24,2026-04-24
2026-04-24,"PM | ABO | ENGAJ | TEST.PUB | 24.04 | SEMELHANTE 50D","Semelhante (2% to 3%) - VISITARAM PERFIL 30D","ADS 011","Casa & Cia Centro",not_delivering,ad,349,370,1.06017192,"Clique de 7 dias ou visualização de 1 dia",,,5.63,,2026-04-24,Contínuo,,15.21621622,2026-04-24,2026-04-24
2026-04-24,"PM | ABO | ENGAJ | TEST. PUB | 22.04",Compradores,"ADS 005","Casa & Cia Centro",not_delivering,ad,99,105,1.06060606,"Clique de 7 dias ou visualização de 1 dia",,,1.74,,2026-04-22,Contínuo,,16.57142857,2026-04-24,2026-04-24
2026-04-24,"PM | ABO | ENGAJ | VALIDADOS | 14.04 | EXPRESS  - 711","SEMELHANTE — Cópia","ADS 011 — Cópia","Casa & Cia Centro",not_delivering,ad,136,142,1.04411765,"Clique de 7 dias ou visualização de 1 dia",,,1.84,,2026-04-22,Contínuo,1,12.95774648,2026-04-24,2026-04-24
2026-04-24,"PM | ABO | ENGAJ | TEST.PUB | 24.04 | SEMELHANTE 90D","Semelhante (2% to 3%) - SEGUIDORES","ADS 011","Casa & Cia Centro",not_delivering,ad,288,298,1.03472222,"Clique de 7 dias ou visualização de 1 dia",,,4.65,,2026-04-24,Contínuo,,15.60402685,2026-04-24,2026-04-24
2026-04-24,"PM | ABO | ENGAJ | TEST.PUB | 24.04 | SEMELHANTE 90D","Semelhante (2% to 3%) - INTERAGIRAM CONTA 30D","ADS 011","Casa & Cia Centro",not_delivering,ad,344,358,1.04069767,"Clique de 7 dias ou visualização de 1 dia",,,5.29,,2026-04-24,Contínuo,2,14.77653631,2026-04-24,2026-04-24
2026-04-24,"PM | ABO | ENGAJ | TEST.PUB | 24.04 | SEMELHANTE 50D","Semelhante (2% to 3%) - INTERAGIRAM CONTA 30D","ADS 011","Casa & Cia Centro",not_delivering,ad,340,365,1.07352941,"Clique de 7 dias ou visualização de 1 dia",,,5.14,,2026-04-24,Contínuo,3,14.08219178,2026-04-24,2026-04-24
2026-04-24,"PM | ABO | ENGAJ | TEST.PUB | 24.04 | SEMELHANTE 50D","Semelhante (2% to 3%) - INTERAGIRAM POST 30D","ADS 011","Casa & Cia Centro",not_delivering,ad,434,457,1.05299539,"Clique de 7 dias ou visualização de 1 dia",,,5.42,,2026-04-24,Contínuo,2,11.85995624,2026-04-24,2026-04-24
2026-04-24,"PM | ABO | TRAFEGO | 16.04","ABERTO - CXS","ADS 001","Casa & Cia Centro",not_delivering,ad,660,732,1.10909091,"Clique de 1 dia","Visitas ao perfil do Instagram",19,8.82,0.46421053,2026-04-16,Contínuo,21,12.04918033,2026-04-24,2026-04-24
2026-04-23,"PM | ABO | ENGAJ - TEST.PUB | 14.04",Compradores,"ADS 005","Casa & Cia Centro",not_delivering,ad,393,422,1.07379135,"Clique de 7 dias ou visualização de 1 dia",,,9.44,,2026-04-14,Contínuo,,22.36966825,2026-04-23,2026-04-23
2026-04-23,"PM | ABO | ENGAJ | TEST. PUB | 22.04","SEMELHANTE seguidores","ADS 011 — Cópia","Casa & Cia Centro",not_delivering,ad,595,655,1.10084034,"Clique de 7 dias ou visualização de 1 dia",,,10.69,,2026-04-22,Contínuo,3,16.32061069,2026-04-23,2026-04-23
2026-04-23,"PM | ABO | ENGAJ | VALIDADOS | 14.04 | EXPRESS  - 211",SEMELHANTE,"ADS 011 — Cópia","Casa & Cia Centro",not_delivering,ad,609,686,1.12643678,"Clique de 7 dias ou visualização de 1 dia","Conversas por mensagem iniciadas",3,10.62,3.54,2026-04-14,Contínuo,6,15.48104956,2026-04-23,2026-04-23
2026-04-23,"PM | ABO | ENGAJ | VALIDADOS | 14.04 |  711","SEMELHANTE seguidores","ADS 011 — Cópia","Casa & Cia Centro",not_delivering,ad,1382,1588,1.14905933,"Clique de 7 dias ou visualização de 1 dia","Conversas por mensagem iniciadas",3,27.05,9.01666667,2026-04-14,Contínuo,11,17.03400504,2026-04-23,2026-04-23
2026-04-23,"PM | ABO | ENGAJ | VALIDADOS | 14.04 |  711","SEMELHANTE  VISITAS 150 D","ADS 005 — Cópia","Casa & Cia Centro",not_delivering,ad,669,806,1.20478326,"Clique de 7 dias ou visualização de 1 dia","Conversas por mensagem iniciadas",1,10.91,10.91,2026-04-14,Contínuo,1,13.53598015,2026-04-23,2026-04-23
2026-04-23,"PM | ABO | ENGAJ | VALIDADOS | 14.04 | EXPRESS  - 211",SEMELHANTE,"ADS 005 — Cópia","Casa & Cia Centro",not_delivering,ad,1,1,1,"Clique de 7 dias ou visualização de 1 dia",,,0.01,,2026-04-14,Contínuo,,10,2026-04-23,2026-04-23
2026-04-23,"PM | ABO | ENGAJ | VALIDADOS | 14.04 | EXPRESS  - 711",SEMELHANTE,"ADS 011 — Cópia","Casa & Cia Centro",not_delivering,ad,782,847,1.0831202,"Clique de 7 dias ou visualização de 1 dia","Conversas por mensagem iniciadas",3,13.3,4.43333333,2026-04-14,Contínuo,8,15.70247934,2026-04-23,2026-04-23
2026-04-23,"PM | ABO | ENGAJ | VALIDADOS | 14.04 | EXPRESS  - 711","SEMELHANTE — Cópia","ADS 011 — Cópia","Casa & Cia Centro",not_delivering,ad,931,1064,1.14285714,"Clique de 7 dias ou visualização de 1 dia",,,15.12,,2026-04-22,Contínuo,2,14.21052632,2026-04-23,2026-04-23
2026-04-23,"PM | ABO | ENGAJ - TEST.PUB | 14.04","Compradores — Cópia","ADS 005","Casa & Cia Centro",not_delivering,ad,360,400,1.11111111,"Clique de 7 dias ou visualização de 1 dia",,,8.5,,2026-04-22,Contínuo,,21.25,2026-04-23,2026-04-23
2026-04-23,"PM | ABO | TRAFEGO | 16.04","ABERTO - CXS","ADS 001","Casa & Cia Centro",not_delivering,ad,767,819,1.06779661,"Clique de 1 dia","Visitas ao perfil do Instagram",23,10.22,0.44434783,2026-04-16,Contínuo,25,12.47863248,2026-04-23,2026-04-23
2026-04-23,"PM | ABO | ENGAJ | TEST. PUB | 22.04",Compradores,"ADS 005","Casa & Cia Centro",not_delivering,ad,559,614,1.09838998,"Clique de 7 dias ou visualização de 1 dia",,,10.4,,2026-04-22,Contínuo,1,16.93811075,2026-04-23,2026-04-23
2026-04-23,"PM | ABO | ENGAJ - TEST.PUB | 14.04","Compradores — Cópia","ADS 005","Casa & Cia Centro",not_delivering,ad,336,371,1.10416667,"Clique de 7 dias ou visualização de 1 dia",,,8.23,,2026-04-22,Contínuo,1,22.18328841,2026-04-23,2026-04-23
2026-04-23,"PM | ABO | ENGAJ | TEST. PUB | 22.04",SEMELHANTE,"ADS 011 — Cópia","Casa & Cia Centro",not_delivering,ad,455,492,1.08131868,"Clique de 7 dias ou visualização de 1 dia",,,10.82,,2026-04-22,Contínuo,3,21.99186992,2026-04-23,2026-04-23
2026-04-23,"PM | ABO | ENGAJ | VALIDADOS | 14.04 |  711","SEMELHANTE seguidores — Cópia","ADS 011 — Cópia","Casa & Cia Centro",not_delivering,ad,1507,1774,1.17717319,"Clique de 7 dias ou visualização de 1 dia",,,25.97,,2026-04-22,Contínuo,13,14.63923337,2026-04-23,2026-04-23
2026-04-23,"PM | ABO | TRAFEGO | 16.04","ABERTO - CXS","ADS 002","Casa & Cia Centro",not_delivering,ad,1223,1398,1.14309076,"Clique de 1 dia","Visitas ao perfil do Instagram",32,10.6,0.33125,2026-04-16,Contínuo,32,7.58226037,2026-04-23,2026-04-23
2026-04-22,"PM | CBO | FOGO | ENGAJ | 20.04","SEMELHANTE seguidores — Cópia","ADS 011 — Cópia","Casa & Cia Centro",not_delivering,ad,52,55,1.05769231,"Clique de 7 dias ou visualização de 1 dia",,,1.43,,2026-04-20,Contínuo,,26,2026-04-22,2026-04-22
2026-04-22,"PM | ABO | ENGAJ - TEST.PUB | 14.04",Compradores,"ADS 005","Casa & Cia Centro",not_delivering,ad,387,444,1.14728682,"Clique de 7 dias ou visualização de 1 dia","Conversas por mensagem iniciadas",1,6.92,6.92,2026-04-14,Contínuo,1,15.58558559,2026-04-22,2026-04-22
2026-04-22,"PM | ABO | ENGAJ | VALIDADOS | 14.04 | EXPRESS  - 711",SEMELHANTE,"ADS 011 — Cópia","Casa & Cia Centro",not_delivering,ad,656,747,1.13871951,"Clique de 7 dias ou visualização de 1 dia","Conversas por mensagem iniciadas",1,10.05,10.05,2026-04-14,Contínuo,4,13.45381526,2026-04-22,2026-04-22
2026-04-22,"PM | ABO | ENGAJ | VALIDADOS | 14.04 | EXPRESS  - 211",SEMELHANTE,"ADS 005 — Cópia","Casa & Cia Centro",not_delivering,ad,15,15,1,"Clique de 7 dias ou visualização de 1 dia",,,0.28,,2026-04-14,Contínuo,,18.66666667,2026-04-22,2026-04-22
2026-04-22,"PM | ABO | ENGAJ | TEST. PUB | 22.04","SEMELHANTE seguidores","ADS 011 — Cópia","Casa & Cia Centro",not_delivering,ad,400,441,1.1025,"Clique de 7 dias ou visualização de 1 dia",,,6.43,,2026-04-22,Contínuo,,14.58049887,2026-04-22,2026-04-22
2026-04-22,"PM | ABO | ENGAJ | VALIDADOS | 14.04 |  711","SEMELHANTE  VISITAS 150 D","ADS 005 — Cópia","Casa & Cia Centro",not_delivering,ad,980,1193,1.21734694,"Clique de 7 dias ou visualização de 1 dia",,,13,,2026-04-14,Contínuo,8,10.89689858,2026-04-22,2026-04-22
2026-04-22,"PM | ABO | ENGAJ | VALIDADOS | 14.04 |  711","SEMELHANTE seguidores","ADS 011 — Cópia","Casa & Cia Centro",not_delivering,ad,1414,1679,1.1874116,"Clique de 7 dias ou visualização de 1 dia","Conversas por mensagem iniciadas",1,22.98,22.98,2026-04-14,Contínuo,6,13.68671828,2026-04-22,2026-04-22
2026-04-22,"PM | ABO | ENGAJ | VALIDADOS | 14.04 | EXPRESS  - 211",SEMELHANTE,"ADS 011 — Cópia","Casa & Cia Centro",not_delivering,ad,443,499,1.12641084,"Clique de 7 dias ou visualização de 1 dia",,,7.73,,2026-04-14,Contínuo,3,15.49098196,2026-04-22,2026-04-22
2026-04-22,"PM | ABO | ENGAJ | EXPRESS | 08.04 | N° 711","FRIO - 5","ADS 005","Casa & Cia Centro",not_delivering,ad,79,83,1.05063291,"Clique de 7 dias ou visualização de 1 dia",,,1.93,,2026-04-08,Contínuo,,23.25301205,2026-04-22,2026-04-22
2026-04-22,"PM | ABO | ENGAJ - TEST.PUB | 14.04","Compradores — Cópia","ADS 005","Casa & Cia Centro",not_delivering,ad,408,432,1.05882353,"Clique de 7 dias ou visualização de 1 dia",,,6.06,,2026-04-22,Contínuo,4,14.02777778,2026-04-22,2026-04-22
2026-04-22,"PM | ABO | ENGAJ - TEST.PUB | 14.04","Compradores — Cópia","ADS 005","Casa & Cia Centro",not_delivering,ad,338,377,1.11538462,"Clique de 7 dias ou visualização de 1 dia",,,5.04,,2026-04-22,Contínuo,,13.36870027,2026-04-22,2026-04-22
2026-04-22,"PM | ABO | TRAFEGO | 16.04","ABERTO - CXS","ADS 002","Casa & Cia Centro",not_delivering,ad,1216,1320,1.08552632,"Clique de 1 dia","Visitas ao perfil do Instagram",27,8.29,0.30703704,2026-04-16,Contínuo,26,6.28030303,2026-04-22,2026-04-22
2026-04-22,"PM | ABO | ENGAJ | TEST. PUB | 22.04",SEMELHANTE,"ADS 011 — Cópia","Casa & Cia Centro",not_delivering,ad,423,443,1.04728132,"Clique de 7 dias ou visualização de 1 dia",,,6.69,,2026-04-22,Contínuo,2,15.10158014,2026-04-22,2026-04-22
2026-04-22,"PM | ABO | ENGAJ | VALIDADOS | 14.04 |  711","SEMELHANTE seguidores — Cópia","ADS 011 — Cópia","Casa & Cia Centro",not_delivering,ad,1324,1480,1.11782477,"Clique de 7 dias ou visualização de 1 dia",,,16.75,,2026-04-22,Contínuo,7,11.31756757,2026-04-22,2026-04-22
2026-04-22,"PM | CBO | FOGO | ENGAJ | 20.04","SEMELHANTE  VISITAS 150 D — Cópia","ADS 005 — Cópia","Casa & Cia Centro",not_delivering,ad,10,14,1.4,"Clique de 7 dias ou visualização de 1 dia",,,0.13,,2026-04-20,Contínuo,,9.28571429,2026-04-22,2026-04-22
2026-04-22,"PM | ABO | TRAFEGO | 16.04","ABERTO - CXS","ADS 001","Casa & Cia Centro",not_delivering,ad,936,989,1.05662393,"Clique de 1 dia","Visitas ao perfil do Instagram",27,10.17,0.37666667,2026-04-16,Contínuo,28,10.28311426,2026-04-22,2026-04-22
2026-04-22,"PM | ABO | ENGAJ | TEST. PUB | 22.04",Compradores,"ADS 005","Casa & Cia Centro",not_delivering,ad,418,447,1.06937799,"Clique de 7 dias ou visualização de 1 dia",,,6.1,,2026-04-22,Contínuo,1,13.64653244,2026-04-22,2026-04-22
2026-04-22,"PM | ABO | ENGAJ - TEST.PUB | 14.04","Móveis + Casa & Jardim","ADS 005","Casa & Cia Centro",not_delivering,ad,93,99,1.06451613,"Clique de 7 dias ou visualização de 1 dia",,,1.51,,2026-04-14,Contínuo,1,15.25252525,2026-04-22,2026-04-22
2026-04-22,"PM | ABO | ENGAJ | VALIDADOS | 14.04 | EXPRESS  - 711","SEMELHANTE — Cópia","ADS 011 — Cópia","Casa & Cia Centro",not_delivering,ad,661,694,1.04992436,"Clique de 7 dias ou visualização de 1 dia",,,8.6,,2026-04-22,Contínuo,2,12.39193084,2026-04-22,2026-04-22
2026-04-22,"PM | ABO | ENGAJ | VALIDADOS | 14.04 | EXPRESS  - 211",SEMELHANTE,"ADS 011 — Cópia","Casa & Cia Centro",not_delivering,ad,67,76,1.13432836,"Clique de 7 dias ou visualização de 1 dia",,,1.37,,2026-04-14,Contínuo,1,18.02631579,2026-04-22,2026-04-22
2026-04-21,"PM | ABO | ENGAJ | EXPRESS | 08.04 | N° 711","FRIO - 5","ADS 005","Casa & Cia Centro",not_delivering,ad,1006,1164,1.15705765,"Clique de 7 dias ou visualização de 1 dia",,,22.87,,2026-04-08,Contínuo,2,19.64776632,2026-04-21,2026-04-21
2026-04-21,"PM | ABO | ENGAJ | VALIDADOS | 14.04 | EXPRESS  - 211",SEMELHANTE,"ADS 011 — Cópia","Casa & Cia Centro",not_delivering,ad,1286,1485,1.15474339,"Clique de 7 dias ou visualização de 1 dia",,,21.01,,2026-04-14,Contínuo,4,14.14814815,2026-04-21,2026-04-21
2026-04-21,"PM | ABO | ENGAJ | VALIDADOS | 14.04 |  711","SEMELHANTE seguidores","ADS 011 — Cópia","Casa & Cia Centro",not_delivering,ad,1597,1817,1.1377583,"Clique de 7 dias ou visualização de 1 dia","Conversas por mensagem iniciadas",6,29.96,4.99333333,2026-04-14,Contínuo,11,16.48871767,2026-04-21,2026-04-21
2026-04-21,"PM | CBO | FOGO | ENGAJ | 20.04","SEMELHANTE seguidores — Cópia","ADS 011 — Cópia","Casa & Cia Centro",not_delivering,ad,1216,1306,1.07401316,"Clique de 7 dias ou visualização de 1 dia",,,17.32,,2026-04-20,Contínuo,5,13.2618683,2026-04-21,2026-04-21
2026-04-21,"PM | ABO | ENGAJ | VALIDADOS | 14.04 | EXPRESS  - 711",SEMELHANTE,"ADS 011 — Cópia","Casa & Cia Centro",not_delivering,ad,1122,1263,1.12566845,"Clique de 7 dias ou visualização de 1 dia","Conversas por mensagem iniciadas",3,20.09,6.69666667,2026-04-14,Contínuo,10,15.90657165,2026-04-21,2026-04-21
2026-04-21,"PM | ABO | ENGAJ | VALIDADOS | 14.04 |  711","SEMELHANTE  VISITAS 150 D","ADS 005 — Cópia","Casa & Cia Centro",not_delivering,ad,1541,1779,1.15444517,"Clique de 7 dias ou visualização de 1 dia",,,29.25,,2026-04-14,Contínuo,5,16.44182125,2026-04-21,2026-04-21
2026-04-21,"PM | ABO | TRAFEGO | 16.04","ABERTO - CXS","ADS 002","Casa & Cia Centro",not_delivering,ad,1567,1642,1.04786216,"Clique de 1 dia","Visitas ao perfil do Instagram",27,7.79,0.28851852,2026-04-16,Contínuo,27,4.74421437,2026-04-21,2026-04-21
2026-04-21,"PM | ABO | ENGAJ - TEST.PUB | 14.04","Móveis + Casa & Jardim","ADS 005","Casa & Cia Centro",not_delivering,ad,778,865,1.11182519,"Clique de 7 dias ou visualização de 1 dia","Conversas por mensagem iniciadas",1,15.05,15.05,2026-04-14,Contínuo,3,17.39884393,2026-04-21,2026-04-21
2026-04-21,"PM | CBO | FOGO | ENGAJ | 20.04","SEMELHANTE  VISITAS 150 D — Cópia","ADS 005 — Cópia","Casa & Cia Centro",not_delivering,ad,600,672,1.12,"Clique de 7 dias ou visualização de 1 dia",,,10.71,,2026-04-20,Contínuo,,15.9375,2026-04-21,2026-04-21
2026-04-21,"PM | ABO | ENGAJ - TEST.PUB | 14.04",Compradores,"ADS 005","Casa & Cia Centro",not_delivering,ad,707,769,1.08769448,"Clique de 7 dias ou visualização de 1 dia","Conversas por mensagem iniciadas",2,16.18,8.09,2026-04-14,Contínuo,5,21.04031209,2026-04-21,2026-04-21
2026-04-21,"PM | ABO | ENGAJ | VALIDADOS | 14.04 | EXPRESS  - 211",SEMELHANTE,"ADS 011 — Cópia","Casa & Cia Centro",not_delivering,ad,772,854,1.10621762,"Clique de 7 dias ou visualização de 1 dia","Conversas por mensagem iniciadas",1,12.15,12.15,2026-04-14,Contínuo,4,14.22716628,2026-04-21,2026-04-21
2026-04-21,"PM | ABO | TRAFEGO | 16.04","ABERTO - CXS","ADS 001","Casa & Cia Centro",not_delivering,ad,1518,1652,1.08827404,"Clique de 1 dia","Visitas ao perfil do Instagram",23,13.62,0.59217391,2026-04-16,Contínuo,28,8.24455206,2026-04-21,2026-04-21
2026-04-20,"PM | ABO | ENGAJ | VALIDADOS | 14.04 | EXPRESS  - 211",SEMELHANTE,"ADS 011 — Cópia","Casa & Cia Centro",not_delivering,ad,559,620,1.10912343,"Clique de 7 dias ou visualização de 1 dia","Conversas por mensagem iniciadas",3,11.34,3.78,2026-04-14,Contínuo,4,18.29032258,2026-04-20,2026-04-20
2026-04-20,"PM | CBO | FOGO | ENGAJ | 20.04 — Cópia","SEMELHANTE seguidores — Cópia","ADS 011 — Cópia","Casa & Cia Centro",not_delivering,ad,301,328,1.089701,"Clique de 7 dias ou visualização de 1 dia",,,6.89,,2026-04-20,Contínuo,2,21.00609756,2026-04-20,2026-04-20
2026-04-20,"PM | CBO | FOGO | ENGAJ | 20.04 — Cópia","SEMELHANTE seguidores — Cópia","ADS 011 — Cópia","Casa & Cia Centro",not_delivering,ad,220,239,1.08636364,"Clique de 7 dias ou visualização de 1 dia",,,5.87,,2026-04-20,Contínuo,4,24.56066946,2026-04-20,2026-04-20
2026-04-20,"PM | ABO | ENGAJ - TEST.PUB | 14.04",Compradores,"ADS 005","Casa & Cia Centro",not_delivering,ad,344,373,1.08430233,"Clique de 7 dias ou visualização de 1 dia",,,8.7,,2026-04-14,Contínuo,,23.32439678,2026-04-20,2026-04-20
2026-04-20,"PM | ABO | ENGAJ | VALIDADOS | 14.04 |  711","SEMELHANTE seguidores","ADS 011 — Cópia","Casa & Cia Centro",not_delivering,ad,734,821,1.11852861,"Clique de 7 dias ou visualização de 1 dia","Conversas por mensagem iniciadas",2,15.97,7.985,2026-04-14,Contínuo,7,19.45188794,2026-04-20,2026-04-20
2026-04-20,"PM | ABO | ENGAJ | VALIDADOS | 14.04 |  711","SEMELHANTE  VISITAS 150 D","ADS 005 — Cópia","Casa & Cia Centro",not_delivering,ad,879,1054,1.19908987,"Clique de 7 dias ou visualização de 1 dia","Conversas por mensagem iniciadas",3,20.57,6.85666667,2026-04-14,Contínuo,5,19.51612903,2026-04-20,2026-04-20
2026-04-20,"PM | CBO | FOGO | ENGAJ | 20.04","SEMELHANTE seguidores — Cópia","ADS 011 — Cópia","Casa & Cia Centro",not_delivering,ad,425,464,1.09176471,"Clique de 7 dias ou visualização de 1 dia",,,7.02,,2026-04-20,Contínuo,4,15.12931034,2026-04-20,2026-04-20
2026-04-20,"PM | ABO | ENGAJ | VALIDADOS | 14.04 |  711","SEMELHANTE  ENGAJAMENTO 150 D","ADS 005 — Cópia","Casa & Cia Centro",not_delivering,ad,26,26,1,"Clique de 7 dias ou visualização de 1 dia",,,0.56,,2026-04-14,Contínuo,,21.53846154,2026-04-20,2026-04-20
2026-04-20,"PM | ABO | ENGAJ | VALIDADOS | 14.04 | EXPRESS  - 211",SEMELHANTE,"ADS 005 — Cópia","Casa & Cia Centro",not_delivering,ad,15,15,1,"Clique de 7 dias ou visualização de 1 dia",,,0.36,,2026-04-14,Contínuo,,24,2026-04-20,2026-04-20
2026-04-20,"PM | CBO | FOGO | ENGAJ | 20.04 — Cópia","SEMELHANTE  VISITAS 150 D — Cópia","ADS 005 — Cópia","Casa & Cia Centro",not_delivering,ad,155,170,1.09677419,"Clique de 7 dias ou visualização de 1 dia",,,3.27,,2026-04-20,Contínuo,,19.23529412,2026-04-20,2026-04-20
2026-04-20,"PM | ABO | ENGAJ | VALIDADOS | 14.04 | EXPRESS  - 711",SEMELHANTE,"ADS 011 — Cópia","Casa & Cia Centro",not_delivering,ad,526,582,1.10646388,"Clique de 7 dias ou visualização de 1 dia","Conversas por mensagem iniciadas",1,11.45,11.45,2026-04-14,Contínuo,4,19.67353952,2026-04-20,2026-04-20
2026-04-20,"PM | CBO | FOGO | ENGAJ | 20.04 — Cópia","SEMELHANTE  VISITAS 150 D — Cópia","ADS 005 — Cópia","Casa & Cia Centro",not_delivering,ad,174,189,1.0862069,"Clique de 7 dias ou visualização de 1 dia",,,3.42,,2026-04-20,Contínuo,,18.0952381,2026-04-20,2026-04-20
2026-04-20,"PM | ABO | ENGAJ | EXPRESS | 08.04 | N° 711","FRIO - 5","ADS 005","Casa & Cia Centro",not_delivering,ad,770,898,1.16623377,"Clique de 7 dias ou visualização de 1 dia",,,15.48,,2026-04-08,Contínuo,6,17.23830735,2026-04-20,2026-04-20
2026-04-20,"PM | CBO | ENGAJ | VALIDADO | 15.04 | 711","FRIO - 5 — Cópia","ADS 005","Casa & Cia Centro",not_delivering,ad,48,51,1.0625,"Clique de 7 dias ou visualização de 1 dia",,,1.6,,2026-04-15,Contínuo,,31.37254902,2026-04-20,2026-04-20
2026-04-20,"PM | CBO | FOGO | ENGAJ | 20.04 — Cópia","SEMELHANTE  VISITAS 150 D — Cópia","ADS 005 — Cópia","Casa & Cia Centro",not_delivering,ad,190,204,1.07368421,"Clique de 7 dias ou visualização de 1 dia",,,4.25,,2026-04-20,Contínuo,,20.83333333,2026-04-20,2026-04-20
2026-04-20,"PM | CBO | FOGO | ENGAJ | 20.04 — Cópia","SEMELHANTE seguidores — Cópia","ADS 011 — Cópia","Casa & Cia Centro",not_delivering,ad,269,288,1.07063197,"Clique de 7 dias ou visualização de 1 dia",,,6.95,,2026-04-20,Contínuo,1,24.13194444,2026-04-20,2026-04-20
2026-04-20,"PM | CBO | FOGO | ENGAJ | 20.04 — Cópia","SEMELHANTE  VISITAS 150 D — Cópia","ADS 005 — Cópia","Casa & Cia Centro",not_delivering,ad,212,218,1.02830189,"Clique de 7 dias ou visualização de 1 dia",,,3.93,,2026-04-20,Contínuo,,18.02752294,2026-04-20,2026-04-20
2026-04-20,"PM | CBO | FOGO | ENGAJ | 20.04","SEMELHANTE  VISITAS 150 D — Cópia","ADS 005 — Cópia","Casa & Cia Centro",not_delivering,ad,572,633,1.10664336,"Clique de 7 dias ou visualização de 1 dia",,,11.77,,2026-04-20,Contínuo,3,18.59399684,2026-04-20,2026-04-20
2026-04-20,"PM | CBO | FOGO | ENGAJ | 20.04 — Cópia","SEMELHANTE  VISITAS 150 D — Cópia","ADS 005 — Cópia","Casa & Cia Centro",not_delivering,ad,181,195,1.07734807,"Clique de 7 dias ou visualização de 1 dia",,,3.66,,2026-04-20,Contínuo,,18.76923077,2026-04-20,2026-04-20
2026-04-20,"PM | CBO | FOGO | ENGAJ | 20.04 — Cópia","SEMELHANTE seguidores — Cópia","ADS 011 — Cópia","Casa & Cia Centro",not_delivering,ad,258,282,1.09302326,"Clique de 7 dias ou visualização de 1 dia",,,5.9,,2026-04-20,Contínuo,3,20.92198582,2026-04-20,2026-04-20
2026-04-20,"PM | ABO | ENGAJ - TEST.PUB | 14.04","Móveis + Casa & Jardim","ADS 005","Casa & Cia Centro",not_delivering,ad,617,693,1.12317666,"Clique de 7 dias ou visualização de 1 dia",,,13.7,,2026-04-14,Contínuo,2,19.76911977,2026-04-20,2026-04-20
2026-04-20,"PM | ABO | ENGAJ | VALIDADOS | 14.04 | EXPRESS  - 211",SEMELHANTE,"ADS 011 — Cópia","Casa & Cia Centro",not_delivering,ad,380,439,1.15526316,"Clique de 7 dias ou visualização de 1 dia",,,6.72,,2026-04-14,Contínuo,3,15.30751708,2026-04-20,2026-04-20
2026-04-20,"PM | ABO | TRAFEGO | 16.04","ABERTO - CXS","ADS 001","Casa & Cia Centro",not_delivering,ad,1468,1599,1.08923706,"Clique de 1 dia","Visitas ao perfil do Instagram",37,13.09,0.35378378,2026-04-16,Contínuo,37,8.18636648,2026-04-20,2026-04-20
2026-04-20,"PM | CBO | FOGO | ENGAJ | 20.04 — Cópia","SEMELHANTE seguidores — Cópia","ADS 011 — Cópia","Casa & Cia Centro",not_delivering,ad,272,292,1.07352941,"Clique de 7 dias ou visualização de 1 dia",,,7.25,,2026-04-20,Contínuo,2,24.82876712,2026-04-20,2026-04-20
2026-04-20,"PM | ABO | TRAFEGO | 16.04","ABERTO - CXS","ADS 002","Casa & Cia Centro",not_delivering,ad,1264,1409,1.11471519,"Clique de 1 dia","Visitas ao perfil do Instagram",25,8.09,0.3236,2026-04-16,Contínuo,25,5.74166075,2026-04-20,2026-04-20
2026-04-19,"PM | ABO | ENGAJ | VALIDADOS | 14.04 | EXPRESS  - 711",SEMELHANTE,"ADS 011 — Cópia","Casa & Cia Centro",not_delivering,ad,1034,1201,1.1615087,"Clique de 7 dias ou visualização de 1 dia","Conversas por mensagem iniciadas",1,18.44,18.44,2026-04-14,Contínuo,2,15.35387177,2026-04-19,2026-04-19
2026-04-19,"PM | ABO | ENGAJ | VALIDADOS | 14.04 | EXPRESS  - 211",SEMELHANTE,"ADS 011 — Cópia","Casa & Cia Centro",not_delivering,ad,1086,1193,1.0985267,"Clique de 7 dias ou visualização de 1 dia",,,18.66,,2026-04-14,Contínuo,6,15.64124057,2026-04-19,2026-04-19
2026-04-19,"PM | ABO | ENGAJ | VALIDADOS | 14.04 |  711","SEMELHANTE seguidores","ADS 011 — Cópia","Casa & Cia Centro",not_delivering,ad,1122,1257,1.12032086,"Clique de 7 dias ou visualização de 1 dia","Conversas por mensagem iniciadas",3,19.47,6.49,2026-04-14,Contínuo,10,15.48926014,2026-04-19,2026-04-19
2026-04-19,"PM | ABO | ENGAJ | VALIDADOS | 14.04 |  711","SEMELHANTE  VISITAS 150 D","ADS 005 — Cópia","Casa & Cia Centro",not_delivering,ad,1023,1192,1.16520039,"Clique de 7 dias ou visualização de 1 dia",,,16.97,,2026-04-14,Contínuo,5,14.23657718,2026-04-19,2026-04-19
2026-04-19,"PM | ABO | ENGAJ | VALIDADOS | 14.04 |  711","SEMELHANTE  ENGAJAMENTO 150 D","ADS 005 — Cópia","Casa & Cia Centro",not_delivering,ad,343,367,1.06997085,"Clique de 7 dias ou visualização de 1 dia","Conversas por mensagem iniciadas",1,6.21,6.21,2026-04-14,Contínuo,3,16.92098093,2026-04-19,2026-04-19
2026-04-19,"PM | ABO | ENGAJ | VALIDADOS | 14.04 | EXPRESS  - 211",SEMELHANTE,"ADS 005 — Cópia","Casa & Cia Centro",not_delivering,ad,1,1,1,"Clique de 7 dias ou visualização de 1 dia",,,0.11,,2026-04-14,Contínuo,,110,2026-04-19,2026-04-19
2026-04-19,"PM | ABO | TRAFEGO | 16.04","ABERTO - CXS","ADS 001","Casa & Cia Centro",not_delivering,ad,1608,1793,1.11504975,"Clique de 1 dia","Visitas ao perfil do Instagram",45,17.05,0.37888889,2026-04-16,Contínuo,47,9.50920245,2026-04-19,2026-04-19
2026-04-19,"PM | ABO | ENGAJ - TEST.PUB | 14.04",Compradores,"ADS 005","Casa & Cia Centro",not_delivering,ad,513,564,1.0994152,"Clique de 7 dias ou visualização de 1 dia","Conversas por mensagem iniciadas",1,12.19,12.19,2026-04-14,Contínuo,2,21.61347518,2026-04-19,2026-04-19
2026-04-19,"PM | CBO | ENGAJ | VALIDADO | 15.04 | 711","FRIO - 5 — Cópia","ADS 005","Casa & Cia Centro",not_delivering,ad,390,425,1.08974359,"Clique de 7 dias ou visualização de 1 dia",,,11.3,,2026-04-15,Contínuo,2,26.58823529,2026-04-19,2026-04-19
2026-04-19,"PM | ABO | ENGAJ | EXPRESS | 08.04 | N° 711","FRIO - 5","ADS 005","Casa & Cia Centro",not_delivering,ad,506,550,1.08695652,"Clique de 7 dias ou visualização de 1 dia","Conversas por mensagem iniciadas",1,9.68,9.68,2026-04-08,Contínuo,2,17.6,2026-04-19,2026-04-19
2026-04-19,"PM | ABO | TRAFEGO | 16.04","ABERTO - CXS","ADS 002","Casa & Cia Centro",not_delivering,ad,1503,1644,1.09381238,"Clique de 1 dia","Visitas ao perfil do Instagram",32,10.17,0.3178125,2026-04-16,Contínuo,33,6.18613139,2026-04-19,2026-04-19
2026-04-19,"PM | ABO | ENGAJ | VALIDADOS | 14.04 | EXPRESS  - 211",SEMELHANTE,"ADS 011 — Cópia","Casa & Cia Centro",not_delivering,ad,531,596,1.12241055,"Clique de 7 dias ou visualização de 1 dia","Conversas por mensagem iniciadas",1,8.86,8.86,2026-04-14,Contínuo,3,14.86577181,2026-04-19,2026-04-19
2026-04-19,"PM | ABO | ENGAJ - TEST.PUB | 14.04","Móveis + Casa & Jardim","ADS 005","Casa & Cia Centro",not_delivering,ad,499,572,1.14629259,"Clique de 7 dias ou visualização de 1 dia",,,11.68,,2026-04-14,Contínuo,,20.41958042,2026-04-19,2026-04-19
2026-04-18,"PM | ABO | ENGAJ | VALIDADOS | 14.04 | EXPRESS  - 211",SEMELHANTE,"ADS 011 — Cópia","Casa & Cia Centro",not_delivering,ad,844,927,1.09834123,"Clique de 7 dias ou visualização de 1 dia","Conversas por mensagem iniciadas",1,14.28,14.28,2026-04-14,Contínuo,4,15.40453074,2026-04-18,2026-04-18
2026-04-18,"PM | ABO | ENGAJ | VALIDADOS | 14.04 |  711","SEMELHANTE seguidores","ADS 011 — Cópia","Casa & Cia Centro",not_delivering,ad,783,880,1.1238825,"Clique de 7 dias ou visualização de 1 dia","Conversas por mensagem iniciadas",1,14.74,14.74,2026-04-14,Contínuo,8,16.75,2026-04-18,2026-04-18
2026-04-18,"PM | ABO | ENGAJ | VALIDADOS | 14.04 |  711","SEMELHANTE  VISITAS 150 D","ADS 005 — Cópia","Casa & Cia Centro",not_delivering,ad,1133,1281,1.13062665,"Clique de 7 dias ou visualização de 1 dia","Conversas por mensagem iniciadas",1,17.95,17.95,2026-04-14,Contínuo,7,14.01249024,2026-04-18,2026-04-18
2026-04-18,"PM | ABO | ENGAJ | VALIDADOS | 14.04 |  711","SEMELHANTE  ENGAJAMENTO 150 D","ADS 005 — Cópia","Casa & Cia Centro",not_delivering,ad,306,326,1.06535948,"Clique de 7 dias ou visualização de 1 dia",,,4.68,,2026-04-14,Contínuo,,14.35582822,2026-04-18,2026-04-18
2026-04-18,"PM | ABO | ENGAJ | VALIDADOS | 14.04 | EXPRESS  - 211",SEMELHANTE,"ADS 005 — Cópia","Casa & Cia Centro",not_delivering,ad,2,2,1,"Clique de 7 dias ou visualização de 1 dia",,,0.08,,2026-04-14,Contínuo,,40,2026-04-18,2026-04-18
2026-04-18,"PM | ABO | ENGAJ | VALIDADOS | 14.04 | EXPRESS  - 711",SEMELHANTE,"ADS 011 — Cópia","Casa & Cia Centro",not_delivering,ad,917,1054,1.14940022,"Clique de 7 dias ou visualização de 1 dia","Conversas por mensagem iniciadas",1,16.08,16.08,2026-04-14,Contínuo,3,15.25616698,2026-04-18,2026-04-18
2026-04-18,"PM | ABO | ENGAJ - TEST.PUB | 14.04",Compradores,"ADS 005","Casa & Cia Centro",not_delivering,ad,620,675,1.08870968,"Clique de 7 dias ou visualização de 1 dia","Conversas por mensagem iniciadas",3,12.33,4.11,2026-04-14,Contínuo,7,18.26666667,2026-04-18,2026-04-18
2026-04-18,"PM | CBO | ENGAJ | VALIDADO | 15.04 | 711","FRIO - 5 — Cópia","ADS 005","Casa & Cia Centro",not_delivering,ad,500,523,1.046,"Clique de 7 dias ou visualização de 1 dia",,,11.2,,2026-04-15,Contínuo,2,21.41491396,2026-04-18,2026-04-18
2026-04-18,"PM | ABO | ENGAJ | VALIDADOS | 14.04 | EXPRESS  - 211",SEMELHANTE,"ADS 011 — Cópia","Casa & Cia Centro",not_delivering,ad,380,411,1.08157895,"Clique de 7 dias ou visualização de 1 dia","Conversas por mensagem iniciadas",1,5.97,5.97,2026-04-14,Contínuo,4,14.52554745,2026-04-18,2026-04-18
2026-04-18,"PM | ABO | ENGAJ - TEST.PUB | 14.04","Móveis + Casa & Jardim","ADS 005","Casa & Cia Centro",not_delivering,ad,704,784,1.11363636,"Clique de 7 dias ou visualização de 1 dia",,,12.88,,2026-04-14,Contínuo,1,16.42857143,2026-04-18,2026-04-18
2026-04-18,"PM | ABO | ENGAJ | EXPRESS | 08.04 | N° 711","FRIO - 5","ADS 005","Casa & Cia Centro",not_delivering,ad,713,776,1.08835905,"Clique de 7 dias ou visualização de 1 dia","Conversas por mensagem iniciadas",1,12.21,12.21,2026-04-08,Contínuo,4,15.73453608,2026-04-18,2026-04-18
2026-04-18,"PM | ABO | TRAFEGO | 16.04","ABERTO - CXS","ADS 001","Casa & Cia Centro",not_delivering,ad,1307,1421,1.08722265,"Clique de 1 dia","Visitas ao perfil do Instagram",27,11,0.40740741,2026-04-16,Contínuo,28,7.74102745,2026-04-18,2026-04-18
2026-04-18,"PM | ABO | TRAFEGO | 16.04","ABERTO - CXS","ADS 002","Casa & Cia Centro",not_delivering,ad,884,958,1.08371041,"Clique de 1 dia","Visitas ao perfil do Instagram",18,7.35,0.40833333,2026-04-16,Contínuo,19,7.67223382,2026-04-18,2026-04-18
2026-04-17,"PM | ABO | ENGAJ | EXPRESS | 08.04 | N° 111","FRIO - 11","ADS 011","Casa & Cia Centro",not_delivering,ad,134,141,1.05223881,"Clique de 7 dias ou visualização de 1 dia",,,2.37,,2026-04-08,Contínuo,1,16.80851064,2026-04-17,2026-04-17
2026-04-17,"PM | ABO | ENGAJ | VALIDADOS | 14.04 | EXPRESS  - 211",SEMELHANTE,"ADS 011 — Cópia","Casa & Cia Centro",not_delivering,ad,803,913,1.1369863,"Clique de 7 dias ou visualização de 1 dia","Conversas por mensagem iniciadas",1,15.54,15.54,2026-04-14,Contínuo,4,17.02081051,2026-04-17,2026-04-17
2026-04-17,"PM | ABO | ENGAJ | VALIDADOS | 14.04 |  711","SEMELHANTE seguidores","ADS 011 — Cópia","Casa & Cia Centro",not_delivering,ad,734,850,1.15803815,"Clique de 7 dias ou visualização de 1 dia","Conversas por mensagem iniciadas",1,16.35,16.35,2026-04-14,Contínuo,1,19.23529412,2026-04-17,2026-04-17
2026-04-17,"PM | ABO | ENGAJ | VALIDADOS | 14.04 |  711","SEMELHANTE  VISITAS 150 D","ADS 005 — Cópia","Casa & Cia Centro",not_delivering,ad,864,1005,1.16319444,"Clique de 7 dias ou visualização de 1 dia","Conversas por mensagem iniciadas",3,16.55,5.51666667,2026-04-14,Contínuo,4,16.46766169,2026-04-17,2026-04-17
2026-04-17,"PM | ABO | ENGAJ | VALIDADOS | 14.04 |  711","SEMELHANTE  ENGAJAMENTO 150 D","ADS 005 — Cópia","Casa & Cia Centro",not_delivering,ad,344,369,1.07267442,"Clique de 7 dias ou visualização de 1 dia",,,6.41,,2026-04-14,Contínuo,1,17.37127371,2026-04-17,2026-04-17
2026-04-17,"PM | ABO | ENGAJ | VALIDADOS | 14.04 | EXPRESS  - 211",SEMELHANTE,"ADS 005 — Cópia","Casa & Cia Centro",not_delivering,ad,125,134,1.072,"Clique de 7 dias ou visualização de 1 dia",,,3.94,,2026-04-14,Contínuo,1,29.40298507,2026-04-17,2026-04-17
2026-04-17,"PM | ABO | ENGAJ | VALIDADOS | 14.04 | EXPRESS  - 711",SEMELHANTE,"ADS 011 — Cópia","Casa & Cia Centro",not_delivering,ad,925,1051,1.13621622,"Clique de 7 dias ou visualização de 1 dia","Conversas por mensagem iniciadas",2,18.54,9.27,2026-04-14,Contínuo,6,17.64034253,2026-04-17,2026-04-17
2026-04-17,"PM | CBO | ENGAJ | VALIDADO | 15.04 | 711","FRIO - 5 — Cópia","ADS 005","Casa & Cia Centro",not_delivering,ad,503,541,1.07554672,"Clique de 7 dias ou visualização de 1 dia",,,11.64,,2026-04-15,Contínuo,,21.51571165,2026-04-17,2026-04-17
2026-04-17,"PM | ABO | ENGAJ - TEST.PUB | 14.04","Decoração + Compradores","ADS 005","Casa & Cia Centro",not_delivering,ad,78,78,1,"Clique de 7 dias ou visualização de 1 dia",,,1.38,,2026-04-14,Contínuo,,17.69230769,2026-04-17,2026-04-17
2026-04-17,"PM | CBO | ENGAJ | VALIDADO | 15.04 | 711","FRIO - 11 — Cópia","ADS 011","Casa & Cia Centro",not_delivering,ad,146,153,1.04794521,"Clique de 7 dias ou visualização de 1 dia",,,3.58,,2026-04-15,Contínuo,2,23.39869281,2026-04-17,2026-04-17
2026-04-17,"PM | ABO | ENGAJ | VALIDADOS | 14.04 | EXPRESS  - 211",SEMELHANTE,"ADS 011 — Cópia","Casa & Cia Centro",not_delivering,ad,319,379,1.18808777,"Clique de 7 dias ou visualização de 1 dia","Conversas por mensagem iniciadas",1,7.63,7.63,2026-04-14,Contínuo,3,20.13192612,2026-04-17,2026-04-17
2026-04-17,"PM | ABO | ENGAJ | EXPRESS | 08.04 | N° 711","FRIO - 5","ADS 005","Casa & Cia Centro",not_delivering,ad,642,675,1.05140187,"Clique de 7 dias ou visualização de 1 dia",,,11.49,,2026-04-08,Contínuo,3,17.02222222,2026-04-17,2026-04-17
2026-04-17,"PM | ABO | ENGAJ - TEST.PUB | 14.04","Lar + Móveis + Decoração","ADS 005","Casa & Cia Centro",not_delivering,ad,95,98,1.03157895,"Clique de 7 dias ou visualização de 1 dia",,,2.05,,2026-04-14,Contínuo,,20.91836735,2026-04-17,2026-04-17
2026-04-17,"PM | ABO | ENGAJ - TEST.PUB | 14.04","Móveis + Casa & Jardim","ADS 005","Casa & Cia Centro",not_delivering,ad,559,600,1.07334526,"Clique de 7 dias ou visualização de 1 dia","Conversas por mensagem iniciadas",1,11.33,11.33,2026-04-14,Contínuo,1,18.88333333,2026-04-17,2026-04-17
2026-04-17,"PM | ABO | ENGAJ - TEST.PUB | 14.04",Compradores,"ADS 005","Casa & Cia Centro",not_delivering,ad,538,608,1.13011152,"Clique de 7 dias ou visualização de 1 dia",,,12.96,,2026-04-14,Contínuo,,21.31578947,2026-04-17,2026-04-17
2026-04-17,"PM | ABO | ENGAJ | VALIDADOS | 14.04 |  711","SEMELHANTE VV","ADS 011 — Cópia","Casa & Cia Centro",not_delivering,ad,100,105,1.05,"Clique de 7 dias ou visualização de 1 dia",,,2.45,,2026-04-14,Contínuo,,23.33333333,2026-04-17,2026-04-17
2026-04-17,"PM | ABO | TRAFEGO | 16.04","ABERTO - CXS","ADS 001","Casa & Cia Centro",not_delivering,ad,1610,1904,1.1826087,"Clique de 1 dia","Visitas ao perfil do Instagram",54,14.07,0.26055556,2026-04-16,Contínuo,52,7.38970588,2026-04-17,2026-04-17
2026-04-17,"PM | ABO | TRAFEGO | 16.04","ABERTO - CXS","ADS 002","Casa & Cia Centro",not_delivering,ad,958,1066,1.11273486,"Clique de 1 dia","Visitas ao perfil do Instagram",19,7.75,0.40789474,2026-04-16,Contínuo,20,7.27016886,2026-04-17,2026-04-17
2026-04-16,"PM | ABO | ENGAJ - TEST.PUB | 14.04",Compradores,"ADS 005","Casa & Cia Centro",not_delivering,ad,656,693,1.05640244,"Clique de 7 dias ou visualização de 1 dia",,,14.83,,2026-04-14,Contínuo,,21.3997114,2026-04-16,2026-04-16
2026-04-16,"PM | ABO | ENGAJ | VALIDADOS | 14.04 | EXPRESS  - 711",SEMELHANTE,"ADS 005 — Cópia","Casa & Cia Centro",not_delivering,ad,155,162,1.04516129,"Clique de 7 dias ou visualização de 1 dia",,,3.67,,2026-04-14,Contínuo,,22.65432099,2026-04-16,2026-04-16
2026-04-16,"PM | ABO | ENGAJ - TEST.PUB | 14.04","Alto Padrão","ADS 005","Casa & Cia Centro",not_delivering,ad,49,50,1.02040816,"Clique de 7 dias ou visualização de 1 dia",,,1.6,,2026-04-14,Contínuo,,32,2026-04-16,2026-04-16
2026-04-16,"PM | ABO | ENGAJ | VALIDADOS | 14.04 |  711","SEMELHANTE seguidores","ADS 011 — Cópia","Casa & Cia Centro",not_delivering,ad,870,1043,1.19885057,"Clique de 7 dias ou visualização de 1 dia","Conversas por mensagem iniciadas",2,21.05,10.525,2026-04-14,Contínuo,6,20.18216683,2026-04-16,2026-04-16
2026-04-16,"PM | ABO | ENGAJ | VALIDADOS | 14.04 |  711","SEMELHANTE  VISITAS 150 D","ADS 005 — Cópia","Casa & Cia Centro",not_delivering,ad,925,1085,1.17297297,"Clique de 7 dias ou visualização de 1 dia","Conversas por mensagem iniciadas",3,19.69,6.56333333,2026-04-14,Contínuo,5,18.14746544,2026-04-16,2026-04-16
2026-04-16,"PM | ABO | ENGAJ | VALIDADOS | 14.04 |  711","SEMELHANTE  ENGAJAMENTO 150 D","ADS 005 — Cópia","Casa & Cia Centro",not_delivering,ad,485,528,1.08865979,"Clique de 7 dias ou visualização de 1 dia",,,7.44,,2026-04-14,Contínuo,3,14.09090909,2026-04-16,2026-04-16
2026-04-16,"PM | ABO | ENGAJ | VALIDADOS | 14.04 | EXPRESS  - 211",SEMELHANTE,"ADS 005 — Cópia","Casa & Cia Centro",not_delivering,ad,383,412,1.07571802,"Clique de 7 dias ou visualização de 1 dia",,,6.33,,2026-04-14,Contínuo,1,15.36407767,2026-04-16,2026-04-16
2026-04-16,"PM | ABO | ENGAJ - TEST.PUB | 14.04","Decoração + Compradores","ADS 005","Casa & Cia Centro",not_delivering,ad,302,318,1.05298013,"Clique de 7 dias ou visualização de 1 dia",,,8.85,,2026-04-14,Contínuo,1,27.83018868,2026-04-16,2026-04-16
2026-04-16,"PM | ABO | ENGAJ | VALIDADOS | 14.04 | EXPRESS  - 711",SEMELHANTE,"ADS 011 — Cópia","Casa & Cia Centro",not_delivering,ad,645,760,1.17829457,"Clique de 7 dias ou visualização de 1 dia","Conversas por mensagem iniciadas",3,15.61,5.20333333,2026-04-14,Contínuo,9,20.53947368,2026-04-16,2026-04-16
2026-04-16,"PM | ABO | ENGAJ | VALIDADOS | 14.04 | EXPRESS  - 211",SEMELHANTE,"ADS 011 — Cópia","Casa & Cia Centro",not_delivering,ad,449,487,1.08463252,"Clique de 7 dias ou visualização de 1 dia","Conversas por mensagem iniciadas",4,10.6,2.65,2026-04-14,Contínuo,4,21.76591376,2026-04-16,2026-04-16
2026-04-16,"PM | ABO | ENGAJ | EXPRESS | 08.04 | N° 111","FRIO - 11","ADS 011","Casa & Cia Centro",not_delivering,ad,605,655,1.08264463,"Clique de 7 dias ou visualização de 1 dia",,,11.18,,2026-04-08,Contínuo,3,17.06870229,2026-04-16,2026-04-16
2026-04-16,"PM | CBO | ENGAJ | VALIDADO | 15.04 | 711","FRIO - 5 — Cópia","ADS 005","Casa & Cia Centro",not_delivering,ad,539,588,1.09090909,"Clique de 7 dias ou visualização de 1 dia","Conversas por mensagem iniciadas",2,11.09,5.545,2026-04-15,Contínuo,4,18.86054422,2026-04-16,2026-04-16
2026-04-16,"PM | ABO | ENGAJ | EXPRESS | 08.04 | N° 711","FRIO - 5","ADS 005","Casa & Cia Centro",not_delivering,ad,538,578,1.07434944,"Clique de 7 dias ou visualização de 1 dia","Conversas por mensagem iniciadas",3,10.12,3.37333333,2026-04-08,Contínuo,5,17.50865052,2026-04-16,2026-04-16
2026-04-16,"PM | ABO | TRAFEGO | 16.04","ABERTO - CXS","ADS 002","Casa & Cia Centro",not_delivering,ad,1096,1196,1.09124088,"Clique de 1 dia","Visitas ao perfil do Instagram",22,7.94,0.36090909,2026-04-16,Contínuo,21,6.63879599,2026-04-16,2026-04-16
2026-04-16,"PM | ABO | TRAFEGO | 16.04","ABERTO - CXS","ADS 001","Casa & Cia Centro",not_delivering,ad,858,941,1.0967366,"Clique de 1 dia","Visitas ao perfil do Instagram",26,7.8,0.3,2026-04-16,Contínuo,29,8.2890542,2026-04-16,2026-04-16
2026-04-16,"PM | ABO | ENGAJ | VALIDADOS | 14.04 |  711","SEMELHANTE VV","ADS 011 — Cópia","Casa & Cia Centro",not_delivering,ad,353,379,1.07365439,"Clique de 7 dias ou visualização de 1 dia",,,9.23,,2026-04-14,Contínuo,3,24.35356201,2026-04-16,2026-04-16
2026-04-16,"PM | ABO | ENGAJ | VALIDADOS | 14.04 | EXPRESS  - 211",SEMELHANTE,"ADS 011 — Cópia","Casa & Cia Centro",not_delivering,ad,361,420,1.1634349,"Clique de 7 dias ou visualização de 1 dia","Conversas por mensagem iniciadas",2,8.08,4.04,2026-04-14,Contínuo,3,19.23809524,2026-04-16,2026-04-16
2026-04-16,"PM | ABO | ENGAJ - TEST.PUB | 14.04","Móveis + Casa & Jardim","ADS 005","Casa & Cia Centro",not_delivering,ad,555,616,1.10990991,"Clique de 7 dias ou visualização de 1 dia","Conversas por mensagem iniciadas",1,13.64,13.64,2026-04-14,Contínuo,3,22.14285714,2026-04-16,2026-04-16
2026-04-16,"PM | ABO | ENGAJ - TEST.PUB | 14.04","Lar + Móveis + Decoração","ADS 005","Casa & Cia Centro",not_delivering,ad,286,307,1.07342657,"Clique de 7 dias ou visualização de 1 dia",,,6.25,,2026-04-14,Contínuo,,20.35830619,2026-04-16,2026-04-16
2026-04-16,"PM | CBO | ENGAJ | VALIDADO | 15.04 | 711","FRIO - 11 — Cópia","ADS 011","Casa & Cia Centro",not_delivering,ad,624,674,1.08012821,"Clique de 7 dias ou visualização de 1 dia","Conversas por mensagem iniciadas",1,15.57,15.57,2026-04-15,Contínuo,6,23.10089021,2026-04-16,2026-04-16
2026-04-15,"PM | ABO | ENGAJ | VALIDADOS | 14.04 |  711","SEMELHANTE  VISITAS 150 D","ADS 005 — Cópia","Casa & Cia Centro",not_delivering,ad,724,828,1.14364641,"Clique de 7 dias ou visualização de 1 dia","Conversas por mensagem iniciadas",3,14.4,4.8,2026-04-14,Contínuo,5,17.39130435,2026-04-15,2026-04-15
2026-04-15,"PM | ABO | ENGAJ | VALIDADOS | 14.04 | EXPRESS  - 211",SEMELHANTE,"ADS 005 — Cópia","Casa & Cia Centro",not_delivering,ad,184,194,1.05434783,"Clique de 7 dias ou visualização de 1 dia","Conversas por mensagem iniciadas",1,2.45,2.45,2026-04-14,Contínuo,2,12.62886598,2026-04-15,2026-04-15
2026-04-15,"PM | ABO | ENGAJ | VALIDADOS | 14.04 |  711","SEMELHANTE  ENGAJAMENTO 150 D","ADS 005 — Cópia","Casa & Cia Centro",not_delivering,ad,526,583,1.10836502,"Clique de 7 dias ou visualização de 1 dia","Conversas por mensagem iniciadas",1,9.15,9.15,2026-04-14,Contínuo,2,15.69468268,2026-04-15,2026-04-15
2026-04-15,"PM | ABO | ENGAJ | VALIDADOS | 14.04 | EXPRESS  - 711",SEMELHANTE,"ADS 005 — Cópia","Casa & Cia Centro",not_delivering,ad,604,664,1.09933775,"Clique de 7 dias ou visualização de 1 dia","Conversas por mensagem iniciadas",1,10.17,10.17,2026-04-14,Contínuo,3,15.31626506,2026-04-15,2026-04-15
2026-04-15,"PM | ABO | ENGAJ | TEST.PUB | 13.04 - 2111",VIAGEM,"ADS 011","Casa & Cia Centro",not_delivering,ad,135,147,1.08888889,"Clique de 7 dias ou visualização de 1 dia",,,4.18,,2026-04-13,Contínuo,1,28.43537415,2026-04-15,2026-04-15
2026-04-15,"PM | ABO | ENGAJ | VALIDADOS | 14.04 |  711","SEMELHANTE seguidores","ADS 011 — Cópia","Casa & Cia Centro",not_delivering,ad,552,644,1.16666667,"Clique de 7 dias ou visualização de 1 dia","Conversas por mensagem iniciadas",1,12.76,12.76,2026-04-14,Contínuo,3,19.8136646,2026-04-15,2026-04-15
2026-04-15,"PM | ABO | ENGAJ - TEST.PUB | 14.04","Alto Padrão","ADS 005","Casa & Cia Centro",not_delivering,ad,328,357,1.08841463,"Clique de 7 dias ou visualização de 1 dia",,,7.78,,2026-04-14,Contínuo,1,21.79271709,2026-04-15,2026-04-15
2026-04-15,"PM | ABO | ENGAJ | VALIDADOS | 14.04 | EXPRESS  - 711",SEMELHANTE,"ADS 011 — Cópia","Casa & Cia Centro",not_delivering,ad,2,2,1,"Clique de 7 dias ou visualização de 1 dia",,,0.01,,2026-04-14,Contínuo,,5,2026-04-15,2026-04-15
2026-04-15,"PM | ABO | ENGAJ | VALIDADOS | 14.04 | EXPRESS  - 711",SEMELHANTE,"ADS 011 — Cópia","Casa & Cia Centro",not_delivering,ad,661,777,1.17549168,"Clique de 7 dias ou visualização de 1 dia","Conversas por mensagem iniciadas",1,15.33,15.33,2026-04-14,Contínuo,3,19.72972973,2026-04-15,2026-04-15
2026-04-15,"PM | ABO | ENGAJ - TEST.PUB | 14.04","Decoração + Compradores","ADS 005","Casa & Cia Centro",not_delivering,ad,336,355,1.05654762,"Clique de 7 dias ou visualização de 1 dia",,,8.2,,2026-04-14,Contínuo,,23.09859155,2026-04-15,2026-04-15
2026-04-15,"PM | ABO | ENGAJ | EXPRESS | 08.04 | N° 711","FRIO - 5","ADS 005","Casa & Cia Centro",not_delivering,ad,284,301,1.05985915,"Clique de 7 dias ou visualização de 1 dia","Conversas por mensagem iniciadas",2,6.85,3.425,2026-04-08,Contínuo,2,22.75747508,2026-04-15,2026-04-15
2026-04-15,"PM | ABO | ENGAJ - TEST.PUB | 14.04",Compradores,"ADS 005","Casa & Cia Centro",not_delivering,ad,459,506,1.10239651,"Clique de 7 dias ou visualização de 1 dia","Conversas por mensagem iniciadas",3,12.54,4.18,2026-04-14,Contínuo,4,24.7826087,2026-04-15,2026-04-15
2026-04-15,"PM | CBO | ENGAJ | VALIDADO | 15.04 | 711","FRIO - 5 — Cópia","ADS 005","Casa & Cia Centro",not_delivering,ad,512,562,1.09765625,"Clique de 7 dias ou visualização de 1 dia","Conversas por mensagem iniciadas",1,13.18,13.18,2026-04-15,Contínuo,2,23.4519573,2026-04-15,2026-04-15
2026-04-15,"PM | ABO | ENGAJ | EXPRESS | 08.04 | N° 111","FRIO - 11","ADS 011","Casa & Cia Centro",not_delivering,ad,366,422,1.15300546,"Clique de 7 dias ou visualização de 1 dia","Conversas por mensagem iniciadas",1,12.11,12.11,2026-04-08,Contínuo,1,28.69668246,2026-04-15,2026-04-15
2026-04-15,"PM | CBO | ENGAJ | VALIDADO | 15.04 | 711","FRIO - 11 — Cópia","ADS 011","Casa & Cia Centro",not_delivering,ad,509,546,1.07269155,"Clique de 7 dias ou visualização de 1 dia","Conversas por mensagem iniciadas",1,14.66,14.66,2026-04-15,Contínuo,3,26.84981685,2026-04-15,2026-04-15
2026-04-15,"PM | ABO | ENGAJ | VALIDADOS | 14.04 | EXPRESS  - 211",SEMELHANTE,"ADS 005 — Cópia","Casa & Cia Centro",not_delivering,ad,280,301,1.075,"Clique de 7 dias ou visualização de 1 dia",,,6.33,,2026-04-14,Contínuo,,21.02990033,2026-04-15,2026-04-15
2026-04-15,"PM | ABO | ENGAJ | VALIDADOS | 14.04 |  711","SEMELHANTE VV","ADS 011 — Cópia","Casa & Cia Centro",not_delivering,ad,441,526,1.19274376,"Clique de 7 dias ou visualização de 1 dia","Conversas por mensagem iniciadas",1,8.96,8.96,2026-04-14,Contínuo,4,17.03422053,2026-04-15,2026-04-15
2026-04-15,"PM | ABO | ENGAJ | VALIDADOS | 14.04 | EXPRESS  - 211",SEMELHANTE,"ADS 011 — Cópia","Casa & Cia Centro",not_delivering,ad,520,628,1.20769231,"Clique de 7 dias ou visualização de 1 dia","Conversas por mensagem iniciadas",2,12.89,6.445,2026-04-14,Contínuo,5,20.52547771,2026-04-15,2026-04-15
2026-04-15,"PM | ABO | ENGAJ | VALIDADOS | 14.04 | EXPRESS  - 711",SEMELHANTE,"ADS 005 — Cópia","Casa & Cia Centro",not_delivering,ad,283,288,1.01766784,"Clique de 7 dias ou visualização de 1 dia",,,4.36,,2026-04-14,Contínuo,1,15.13888889,2026-04-15,2026-04-15
2026-04-15,"PM | ABO | ENGAJ - TEST.PUB | 14.04","Móveis + Casa & Jardim","ADS 005","Casa & Cia Centro",not_delivering,ad,404,415,1.02722772,"Clique de 7 dias ou visualização de 1 dia","Conversas por mensagem iniciadas",3,8.23,2.74333333,2026-04-14,Contínuo,4,19.8313253,2026-04-15,2026-04-15
2026-04-15,"PM | ABO | ENGAJ - TEST.PUB | 14.04","Lar + Móveis + Decoração","ADS 005","Casa & Cia Centro",not_delivering,ad,301,329,1.09302326,"Clique de 7 dias ou visualização de 1 dia","Conversas por mensagem iniciadas",1,8.71,8.71,2026-04-14,Contínuo,3,26.47416413,2026-04-15,2026-04-15
2026-04-15,"PM | ABO | ENGAJ | VALIDADOS | 14.04 | EXPRESS  - 211",SEMELHANTE,"ADS 011 — Cópia","Casa & Cia Centro",not_delivering,ad,237,259,1.092827,"Clique de 7 dias ou visualização de 1 dia",,,7.35,,2026-04-14,Contínuo,,28.37837838,2026-04-15,2026-04-15
2026-04-14,"PM | ABO | ENGAJ - TEST.PUB | 14.04","Lar + Móveis + Decoração","ADS 005","Casa & Cia Centro",not_delivering,ad,203,211,1.03940887,"Clique de 7 dias ou visualização de 1 dia",,,6.05,,2026-04-14,Contínuo,,28.67298578,2026-04-14,2026-04-14
2026-04-14,"PM | ABO | ENGAJ - TEST.PUB | 14.04","Móveis + Casa & Jardim","ADS 005","Casa & Cia Centro",not_delivering,ad,258,271,1.0503876,"Clique de 7 dias ou visualização de 1 dia","Conversas por mensagem iniciadas",1,4.85,4.85,2026-04-14,Contínuo,2,17.89667897,2026-04-14,2026-04-14
2026-04-14,"PM | ABO | ENGAJ | VALIDADOS | 14.04 | EXPRESS  - 211",SEMELHANTE,"ADS 011 — Cópia","Casa & Cia Centro",not_delivering,ad,253,273,1.07905138,"Clique de 7 dias ou visualização de 1 dia",,,4.47,,2026-04-14,Contínuo,,16.37362637,2026-04-14,2026-04-14
2026-04-14,"PM | ABO | ENGAJ | VALIDADOS | 14.04 | EXPRESS  - 211",SEMELHANTE,"ADS 005 — Cópia","Casa & Cia Centro",not_delivering,ad,269,281,1.04460967,"Clique de 7 dias ou visualização de 1 dia","Conversas por mensagem iniciadas",2,3.51,1.755,2026-04-14,Contínuo,2,12.4911032,2026-04-14,2026-04-14
2026-04-14,"PM | ABO | ENGAJ | TEST.PUB | 13.04 - 2111",CARROS,"ADS 011","Casa & Cia Centro",not_delivering,ad,794,838,1.05541562,"Clique de 7 dias ou visualização de 1 dia",,,20.69,,2026-04-13,Contínuo,4,24.68973747,2026-04-14,2026-04-14
2026-04-14,"PM | ABO | ENGAJ | VALIDADOS | 14.04 | EXPRESS  - 711",SEMELHANTE,"ADS 005 — Cópia","Casa & Cia Centro",not_delivering,ad,504,539,1.06944444,"Clique de 7 dias ou visualização de 1 dia",,,6.51,,2026-04-14,Contínuo,1,12.07792208,2026-04-14,2026-04-14
2026-04-14,"PM | ABO | ENGAJ | VALIDADOS | 14.04 | EXPRESS  - 711",SEMELHANTE,"ADS 011 — Cópia","Casa & Cia Centro",not_delivering,ad,284,320,1.12676056,"Clique de 7 dias ou visualização de 1 dia",,,5.47,,2026-04-14,Contínuo,3,17.09375,2026-04-14,2026-04-14
2026-04-14,"PM | ABO | ENGAJ - TEST.PUB | 14.04","Alto Padrão","ADS 005","Casa & Cia Centro",not_delivering,ad,195,209,1.07179487,"Clique de 7 dias ou visualização de 1 dia",,,4.89,,2026-04-14,Contínuo,,23.39712919,2026-04-14,2026-04-14
2026-04-14,"PM | ABO | ENGAJ | VALIDADOS | 14.04 |  711","SEMELHANTE seguidores","ADS 011 — Cópia","Casa & Cia Centro",not_delivering,ad,276,321,1.16304348,"Clique de 7 dias ou visualização de 1 dia","Conversas por mensagem iniciadas",2,5.36,2.68,2026-04-14,Contínuo,2,16.69781931,2026-04-14,2026-04-14
2026-04-14,"PM | ABO | ENGAJ | TEST.PUB | 13.04 - 2111",VIAGEM,"ADS 011","Casa & Cia Centro",not_delivering,ad,433,540,1.24711316,"Clique de 7 dias ou visualização de 1 dia","Conversas por mensagem iniciadas",1,20.52,20.52,2026-04-13,Contínuo,2,38,2026-04-14,2026-04-14
2026-04-14,"PM | ABO | ENGAJ | VALIDADOS | 14.04 |  711","SEMELHANTE  ENGAJAMENTO 150 D","ADS 005 — Cópia","Casa & Cia Centro",not_delivering,ad,459,477,1.03921569,"Clique de 7 dias ou visualização de 1 dia","Conversas por mensagem iniciadas",1,7.81,7.81,2026-04-14,Contínuo,1,16.37316562,2026-04-14,2026-04-14
2026-04-14,"PM | ABO | ENGAJ | VALIDADOS | 14.04 |  711","SEMELHANTE  VISITAS 150 D","ADS 005 — Cópia","Casa & Cia Centro",not_delivering,ad,408,437,1.07107843,"Clique de 7 dias ou visualização de 1 dia","Conversas por mensagem iniciadas",1,6.35,6.35,2026-04-14,Contínuo,3,14.53089245,2026-04-14,2026-04-14
2026-04-14,"PM | ABO | ENGAJ - TEST.PUB | 14.04","Decoração + Compradores","ADS 005","Casa & Cia Centro",not_delivering,ad,250,263,1.052,"Clique de 7 dias ou visualização de 1 dia","Conversas por mensagem iniciadas",1,5.5,5.5,2026-04-14,Contínuo,4,20.91254753,2026-04-14,2026-04-14
2026-04-14,"PM | ABO | ENGAJ | VALIDADOS | 14.04 | EXPRESS  - 711",SEMELHANTE,"ADS 011 — Cópia","Casa & Cia Centro",not_delivering,ad,419,446,1.06443914,"Clique de 7 dias ou visualização de 1 dia","Conversas por mensagem iniciadas",2,7.04,3.52,2026-04-14,Contínuo,4,15.78475336,2026-04-14,2026-04-14
2026-04-14,"PM | ABO | ENGAJ - TEST.PUB | 14.04",Compradores,"ADS 005","Casa & Cia Centro",not_delivering,ad,286,305,1.06643357,"Clique de 7 dias ou visualização de 1 dia",,,6.24,,2026-04-14,Contínuo,,20.45901639,2026-04-14,2026-04-14
2026-04-14,"PM | ABO | ENGAJ | EXPRESS | 08.04 | N° 111","FRIO - 11","ADS 011","Casa & Cia Centro",not_delivering,ad,555,623,1.12252252,"Clique de 7 dias ou visualização de 1 dia","Conversas por mensagem iniciadas",1,16.72,16.72,2026-04-08,Contínuo,5,26.83788122,2026-04-14,2026-04-14
2026-04-14,"PM | ABO | ENGAJ | EXPRESS | 08.04 | N° 711","FRIO - 5","ADS 005","Casa & Cia Centro",not_delivering,ad,384,439,1.14322917,"Clique de 7 dias ou visualização de 1 dia","Conversas por mensagem iniciadas",2,11.86,5.93,2026-04-08,Contínuo,4,27.01594533,2026-04-14,2026-04-14
2026-04-14,"PM | ABO | ENGAJ | VALIDADOS | 14.04 | EXPRESS  - 211",SEMELHANTE,"ADS 005 — Cópia","Casa & Cia Centro",not_delivering,ad,384,422,1.09895833,"Clique de 7 dias ou visualização de 1 dia",,,7.29,,2026-04-14,Contínuo,1,17.27488152,2026-04-14,2026-04-14
2026-04-14,"PM | ABO | ENGAJ | VALIDADOS | 14.04 |  711","SEMELHANTE VV","ADS 011 — Cópia","Casa & Cia Centro",not_delivering,ad,251,274,1.09163347,"Clique de 7 dias ou visualização de 1 dia",,,5.48,,2026-04-14,Contínuo,,20,2026-04-14,2026-04-14
2026-04-14,"PM | ABO | ENGAJ | VALIDADOS | 14.04 | EXPRESS  - 211",SEMELHANTE,"ADS 011 — Cópia","Casa & Cia Centro",not_delivering,ad,333,379,1.13813814,"Clique de 7 dias ou visualização de 1 dia",,,6.92,,2026-04-14,Contínuo,1,18.2585752,2026-04-14,2026-04-14
2026-04-14,"PM | ABO | ENGAJ | VALIDADOS | 14.04 | EXPRESS  - 711",SEMELHANTE,"ADS 005 — Cópia","Casa & Cia Centro",not_delivering,ad,131,141,1.07633588,"Clique de 7 dias ou visualização de 1 dia",,,1.71,,2026-04-14,Contínuo,,12.12765957,2026-04-14,2026-04-14
2026-04-13,"PM | ABO | ENGAJ | EXPRESS | 08.04 | N° 111","FRIO - 3","ADS 003","Casa & Cia Centro",not_delivering,ad,18,19,1.05555556,"Clique de 7 dias ou visualização de 1 dia",,,0.39,,2026-04-08,Contínuo,,20.52631579,2026-04-13,2026-04-13
2026-04-13,"PM | ABO | ENGAJ | TEST.PUB | 13.04 - 2111",VIAGEM,"ADS 011","Casa & Cia Centro",not_delivering,ad,453,501,1.10596026,"Clique de 7 dias ou visualização de 1 dia","Conversas por mensagem iniciadas",2,13.33,6.665,2026-04-13,Contínuo,2,26.60678643,2026-04-13,2026-04-13
2026-04-13,"PM | ABO | ENGAJ | EXPRESS - QUENNTE - 50D | 08.04 | N° 111","QUENTE 50D","ADS 008","Casa & Cia Centro",not_delivering,ad,1,1,1,"Clique de 7 dias ou visualização de 1 dia",,,0.14,,2026-04-08,Contínuo,,140,2026-04-13,2026-04-13
2026-04-13,"PM | CBO | ENGAJ | EXPRESS | 11.04","QUENTE 50D — Cópia — Cópia","ADS 005","Casa & Cia Centro",not_delivering,ad,49,49,1,"Clique de 7 dias ou visualização de 1 dia",,,3.24,,2026-04-11,Contínuo,,66.12244898,2026-04-13,2026-04-13
2026-04-13,"PM | ABO | ENGAJ | EXPRESS | 08.04 | N° 111","FRIO - 11","ADS 011","Casa & Cia Centro",not_delivering,ad,456,551,1.20833333,"Clique de 7 dias ou visualização de 1 dia","Conversas por mensagem iniciadas",1,13.52,13.52,2026-04-08,Contínuo,2,24.53720508,2026-04-13,2026-04-13
2026-04-13,"PM | CBO | ENGAJ | EXPRESS | 11.04","QUENTE 50D — Cópia — Cópia","ADS 005","Casa & Cia Centro",not_delivering,ad,71,78,1.09859155,"Clique de 7 dias ou visualização de 1 dia",,,3.4,,2026-04-11,Contínuo,,43.58974359,2026-04-13,2026-04-13
2026-04-13,"PM | ABO | ENGAJ | EXPRESS | 08.04 | N° 711","FRIO - 5","ADS 005","Casa & Cia Centro",not_delivering,ad,126,137,1.08730159,"Clique de 7 dias ou visualização de 1 dia",,,3.72,,2026-04-08,Contínuo,,27.15328467,2026-04-13,2026-04-13
2026-04-13,"PM | ABO | ENGAJ | EXPRESS - QUENNTE - 50D | 08.04 | N° 111","QUENTE 50D","ADS 005","Casa & Cia Centro",not_delivering,ad,143,165,1.15384615,"Clique de 7 dias ou visualização de 1 dia",,,4.95,,2026-04-08,Contínuo,,30,2026-04-13,2026-04-13
2026-04-13,"PM | CBO | ENGAJ | EXPRESS | 11.04","QUENTE 50D — Cópia — Cópia","ADS 005","Casa & Cia Centro",not_delivering,ad,60,64,1.06666667,"Clique de 7 dias ou visualização de 1 dia",,,2.54,,2026-04-11,Contínuo,,39.6875,2026-04-13,2026-04-13
2026-04-13,"PM | ABO | ENGAJ | TEST.PUB | 13.04 - 2111",CARROS,"ADS 011","Casa & Cia Centro",not_delivering,ad,1,2,2,"Clique de 7 dias ou visualização de 1 dia",,,0.03,,2026-04-13,Contínuo,,15,2026-04-13,2026-04-13
2026-04-13,"PM | ABO | ENGAJ | EXPRESS | 08.04 | N° 711","FRIO - 3","ADS 003","Casa & Cia Centro",not_delivering,ad,28,28,1,"Clique de 7 dias ou visualização de 1 dia",,,1.03,,2026-04-08,Contínuo,,36.78571429,2026-04-13,2026-04-13
2026-04-13,"PM | CBO | ENGAJ | EXPRESS | 11.04","QUENTE 50D — Cópia","ADS 005","Casa & Cia Centro",not_delivering,ad,1,1,1,"Clique de 7 dias ou visualização de 1 dia",,,0,,2026-04-11,Contínuo,,0,2026-04-13,2026-04-13
2026-04-13,"PM | CBO | ENGAJ | EXPRESS | 11.04","QUENTE 50D — Cópia — Cópia","ADS 005","Casa & Cia Centro",not_delivering,ad,208,254,1.22115385,"Clique de 7 dias ou visualização de 1 dia",,,9.72,,2026-04-11,Contínuo,1,38.26771654,2026-04-13,2026-04-13
2026-04-13,"PM | CBO | ENGAJ | 11.04 | EXPRESS","FRIO - 11 — Cópia","ADS 011","Casa & Cia Centro",not_delivering,ad,1,1,1,"Clique de 7 dias ou visualização de 1 dia",,,0.01,,2026-04-11,Contínuo,,10,2026-04-13,2026-04-13
2026-04-12,"PM | ABO | ENGAJ | EXPRESS - QUENNTE - 50D | 08.04 | N° 111","QUENTE 50D","ADS 008","Casa & Cia Centro",not_delivering,ad,184,275,1.49456522,"Clique de 7 dias ou visualização de 1 dia",,,7.05,,2026-04-08,Contínuo,4,25.63636364,2026-04-12,2026-04-12
2026-04-12,"PM | CBO | ENGAJ | EXPRESS | 11.04","QUENTE 50D — Cópia — Cópia","ADS 005","Casa & Cia Centro",not_delivering,ad,237,338,1.42616034,"Clique de 7 dias ou visualização de 1 dia",,,10.68,,2026-04-11,Contínuo,2,31.59763314,2026-04-12,2026-04-12
2026-04-12,"PM | ABO | ENGAJ | EXPRESS - QUENNTE - 90D | 08.04 | N° 111","QUENTE 90D","ADS 010","Casa & Cia Centro",not_delivering,ad,0,0,0,"Clique de 7 dias ou visualização de 1 dia","Conversas por mensagem iniciadas",1,0,0,2026-04-08,Contínuo,,,2026-04-12,2026-04-12
2026-04-12,"PM | CBO | ENGAJ | EXPRESS | 11.04","QUENTE 50D — Cópia — Cópia","ADS 005","Casa & Cia Centro",not_delivering,ad,214,324,1.51401869,"Clique de 7 dias ou visualização de 1 dia",,,10.46,,2026-04-11,Contínuo,3,32.28395062,2026-04-12,2026-04-12
2026-04-12,"PM | ABO | ENGAJ | EXPRESS | 08.04 | N° 111","FRIO - 11","ADS 011","Casa & Cia Centro",not_delivering,ad,434,499,1.14976959,"Clique de 7 dias ou visualização de 1 dia","Conversas por mensagem iniciadas",3,11.58,3.86,2026-04-08,Contínuo,3,23.20641283,2026-04-12,2026-04-12
2026-04-12,"PM | CBO | ENGAJ | EXPRESS | 11.04","QUENTE 50D — Cópia — Cópia","ADS 005","Casa & Cia Centro",not_delivering,ad,292,434,1.48630137,"Clique de 7 dias ou visualização de 1 dia","Conversas por mensagem iniciadas",1,12.99,12.99,2026-04-11,Contínuo,3,29.93087558,2026-04-12,2026-04-12
2026-04-12,"PM | ABO | ENGAJ | EXPRESS | 08.04 | N° 711","FRIO - 5","ADS 005","Casa & Cia Centro",not_delivering,ad,314,330,1.05095541,"Clique de 7 dias ou visualização de 1 dia",,,7.5,,2026-04-08,Contínuo,1,22.72727273,2026-04-12,2026-04-12
2026-04-12,"PM | ABO | ENGAJ | EXPRESS | 08.04 | N° 111","FRIO - 3","ADS 003","Casa & Cia Centro",not_delivering,ad,237,254,1.07172996,"Clique de 7 dias ou visualização de 1 dia",,,7.45,,2026-04-08,Contínuo,1,29.33070866,2026-04-12,2026-04-12
2026-04-12,"PM | CBO | ENGAJ | EXPRESS | 11.04","QUENTE 50D — Cópia — Cópia","ADS 005","Casa & Cia Centro",not_delivering,ad,135,177,1.31111111,"Clique de 7 dias ou visualização de 1 dia",,,5.11,,2026-04-11,Contínuo,1,28.8700565,2026-04-12,2026-04-12
2026-04-12,"PM | ABO | ENGAJ | EXPRESS - QUENNTE - 50D | 08.04 | N° 111","QUENTE 50D","ADS 005","Casa & Cia Centro",not_delivering,ad,402,565,1.40547264,"Clique de 7 dias ou visualização de 1 dia",,,11.53,,2026-04-08,Contínuo,1,20.40707965,2026-04-12,2026-04-12
2026-04-12,"PM | ABO | ENGAJ | EXPRESS | 08.04 | N° 711","FRIO - 3","ADS 003","Casa & Cia Centro",not_delivering,ad,494,571,1.15587045,"Clique de 7 dias ou visualização de 1 dia",,,14.41,,2026-04-08,Contínuo,2,25.23642732,2026-04-12,2026-04-12
2026-04-11,"PM | ABO | ENGAJ | TEST.PUB | 09.04","CASA E DECORAÇÃO","ADS 005","Casa & Cia Centro",not_delivering,ad,420,450,1.07142857,"Clique de 7 dias ou visualização de 1 dia",,,8.74,,2026-04-09,Contínuo,,19.42222222,2026-04-11,2026-04-11
2026-04-11,"PM | ABO | ENGAJ | EXPRESS - QUENNTE - 50D | 08.04 | N° 111","QUENTE 50D","ADS 008","Casa & Cia Centro",not_delivering,ad,233,327,1.40343348,"Clique de 7 dias ou visualização de 1 dia",,,6.83,,2026-04-08,Contínuo,,20.88685015,2026-04-11,2026-04-11
2026-04-11,"PM | CBO | ENGAJ | EXPRESS | 11.04","QUENTE 50D — Cópia — Cópia","ADS 005","Casa & Cia Centro",not_delivering,ad,144,169,1.17361111,"Clique de 7 dias ou visualização de 1 dia",,,3.64,,2026-04-11,Contínuo,,21.53846154,2026-04-11,2026-04-11
2026-04-11,"PM | ABO | ENGAJ | EXPRESS | 08.04 | N° 111","FRIO - 11","ADS 011","Casa & Cia Centro",not_delivering,ad,592,669,1.13006757,"Clique de 7 dias ou visualização de 1 dia","Conversas por mensagem iniciadas",1,16.44,16.44,2026-04-08,Contínuo,6,24.57399103,2026-04-11,2026-04-11
2026-04-11,"PM | CBO | ENGAJ | EXPRESS | 11.04","QUENTE 50D — Cópia — Cópia","ADS 005","Casa & Cia Centro",not_delivering,ad,199,240,1.20603015,"Clique de 7 dias ou visualização de 1 dia",,,6.47,,2026-04-11,Contínuo,1,26.95833333,2026-04-11,2026-04-11
2026-04-11,"PM | ABO | ENGAJ | EXPRESS | 08.04 | N° 711","FRIO - 5","ADS 005","Casa & Cia Centro",not_delivering,ad,431,474,1.09976798,"Clique de 7 dias ou visualização de 1 dia","Conversas por mensagem iniciadas",3,10.73,3.57666667,2026-04-08,Contínuo,3,22.6371308,2026-04-11,2026-04-11
2026-04-11,"PM | ABO | ENGAJ | EXPRESS | 08.04 | N° 111","FRIO - 3","ADS 003","Casa & Cia Centro",not_delivering,ad,379,409,1.07915567,"Clique de 7 dias ou visualização de 1 dia",,,8.9,,2026-04-08,Contínuo,1,21.7603912,2026-04-11,2026-04-11
2026-04-11,"PM | ABO | ENGAJ | 09.04","ORGANIZAÇÃO E PRODUTIVIDADE","ADS 003","Casa & Cia Centro",not_delivering,ad,174,187,1.07471264,"Clique de 7 dias ou visualização de 1 dia",,,5.37,,2026-04-09,Contínuo,,28.71657754,2026-04-11,2026-04-11
2026-04-11,"PM | CBO | ENGAJ | EXPRESS | 11.04","QUENTE 50D — Cópia — Cópia","ADS 005","Casa & Cia Centro",not_delivering,ad,104,118,1.13461538,"Clique de 7 dias ou visualização de 1 dia",,,2.34,,2026-04-11,Contínuo,1,19.83050847,2026-04-11,2026-04-11
2026-04-11,"PM | CBO | ENGAJ - EXPRESS | 10.04 |","CASA E DECORAÇÃO — Cópia","ADS 005","Casa & Cia Centro",not_delivering,ad,317,332,1.04731861,"Clique de 7 dias ou visualização de 1 dia",,,7.44,,2026-04-10,Contínuo,,22.40963855,2026-04-11,2026-04-11
2026-04-11,"PM | ABO | ENGAJ | 09.04","LOJAS / VAREJO","ADS 011","Casa & Cia Centro",not_delivering,ad,236,249,1.05508475,"Clique de 7 dias ou visualização de 1 dia",,,6.09,,2026-04-09,Contínuo,1,24.45783133,2026-04-11,2026-04-11
2026-04-11,"PM | ABO | ENGAJ | EXPRESS - QUENNTE - 50D | 08.04 | N° 111","QUENTE 50D","ADS 005","Casa & Cia Centro",not_delivering,ad,357,485,1.35854342,"Clique de 7 dias ou visualização de 1 dia","Conversas por mensagem iniciadas",1,10.14,10.14,2026-04-08,Contínuo,3,20.90721649,2026-04-11,2026-04-11
2026-04-11,"PM | ABO | ENGAJ | EXPRESS | 10.04 | N° 111",SEMELHANTE,"ADS 011","Casa & Cia Centro",not_delivering,ad,281,295,1.04982206,"Clique de 7 dias ou visualização de 1 dia",,,8.38,,2026-04-10,Contínuo,1,28.40677966,2026-04-11,2026-04-11
2026-04-11,"PM | ABO | ENGAJ | EXPRESS | 08.04 | N° 711","FRIO - 3","ADS 003","Casa & Cia Centro",not_delivering,ad,513,572,1.11500975,"Clique de 7 dias ou visualização de 1 dia",,,15.08,,2026-04-08,Contínuo,2,26.36363636,2026-04-11,2026-04-11
2026-04-11,"PM | CBO | ENGAJ | EXPRESS | 11.04","QUENTE 50D — Cópia — Cópia","ADS 005","Casa & Cia Centro",not_delivering,ad,321,424,1.32087227,"Clique de 7 dias ou visualização de 1 dia","Conversas por mensagem iniciadas",2,9.53,4.765,2026-04-11,Contínuo,5,22.47641509,2026-04-11,2026-04-11
2026-04-10,"PM | ABO | ENGAJ | TEST.PUB | 09.04","ROTINA DOMÉSTICA","ADS 001","Casa & Cia Centro",not_delivering,ad,168,194,1.1547619,"Clique de 7 dias ou visualização de 1 dia",,,6.16,,2026-04-09,Contínuo,2,31.75257732,2026-04-10,2026-04-10
2026-04-10,"PM | ABO | ENGAJ | EXPRESS - QUENNTE - 90D | 08.04 | N° 111","QUENTE 90D","ADS 008","Casa & Cia Centro",not_delivering,ad,91,104,1.14285714,"Clique de 7 dias ou visualização de 1 dia",,,5.12,,2026-04-08,Contínuo,2,49.23076923,2026-04-10,2026-04-10
2026-04-10,"PM | ABO | ENGAJ | EXPRESS - QUENNTE - 30D | 08.04 | N° 711","QUENTE 30D","ADS 004","Casa & Cia Centro",not_delivering,ad,127,137,1.07874016,"Clique de 7 dias ou visualização de 1 dia",,,5.19,,2026-04-08,Contínuo,,37.88321168,2026-04-10,2026-04-10
2026-04-10,"PM | ABO | ENGAJ | EXPRESS - QUENNTE - 90D | 08.04 | N° 111","QUENTE 90D","ADS 005","Casa & Cia Centro",not_delivering,ad,66,76,1.15151515,"Clique de 7 dias ou visualização de 1 dia",,,2.88,,2026-04-08,Contínuo,,37.89473684,2026-04-10,2026-04-10
2026-04-10,"PM | ABO | ENGAJ | 09.04","ORGANIZAÇÃO E PRODUTIVIDADE","ADS 003","Casa & Cia Centro",not_delivering,ad,446,490,1.09865471,"Clique de 7 dias ou visualização de 1 dia",,,10.88,,2026-04-09,Contínuo,1,22.20408163,2026-04-10,2026-04-10
2026-04-10,"PM | ABO | ENGAJ | EXPRESS - QUENNTE - 90D | 08.04 | N° 111","QUENTE 90D","ADS 010","Casa & Cia Centro",not_delivering,ad,64,71,1.109375,"Clique de 7 dias ou visualização de 1 dia",,,3.11,,2026-04-08,Contínuo,,43.8028169,2026-04-10,2026-04-10
2026-04-10,"PM | ABO | ENGAJ | EXPRESS | 08.04 | N° 111","FRIO - 11","ADS 011","Casa & Cia Centro",not_delivering,ad,645,725,1.12403101,"Clique de 7 dias ou visualização de 1 dia","Conversas por mensagem iniciadas",2,12.65,6.325,2026-04-08,Contínuo,7,17.44827586,2026-04-10,2026-04-10
2026-04-10,"PM | ABO | ENGAJ | EXPRESS | 08.04 | N° 711","FRIO - 5","ADS 005","Casa & Cia Centro",not_delivering,ad,384,420,1.09375,"Clique de 7 dias ou visualização de 1 dia",,,8.49,,2026-04-08,Contínuo,,20.21428571,2026-04-10,2026-04-10
2026-04-10,"PM | ABO | ENGAJ | EXPRESS | 08.04 | N° 111","FRIO - 3","ADS 003","Casa & Cia Centro",not_delivering,ad,380,448,1.17894737,"Clique de 7 dias ou visualização de 1 dia","Conversas por mensagem iniciadas",1,9.26,9.26,2026-04-08,Contínuo,2,20.66964286,2026-04-10,2026-04-10
2026-04-10,"PM | ABO | ENGAJ | EXPRESS - QUENNTE - 50D | 08.04 | N° 111","QUENTE 50D","ADS 008","Casa & Cia Centro",not_delivering,ad,305,414,1.35737705,"Clique de 7 dias ou visualização de 1 dia",,,13.06,,2026-04-08,Contínuo,4,31.54589372,2026-04-10,2026-04-10
2026-04-10,"PM | ABO | ENGAJ | TEST.PUB | 09.04","CASA E DECORAÇÃO","ADS 005","Casa & Cia Centro",not_delivering,ad,492,561,1.1402439,"Clique de 7 dias ou visualização de 1 dia","Conversas por mensagem iniciadas",2,11.75,5.875,2026-04-09,Contínuo,2,20.94474153,2026-04-10,2026-04-10
2026-04-10,"PM | CBO | ENGAJ - EXPRESS | 10.04 |","CASA E DECORAÇÃO — Cópia","ADS 005","Casa & Cia Centro",not_delivering,ad,464,519,1.11853448,"Clique de 7 dias ou visualização de 1 dia",,,9.89,,2026-04-10,Contínuo,2,19.05587669,2026-04-10,2026-04-10
2026-04-10,"PM | ABO | ENGAJ | 09.04","LOJAS / VAREJO","ADS 011","Casa & Cia Centro",not_delivering,ad,563,626,1.11190053,"Clique de 7 dias ou visualização de 1 dia",,,10.87,,2026-04-09,Contínuo,3,17.36421725,2026-04-10,2026-04-10
2026-04-10,"PM | ABO | ENGAJ | EXPRESS - QUENNTE - 50D | 08.04 | N° 111","QUENTE 50D","ADS 005","Casa & Cia Centro",not_delivering,ad,292,393,1.34589041,"Clique de 7 dias ou visualização de 1 dia","Conversas por mensagem iniciadas",1,10.94,10.94,2026-04-08,Contínuo,3,27.83715013,2026-04-10,2026-04-10
2026-04-10,"PM | ABO | ENGAJ | EXPRESS | 10.04 | N° 111",SEMELHANTE,"ADS 011","Casa & Cia Centro",not_delivering,ad,564,613,1.08687943,"Clique de 7 dias ou visualização de 1 dia",,,9.99,,2026-04-10,Contínuo,3,16.29690049,2026-04-10,2026-04-10
2026-04-10,"PM | ABO | ENGAJ | TEST.PUB | 09.04","COMPORTAMENTO DE COMPRA","ADS 010","Casa & Cia Centro",not_delivering,ad,129,137,1.0620155,"Clique de 7 dias ou visualização de 1 dia",,,3.76,,2026-04-09,Contínuo,,27.44525547,2026-04-10,2026-04-10
2026-04-10,"PM | ABO | ENGAJ | EXPRESS | 08.04 | N° 711","FRIO - 3","ADS 003","Casa & Cia Centro",not_delivering,ad,476,551,1.15756303,"Clique de 7 dias ou visualização de 1 dia","Conversas por mensagem iniciadas",2,13.35,6.675,2026-04-08,Contínuo,2,24.22867514,2026-04-10,2026-04-10
2026-04-10,"PM | ABO | ENGAJ | TEST.PUB | 09.04","CASA NOVA / INTENÇÃO","ADS 003","Casa & Cia Centro",not_delivering,ad,147,162,1.10204082,"Clique de 7 dias ou visualização de 1 dia",,,4.46,,2026-04-09,Contínuo,,27.5308642,2026-04-10,2026-04-10
2026-04-10,"PM | ABO | ENGAJ | EXPRESS - QUENNTE - 30D | 08.04 | N° 711","QUENTE 30D","ADS 006","Casa & Cia Centro",not_delivering,ad,100,116,1.16,"Clique de 7 dias ou visualização de 1 dia",,,6.3,,2026-04-08,Contínuo,,54.31034483,2026-04-10,2026-04-10
2026-04-09,"PM | ABO | ENGAJ | EXPRESS | 08.04 | N° 111","FRIO - 8","ADS 008","Casa & Cia Centro",not_delivering,ad,287,325,1.13240418,"Clique de 7 dias ou visualização de 1 dia",,,7.66,,2026-04-08,Contínuo,,23.56923077,2026-04-09,2026-04-09
2026-04-09,"PM | ABO | ENGAJ | EXPRESS | 08.04 | N° 111","FRIO - 10","ADS 010","Casa & Cia Centro",not_delivering,ad,403,433,1.07444169,"Clique de 7 dias ou visualização de 1 dia",,,8.45,,2026-04-08,Contínuo,1,19.51501155,2026-04-09,2026-04-09
2026-04-09,"PM | ABO | ENGAJ | EXPRESS | 08.04 | N° 111","FRIO - 2","ADS 002","Casa & Cia Centro",not_delivering,ad,99,109,1.1010101,"Clique de 7 dias ou visualização de 1 dia",,,4.18,,2026-04-08,Contínuo,1,38.34862385,2026-04-09,2026-04-09
2026-04-09,"PM | ABO | ENGAJ | EXPRESS - QUENNTE - 90D | 08.04 | N° 111","QUENTE 90D","ADS 010","Casa & Cia Centro",not_delivering,ad,348,502,1.44252874,"Clique de 7 dias ou visualização de 1 dia","Conversas por mensagem iniciadas",1,20.32,20.32,2026-04-08,Contínuo,2,40.47808765,2026-04-09,2026-04-09
2026-04-09,"PM | ABO | ENGAJ | EXPRESS | 08.04 | N° 111","FRIO - 11","ADS 011","Casa & Cia Centro",not_delivering,ad,628,738,1.17515924,"Clique de 7 dias ou visualização de 1 dia","Conversas por mensagem iniciadas",1,14.4,14.4,2026-04-08,Contínuo,7,19.51219512,2026-04-09,2026-04-09
2026-04-09,"PM | ABO | ENGAJ | EXPRESS - QUENNTE - 30D | 08.04 | N° 711","QUENTE 30D","ADS 002","Casa & Cia Centro",not_delivering,ad,83,101,1.21686747,"Clique de 7 dias ou visualização de 1 dia",,,4.03,,2026-04-08,Contínuo,1,39.9009901,2026-04-09,2026-04-09
2026-04-09,"PM | ABO | ENGAJ | EXPRESS | 08.04 | N° 711","FRIO - 2","ADS 002","Casa & Cia Centro",not_delivering,ad,83,95,1.14457831,"Clique de 7 dias ou visualização de 1 dia",,,3.21,,2026-04-08,Contínuo,,33.78947368,2026-04-09,2026-04-09
2026-04-09,"PM | ABO | ENGAJ | EXPRESS - QUENNTE - 30D | 08.04 | N° 711","QUENTE 30D","ADS 007","Casa & Cia Centro",not_delivering,ad,145,182,1.25517241,"Clique de 7 dias ou visualização de 1 dia",,,8.42,,2026-04-08,Contínuo,,46.26373626,2026-04-09,2026-04-09
2026-04-09,"PM | ABO | ENGAJ | EXPRESS - QUENNTE - 90D | 08.04 | N° 111","QUENTE 90D","ADS 011","Casa & Cia Centro",not_delivering,ad,149,179,1.20134228,"Clique de 7 dias ou visualização de 1 dia",,,8.34,,2026-04-08,Contínuo,,46.59217877,2026-04-09,2026-04-09
2026-04-09,"PM | ABO | ENGAJ | EXPRESS - QUENNTE - 50D | 08.04 | N° 111","QUENTE 50D","ADS 004","Casa & Cia Centro",not_delivering,ad,174,206,1.18390805,"Clique de 7 dias ou visualização de 1 dia",,,8.55,,2026-04-08,Contínuo,1,41.50485437,2026-04-09,2026-04-09
2026-04-09,"PM | ABO | ENGAJ | EXPRESS | 08.04 | N° 711","FRIO - 5","ADS 005","Casa & Cia Centro",not_delivering,ad,509,601,1.18074656,"Clique de 7 dias ou visualização de 1 dia","Conversas por mensagem iniciadas",1,14.09,14.09,2026-04-08,Contínuo,2,23.44425957,2026-04-09,2026-04-09
2026-04-09,"PM | ABO | ENGAJ | EXPRESS | 08.04 | N° 111","FRIO - 7","ADS 007","Casa & Cia Centro",not_delivering,ad,97,100,1.03092784,"Clique de 7 dias ou visualização de 1 dia",,,3.01,,2026-04-08,Contínuo,1,30.1,2026-04-09,2026-04-09
2026-04-09,"PM | ABO | ENGAJ | EXPRESS - QUENNTE - 50D | 08.04 | N° 111","QUENTE 50D","ADS 008","Casa & Cia Centro",not_delivering,ad,331,464,1.40181269,"Clique de 7 dias ou visualização de 1 dia","Conversas por mensagem iniciadas",3,18.86,6.28666667,2026-04-08,Contínuo,6,40.64655172,2026-04-09,2026-04-09
2026-04-09,"PM | ABO | ENGAJ | EXPRESS - QUENNTE - 50D | 08.04 | N° 111","QUENTE 50D","ADS 007","Casa & Cia Centro",not_delivering,ad,146,179,1.2260274,"Clique de 7 dias ou visualização de 1 dia",,,7.28,,2026-04-08,Contínuo,1,40.67039106,2026-04-09,2026-04-09
2026-04-09,"PM | ABO | ENGAJ | EXPRESS - QUENNTE - 50D | 08.04 | N° 111","QUENTE 50D","ADS 006","Casa & Cia Centro",not_delivering,ad,131,165,1.25954198,"Clique de 7 dias ou visualização de 1 dia",,,8.32,,2026-04-08,Contínuo,1,50.42424242,2026-04-09,2026-04-09
2026-04-09,"PM | ABO | ENGAJ | EXPRESS - QUENNTE - 90D | 08.04 | N° 111","QUENTE 90D","ADS 005","Casa & Cia Centro",not_delivering,ad,279,375,1.34408602,"Clique de 7 dias ou visualização de 1 dia","Conversas por mensagem iniciadas",1,13.28,13.28,2026-04-08,Contínuo,3,35.41333333,2026-04-09,2026-04-09
2026-04-09,"PM | ABO | ENGAJ | EXPRESS - QUENNTE - 30D | 08.04 | N° 711","QUENTE 30D","ADS 004","Casa & Cia Centro",not_delivering,ad,406,565,1.39162562,"Clique de 7 dias ou visualização de 1 dia","Conversas por mensagem iniciadas",2,20.34,10.17,2026-04-08,Contínuo,7,36,2026-04-09,2026-04-09
2026-04-09,"PM | ABO | ENGAJ | EXPRESS - QUENNTE - 90D | 08.04 | N° 111","QUENTE 90D","ADS 001","Casa & Cia Centro",not_delivering,ad,81,103,1.27160494,"Clique de 7 dias ou visualização de 1 dia",,,5.93,,2026-04-08,Contínuo,,57.57281553,2026-04-09,2026-04-09
2026-04-09,"PM | ABO | ENGAJ | EXPRESS - QUENNTE - 90D | 08.04 | N° 111","QUENTE 90D","ADS 004","Casa & Cia Centro",not_delivering,ad,163,194,1.19018405,"Clique de 7 dias ou visualização de 1 dia",,,6.83,,2026-04-08,Contínuo,2,35.20618557,2026-04-09,2026-04-09
2026-04-09,"PM | ABO | ENGAJ | EXPRESS - QUENNTE - 90D | 08.04 | N° 111","QUENTE 90D","ADS 002","Casa & Cia Centro",not_delivering,ad,97,116,1.19587629,"Clique de 7 dias ou visualização de 1 dia",,,5.57,,2026-04-08,Contínuo,1,48.01724138,2026-04-09,2026-04-09
2026-04-09,"PM | ABO | ENGAJ | EXPRESS | 08.04 | N° 711","FRIO - 7","ADS 007","Casa & Cia Centro",not_delivering,ad,148,158,1.06756757,"Clique de 7 dias ou visualização de 1 dia",,,4.16,,2026-04-08,Contínuo,1,26.32911392,2026-04-09,2026-04-09
2026-04-09,"PM | ABO | ENGAJ | EXPRESS | 08.04 | N° 711","FRIO - 4","ADS 004","Casa & Cia Centro",not_delivering,ad,209,219,1.04784689,"Clique de 7 dias ou visualização de 1 dia",,,5.14,,2026-04-08,Contínuo,,23.47031963,2026-04-09,2026-04-09
2026-04-09,"PM | ABO | ENGAJ | EXPRESS | 08.04 | N° 711","FRIO - 1","ADS 001","Casa & Cia Centro",not_delivering,ad,159,180,1.13207547,"Clique de 7 dias ou visualização de 1 dia",,,6.09,,2026-04-08,Contínuo,,33.83333333,2026-04-09,2026-04-09
2026-04-09,"PM | ABO | ENGAJ | EXPRESS - QUENNTE - 50D | 08.04 | N° 111","QUENTE 50D","ADS 003","Casa & Cia Centro",not_delivering,ad,145,174,1.2,"Clique de 7 dias ou visualização de 1 dia",,,7.29,,2026-04-08,Contínuo,1,41.89655172,2026-04-09,2026-04-09
2026-04-09,"PM | ABO | ENGAJ | EXPRESS - QUENNTE - 90D | 08.04 | N° 111","QUENTE 90D","ADS 008","Casa & Cia Centro",not_delivering,ad,335,478,1.42686567,"Clique de 7 dias ou visualização de 1 dia","Conversas por mensagem iniciadas",1,21.78,21.78,2026-04-08,Contínuo,1,45.56485356,2026-04-09,2026-04-09
2026-04-09,"PM | ABO | ENGAJ | TEST.PUB | 09.04","ROTINA DOMÉSTICA","ADS 001","Casa & Cia Centro",not_delivering,ad,425,495,1.16470588,"Clique de 7 dias ou visualização de 1 dia",,,11.94,,2026-04-09,Contínuo,3,24.12121212,2026-04-09,2026-04-09
2026-04-09,"PM | ABO | ENGAJ | 09.04","ORGANIZAÇÃO E PRODUTIVIDADE","ADS 003","Casa & Cia Centro",not_delivering,ad,422,458,1.08530806,"Clique de 7 dias ou visualização de 1 dia","Conversas por mensagem iniciadas",1,10.11,10.11,2026-04-09,Contínuo,1,22.07423581,2026-04-09,2026-04-09
2026-04-09,"PM | ABO | ENGAJ | EXPRESS | 08.04 | N° 111","FRIO - 3","ADS 003","Casa & Cia Centro",not_delivering,ad,553,655,1.18444846,"Clique de 7 dias ou visualização de 1 dia","Conversas por mensagem iniciadas",2,13.1,6.55,2026-04-08,Contínuo,3,20,2026-04-09,2026-04-09
2026-04-09,"PM | ABO | ENGAJ | EXPRESS | 08.04 | N° 111","FRIO - 6","ADS 006","Casa & Cia Centro",not_delivering,ad,361,389,1.07756233,"Clique de 7 dias ou visualização de 1 dia",,,10.81,,2026-04-08,Contínuo,1,27.78920308,2026-04-09,2026-04-09
2026-04-09,"PM | ABO | ENGAJ | EXPRESS - QUENNTE - 90D | 08.04 | N° 111","QUENTE 90D","ADS 007","Casa & Cia Centro",not_delivering,ad,139,165,1.18705036,"Clique de 7 dias ou visualização de 1 dia",,,7.27,,2026-04-08,Contínuo,1,44.06060606,2026-04-09,2026-04-09
2026-04-09,"PM | ABO | ENGAJ | TEST.PUB | 09.04","COMPORTAMENTO DE COMPRA","ADS 010","Casa & Cia Centro",not_delivering,ad,572,594,1.03846154,"Clique de 7 dias ou visualização de 1 dia",,,11.26,,2026-04-09,Contínuo,2,18.95622896,2026-04-09,2026-04-09
2026-04-09,"PM | ABO | ENGAJ | EXPRESS - QUENNTE - 30D | 08.04 | N° 711","QUENTE 30D","ADS 005","Casa & Cia Centro",not_delivering,ad,108,140,1.2962963,"Clique de 7 dias ou visualização de 1 dia",,,5.59,,2026-04-08,Contínuo,,39.92857143,2026-04-09,2026-04-09
2026-04-09,"PM | ABO | ENGAJ | EXPRESS | 08.04 | N° 111","FRIO - 4","ADS 004","Casa & Cia Centro",not_delivering,ad,223,239,1.07174888,"Clique de 7 dias ou visualização de 1 dia",,,4.02,,2026-04-08,Contínuo,1,16.82008368,2026-04-09,2026-04-09
2026-04-09,"PM | ABO | ENGAJ | EXPRESS | 08.04 | N° 711","FRIO - 8","ADS 008","Casa & Cia Centro",not_delivering,ad,164,176,1.07317073,"Clique de 7 dias ou visualização de 1 dia","Conversas por mensagem iniciadas",1,3.4,3.4,2026-04-08,Contínuo,,19.31818182,2026-04-09,2026-04-09
2026-04-09,"PM | ABO | ENGAJ | EXPRESS - QUENNTE - 30D | 08.04 | N° 711","QUENTE 30D","ADS 001","Casa & Cia Centro",not_delivering,ad,144,182,1.26388889,"Clique de 7 dias ou visualização de 1 dia",,,8.65,,2026-04-08,Contínuo,,47.52747253,2026-04-09,2026-04-09
2026-04-09,"PM | ABO | ENGAJ | EXPRESS - QUENNTE - 30D | 08.04 | N° 711","QUENTE 30D","ADS 010","Casa & Cia Centro",not_delivering,ad,148,182,1.22972973,"Clique de 7 dias ou visualização de 1 dia",,,6.34,,2026-04-08,Contínuo,,34.83516484,2026-04-09,2026-04-09
2026-04-09,"PM | ABO | ENGAJ | EXPRESS - QUENNTE - 30D | 08.04 | N° 711","QUENTE 30D","ADS 008","Casa & Cia Centro",not_delivering,ad,126,151,1.1984127,"Clique de 7 dias ou visualização de 1 dia",,,6.24,,2026-04-08,Contínuo,,41.32450331,2026-04-09,2026-04-09
2026-04-09,"PM | ABO | ENGAJ | EXPRESS | 08.04 | N° 711","FRIO - 6","ADS 006","Casa & Cia Centro",not_delivering,ad,189,215,1.13756614,"Clique de 7 dias ou visualização de 1 dia",,,5.05,,2026-04-08,Contínuo,,23.48837209,2026-04-09,2026-04-09
2026-04-09,"PM | ABO | ENGAJ | EXPRESS - QUENNTE - 50D | 08.04 | N° 111","QUENTE 90D","ADS 010","Casa & Cia Centro",not_delivering,ad,128,155,1.2109375,"Clique de 7 dias ou visualização de 1 dia",,,10.5,,2026-04-08,Contínuo,,67.74193548,2026-04-09,2026-04-09
2026-04-09,"PM | ABO | ENGAJ | EXPRESS | 08.04 | N° 111","FRIO - 1","ADS 001","Casa & Cia Centro",not_delivering,ad,217,269,1.23963134,"Clique de 7 dias ou visualização de 1 dia",,,9.18,,2026-04-08,Contínuo,2,34.12639405,2026-04-09,2026-04-09
2026-04-09,"PM | ABO | ENGAJ | TEST.PUB | 09.04","CASA NOVA / INTENÇÃO","ADS 003","Casa & Cia Centro",not_delivering,ad,469,514,1.09594883,"Clique de 7 dias ou visualização de 1 dia",,,10.42,,2026-04-09,Contínuo,6,20.27237354,2026-04-09,2026-04-09
2026-04-09,"PM | ABO | ENGAJ | EXPRESS | 08.04 | N° 711","FRIO - 3","ADS 003","Casa & Cia Centro",not_delivering,ad,585,662,1.13162393,"Clique de 7 dias ou visualização de 1 dia","Conversas por mensagem iniciadas",2,14.47,7.235,2026-04-08,Contínuo,7,21.85800604,2026-04-09,2026-04-09
2026-04-09,"PM | ABO | ENGAJ | EXPRESS | 08.04 | N° 711","FRIO - 10","ADS 010","Casa & Cia Centro",not_delivering,ad,494,539,1.09109312,"Clique de 7 dias ou visualização de 1 dia",,,9.81,,2026-04-08,Contínuo,4,18.20037106,2026-04-09,2026-04-09
2026-04-09,"PM | ABO | ENGAJ | EXPRESS - QUENNTE - 50D | 08.04 | N° 111","QUENTE 50D","ADS 001","Casa & Cia Centro",not_delivering,ad,120,153,1.275,"Clique de 7 dias ou visualização de 1 dia",,,8.38,,2026-04-08,Contínuo,1,54.77124183,2026-04-09,2026-04-09
2026-04-09,"PM | ABO | ENGAJ | 09.04","LOJAS / VAREJO","ADS 011","Casa & Cia Centro",not_delivering,ad,584,620,1.06164384,"Clique de 7 dias ou visualização de 1 dia","Conversas por mensagem iniciadas",1,9.8,9.8,2026-04-09,Contínuo,5,15.80645161,2026-04-09,2026-04-09
2026-04-09,"PM | ABO | ENGAJ | EXPRESS - QUENNTE - 50D | 08.04 | N° 111","QUENTE 50D","ADS 011","Casa & Cia Centro",not_delivering,ad,164,204,1.24390244,"Clique de 7 dias ou visualização de 1 dia",,,5.64,,2026-04-08,Contínuo,,27.64705882,2026-04-09,2026-04-09
2026-04-09,"PM | ABO | ENGAJ | EXPRESS | 08.04 | N° 111","FRIO - 5","ADS 005","Casa & Cia Centro",not_delivering,ad,340,373,1.09705882,"Clique de 7 dias ou visualização de 1 dia","Conversas por mensagem iniciadas",1,7.01,7.01,2026-04-08,Contínuo,3,18.79356568,2026-04-09,2026-04-09
2026-04-09,"PM | ABO | ENGAJ | EXPRESS - QUENNTE - 30D | 08.04 | N° 711","QUENTE 30D","ADS 003","Casa & Cia Centro",not_delivering,ad,121,140,1.15702479,"Clique de 7 dias ou visualização de 1 dia",,,8.59,,2026-04-08,Contínuo,,61.35714286,2026-04-09,2026-04-09
2026-04-09,"PM | ABO | ENGAJ | EXPRESS - QUENNTE - 50D | 08.04 | N° 111","QUENTE 50D","ADS 002","Casa & Cia Centro",not_delivering,ad,177,243,1.37288136,"Clique de 7 dias ou visualização de 1 dia",,,9.69,,2026-04-08,Contínuo,3,39.87654321,2026-04-09,2026-04-09
2026-04-09,"PM | ABO | ENGAJ | EXPRESS - QUENNTE - 30D | 08.04 | N° 711","QUENTE 30D","ADS 006","Casa & Cia Centro",not_delivering,ad,313,438,1.39936102,"Clique de 7 dias ou visualização de 1 dia","Conversas por mensagem iniciadas",1,22.49,22.49,2026-04-08,Contínuo,5,51.34703196,2026-04-09,2026-04-09
2026-04-09,"PM | ABO | ENGAJ | EXPRESS - QUENNTE - 90D | 08.04 | N° 111","QUENTE 90D","ADS 003","Casa & Cia Centro",not_delivering,ad,126,152,1.20634921,"Clique de 7 dias ou visualização de 1 dia",,,7.87,,2026-04-08,Contínuo,1,51.77631579,2026-04-09,2026-04-09
2026-04-09,"PM | ABO | ENGAJ | EXPRESS | 08.04 | N° 711","FRIO - 11","ADS 011","Casa & Cia Centro",not_delivering,ad,166,177,1.06626506,"Clique de 7 dias ou visualização de 1 dia",,,3.87,,2026-04-08,Contínuo,1,21.86440678,2026-04-09,2026-04-09
2026-04-09,"PM | ABO | ENGAJ | EXPRESS - QUENNTE - 90D | 08.04 | N° 111","QUENTE 90D","ADS 006","Casa & Cia Centro",not_delivering,ad,174,222,1.27586207,"Clique de 7 dias ou visualização de 1 dia",,,7.12,,2026-04-08,Contínuo,1,32.07207207,2026-04-09,2026-04-09
2026-04-09,"PM | ABO | ENGAJ | EXPRESS - QUENNTE - 30D | 08.04 | N° 711","QUENTE 30D","ADS 011","Casa & Cia Centro",not_delivering,ad,143,170,1.18881119,"Clique de 7 dias ou visualização de 1 dia",,,5.77,,2026-04-08,Contínuo,,33.94117647,2026-04-09,2026-04-09
2026-04-09,"PM | ABO | ENGAJ | TEST.PUB | 09.04","CASA E DECORAÇÃO","ADS 005","Casa & Cia Centro",not_delivering,ad,568,621,1.09330986,"Clique de 7 dias ou visualização de 1 dia",,,10.98,,2026-04-09,Contínuo,2,17.68115942,2026-04-09,2026-04-09
2026-04-09,"PM | ABO | ENGAJ | EXPRESS - QUENNTE - 50D | 08.04 | N° 111","QUENTE 50D","ADS 005","Casa & Cia Centro",not_delivering,ad,287,430,1.49825784,"Clique de 7 dias ou visualização de 1 dia","Conversas por mensagem iniciadas",3,16.39,5.46333333,2026-04-08,Contínuo,4,38.11627907,2026-04-09,2026-04-09
2026-04-08,"PM | ABO | ENGAJ | EXPRESS | 08.04 | N° 111","FRIO - 11","ADS 011","Casa & Cia Centro",not_delivering,ad,524,561,1.07061069,"Clique de 7 dias ou visualização de 1 dia","Conversas por mensagem iniciadas",2,8.64,4.32,2026-04-08,Contínuo,6,15.40106952,2026-04-08,2026-04-08
2026-04-08,"PM | ABO | ENGAJ | VALIDADOS - N° 711 | 07.04","SEMELHANTE — TROCA CRIATIVO — Cópia","ADS 02 — Cópia","Casa & Cia Centro",not_delivering,ad,15,15,1,"Clique de 7 dias ou visualização de 1 dia",,,0.21,,2026-04-07,Contínuo,1,14,2026-04-08,2026-04-08
2026-04-08,"PM | ABO | ENGAJ | EXPRESS - QUENNTE - 90D | 08.04 | N° 111","QUENTE 90D","ADS 010","Casa & Cia Centro",not_delivering,ad,54,58,1.07407407,"Clique de 7 dias ou visualização de 1 dia","Conversas por mensagem iniciadas",1,2.25,2.25,2026-04-08,Contínuo,,38.79310345,2026-04-08,2026-04-08
2026-04-08,"PM | CBO | TRAFEGO| EXPRES | 01.04",ABERTO,"ADS 01","Casa & Cia Centro",not_delivering,ad,597,611,1.02345059,"Clique de 1 dia","Visitas ao perfil do Instagram",12,3.05,0.25416667,2026-04-01,Contínuo,12,4.99181669,2026-04-08,2026-04-08
2026-04-08,"PM | ABO | ENGAJ | EXPRESS | 08.04 | N° 711","FRIO - 2","ADS 002","Casa & Cia Centro",not_delivering,ad,280,311,1.11071429,"Clique de 7 dias ou visualização de 1 dia",,,7.64,,2026-04-08,Contínuo,1,24.5659164,2026-04-08,2026-04-08
2026-04-08,"PM | ABO | ENGAJ | EXPRESS | 08.04 | N° 111","FRIO - 8","ADS 008","Casa & Cia Centro",not_delivering,ad,142,147,1.03521127,"Clique de 7 dias ou visualização de 1 dia",,,2.5,,2026-04-08,Contínuo,,17.00680272,2026-04-08,2026-04-08
2026-04-08,"PM | ABO | ENGAJ | EXPRESS | 08.04 | N° 111","FRIO - 7","ADS 007","Casa & Cia Centro",not_delivering,ad,500,523,1.046,"Clique de 7 dias ou visualização de 1 dia",,,8.49,,2026-04-08,Contínuo,2,16.2332696,2026-04-08,2026-04-08
2026-04-08,"PM | ABO | ENGAJ | EXPRESS - QUENNTE - 30D | 08.04 | N° 711","QUENTE 30D","ADS 007","Casa & Cia Centro",not_delivering,ad,49,55,1.12244898,"Clique de 7 dias ou visualização de 1 dia",,,1.29,,2026-04-08,Contínuo,,23.45454545,2026-04-08,2026-04-08
2026-04-08,"PM | ABO | ENGAJ | EXPRESS | 08.04 | N° 111","FRIO - 2","ADS 002","Casa & Cia Centro",not_delivering,ad,258,291,1.12790698,"Clique de 7 dias ou visualização de 1 dia",,,8.7,,2026-04-08,Contínuo,1,29.89690722,2026-04-08,2026-04-08
2026-04-08,"PM | ABO | TEST. PUB | 06.04","DECORAÇÃO CASA — TROCA CRIATIVO","ADS 07 — Cópia","Casa & Cia Centro",not_delivering,ad,96,103,1.07291667,"Clique de 7 dias ou visualização de 1 dia",,,2.55,,2026-04-07,Contínuo,1,24.75728155,2026-04-08,2026-04-08
2026-04-08,"PM | ABO | ENGAJ | EXPRESS - QUENNTE - 90D | 08.04 | N° 111","QUENTE 90D","ADS 011","Casa & Cia Centro",not_delivering,ad,48,57,1.1875,"Clique de 7 dias ou visualização de 1 dia",,,1.14,,2026-04-08,Contínuo,,20,2026-04-08,2026-04-08
2026-04-08,"PM | ABO | ENGAJ | EXPRESS - QUENNTE - 30D | 08.04 | N° 711","QUENTE 30D","ADS 002","Casa & Cia Centro",not_delivering,ad,208,257,1.23557692,"Clique de 7 dias ou visualização de 1 dia",,,8.6,,2026-04-08,Contínuo,1,33.46303502,2026-04-08,2026-04-08
2026-04-08,"PM | ABO | ENGAJ | EXPRESS | 08.04 | N° 711","FRIO - 5","ADS 005","Casa & Cia Centro",not_delivering,ad,381,410,1.07611549,"Clique de 7 dias ou visualização de 1 dia","Conversas por mensagem iniciadas",1,8.37,8.37,2026-04-08,Contínuo,2,20.41463415,2026-04-08,2026-04-08
2026-04-08,"PM | ABO | ENGAJ | EXPRESS | 08.04 | N° 111","FRIO - 3","ADS 003","Casa & Cia Centro",not_delivering,ad,378,407,1.07671958,"Clique de 7 dias ou visualização de 1 dia","Conversas por mensagem iniciadas",1,9.64,9.64,2026-04-08,Contínuo,5,23.68550369,2026-04-08,2026-04-08
2026-04-08,"PM | ABO | ENGAJ | VALIDADOS - N° 111 | 07.04","A5 - SEMELHANTE — Cópia","ADS 05","Casa & Cia Centro",not_delivering,ad,267,279,1.04494382,"Clique de 7 dias ou visualização de 1 dia","Conversas por mensagem iniciadas",2,7.43,3.715,2026-04-07,Contínuo,1,26.63082437,2026-04-08,2026-04-08
2026-04-08,"PM | ABO | ENGAJ | EXPRESS | 08.04 | N° 111","FRIO - 6","ADS 006","Casa & Cia Centro",not_delivering,ad,124,131,1.05645161,"Clique de 7 dias ou visualização de 1 dia",,,1.79,,2026-04-08,Contínuo,1,13.66412214,2026-04-08,2026-04-08
2026-04-08,"PM | ABO | ENGAJ | EXPRESS | 08.04 | N° 111","FRIO - 10","ADS 010","Casa & Cia Centro",not_delivering,ad,488,530,1.08606557,"Clique de 7 dias ou visualização de 1 dia","Conversas por mensagem iniciadas",1,8.73,8.73,2026-04-08,Contínuo,3,16.47169811,2026-04-08,2026-04-08
2026-04-08,"PM | ABO | ENGAJ | EXPRESS - QUENNTE - 90D | 08.04 | N° 111","QUENTE 90D","ADS 002","Casa & Cia Centro",not_delivering,ad,220,304,1.38181818,"Clique de 7 dias ou visualização de 1 dia",,,8.84,,2026-04-08,Contínuo,,29.07894737,2026-04-08,2026-04-08
2026-04-08,"PM | ABO | ENGAJ | EXPRESS - QUENNTE - 30D | 08.04 | N° 711","QUENTE 30D","ADS 008","Casa & Cia Centro",not_delivering,ad,68,76,1.11764706,"Clique de 7 dias ou visualização de 1 dia",,,1.65,,2026-04-08,Contínuo,1,21.71052632,2026-04-08,2026-04-08
2026-04-08,"PM | ABO | ENGAJ | EXPRESS - QUENNTE - 90D | 08.04 | N° 111","QUENTE 90D","ADS 008","Casa & Cia Centro",not_delivering,ad,22,27,1.22727273,"Clique de 7 dias ou visualização de 1 dia",,,0.45,,2026-04-08,Contínuo,,16.66666667,2026-04-08,2026-04-08
2026-04-08,"PM | ABO | ENGAJ | EXPRESS - QUENNTE - 50D | 08.04 | N° 111","QUENTE 50D","ADS 003","Casa & Cia Centro",not_delivering,ad,20,25,1.25,"Clique de 7 dias ou visualização de 1 dia",,,1.46,,2026-04-08,Contínuo,,58.4,2026-04-08,2026-04-08
2026-04-08,"PM | ABO | ENGAJ | EXPRESS | 08.04 | N° 711","FRIO - 1","ADS 001","Casa & Cia Centro",not_delivering,ad,189,209,1.10582011,"Clique de 7 dias ou visualização de 1 dia",,,6.11,,2026-04-08,Contínuo,1,29.23444976,2026-04-08,2026-04-08
2026-04-08,"PM | ABO | ENGAJ | EXPRESS | 08.04 | N° 711","FRIO - 4","ADS 004","Casa & Cia Centro",not_delivering,ad,463,481,1.03887689,"Clique de 7 dias ou visualização de 1 dia",,,8.28,,2026-04-08,Contínuo,1,17.21413721,2026-04-08,2026-04-08
2026-04-08,"PM | ABO | ENGAJ | EXPRESS | 08.04 | N° 711","FRIO - 7","ADS 007","Casa & Cia Centro",not_delivering,ad,424,445,1.0495283,"Clique de 7 dias ou visualização de 1 dia",,,8,,2026-04-08,Contínuo,3,17.97752809,2026-04-08,2026-04-08
2026-04-08,"PM | ABO | ENGAJ | EXPRESS - QUENNTE - 90D | 08.04 | N° 111","QUENTE 90D","ADS 004","Casa & Cia Centro",not_delivering,ad,48,49,1.02083333,"Clique de 7 dias ou visualização de 1 dia",,,1.29,,2026-04-08,Contínuo,1,26.32653061,2026-04-08,2026-04-08
2026-04-08,"PM | ABO | ENGAJ | EXPRESS - QUENNTE - 50D | 08.04 | N° 111","QUENTE 50D","ADS 008","Casa & Cia Centro",not_delivering,ad,62,67,1.08064516,"Clique de 7 dias ou visualização de 1 dia",,,3.5,,2026-04-08,Contínuo,1,52.23880597,2026-04-08,2026-04-08
2026-04-08,"PM | ABO | ENGAJ | EXPRESS - QUENNTE - 50D | 08.04 | N° 111","QUENTE 50D","ADS 007","Casa & Cia Centro",not_delivering,ad,61,70,1.14754098,"Clique de 7 dias ou visualização de 1 dia",,,1.54,,2026-04-08,Contínuo,,22,2026-04-08,2026-04-08
2026-04-08,"PM | ABO | ENGAJ | EXPRESS - QUENNTE - 90D | 08.04 | N° 111","QUENTE 90D","ADS 001","Casa & Cia Centro",not_delivering,ad,217,304,1.40092166,"Clique de 7 dias ou visualização de 1 dia",,,9.45,,2026-04-08,Contínuo,1,31.08552632,2026-04-08,2026-04-08
2026-04-08,"PM | ABO | ENGAJ | EXPRESS - QUENNTE - 30D | 08.04 | N° 711","QUENTE 30D","ADS 004","Casa & Cia Centro",not_delivering,ad,36,37,1.02777778,"Clique de 7 dias ou visualização de 1 dia",,,1.36,,2026-04-08,Contínuo,,36.75675676,2026-04-08,2026-04-08
2026-04-08,"PM | ABO | ENGAJ | EXPRESS - QUENNTE - 90D | 08.04 | N° 111","QUENTE 90D","ADS 005","Casa & Cia Centro",not_delivering,ad,69,81,1.17391304,"Clique de 7 dias ou visualização de 1 dia",,,3.13,,2026-04-08,Contínuo,2,38.64197531,2026-04-08,2026-04-08
2026-04-08,"PM | ABO | ENGAJ | EXPRESS - QUENNTE - 50D | 08.04 | N° 111","QUENTE 50D","ADS 006","Casa & Cia Centro",not_delivering,ad,33,39,1.18181818,"Clique de 7 dias ou visualização de 1 dia",,,1.3,,2026-04-08,Contínuo,,33.33333333,2026-04-08,2026-04-08
2026-04-08,"PM | ABO | ENGAJ | EXPRESS - QUENNTE - 50D | 08.04 | N° 111","QUENTE 50D","ADS 004","Casa & Cia Centro",not_delivering,ad,38,44,1.15789474,"Clique de 7 dias ou visualização de 1 dia",,,1.28,,2026-04-08,Contínuo,1,29.09090909,2026-04-08,2026-04-08
2026-04-08,"PM | ABO | ENGAJ | EXPRESS - QUENNTE - 90D | 08.04 | N° 111","QUENTE 90D","ADS 007","Casa & Cia Centro",not_delivering,ad,52,52,1,"Clique de 7 dias ou visualização de 1 dia",,,2.23,,2026-04-08,Contínuo,1,42.88461538,2026-04-08,2026-04-08
2026-04-08,"PM | ABO | ENGAJ | EXPRESS - QUENNTE - 30D | 08.04 | N° 711","QUENTE 30D","ADS 005","Casa & Cia Centro",not_delivering,ad,56,61,1.08928571,"Clique de 7 dias ou visualização de 1 dia",,,2.14,,2026-04-08,Contínuo,,35.08196721,2026-04-08,2026-04-08
2026-04-08,"PM | ABO | ENGAJ | EXPRESS - QUENNTE - 30D | 08.04 | N° 711","QUENTE 30D","ADS 011","Casa & Cia Centro",not_delivering,ad,58,63,1.0862069,"Clique de 7 dias ou visualização de 1 dia",,,1.91,,2026-04-08,Contínuo,,30.31746032,2026-04-08,2026-04-08
2026-04-08,"PM | ABO | ENGAJ | EXPRESS | 08.04 | N° 711","FRIO - 3","ADS 003","Casa & Cia Centro",not_delivering,ad,299,353,1.18060201,"Clique de 7 dias ou visualização de 1 dia","Conversas por mensagem iniciadas",2,9.09,4.545,2026-04-08,Contínuo,4,25.75070822,2026-04-08,2026-04-08
2026-04-08,"PM | ABO | ENGAJ | EXPRESS - QUENNTE - 90D | 08.04 | N° 111","QUENTE 90D","ADS 006","Casa & Cia Centro",not_delivering,ad,23,24,1.04347826,"Clique de 7 dias ou visualização de 1 dia",,,0.88,,2026-04-08,Contínuo,,36.66666667,2026-04-08,2026-04-08
2026-04-08,"PM | ABO | ENGAJ | EXPRESS | 08.04 | N° 111","FRIO - 4","ADS 004","Casa & Cia Centro",not_delivering,ad,451,469,1.03991131,"Clique de 7 dias ou visualização de 1 dia",,,9.32,,2026-04-08,Contínuo,1,19.87206823,2026-04-08,2026-04-08
2026-04-08,"PM | ABO | ENGAJ | EXPRESS | 08.04 | N° 711","FRIO - 8","ADS 008","Casa & Cia Centro",not_delivering,ad,503,555,1.10337972,"Clique de 7 dias ou visualização de 1 dia",,,8.9,,2026-04-08,Contínuo,2,16.03603604,2026-04-08,2026-04-08
2026-04-08,"PM | ABO | TEST. PUB | 06.04","DECORAÇÃO CASA","ADS 05","Casa & Cia Centro",not_delivering,ad,280,289,1.03214286,"Clique de 7 dias ou visualização de 1 dia","Conversas por mensagem iniciadas",1,8.25,8.25,2026-04-06,Contínuo,2,28.5467128,2026-04-08,2026-04-08
2026-04-08,"PM | ABO | ENGAJ | EXPRESS - QUENNTE - 30D | 08.04 | N° 711","QUENTE 30D","ADS 001","Casa & Cia Centro",not_delivering,ad,12,17,1.41666667,"Clique de 7 dias ou visualização de 1 dia",,,0.38,,2026-04-08,Contínuo,,22.35294118,2026-04-08,2026-04-08
2026-04-08,"PM | ABO | ENGAJ | EXPRESS - QUENNTE - 30D | 08.04 | N° 711","QUENTE 30D","ADS 010","Casa & Cia Centro",not_delivering,ad,42,47,1.11904762,"Clique de 7 dias ou visualização de 1 dia",,,1.68,,2026-04-08,Contínuo,,35.74468085,2026-04-08,2026-04-08
2026-04-08,"PM | ABO | ENGAJ | EXPRESS | 08.04 | N° 711","FRIO - 10","ADS 010","Casa & Cia Centro",not_delivering,ad,469,503,1.07249467,"Clique de 7 dias ou visualização de 1 dia","Conversas por mensagem iniciadas",1,7.59,7.59,2026-04-08,Contínuo,3,15.08946322,2026-04-08,2026-04-08
2026-04-08,"PM | ABO | ENGAJ | EXPRESS | 08.04 | N° 711","FRIO - 6","ADS 006","Casa & Cia Centro",not_delivering,ad,368,407,1.10597826,"Clique de 7 dias ou visualização de 1 dia",,,8.41,,2026-04-08,Contínuo,,20.66339066,2026-04-08,2026-04-08
2026-04-08,"PM | ABO | ENGAJ | EXPRESS - QUENNTE - 50D | 08.04 | N° 111","QUENTE 90D","ADS 010","Casa & Cia Centro",not_delivering,ad,21,27,1.28571429,"Clique de 7 dias ou visualização de 1 dia",,,0.92,,2026-04-08,Contínuo,,34.07407407,2026-04-08,2026-04-08
2026-04-08,"PM | ABO | ENGAJ | EXPRESS | 08.04 | N° 111","FRIO - 1","ADS 001","Casa & Cia Centro",not_delivering,ad,267,298,1.11610487,"Clique de 7 dias ou visualização de 1 dia","Conversas por mensagem iniciadas",1,7.94,7.94,2026-04-08,Contínuo,3,26.6442953,2026-04-08,2026-04-08
2026-04-08,"PM | ABO | ENGAJ | VALIDADOS - N° 711 | 07.04","SEMELHANTE — Cópia","ADS 03","Casa & Cia Centro",not_delivering,ad,132,136,1.03030303,"Clique de 7 dias ou visualização de 1 dia","Conversas por mensagem iniciadas",1,2.6,2.6,2026-04-07,Contínuo,1,19.11764706,2026-04-08,2026-04-08
2026-04-08,"PM | ABO | ENGAJ | QUNETE | 07.04","QUNETE 100D - N° 111","ADS 07","Casa & Cia Centro",not_delivering,ad,137,165,1.20437956,"Clique de 7 dias ou visualização de 1 dia","Conversas por mensagem iniciadas",4,5.72,1.43,2026-04-07,Contínuo,5,34.66666667,2026-04-08,2026-04-08
2026-04-08,"PM | ABO | ENGAJ | VALIDADOS - N° 711 | 07.04","A5 - SEMELHANTE — Cópia","ADS 05","Casa & Cia Centro",not_delivering,ad,30,30,1,"Clique de 7 dias ou visualização de 1 dia",,,0.8,,2026-04-07,Contínuo,,26.66666667,2026-04-08,2026-04-08
2026-04-08,"PM | ABO | ENGAJ | VALIDADOS - N° 111 | 07.04","SEMELHANTE — TROCA CRIATIVO — Cópia","ADS 02 — Cópia","Casa & Cia Centro",not_delivering,ad,54,59,1.09259259,"Clique de 7 dias ou visualização de 1 dia",,,0.88,,2026-04-07,Contínuo,1,14.91525424,2026-04-08,2026-04-08
2026-04-08,"PM | ABO | ENGAJ | EXPRESS - QUENNTE - 50D | 08.04 | N° 111","QUENTE 50D","ADS 001","Casa & Cia Centro",not_delivering,ad,237,314,1.32489451,"Clique de 7 dias ou visualização de 1 dia","Conversas por mensagem iniciadas",1,8.45,8.45,2026-04-08,Contínuo,1,26.91082803,2026-04-08,2026-04-08
2026-04-08,"PM | ABO | ENGAJ | EXPRESS - QUENNTE - 50D | 08.04 | N° 111","QUENTE 50D","ADS 011","Casa & Cia Centro",not_delivering,ad,60,66,1.1,"Clique de 7 dias ou visualização de 1 dia",,,1.77,,2026-04-08,Contínuo,,26.81818182,2026-04-08,2026-04-08
2026-04-08,"PM | ABO | ENGAJ | EXPRESS | 08.04 | N° 711","FRIO - 11","ADS 011","Casa & Cia Centro",not_delivering,ad,550,603,1.09636364,"Clique de 7 dias ou visualização de 1 dia",,,9.11,,2026-04-08,Contínuo,2,15.10779436,2026-04-08,2026-04-08
2026-04-08,"PM | ABO | ENGAJ | EXPRESS - QUENNTE - 90D | 08.04 | N° 111","QUENTE 90D","ADS 003","Casa & Cia Centro",not_delivering,ad,38,46,1.21052632,"Clique de 7 dias ou visualização de 1 dia",,,1.46,,2026-04-08,Contínuo,,31.73913043,2026-04-08,2026-04-08
2026-04-08,"PM | ABO | ENGAJ | EXPRESS - QUENNTE - 30D | 08.04 | N° 711","QUENTE 30D","ADS 006","Casa & Cia Centro",not_delivering,ad,26,28,1.07692308,"Clique de 7 dias ou visualização de 1 dia",,,1.62,,2026-04-08,Contínuo,1,57.85714286,2026-04-08,2026-04-08
2026-04-08,"PM | ABO | ENGAJ | EXPRES | 01.04","A5 - SEMELHANTE","ADS 05","Casa & Cia Centro",not_delivering,ad,291,307,1.05498282,"Clique de 7 dias ou visualização de 1 dia",,,6.91,,2026-04-01,Contínuo,2,22.50814332,2026-04-08,2026-04-08
2026-04-08,"PM | ABO | ENGAJ | EXPRESS - QUENNTE - 30D | 08.04 | N° 711","QUENTE 30D","ADS 003","Casa & Cia Centro",not_delivering,ad,26,29,1.11538462,"Clique de 7 dias ou visualização de 1 dia",,,2.34,,2026-04-08,Contínuo,,80.68965517,2026-04-08,2026-04-08
2026-04-08,"PM | ABO | ENGAJ | EXPRESS | 08.04 | N° 111","FRIO - 5","ADS 005","Casa & Cia Centro",not_delivering,ad,310,364,1.17419355,"Clique de 7 dias ou visualização de 1 dia",,,7.82,,2026-04-08,Contínuo,,21.48351648,2026-04-08,2026-04-08
2026-04-08,"PM | ABO | ENGAJ | EXPRESS - QUENNTE - 50D | 08.04 | N° 111","QUENTE 50D","ADS 002","Casa & Cia Centro",not_delivering,ad,252,335,1.32936508,"Clique de 7 dias ou visualização de 1 dia","Conversas por mensagem iniciadas",1,10.11,10.11,2026-04-08,Contínuo,3,30.17910448,2026-04-08,2026-04-08
2026-04-08,"PM | ABO | ENGAJ | QUNETE | 07.04","QUNETE 100D - N° 711","ADS 07","Casa & Cia Centro",not_delivering,ad,201,234,1.1641791,"Clique de 7 dias ou visualização de 1 dia","Conversas por mensagem iniciadas",1,9.57,9.57,2026-04-07,Contínuo,2,40.8974359,2026-04-08,2026-04-08
2026-04-08,"PM | ABO | ENGAJ | EXPRES | 01.04","A7 - SEMELHANTE","ADS 07","Casa & Cia Centro",not_delivering,ad,418,425,1.01674641,"Clique de 7 dias ou visualização de 1 dia",,,11.47,,2026-04-01,Contínuo,3,26.98823529,2026-04-08,2026-04-08
2026-04-08,"PM | ABO | ENGAJ | VALIDADOS - N° 711 | 07.04","A7 - SEMELHANTE — Cópia","ADS 07","Casa & Cia Centro",not_delivering,ad,67,67,1,"Clique de 7 dias ou visualização de 1 dia",,,1.36,,2026-04-07,Contínuo,1,20.29850746,2026-04-08,2026-04-08
2026-04-08,"PM | ABO | ENGAJ | VALIDADOS - N° 111 | 07.04","A7 - SEMELHANTE — Cópia","ADS 07","Casa & Cia Centro",not_delivering,ad,82,83,1.01219512,"Clique de 7 dias ou visualização de 1 dia",,,1.92,,2026-04-07,Contínuo,1,23.13253012,2026-04-08,2026-04-08
2026-04-08,"PM | ABO | ENGAJ | VALIDADOS - N° 111 | 07.04","SEMELHANTE — Cópia","ADS 03","Casa & Cia Centro",not_delivering,ad,167,175,1.04790419,"Clique de 7 dias ou visualização de 1 dia","Conversas por mensagem iniciadas",1,3.76,3.76,2026-04-07,Contínuo,2,21.48571429,2026-04-08,2026-04-08
2026-04-08,"PM | ABO | ENGAJ | EXPRESS - QUENNTE - 50D | 08.04 | N° 111","QUENTE 50D","ADS 005","Casa & Cia Centro",not_delivering,ad,68,79,1.16176471,"Clique de 7 dias ou visualização de 1 dia",,,3.95,,2026-04-08,Contínuo,,50,2026-04-08,2026-04-08
2026-04-07,"PM | ABO | ENGAJ | VALIDADOS - N° 711 | 07.04","A7 - SEMELHANTE — Cópia","ADS 07","Casa & Cia Centro",not_delivering,ad,181,189,1.0441989,"Clique de 7 dias ou visualização de 1 dia",,,5.53,,2026-04-07,Contínuo,,29.25925926,2026-04-07,2026-04-07
2026-04-07,"PM | ABO | TEST. PUB | 06.04",CASADOS,"ADS 07","Casa & Cia Centro",not_delivering,ad,122,125,1.02459016,"Clique de 7 dias ou visualização de 1 dia",,,4.28,,2026-04-06,Contínuo,,34.24,2026-04-07,2026-04-07
2026-04-07,"PM | ABO | ENGAJ | VALIDADOS - N° 111 | 07.04","A5 - SEMELHANTE — Cópia","ADS 05","Casa & Cia Centro",not_delivering,ad,518,550,1.06177606,"Clique de 7 dias ou visualização de 1 dia","Conversas por mensagem iniciadas",2,11.16,5.58,2026-04-07,Contínuo,5,20.29090909,2026-04-07,2026-04-07
2026-04-07,"PM | CBO | TRAFEGO| EXPRES | 01.04",ABERTO,"ADS 01","Casa & Cia Centro",not_delivering,ad,2393,2553,1.06686168,"Clique de 1 dia","Visitas ao perfil do Instagram",54,9.55,0.17685185,2026-04-01,Contínuo,56,3.74069722,2026-04-07,2026-04-07
2026-04-07,"PM | ABO | ENGAJ | VALIDADOS - N° 711 | 07.04","SEMELHANTE — TROCA CRIATIVO — Cópia","ADS 02 — Cópia","Casa & Cia Centro",not_delivering,ad,227,238,1.04845815,"Clique de 7 dias ou visualização de 1 dia",,,5.25,,2026-04-07,Contínuo,1,22.05882353,2026-04-07,2026-04-07
2026-04-07,"PM | ABO | TEST. PUB | 06.04","DECORAÇÃO CASA — TROCA CRIATIVO","ADS 07 — Cópia","Casa & Cia Centro",not_delivering,ad,199,206,1.03517588,"Clique de 7 dias ou visualização de 1 dia",,,4.54,,2026-04-07,Contínuo,1,22.03883495,2026-04-07,2026-04-07
2026-04-07,"PM | ABO | ENGAJ | QUNETE | 07.04","QUNETE 100D - N° 711","ADS 08 — Cópia","Casa & Cia Centro",not_delivering,ad,171,182,1.06432749,"Clique de 7 dias ou visualização de 1 dia",,,4.99,,2026-04-07,Contínuo,,27.41758242,2026-04-07,2026-04-07
2026-04-07,"PM | ABO | ENGAJ | EXPESS | 06.04",SEMELHANTE,"ADS 01","Casa & Cia Centro",not_delivering,ad,213,233,1.09389671,"Clique de 7 dias ou visualização de 1 dia",,,10.9,,2026-04-06,Contínuo,,46.78111588,2026-04-07,2026-04-07
2026-04-07,"PM | ABO | ENGAJ | QUNETE | 07.04","QUNETE 100D - N° 711","ADS 07","Casa & Cia Centro",not_delivering,ad,283,312,1.1024735,"Clique de 7 dias ou visualização de 1 dia","Conversas por mensagem iniciadas",4,10.24,2.56,2026-04-07,Contínuo,6,32.82051282,2026-04-07,2026-04-07
2026-04-07,"PM | ABO | ENGAJ | EXPRES | 01.04","A7 - SEMELHANTE","ADS 07","Casa & Cia Centro",not_delivering,ad,863,1025,1.18771727,"Clique de 7 dias ou visualização de 1 dia","Conversas por mensagem iniciadas",5,27.36,5.472,2026-04-01,Contínuo,14,26.69268293,2026-04-07,2026-04-07
2026-04-07,"PM | ABO | ENGAJ | QUNETE | 07.04","QUNETE 100D - N° 111","ADS 08","Casa & Cia Centro",not_delivering,ad,138,144,1.04347826,"Clique de 7 dias ou visualização de 1 dia","Conversas por mensagem iniciadas",2,2.5,1.25,2026-04-07,Contínuo,2,17.36111111,2026-04-07,2026-04-07
2026-04-07,"PM | ABO | ENGAJ | VALIDADOS - N° 111 | 07.04","A7 - SEMELHANTE — Cópia","ADS 07","Casa & Cia Centro",not_delivering,ad,191,193,1.0104712,"Clique de 7 dias ou visualização de 1 dia",,,4.11,,2026-04-07,Contínuo,1,21.29533679,2026-04-07,2026-04-07
2026-04-07,"PM | ABO | ENGAJ | EXPESS | 06.04",SEMELHANTE,"ADS 03","Casa & Cia Centro",not_delivering,ad,398,440,1.10552764,"Clique de 7 dias ou visualização de 1 dia","Conversas por mensagem iniciadas",1,13.14,13.14,2026-04-06,Contínuo,2,29.86363636,2026-04-07,2026-04-07
2026-04-07,"PM | ABO | ENGAJ | EXPRES | 01.04","A5 - SEMELHANTE","ADS 05","Casa & Cia Centro",not_delivering,ad,744,809,1.08736559,"Clique de 7 dias ou visualização de 1 dia","Conversas por mensagem iniciadas",3,24.34,8.11333333,2026-04-01,Contínuo,6,30.08652658,2026-04-07,2026-04-07
2026-04-07,"PM | ABO | ENGAJ | EXPESS | 06.04",SEMELHANTE,"ADS 02","Casa & Cia Centro",not_delivering,ad,396,430,1.08585859,"Clique de 7 dias ou visualização de 1 dia",,,14.53,,2026-04-06,Contínuo,4,33.79069767,2026-04-07,2026-04-07
2026-04-07,"PM | ABO | ENGAJ | VALIDADOS - N° 711 | 07.04","A5 - SEMELHANTE — Cópia","ADS 05","Casa & Cia Centro",not_delivering,ad,240,243,1.0125,"Clique de 7 dias ou visualização de 1 dia","Conversas por mensagem iniciadas",1,4.17,4.17,2026-04-07,Contínuo,1,17.16049383,2026-04-07,2026-04-07
2026-04-07,"PM | ABO | ENGAJ | QUNETE | 07.04","QUNETE 100D - N° 111","ADS 07","Casa & Cia Centro",not_delivering,ad,237,252,1.06329114,"Clique de 7 dias ou visualização de 1 dia",,,9.06,,2026-04-07,Contínuo,,35.95238095,2026-04-07,2026-04-07
2026-04-07,"PM | ABO | ENGAJ | VALIDADOS - N° 111 | 07.04","SEMELHANTE — TROCA CRIATIVO — Cópia","ADS 02 — Cópia","Casa & Cia Centro",not_delivering,ad,228,236,1.03508772,"Clique de 7 dias ou visualização de 1 dia","Conversas por mensagem iniciadas",1,4.66,4.66,2026-04-07,Contínuo,1,19.74576271,2026-04-07,2026-04-07
2026-04-07,"PM | ABO | ENGAJ | VALIDADOS - N° 711 | 07.04","SEMELHANTE — Cópia","ADS 03","Casa & Cia Centro",not_delivering,ad,503,535,1.06361829,"Clique de 7 dias ou visualização de 1 dia",,,11.38,,2026-04-07,Contínuo,2,21.27102804,2026-04-07,2026-04-07
2026-04-07,"PM | ABO | TEST. PUB | 06.04","DECORAÇÃO CASA","ADS 05","Casa & Cia Centro",not_delivering,ad,873,985,1.12829324,"Clique de 7 dias ou visualização de 1 dia","Conversas por mensagem iniciadas",4,25.47,6.3675,2026-04-06,Contínuo,8,25.85786802,2026-04-07,2026-04-07
2026-04-07,"PM | ABO | ENGAJ | VALIDADOS - N° 111 | 07.04","SEMELHANTE — Cópia","ADS 03","Casa & Cia Centro",not_delivering,ad,486,519,1.06790123,"Clique de 7 dias ou visualização de 1 dia","Conversas por mensagem iniciadas",1,9.92,9.92,2026-04-07,Contínuo,3,19.11368015,2026-04-07,2026-04-07
2026-04-06,"PM | ABO | ENGAJ | EXPRES | 01.04","A7 - SEMELHANTE","ADS 07","Casa & Cia Centro",not_delivering,ad,575,652,1.13391304,"Clique de 7 dias ou visualização de 1 dia","Conversas por mensagem iniciadas",3,17.9,5.96666667,2026-04-01,Contínuo,7,27.45398773,2026-04-06,2026-04-06
2026-04-06,"PM | ABO | TEST. PUB | 06.04",CASADOS,"ADS 07","Casa & Cia Centro",not_delivering,ad,302,336,1.11258278,"Clique de 7 dias ou visualização de 1 dia",,,10.86,,2026-04-06,Contínuo,3,32.32142857,2026-04-06,2026-04-06
2026-04-06,"PM | CBO | TRAFEGO| EXPRES | 01.04",ABERTO,"ADS 01","Casa & Cia Centro",not_delivering,ad,3180,3659,1.15062893,"Clique de 1 dia","Visitas ao perfil do Instagram",47,9.68,0.20595745,2026-04-01,Contínuo,48,2.64553157,2026-04-06,2026-04-06
2026-04-06,"PM | ABO | ENGAJ | EXPRES | 01.04","A6 - SEMELHANTE","ADS 06","Casa & Cia Centro",not_delivering,ad,42,43,1.02380952,"Clique de 7 dias ou visualização de 1 dia",,,2.12,,2026-04-01,Contínuo,,49.30232558,2026-04-06,2026-04-06
2026-04-06,"PM | ABO | ENGAJ | EXPESS | 06.04",SEMELHANTE,"ADS 01","Casa & Cia Centro",not_delivering,ad,272,296,1.08823529,"Clique de 7 dias ou visualização de 1 dia",,,7.41,,2026-04-06,Contínuo,1,25.03378378,2026-04-06,2026-04-06
2026-04-06,"PM | ABO | ENGAJ | EXPRES | 01.04","A2 - SEMELHANTE","ADS 02","Casa & Cia Centro",not_delivering,ad,41,45,1.09756098,"Clique de 7 dias ou visualização de 1 dia",,,1.79,,2026-04-01,Contínuo,,39.77777778,2026-04-06,2026-04-06
2026-04-06,"PM | ABO | ENGAJ | EXPRES | 01.04","A1 - SEMELHANTE","ADS 01","Casa & Cia Centro",not_delivering,ad,30,32,1.06666667,"Clique de 7 dias ou visualização de 1 dia",,,1.54,,2026-04-01,Contínuo,,48.125,2026-04-06,2026-04-06
2026-04-06,"PM | CBO | TRAFEGO| EXPRES | 01.04",ABERTO,"ADS 02","Casa & Cia Centro",not_delivering,ad,81,89,1.09876543,"Clique de 1 dia",,,0.26,,2026-04-01,Contínuo,,2.92134831,2026-04-06,2026-04-06
2026-04-06,"PM | ABO | ENGAJ | EXPESS | 06.04",SEMELHANTE,"ADS 03","Casa & Cia Centro",not_delivering,ad,400,418,1.045,"Clique de 7 dias ou visualização de 1 dia","Conversas por mensagem iniciadas",2,9.37,4.685,2026-04-06,Contínuo,4,22.41626794,2026-04-06,2026-04-06
2026-04-06,"PM | ABO | ENGAJ | EXPRES | 01.04","A4 - SEMELHANTE","ADS 04","Casa & Cia Centro",not_delivering,ad,41,44,1.07317073,"Clique de 7 dias ou visualização de 1 dia","Conversas por mensagem iniciadas",1,1.8,1.8,2026-04-01,Contínuo,2,40.90909091,2026-04-06,2026-04-06
2026-04-06,"PM | ABO | ENGAJ | EXPRES | 01.04","A5 - SEMELHANTE","ADS 05","Casa & Cia Centro",not_delivering,ad,540,610,1.12962963,"Clique de 7 dias ou visualização de 1 dia","Conversas por mensagem iniciadas",2,17.92,8.96,2026-04-01,Contínuo,2,29.37704918,2026-04-06,2026-04-06
2026-04-06,"PM | ABO | ENGAJ | EXPESS | 06.04",SEMELHANTE,"ADS 02","Casa & Cia Centro",not_delivering,ad,295,318,1.0779661,"Clique de 7 dias ou visualização de 1 dia","Conversas por mensagem iniciadas",1,7.2,7.2,2026-04-06,Contínuo,3,22.64150943,2026-04-06,2026-04-06
2026-04-06,"PM | ABO | TEST. PUB | 06.04","DECORAÇÃO CASA","ADS 05","Casa & Cia Centro",not_delivering,ad,359,373,1.03899721,"Clique de 7 dias ou visualização de 1 dia","Conversas por mensagem iniciadas",3,12.47,4.15666667,2026-04-06,Contínuo,6,33.43163539,2026-04-06,2026-04-06
2026-04-05,"PM | ABO | ENGAJ | EXPRES | 01.04","A7 - SEMELHANTE","ADS 07","Casa & Cia Centro",not_delivering,ad,319,375,1.17554859,"Clique de 7 dias ou visualização de 1 dia",,,9.13,,2026-04-01,Contínuo,,24.34666667,2026-04-05,2026-04-05
2026-04-05,"PM | CBO | TRAFEGO| EXPRES | 01.04",ABERTO,"ADS 01","Casa & Cia Centro",not_delivering,ad,4335,4775,1.10149942,"Clique de 1 dia","Visitas ao perfil do Instagram",64,11.09,0.17328125,2026-04-01,Contínuo,63,2.32251309,2026-04-05,2026-04-05
2026-04-05,"PM | ABO | ENGAJ | EXPRES | 01.04","A2 - SEMELHANTE","ADS 02","Casa & Cia Centro",not_delivering,ad,174,218,1.25287356,"Clique de 7 dias ou visualização de 1 dia","Conversas por mensagem iniciadas",2,8.53,4.265,2026-04-01,Contínuo,3,39.12844037,2026-04-05,2026-04-05
2026-04-05,"PM | ABO | ENGAJ | EXPRES | 01.04","A6 - SEMELHANTE","ADS 06","Casa & Cia Centro",not_delivering,ad,262,301,1.14885496,"Clique de 7 dias ou visualização de 1 dia","Conversas por mensagem iniciadas",2,10.98,5.49,2026-04-01,Contínuo,3,36.47840532,2026-04-05,2026-04-05
2026-04-05,"PM | CBO | TRAFEGO| EXPRES | 01.04",ABERTO,"ADS 02","Casa & Cia Centro",not_delivering,ad,137,143,1.04379562,"Clique de 1 dia","Visitas ao perfil do Instagram",1,0.27,0.27,2026-04-01,Contínuo,1,1.88811189,2026-04-05,2026-04-05
2026-04-05,"PM | ABO | ENGAJ | EXPRES | 01.04","A4 - SEMELHANTE","ADS 04","Casa & Cia Centro",not_delivering,ad,353,395,1.11898017,"Clique de 7 dias ou visualização de 1 dia","Conversas por mensagem iniciadas",1,9.86,9.86,2026-04-01,Contínuo,2,24.96202532,2026-04-05,2026-04-05
2026-04-05,"PM | ABO | ENGAJ | EXPRES | 01.04","A5 - SEMELHANTE","ADS 05","Casa & Cia Centro",not_delivering,ad,255,285,1.11764706,"Clique de 7 dias ou visualização de 1 dia",,,8.84,,2026-04-01,Contínuo,3,31.01754386,2026-04-05,2026-04-05
2026-04-05,"PM | ABO | ENGAJ | EXPRES | 01.04","A1 - SEMELHANTE","ADS 01","Casa & Cia Centro",not_delivering,ad,180,227,1.26111111,"Clique de 7 dias ou visualização de 1 dia",,,9.74,,2026-04-01,Contínuo,1,42.90748899,2026-04-05,2026-04-05
2026-04-04,"PM | ABO | ENGAJ | EXPRES | 01.04","A1 - SEMELHANTE","ADS 01","Casa & Cia Centro",not_delivering,ad,160,198,1.2375,"Clique de 7 dias ou visualização de 1 dia",,,7.87,,2026-04-01,Contínuo,2,39.74747475,2026-04-04,2026-04-04
2026-04-04,"PM | ABO | ENGAJ | EXPRES | 01.04","A5 - SEMELHANTE","ADS 05","Casa & Cia Centro",not_delivering,ad,235,275,1.17021277,"Clique de 7 dias ou visualização de 1 dia","Conversas por mensagem iniciadas",4,9.39,2.3475,2026-04-01,Contínuo,7,34.14545455,2026-04-04,2026-04-04
2026-04-04,"PM | ABO | ENGAJ | EXPRES | 01.04","A4 - SEMELHANTE","ADS 04","Casa & Cia Centro",not_delivering,ad,287,312,1.08710801,"Clique de 7 dias ou visualização de 1 dia",,,9.29,,2026-04-01,Contínuo,3,29.77564103,2026-04-04,2026-04-04
2026-04-04,"PM | CBO | TRAFEGO| EXPRES | 01.04",ABERTO,"ADS 02","Casa & Cia Centro",not_delivering,ad,32,35,1.09375,"Clique de 1 dia","Visitas ao perfil do Instagram",1,0.09,0.09,2026-04-01,Contínuo,,2.57142857,2026-04-04,2026-04-04
2026-04-04,"PM | ABO | ENGAJ | EXPRES | 01.04","A7 - SEMELHANTE","ADS 07","Casa & Cia Centro",not_delivering,ad,319,355,1.11285266,"Clique de 7 dias ou visualização de 1 dia","Conversas por mensagem iniciadas",1,10.75,10.75,2026-04-01,Contínuo,6,30.28169014,2026-04-04,2026-04-04
2026-04-04,"PM | ABO | ENGAJ | EXPRES | 01.04","A2 - SEMELHANTE","ADS 02","Casa & Cia Centro",not_delivering,ad,174,212,1.2183908,"Clique de 7 dias ou visualização de 1 dia",,,8.39,,2026-04-01,Contínuo,1,39.5754717,2026-04-04,2026-04-04
2026-04-04,"PM | ABO | ENGAJ | EXPRES | 01.04","A6 - SEMELHANTE","ADS 06","Casa & Cia Centro",not_delivering,ad,362,412,1.13812155,"Clique de 7 dias ou visualização de 1 dia","Conversas por mensagem iniciadas",1,11.13,11.13,2026-04-01,Contínuo,1,27.01456311,2026-04-04,2026-04-04
2026-04-04,"PM | CBO | TRAFEGO| EXPRES | 01.04",ABERTO,"ADS 01","Casa & Cia Centro",not_delivering,ad,3066,3376,1.10110894,"Clique de 1 dia","Visitas ao perfil do Instagram",56,8.79,0.15696429,2026-04-01,Contínuo,52,2.60367299,2026-04-04,2026-04-04
2026-04-03,"PM | CBO | TRAFEGO| EXPRES | 01.04",ABERTO,"ADS 01","Casa & Cia Centro",not_delivering,ad,2536,2891,1.13998423,"Clique de 1 dia","Visitas ao perfil do Instagram",43,8.11,0.18860465,2026-04-01,Contínuo,39,2.8052577,2026-04-03,2026-04-03
2026-04-03,"PM | ABO | ENGAJ | EXPRES | 01.04","A6 - SEMELHANTE","ADS 06","Casa & Cia Centro",not_delivering,ad,367,416,1.13351499,"Clique de 7 dias ou visualização de 1 dia",,,8.37,,2026-04-01,Contínuo,5,20.12019231,2026-04-03,2026-04-03
2026-04-03,"PM | ABO | ENGAJ | EXPRES | 01.04","A2 - SEMELHANTE","ADS 02","Casa & Cia Centro",not_delivering,ad,151,186,1.23178808,"Clique de 7 dias ou visualização de 1 dia",,,6.76,,2026-04-01,Contínuo,1,36.34408602,2026-04-03,2026-04-03
2026-04-03,"PM | ABO | ENGAJ | EXPRES | 01.04","A7 - SEMELHANTE","ADS 07","Casa & Cia Centro",not_delivering,ad,284,325,1.1443662,"Clique de 7 dias ou visualização de 1 dia","Conversas por mensagem iniciadas",1,7.74,7.74,2026-04-01,Contínuo,1,23.81538462,2026-04-03,2026-04-03
2026-04-03,"PM | CBO | TRAFEGO| EXPRES | 01.04",ABERTO,"ADS 02","Casa & Cia Centro",not_delivering,ad,101,103,1.01980198,"Clique de 1 dia",,,0.28,,2026-04-01,Contínuo,,2.7184466,2026-04-03,2026-04-03
2026-04-03,"PM | ABO | ENGAJ | EXPRES | 01.04","A4 - SEMELHANTE","ADS 04","Casa & Cia Centro",not_delivering,ad,298,333,1.11744966,"Clique de 7 dias ou visualização de 1 dia","Conversas por mensagem iniciadas",1,8.57,8.57,2026-04-01,Contínuo,2,25.73573574,2026-04-03,2026-04-03
2026-04-03,"PM | ABO | ENGAJ | EXPRES | 01.04","A5 - SEMELHANTE","ADS 05","Casa & Cia Centro",not_delivering,ad,235,275,1.17021277,"Clique de 7 dias ou visualização de 1 dia","Conversas por mensagem iniciadas",1,9.25,9.25,2026-04-01,Contínuo,5,33.63636364,2026-04-03,2026-04-03
2026-04-03,"PM | ABO | ENGAJ | EXPRES | 01.04","A1 - SEMELHANTE","ADS 01","Casa & Cia Centro",not_delivering,ad,164,197,1.20121951,"Clique de 7 dias ou visualização de 1 dia",,,7.53,,2026-04-01,Contínuo,2,38.22335025,2026-04-03,2026-04-03
2026-04-02,"PM | CBO | TRAFEGO| EXPRES | 01.04",ABERTO,"ADS 01","Casa & Cia Centro",not_delivering,ad,2194,2498,1.13855971,"Clique de 1 dia","Visitas ao perfil do Instagram",39,8.75,0.22435897,2026-04-01,Contínuo,40,3.50280224,2026-04-02,2026-04-02
2026-04-02,"PM | ABO | ENGAJ | EXPRES | 01.04","A6 - SEMELHANTE","ADS 06","Casa & Cia Centro",not_delivering,ad,363,473,1.3030303,"Clique de 7 dias ou visualização de 1 dia",,,8.42,,2026-04-01,Contínuo,3,17.8012685,2026-04-02,2026-04-02
2026-04-02,"PM | ABO | ENGAJ | EXPRES | 01.04","A2 - SEMELHANTE","ADS 02","Casa & Cia Centro",not_delivering,ad,347,432,1.24495677,"Clique de 7 dias ou visualização de 1 dia","Conversas por mensagem iniciadas",1,9.59,9.59,2026-04-01,Contínuo,2,22.19907407,2026-04-02,2026-04-02
2026-04-02,"PM | ABO | ENGAJ | EXPRES | 01.04","A7 - SEMELHANTE","ADS 07","Casa & Cia Centro",not_delivering,ad,456,560,1.22807018,"Clique de 7 dias ou visualização de 1 dia","Conversas por mensagem iniciadas",4,9.11,2.2775,2026-04-01,Contínuo,5,16.26785714,2026-04-02,2026-04-02
2026-04-02,"PM | CBO | TRAFEGO| EXPRES | 01.04",ABERTO,"ADS 02","Casa & Cia Centro",not_delivering,ad,153,157,1.02614379,"Clique de 1 dia","Visitas ao perfil do Instagram",1,0.5,0.5,2026-04-01,Contínuo,1,3.18471338,2026-04-02,2026-04-02
2026-04-02,"PM | ABO | ENGAJ | EXPRES | 01.04","A4 - SEMELHANTE","ADS 04","Casa & Cia Centro",not_delivering,ad,391,493,1.26086957,"Clique de 7 dias ou visualização de 1 dia","Conversas por mensagem iniciadas",1,9.71,9.71,2026-04-01,Contínuo,4,19.69574037,2026-04-02,2026-04-02
2026-04-02,"PM | ABO | ENGAJ | EXPRES | 01.04","A5 - SEMELHANTE","ADS 05","Casa & Cia Centro",not_delivering,ad,330,439,1.33030303,"Clique de 7 dias ou visualização de 1 dia","Conversas por mensagem iniciadas",3,9.34,3.11333333,2026-04-01,Contínuo,8,21.27562642,2026-04-02,2026-04-02
2026-04-02,"PM | ABO | ENGAJ | EXPRES | 01.04","A1 - SEMELHANTE","ADS 01","Casa & Cia Centro",not_delivering,ad,489,608,1.24335378,"Clique de 7 dias ou visualização de 1 dia","Conversas por mensagem iniciadas",1,11.4,11.4,2026-04-01,Contínuo,9,18.75,2026-04-02,2026-04-02
2026-04-01,"PM | ABO | ENGAJ | EXPRES | 01.04","A7 - SEMELHANTE","ADS 07","Casa & Cia Centro",not_delivering,ad,172,188,1.09302326,"Clique de 7 dias ou visualização de 1 dia",,,2.61,,2026-04-01,Contínuo,2,13.88297872,2026-04-01,2026-04-01
2026-04-01,"PM | CBO | TRAFEGO| EXPRES | 01.04",ABERTO,"ADS 01","Casa & Cia Centro",not_delivering,ad,1623,1708,1.05237215,"Clique de 1 dia","Visitas ao perfil do Instagram",25,6.11,0.2444,2026-04-01,Contínuo,27,3.57728337,2026-04-01,2026-04-01
2026-04-01,"PM | ABO | ENGAJ | EXPRES | 01.04","A6 - SEMELHANTE","ADS 06","Casa & Cia Centro",not_delivering,ad,200,230,1.15,"Clique de 7 dias ou visualização de 1 dia",,,2.9,,2026-04-01,Contínuo,2,12.60869565,2026-04-01,2026-04-01
2026-04-01,"VISITAS AO PERFIL - 06/03 - HA - 25,00 - FASE 1","ABERTO — Cópia",A3,"Casa & Cia Centro",not_delivering,ad,52,52,1,"Clique de 1 dia","Visitas ao perfil do Instagram",1,1.09,1.09,2026-03-26,Contínuo,1,20.96153846,2026-04-01,2026-04-01
2026-04-01,"VISITAS AO PERFIL - 06/03 - HA - 25,00 - FASE 1",ABERTO,A3,"Casa & Cia Centro",not_delivering,ad,57,58,1.01754386,"Clique de 1 dia",,,0.52,,2026-03-06,Contínuo,,8.96551724,2026-04-01,2026-04-01
2026-04-01,"PM | ABO | ENGAJ | EXPRES | 01.04","A2 - SEMELHANTE","ADS 02","Casa & Cia Centro",not_delivering,ad,579,646,1.11571675,"Clique de 7 dias ou visualização de 1 dia",,,10.49,,2026-04-01,Contínuo,5,16.23839009,2026-04-01,2026-04-01
2026-04-01,"VISITAS AO PERFIL - 06/03 - HA - 25,00 - FASE 1","ABERTO — Cópia",A3,"Casa & Cia Centro",not_delivering,ad,46,48,1.04347826,"Clique de 1 dia",,,0.57,,2026-03-26,Contínuo,,11.875,2026-04-01,2026-04-01
2026-04-01,"PM | CBO | TRAFEGO| EXPRES | 01.04",ABERTO,"ADS 02","Casa & Cia Centro",not_delivering,ad,526,551,1.04752852,"Clique de 1 dia","Visitas ao perfil do Instagram",5,1.94,0.388,2026-04-01,Contínuo,5,3.52087114,2026-04-01,2026-04-01
2026-04-01,"PM | CBO | TRAFEGO | 01.04 | EXPESS","ABERTO — Cópia",A3,"Casa & Cia Centro",not_delivering,ad,580,587,1.01206897,"Clique de 1 dia","Visitas ao perfil do Instagram",9,2.44,0.27111111,2026-04-01,Contínuo,8,4.15672913,2026-04-01,2026-04-01
2026-04-01,"PM | ABO | ENGAJ | EXPRES | 01.04","A4 - SEMELHANTE","ADS 04","Casa & Cia Centro",not_delivering,ad,203,222,1.09359606,"Clique de 7 dias ou visualização de 1 dia",,,3.31,,2026-04-01,Contínuo,2,14.90990991,2026-04-01,2026-04-01
2026-04-01,"PM | ABO | ENGAJ | EXPRES | 01.04","A5 - SEMELHANTE","ADS 05","Casa & Cia Centro",not_delivering,ad,169,189,1.1183432,"Clique de 7 dias ou visualização de 1 dia",,,2.9,,2026-04-01,Contínuo,2,15.34391534,2026-04-01,2026-04-01
2026-04-01,"PM | ABO | ENGAJ | EXPRES | 01.04","A1 - SEMELHANTE","ADS 01","Casa & Cia Centro",not_delivering,ad,538,607,1.12825279,"Clique de 7 dias ou visualização de 1 dia","Conversas por mensagem iniciadas",1,9.3,9.3,2026-04-01,Contínuo,8,15.32125206,2026-04-01,2026-04-01
2026-04-01,"PM | ABO | ENGAJ | TEST.PUB | 30.03",VIAJANTES,B,"Casa & Cia Centro",not_delivering,ad,28,32,1.14285714,"Clique de 7 dias ou visualização de 1 dia",,,0.79,,2026-03-30,Contínuo,,24.6875,2026-04-01,2026-04-01
2026-04-01,JV/PM/ABO/ENGAJAMENTO/25.03,"B — Cópia",B,"Casa & Cia Centro",not_delivering,ad,71,86,1.21126761,"Clique de 7 dias ou visualização de 1 dia",,,2.84,,2026-03-31,Contínuo,,33.02325581,2026-04-01,2026-04-01
2026-04-01,JV/PM/ABO/ENGAJAMENTO/25.03,B,B,"Casa & Cia Centro",not_delivering,ad,158,177,1.12025316,"Clique de 7 dias ou visualização de 1 dia","Conversas por mensagem iniciadas",2,3.87,1.935,2026-03-25,Contínuo,3,21.86440678,2026-04-01,2026-04-01
