Dia,"Nome da campanha","Nome do conjunto de anúncios","Nome do anúncio","Nome da Página","Status de veiculação","Nível de veiculação",Alcance,Impressões,Frequência,"Configuração de atribuição","Tipo de resultado",Resultados,"Valor usado (BRL)","Custo por resultado",Início,Término,"Cliques no link","CPM (custo por 1.000 impressões)","Início dos relatórios","Encerramento dos relatórios"
2026-05-29,"FERIADO 26/05 - CENTRO Campanha","FERIADO 26/05 - CENTRO Conjunto de anúncios","FERIADO 26/05 - CENTRO","Casa & Cia Centro",not_delivering,ad,0,0,0,"Clique de 7 dias ou visualização de 1 dia","Conversas por mensagem iniciadas",1,0,0,2026-05-25,2026-05-26,,,2026-05-29,2026-05-29
2026-05-29,"PM | ABO | TRAFEGO | 16.04","ABERTO - CXS","ADS 002","Casa & Cia Centro",not_delivering,ad,1,1,1,"Clique de 1 dia",,,0,,2026-04-16,Contínuo,,0,2026-05-29,2026-05-29
2026-05-29,"PM | ABO | ENGAJ | ESCALA VALIDA | 22.05 | N°711",LUXO,"ADS 00","Casa & Cia Centro",not_delivering,ad,1,1,1,"Clique de 7 dias ou visualização de 1 dia",,,0,,2026-05-22,Contínuo,,0,2026-05-29,2026-05-29
2026-05-29,"PM | ABO | ENGAJ | ESCALA VALIDA | 22.05 | N°711",LUXO,"ADS 00","Casa & Cia Centro",not_delivering,ad,2,2,1,"Clique de 7 dias ou visualização de 1 dia",,,0.01,,2026-05-22,Contínuo,,5,2026-05-29,2026-05-29
2026-05-29,"PM | ABO | ENGAJ - TEST.PUB | 19.05","ACESSORIOS QUARTO -","ADS 00","Casa & Cia Centro",not_delivering,ad,1,1,1,"Clique de 7 dias ou visualização de 1 dia",,,0,,2026-05-19,Contínuo,,0,2026-05-29,2026-05-29
2026-05-29,"PM | ABO | ENGAJ | ESCALA VALIDA | 22.05 | N°711","ACESSORIOS QUARTO","ADS 00","Casa & Cia Centro",not_delivering,ad,0,0,0,"Clique de 7 dias ou visualização de 1 dia","Conversas por mensagem iniciadas",1,0,0,2026-05-22,Contínuo,,,2026-05-29,2026-05-29
2026-05-28,"PM | ABO | ENGAJ | ESCALA VALIDA | 22.05 | N°711",LUXO,"ADS 00","Casa & Cia Centro",not_delivering,ad,955,1074,1.12460733,"Clique de 7 dias ou visualização de 1 dia","Conversas por mensagem iniciadas",4,10.19,2.5475,2026-05-22,Contínuo,8,9.48789572,2026-05-28,2026-05-28
2026-05-28,"PM | ABO | ENGAJ | ESCALA VALIDA | 22.05 | N°711",LUXO,"ADS 00","Casa & Cia Centro",not_delivering,ad,1202,1323,1.10066556,"Clique de 7 dias ou visualização de 1 dia","Conversas por mensagem iniciadas",1,11.24,11.24,2026-05-22,Contínuo,13,8.49584278,2026-05-28,2026-05-28
2026-05-28,"JS-MAIO-F2- CBO / FRIO — Cópia",Seguidores,Video,"Casa & Cia Centro",not_delivering,ad,142,154,1.08450704,"Clique de 7 dias, visualização de 1 dia ou visualização com engajamento de 1 dia",,,1.76,,2026-05-25,2026-05-30,8,11.42857143,2026-05-28,2026-05-28
2026-05-28,"FERIADO 26/05 - PREMIUM Campanha","FERIADO 26/05 - PREMIUM Conjunto de anúncios","FERIADO 26/05 - PREMIUM","Casa e Cia",not_delivering,ad,0,0,0,"Clique de 7 dias ou visualização de 1 dia","Conversas por mensagem iniciadas",1,0,0,2026-05-25,2026-05-26,,,2026-05-28,2026-05-28
2026-05-28,"JS-MAIO-F2- CBO / FRIO — Cópia",Seguidores,p1,"Casa & Cia Centro",not_delivering,ad,108,115,1.06481481,"Clique de 7 dias, visualização de 1 dia ou visualização com engajamento de 1 dia",,,1.04,,2026-05-25,2026-05-30,13,9.04347826,2026-05-28,2026-05-28
2026-05-28,"JS-MAIO-F2- CBO / QUENTE",Seguidores,Video,"Casa & Cia Centro",not_delivering,ad,10,12,1.2,"Clique de 7 dias, visualização de 1 dia ou visualização com engajamento de 1 dia",,,0.1,,2026-05-22,2026-05-30,,8.33333333,2026-05-28,2026-05-28
2026-05-28,"PM | ABO | ENGAJ | ESCALA VALIDA | 22.05 | N°111","ACESSORIOS QUARTO","ADS 00","Casa & Cia Centro",not_delivering,ad,766,820,1.07049608,"Clique de 7 dias ou visualização de 1 dia",,,9.84,,2026-05-22,Contínuo,1,12,2026-05-28,2026-05-28
2026-05-28,"PM | ABO | ENGAJ | TEST.PUB | 19.05","ALTO PADRÃO — Cópia","ADS 00","Casa & Cia Centro",not_delivering,ad,1380,1557,1.12826087,"Clique de 7 dias ou visualização de 1 dia",,,12.27,,2026-05-19,Contínuo,3,7.8805395,2026-05-28,2026-05-28
2026-05-28,"JS-MAIO-F2- CBO / FRIO — Cópia",Seguidores,p2,"Casa & Cia Centro",not_delivering,ad,8,8,1,"Clique de 7 dias, visualização de 1 dia ou visualização com engajamento de 1 dia",,,0.08,,2026-05-23,2026-05-30,,10,2026-05-28,2026-05-28
2026-05-28,"JS-MAIO-F2- CBO / FRIO",Seguidores,p1,"Casa & Cia Centro",not_delivering,ad,1464,1534,1.04781421,"Clique de 7 dias, visualização de 1 dia ou visualização com engajamento de 1 dia",,,16.81,,2026-05-22,2026-05-30,83,10.95827901,2026-05-28,2026-05-28
2026-05-28,"JS-MAIO-F2- CBO / FRIO — Cópia",Interação,Video,"Casa & Cia Centro",not_delivering,ad,1202,1251,1.04076539,"Clique de 7 dias, visualização de 1 dia ou visualização com engajamento de 1 dia",,,17.1,,2026-05-25,2026-05-30,76,13.66906475,2026-05-28,2026-05-28
2026-05-28,"PM | ABO | ENGAJ | ESCALA VALIDA | 22.05 | N°711",LUXO,"ADS 00","Casa & Cia Centro",not_delivering,ad,995,1073,1.07839196,"Clique de 7 dias ou visualização de 1 dia",,,9.29,,2026-05-22,Contínuo,1,8.65796831,2026-05-28,2026-05-28
2026-05-28,"PM | ABO | ENGAJ | ESCALA VALIDA | 22.05 | N°111","ACESSORIOS QUARTO","ADS 00","Casa & Cia Centro",not_delivering,ad,696,783,1.125,"Clique de 7 dias ou visualização de 1 dia","Conversas por mensagem iniciadas",2,10.68,5.34,2026-05-22,Contínuo,10,13.63984674,2026-05-28,2026-05-28
2026-05-28,"JS-MAIO-F2- CBO / FRIO — Cópia",Seguidores,Video,"Casa & Cia Centro",not_delivering,ad,11,11,1,"Clique de 7 dias, visualização de 1 dia ou visualização com engajamento de 1 dia",,,0.11,,2026-05-23,2026-05-30,,10,2026-05-28,2026-05-28
2026-05-28,"JS-MAIO-F2- CBO / FRIO — Cópia",Seguidores,Video,"Casa & Cia Centro",not_delivering,ad,43,46,1.06976744,"Clique de 7 dias, visualização de 1 dia ou visualização com engajamento de 1 dia",,,0.52,,2026-05-25,2026-05-30,1,11.30434783,2026-05-28,2026-05-28
2026-05-28,"JS-MAIO-F2- CBO / FRIO — Cópia",Interação,Video,"Casa & Cia Centro",not_delivering,ad,1416,1506,1.06355932,"Clique de 7 dias, visualização de 1 dia ou visualização com engajamento de 1 dia",,,18.21,,2026-05-25,2026-05-30,97,12.09163347,2026-05-28,2026-05-28
2026-05-28,"PM | ABO | ENGAJ | TEST.PUB | 19.05","LUXO — Cópia","ADS 00","Casa & Cia Centro",not_delivering,ad,895,984,1.09944134,"Clique de 7 dias ou visualização de 1 dia",,,10.57,,2026-05-19,Contínuo,5,10.74186992,2026-05-28,2026-05-28
2026-05-28,"PM | ABO | TRAFEGO | 16.04","ABERTO - CXS","ADS 002","Casa & Cia Centro",not_delivering,ad,640,655,1.0234375,"Clique de 1 dia","Visitas ao perfil do Instagram",6,4.58,0.76333333,2026-04-16,Contínuo,5,6.99236641,2026-05-28,2026-05-28
2026-05-28,"JS-MAIO-F2- CBO / FRIO — Cópia",Interação,Video,"Casa & Cia Centro",not_delivering,ad,1770,1826,1.03163842,"Clique de 7 dias, visualização de 1 dia ou visualização com engajamento de 1 dia",,,20.11,,2026-05-23,2026-05-30,105,11.01314348,2026-05-28,2026-05-28
2026-05-28,"PM | ABO | ENGAJ | ESCALA VALIDA | 22.05 | N°711","ACESSORIOS QUARTO","ADS 00","Casa & Cia Centro",not_delivering,ad,769,932,1.21196359,"Clique de 7 dias ou visualização de 1 dia","Conversas por mensagem iniciadas",2,12.37,6.185,2026-05-22,Contínuo,5,13.27253219,2026-05-28,2026-05-28
2026-05-28,"PM | ABO | ENGAJ | ESCALA VALIDA | 22.05 | N°711","ACESSORIOS QUARTO","ADS 00","Casa & Cia Centro",not_delivering,ad,721,799,1.10818308,"Clique de 7 dias ou visualização de 1 dia","Conversas por mensagem iniciadas",2,9.74,4.87,2026-05-22,Contínuo,6,12.1902378,2026-05-28,2026-05-28
2026-05-28,"JS-MAIO-F2- CBO / FRIO",Interação,p2,"Casa & Cia Centro",not_delivering,ad,229,240,1.04803493,"Clique de 7 dias, visualização de 1 dia ou visualização com engajamento de 1 dia",,,2.36,,2026-05-22,2026-05-30,9,9.83333333,2026-05-28,2026-05-28
2026-05-28,"PM | ABO | ENGAJ | ESCALA VALIDA | 22.05 | N°711",LUXO,"ADS 00","Casa & Cia Centro",not_delivering,ad,993,1112,1.11983887,"Clique de 7 dias ou visualização de 1 dia","Conversas por mensagem iniciadas",2,10.31,5.155,2026-05-22,Contínuo,6,9.27158273,2026-05-28,2026-05-28
2026-05-28,"PM | ABO | ENGAJ | ESCALA VALIDA | 22.05 | N°711",LUXO,"ADS 00","Casa & Cia Centro",not_delivering,ad,1071,1186,1.10737628,"Clique de 7 dias ou visualização de 1 dia","Conversas por mensagem iniciadas",3,11.69,3.89666667,2026-05-22,Contínuo,9,9.85666105,2026-05-28,2026-05-28
2026-05-28,"JS-MAIO-F2- CBO / FRIO — Cópia",Interação,Video,"Casa & Cia Centro",not_delivering,ad,1282,1370,1.06864275,"Clique de 7 dias, visualização de 1 dia ou visualização com engajamento de 1 dia",,,16.6,,2026-05-25,2026-05-30,79,12.11678832,2026-05-28,2026-05-28
2026-05-28,"PM | ABO | ENGAJ | ESCALA VALIDA | 22.05 | N°711",LUXO,"ADS 00","Casa & Cia Centro",not_delivering,ad,1162,1291,1.11101549,"Clique de 7 dias ou visualização de 1 dia","Conversas por mensagem iniciadas",5,11.03,2.206,2026-05-22,Contínuo,9,8.54376452,2026-05-28,2026-05-28
2026-05-28,"PM | ABO | ENGAJ | ESCALA VALIDA | 22.05 | N°711","ACESSORIOS QUARTO","ADS 00","Casa & Cia Centro",not_delivering,ad,695,797,1.14676259,"Clique de 7 dias ou visualização de 1 dia",,,11.22,,2026-05-22,Contínuo,6,14.07779172,2026-05-28,2026-05-28
2026-05-28,"JS-MAIO-F2- CBO / FRIO",Interação,Video,"Casa & Cia Centro",not_delivering,ad,204,205,1.00490196,"Clique de 7 dias, visualização de 1 dia ou visualização com engajamento de 1 dia",,,2.81,,2026-05-22,2026-05-30,9,13.70731707,2026-05-28,2026-05-28
2026-05-28,"PM | ABO | ENGAJ - TEST.PUB | 19.05","FRIO — Cópia","ADS 00","Casa & Cia Centro",not_delivering,ad,1095,1184,1.08127854,"Clique de 7 dias ou visualização de 1 dia","Conversas por mensagem iniciadas",2,10.24,5.12,2026-05-19,Contínuo,5,8.64864865,2026-05-28,2026-05-28
2026-05-28,"JS-MAIO-F2- CBO / FRIO",Seguidores,Video,"Casa & Cia Centro",not_delivering,ad,9,9,1,"Clique de 7 dias, visualização de 1 dia ou visualização com engajamento de 1 dia",,,0.06,,2026-05-22,2026-05-30,,6.66666667,2026-05-28,2026-05-28
2026-05-28,"PM | ABO | ENGAJ | ESCALA VALIDA | 22.05 | N°111","ACESSORIOS QUARTO","ADS 00","Casa & Cia Centro",not_delivering,ad,763,829,1.08650066,"Clique de 7 dias ou visualização de 1 dia","Conversas por mensagem iniciadas",2,11.58,5.79,2026-05-22,Contínuo,5,13.96863691,2026-05-28,2026-05-28
2026-05-28,"PM | ABO | ENGAJ - TEST.PUB | 19.05","ACESSORIOS QUARTO -","ADS 00","Casa & Cia Centro",not_delivering,ad,1801,2116,1.17490283,"Clique de 7 dias ou visualização de 1 dia","Conversas por mensagem iniciadas",3,21.3,7.1,2026-05-19,Contínuo,12,10.06616257,2026-05-28,2026-05-28
2026-05-28,"PM | ABO | ENGAJ | ESCALA VALIDA | 22.05 | N°711",LUXO,"ADS 00","Casa & Cia Centro",not_delivering,ad,1033,1131,1.09486931,"Clique de 7 dias ou visualização de 1 dia","Conversas por mensagem iniciadas",1,9.31,9.31,2026-05-22,Contínuo,5,8.2316534,2026-05-28,2026-05-28
2026-05-28,"JS-MAIO-F2- CBO / QUENTE",Interação,Video,"Casa & Cia Centro",not_delivering,ad,980,1089,1.11122449,"Clique de 7 dias, visualização de 1 dia ou visualização com engajamento de 1 dia",,,15.44,,2026-05-22,2026-05-30,66,14.17814509,2026-05-28,2026-05-28
2026-05-27,"JS-MAIO-F2- CBO / FRIO — Cópia",Seguidores,p1,"Casa & Cia Centro",not_delivering,ad,30,31,1.03333333,"Clique de 7 dias, visualização de 1 dia ou visualização com engajamento de 1 dia",,,0.42,,2026-05-25,2026-05-30,1,13.5483871,2026-05-27,2026-05-27
2026-05-27,"PM | ABO | ENGAJ | ESCALA VALIDA | 22.05 | N°111","ACESSORIOS QUARTO","ADS 00","Casa & Cia Centro",not_delivering,ad,2,2,1,"Clique de 7 dias ou visualização de 1 dia",,,0.02,,2026-05-22,Contínuo,,10,2026-05-27,2026-05-27
2026-05-27,"PM | ABO | ENGAJ | ESCALA VALIDA | 22.05 | N°711",LUXO,"ADS 00","Casa & Cia Centro",not_delivering,ad,81,83,1.02469136,"Clique de 7 dias ou visualização de 1 dia",,,0.72,,2026-05-22,Contínuo,,8.6746988,2026-05-27,2026-05-27
2026-05-27,"PM | ABO | ENGAJ | ESCALA VALIDA | 22.05 | N°711",LUXO,"ADS 00","Casa & Cia Centro",not_delivering,ad,83,86,1.03614458,"Clique de 7 dias ou visualização de 1 dia","Conversas por mensagem iniciadas",1,0.89,0.89,2026-05-22,Contínuo,1,10.34883721,2026-05-27,2026-05-27
2026-05-27,"JS-MAIO-F2- CBO / FRIO",Seguidores,p2,"Casa & Cia Centro",not_delivering,ad,81,87,1.07407407,"Clique de 7 dias, visualização de 1 dia ou visualização com engajamento de 1 dia",,,0.63,,2026-05-22,2026-05-30,2,7.24137931,2026-05-27,2026-05-27
2026-05-27,"FERIADO 26/05 - PREMIUM Campanha","FERIADO 26/05 - PREMIUM Conjunto de anúncios","FERIADO 26/05 - PREMIUM","Casa e Cia",not_delivering,ad,0,0,0,"Clique de 7 dias ou visualização de 1 dia","Conversas por mensagem iniciadas",2,0,0,2026-05-25,2026-05-26,,,2026-05-27,2026-05-27
2026-05-27,"JS-MAIO-F2- CBO / FRIO — Cópia",Seguidores,p2,"Casa & Cia Centro",not_delivering,ad,2,2,1,"Clique de 7 dias, visualização de 1 dia ou visualização com engajamento de 1 dia",,,0.03,,2026-05-23,2026-05-30,,15,2026-05-27,2026-05-27
2026-05-27,"PM | ABO | ENGAJ | TEST.PUB | 19.05","LUXO — Cópia","ADS 00","Casa & Cia Centro",not_delivering,ad,71,73,1.02816901,"Clique de 7 dias ou visualização de 1 dia","Conversas por mensagem iniciadas",1,0.61,0.61,2026-05-19,Contínuo,1,8.35616438,2026-05-27,2026-05-27
2026-05-27,"JS-MAIO-F2- CBO / FRIO — Cópia",Seguidores,p1,"Casa & Cia Centro",not_delivering,ad,14,14,1,"Clique de 7 dias, visualização de 1 dia ou visualização com engajamento de 1 dia",,,0.09,,2026-05-25,2026-05-30,1,6.42857143,2026-05-27,2026-05-27
2026-05-27,"PM | ABO | ENGAJ | ESCALA VALIDA | 22.05 | N°711",LUXO,"ADS 00","Casa & Cia Centro",not_delivering,ad,97,98,1.01030928,"Clique de 7 dias ou visualização de 1 dia",,,0.94,,2026-05-22,Contínuo,,9.59183673,2026-05-27,2026-05-27
2026-05-27,"JS-MAIO-F2- CBO / FRIO — Cópia",Seguidores,Video,"Casa & Cia Centro",not_delivering,ad,16,17,1.0625,"Clique de 7 dias, visualização de 1 dia ou visualização com engajamento de 1 dia",,,0.09,,2026-05-25,2026-05-30,,5.29411765,2026-05-27,2026-05-27
2026-05-27,"JS-MAIO-F2- CBO / FRIO",Seguidores,p1,"Casa & Cia Centro",not_delivering,ad,898,933,1.0389755,"Clique de 7 dias, visualização de 1 dia ou visualização com engajamento de 1 dia",,,11.64,,2026-05-22,2026-05-30,72,12.47588424,2026-05-27,2026-05-27
2026-05-27,"PM | ABO | ENGAJ | TEST.PUB | 19.05","ALTO PADRÃO — Cópia","ADS 00","Casa & Cia Centro",not_delivering,ad,102,106,1.03921569,"Clique de 7 dias ou visualização de 1 dia",,,1.14,,2026-05-19,Contínuo,,10.75471698,2026-05-27,2026-05-27
2026-05-27,"JS-MAIO-F2- CBO / FRIO — Cópia",Seguidores,Video,"Casa & Cia Centro",not_delivering,ad,206,214,1.03883495,"Clique de 7 dias, visualização de 1 dia ou visualização com engajamento de 1 dia",,,1.79,,2026-05-25,2026-05-30,15,8.36448598,2026-05-27,2026-05-27
2026-05-27,"JS-MAIO-F2- CBO / QUENTE",Seguidores,Video,"Casa & Cia Centro",not_delivering,ad,5,5,1,"Clique de 7 dias, visualização de 1 dia ou visualização com engajamento de 1 dia",,,0.04,,2026-05-22,2026-05-30,1,8,2026-05-27,2026-05-27
2026-05-27,"PM | ABO | ENGAJ | ESCALA VALIDA | 22.05 | N°711",LUXO,"ADS 00","Casa & Cia Centro",not_delivering,ad,91,93,1.02197802,"Clique de 7 dias ou visualização de 1 dia","Conversas por mensagem iniciadas",2,0.92,0.46,2026-05-22,Contínuo,2,9.89247312,2026-05-27,2026-05-27
2026-05-27,"JS-MAIO-F2- CBO / FRIO — Cópia",Interação,Video,"Casa & Cia Centro",not_delivering,ad,1775,1834,1.03323944,"Clique de 7 dias, visualização de 1 dia ou visualização com engajamento de 1 dia",,,17.78,,2026-05-25,2026-05-30,118,9.69465649,2026-05-27,2026-05-27
2026-05-27,"PM | ABO | ENGAJ | ESCALA VALIDA | 22.05 | N°711",LUXO,"ADS 00","Casa & Cia Centro",not_delivering,ad,84,85,1.01190476,"Clique de 7 dias ou visualização de 1 dia","Conversas por mensagem iniciadas",2,0.9,0.45,2026-05-22,Contínuo,2,10.58823529,2026-05-27,2026-05-27
2026-05-27,"JS-MAIO-F2- CBO / FRIO — Cópia",Interação,Video,"Casa & Cia Centro",not_delivering,ad,1462,1590,1.0875513,"Clique de 7 dias, visualização de 1 dia ou visualização com engajamento de 1 dia",,,17.62,,2026-05-25,2026-05-30,63,11.08176101,2026-05-27,2026-05-27
2026-05-27,"PM | ABO | ENGAJ | ESCALA VALIDA | 22.05 | N°711",LUXO,"ADS 00","Casa & Cia Centro",not_delivering,ad,51,56,1.09803922,"Clique de 7 dias ou visualização de 1 dia",,,0.47,,2026-05-22,Contínuo,,8.39285714,2026-05-27,2026-05-27
2026-05-27,"FERIADO 26/05 - CENTRO Campanha","FERIADO 26/05 - CENTRO Conjunto de anúncios","FERIADO 26/05 - CENTRO","Casa & Cia Centro",not_delivering,ad,0,0,0,"Clique de 7 dias ou visualização de 1 dia","Conversas por mensagem iniciadas",1,0,0,2026-05-25,2026-05-26,,,2026-05-27,2026-05-27
2026-05-27,"PM | ABO | ENGAJ | ESCALA VALIDA | 22.05 | N°711","ACESSORIOS QUARTO","ADS 00","Casa & Cia Centro",not_delivering,ad,13,13,1,"Clique de 7 dias ou visualização de 1 dia",,,0.14,,2026-05-22,Contínuo,,10.76923077,2026-05-27,2026-05-27
2026-05-27,"JS-MAIO-F2- CBO / FRIO",Interação,p2,"Casa & Cia Centro",not_delivering,ad,724,777,1.07320442,"Clique de 7 dias, visualização de 1 dia ou visualização com engajamento de 1 dia",,,7.47,,2026-05-22,2026-05-30,38,9.61389961,2026-05-27,2026-05-27
2026-05-27,"PM | ABO | TRAFEGO | 16.04","ABERTO - CXS","ADS 002","Casa & Cia Centro",not_delivering,ad,977,1028,1.05220061,"Clique de 1 dia","Visitas ao perfil do Instagram",16,6.49,0.405625,2026-04-16,Contínuo,17,6.31322957,2026-05-27,2026-05-27
2026-05-27,"PM | ABO | ENGAJ - TEST.PUB | 19.05","FRIO — Cópia","ADS 00","Casa & Cia Centro",not_delivering,ad,1,1,1,"Clique de 7 dias ou visualização de 1 dia",,,0,,2026-05-19,Contínuo,,0,2026-05-27,2026-05-27
2026-05-27,"JS-MAIO-F2- CBO / QUENTE",Interação,Video,"Casa & Cia Centro",not_delivering,ad,1273,1386,1.08876669,"Clique de 7 dias, visualização de 1 dia ou visualização com engajamento de 1 dia",,,16.29,,2026-05-22,2026-05-30,72,11.75324675,2026-05-27,2026-05-27
2026-05-27,"JS-MAIO-F2- CBO / FRIO — Cópia",Seguidores,p2,"Casa & Cia Centro",not_delivering,ad,1,1,1,"Clique de 7 dias, visualização de 1 dia ou visualização com engajamento de 1 dia",,,0,,2026-05-25,2026-05-30,,0,2026-05-27,2026-05-27
2026-05-27,"PM | ABO | ENGAJ | ESCALA VALIDA | 22.05 | N°711","ACESSORIOS QUARTO","ADS 00","Casa & Cia Centro",not_delivering,ad,19,19,1,"Clique de 7 dias ou visualização de 1 dia",,,0.28,,2026-05-22,Contínuo,,14.73684211,2026-05-27,2026-05-27
2026-05-27,"JS-MAIO-F2- CBO / FRIO — Cópia",Interação,Video,"Casa & Cia Centro",not_delivering,ad,2052,2124,1.03508772,"Clique de 7 dias, visualização de 1 dia ou visualização com engajamento de 1 dia",,,21.68,,2026-05-23,2026-05-30,136,10.20715631,2026-05-27,2026-05-27
2026-05-27,"PM | ABO | ENGAJ - TEST.PUB | 19.05","ACESSORIOS QUARTO -","ADS 00","Casa & Cia Centro",not_delivering,ad,55,55,1,"Clique de 7 dias ou visualização de 1 dia",,,0.41,,2026-05-19,Contínuo,,7.45454545,2026-05-27,2026-05-27
2026-05-27,"PM | ABO | ENGAJ | ESCALA VALIDA | 22.05 | N°711",LUXO,"ADS 00","Casa & Cia Centro",not_delivering,ad,95,99,1.04210526,"Clique de 7 dias ou visualização de 1 dia",,,0.81,,2026-05-22,Contínuo,,8.18181818,2026-05-27,2026-05-27
2026-05-27,"JS-MAIO-F2- CBO / FRIO — Cópia",Interação,Video,"Casa & Cia Centro",not_delivering,ad,1830,1842,1.00655738,"Clique de 7 dias, visualização de 1 dia ou visualização com engajamento de 1 dia",,,18.37,,2026-05-25,2026-05-30,96,9.97285559,2026-05-27,2026-05-27
2026-05-26,"JS-MAIO-F2- CBO / FRIO — Cópia",Seguidores,p1,"Casa & Cia Centro",not_delivering,ad,1,1,1,"Clique de 7 dias, visualização de 1 dia ou visualização com engajamento de 1 dia",,,0.01,,2026-05-25,2026-05-30,,10,2026-05-26,2026-05-26
2026-05-26,"PM | ABO | ENGAJ | ESCALA VALIDA | 22.05 | N°111","ACESSORIOS QUARTO","ADS 00","Casa & Cia Centro",not_delivering,ad,540,588,1.08888889,"Clique de 7 dias ou visualização de 1 dia","Conversas por mensagem iniciadas",1,6.73,6.73,2026-05-22,Contínuo,3,11.44557823,2026-05-26,2026-05-26
2026-05-26,"JS-MAIO-F2- CBO / QUENTE",Interação,p2,"Casa & Cia Centro",not_delivering,ad,295,332,1.12542373,"Clique de 7 dias, visualização de 1 dia ou visualização com engajamento de 1 dia","Leads no site",6,3,0.5,2026-05-22,2026-05-30,9,9.03614458,2026-05-26,2026-05-26
2026-05-26,"JS-MAIO-F2- CBO / QUENTE",Seguidores,Video,"Casa & Cia Centro",not_delivering,ad,5,5,1,"Clique de 7 dias, visualização de 1 dia ou visualização com engajamento de 1 dia",,,0.07,,2026-05-22,2026-05-30,,14,2026-05-26,2026-05-26
2026-05-26,"JS-MAIO-F2- CBO / FRIO — Cópia",Seguidores,p1,"Casa & Cia Centro",not_delivering,ad,379,398,1.05013193,"Clique de 7 dias, visualização de 1 dia ou visualização com engajamento de 1 dia","Leads no site",4,5.37,1.3425,2026-05-25,2026-05-30,17,13.49246231,2026-05-26,2026-05-26
2026-05-26,"PM | ABO | ENGAJ | TEST.PUB | 19.05","LUXO — Cópia","ADS 00","Casa & Cia Centro",not_delivering,ad,881,925,1.04994325,"Clique de 7 dias ou visualização de 1 dia","Conversas por mensagem iniciadas",2,7.29,3.645,2026-05-19,Contínuo,6,7.88108108,2026-05-26,2026-05-26
2026-05-26,"FERIADO 26/05 - PREMIUM Campanha","FERIADO 26/05 - PREMIUM Conjunto de anúncios","FERIADO 26/05 - PREMIUM","Casa e Cia",not_delivering,ad,3962,4527,1.14260475,"Clique de 7 dias ou visualização de 1 dia","Conversas por mensagem iniciadas",66,60.39,0.915,2026-05-25,2026-05-26,143,13.33996024,2026-05-26,2026-05-26
2026-05-26,"JS-MAIO-F2- CBO / FRIO — Cópia",Interação,p2,"Casa & Cia Centro",not_delivering,ad,2,2,1,"Clique de 7 dias, visualização de 1 dia ou visualização com engajamento de 1 dia",,,0,,2026-05-25,2026-05-30,,0,2026-05-26,2026-05-26
2026-05-26,"PM | ABO | ENGAJ | ESCALA VALIDA | 22.05 | N°711",LUXO,"ADS 00","Casa & Cia Centro",not_delivering,ad,627,643,1.02551834,"Clique de 7 dias ou visualização de 1 dia","Conversas por mensagem iniciadas",3,5.74,1.91333333,2026-05-22,Contínuo,8,8.92690513,2026-05-26,2026-05-26
2026-05-26,"PM | ABO | ENGAJ | ESCALA VALIDA | 22.05 | N°711",LUXO,"ADS 00","Casa & Cia Centro",not_delivering,ad,653,706,1.08116386,"Clique de 7 dias ou visualização de 1 dia","Conversas por mensagem iniciadas",1,6.26,6.26,2026-05-22,Contínuo,3,8.86685552,2026-05-26,2026-05-26
2026-05-26,"PM | ABO | ENGAJ - TEST.PUB | 20.05 | N° 111","ACESSORIOS QUARTO -","ADS 00","Casa & Cia Centro",not_delivering,ad,1098,1202,1.09471767,"Clique de 7 dias ou visualização de 1 dia","Conversas por mensagem iniciadas",1,8.87,8.87,2026-05-20,Contínuo,8,7.37936772,2026-05-26,2026-05-26
2026-05-26,"JS-MAIO-F2- CBO / FRIO — Cópia",Interação,Video,"Casa & Cia Centro",not_delivering,ad,599,600,1.00166945,"Clique de 7 dias, visualização de 1 dia ou visualização com engajamento de 1 dia","Leads no site",23,9.81,0.42652174,2026-05-25,2026-05-30,24,16.35,2026-05-26,2026-05-26
2026-05-26,"JS-MAIO-F2- CBO / FRIO — Cópia",Seguidores,Video,"Casa & Cia Centro",not_delivering,ad,529,552,1.04347826,"Clique de 7 dias, visualização de 1 dia ou visualização com engajamento de 1 dia","Leads no site",16,7.25,0.453125,2026-05-25,2026-05-30,19,13.13405797,2026-05-26,2026-05-26
2026-05-26,"JS-MAIO-F2- CBO / QUENTE",Seguidores,p2,"Casa & Cia Centro",not_delivering,ad,10,11,1.1,"Clique de 7 dias, visualização de 1 dia ou visualização com engajamento de 1 dia",,,0.1,,2026-05-22,2026-05-30,,9.09090909,2026-05-26,2026-05-26
2026-05-26,"JS-MAIO-F2- CBO / FRIO — Cópia",Seguidores,Video,"Casa & Cia Centro",not_delivering,ad,2,2,1,"Clique de 7 dias, visualização de 1 dia ou visualização com engajamento de 1 dia",,,0.01,,2026-05-25,2026-05-30,,5,2026-05-26,2026-05-26
2026-05-26,"JS-MAIO-F2- CBO / FRIO",Seguidores,p1,"Casa & Cia Centro",not_delivering,ad,950,999,1.05157895,"Clique de 7 dias, visualização de 1 dia ou visualização com engajamento de 1 dia","Leads no site",44,9.65,0.21931818,2026-05-22,2026-05-30,69,9.65965966,2026-05-26,2026-05-26
2026-05-26,"PM | ABO | ENGAJ - TEST.PUB | 19.05","FRIO — Cópia","ADS 00","Casa & Cia Centro",not_delivering,ad,584,636,1.0890411,"Clique de 7 dias ou visualização de 1 dia","Conversas por mensagem iniciadas",2,4.7,2.35,2026-05-19,Contínuo,7,7.38993711,2026-05-26,2026-05-26
2026-05-26,"FERIADO 26/05 - CENTRO Campanha","FERIADO 26/05 - CENTRO Conjunto de anúncios","FERIADO 26/05 - CENTRO","Casa & Cia Centro",not_delivering,ad,4157,5188,1.2480154,"Clique de 7 dias ou visualização de 1 dia","Conversas por mensagem iniciadas",41,64.23,1.56658537,2026-05-25,2026-05-26,89,12.38049345,2026-05-26,2026-05-26
2026-05-26,"JS-MAIO-F2- CBO / FRIO — Cópia",Interação,Video,"Casa & Cia Centro",not_delivering,ad,695,709,1.02014388,"Clique de 7 dias, visualização de 1 dia ou visualização com engajamento de 1 dia","Leads no site",26,8.76,0.33692308,2026-05-25,2026-05-30,28,12.35543018,2026-05-26,2026-05-26
2026-05-26,"PM | ABO | ENGAJ | ESCALA VALIDA | 22.05 | N°711","ACESSORIOS QUARTO","ADS 00","Casa & Cia Centro",not_delivering,ad,540,580,1.07407407,"Clique de 7 dias ou visualização de 1 dia","Conversas por mensagem iniciadas",1,6.2,6.2,2026-05-22,Contínuo,4,10.68965517,2026-05-26,2026-05-26
2026-05-26,"FERIADO 26/05 vídeo 2 - PREMIUM Campanha","FERIADO 26/05 vídeo 2 - PREMIUM Conjunto de anúncios","FERIADO 26/05 vídeo 2 - PREMIUM","Casa e Cia",not_delivering,ad,3494,3914,1.12020607,"Clique de 7 dias ou visualização de 1 dia","Conversas por mensagem iniciadas",19,30.53,1.60684211,2026-05-25,2026-05-26,33,7.80020439,2026-05-26,2026-05-26
2026-05-26,"PM | ABO | ENGAJ | ESCALA VALIDA | 22.05 | N°711",LUXO,"ADS 00","Casa & Cia Centro",not_delivering,ad,756,781,1.03306878,"Clique de 7 dias ou visualização de 1 dia","Conversas por mensagem iniciadas",4,6.69,1.6725,2026-05-22,Contínuo,7,8.5659411,2026-05-26,2026-05-26
2026-05-26,"PM | ABO | ENGAJ | TEST.PUB | 19.05","ALTO PADRÃO — Cópia","ADS 00","Casa & Cia Centro",not_delivering,ad,1026,1098,1.07017544,"Clique de 7 dias ou visualização de 1 dia","Conversas por mensagem iniciadas",1,8.92,8.92,2026-05-19,Contínuo,8,8.12386157,2026-05-26,2026-05-26
2026-05-26,"PM | ABO | ENGAJ | ESCALA VALIDA | 22.05 | N°111","ACESSORIOS QUARTO","ADS 00","Casa & Cia Centro",not_delivering,ad,537,578,1.07635009,"Clique de 7 dias ou visualização de 1 dia",,,6.83,,2026-05-22,Contínuo,6,11.816609,2026-05-26,2026-05-26
2026-05-26,"PM | ABO | ENGAJ | ESCALA VALIDA | 22.05 | N°711","ACESSORIOS QUARTO","ADS 00","Casa & Cia Centro",not_delivering,ad,512,549,1.07226562,"Clique de 7 dias ou visualização de 1 dia","Conversas por mensagem iniciadas",3,6.3,2.1,2026-05-22,Contínuo,6,11.47540984,2026-05-26,2026-05-26
2026-05-26,"JS-MAIO-F2- CBO / FRIO — Cópia",Seguidores,Video,"Casa & Cia Centro",not_delivering,ad,9,9,1,"Clique de 7 dias, visualização de 1 dia ou visualização com engajamento de 1 dia",,,0.14,,2026-05-25,2026-05-30,,15.55555556,2026-05-26,2026-05-26
2026-05-26,"PM | ABO | ENGAJ | ESCALA VALIDA | 22.05 | N°711",LUXO,"ADS 00","Casa & Cia Centro",not_delivering,ad,612,632,1.03267974,"Clique de 7 dias ou visualização de 1 dia","Conversas por mensagem iniciadas",1,5.54,5.54,2026-05-22,Contínuo,3,8.76582278,2026-05-26,2026-05-26
2026-05-26,"JS-MAIO-F2- CBO / FRIO",Seguidores,p2,"Casa & Cia Centro",not_delivering,ad,1,1,1,"Clique de 7 dias, visualização de 1 dia ou visualização com engajamento de 1 dia",,,0.01,,2026-05-22,2026-05-30,,10,2026-05-26,2026-05-26
2026-05-26,"FERIADO 26/05 - PREMIUM Campanha","FERIADO 26/05 - PREMIUM Conjunto de anúncios","FERIADO 26/05 - PREMIUM","Casa e Cia",not_delivering,ad,3446,4201,1.2190946,"Clique de 7 dias ou visualização de 1 dia","Conversas por mensagem iniciadas",31,58.98,1.90258065,2026-05-25,2026-05-26,47,14.0395144,2026-05-26,2026-05-26
2026-05-26,"FERIADO 26/05 - CENTRO Campanha","FERIADO 26/05 - CENTRO Conjunto de anúncios","FERIADO 26/05 - CENTRO","Casa & Cia Centro",not_delivering,ad,1997,2988,1.49624437,"Clique de 7 dias ou visualização de 1 dia","Conversas por mensagem iniciadas",3,87.09,29.03,2026-05-25,2026-05-26,22,29.14658635,2026-05-26,2026-05-26
2026-05-26,"JS-MAIO-F2- CBO / FRIO",Interação,p2,"Casa & Cia Centro",not_delivering,ad,507,527,1.03944773,"Clique de 7 dias, visualização de 1 dia ou visualização com engajamento de 1 dia","Leads no site",8,4.85,0.60625,2026-05-22,2026-05-30,17,9.20303605,2026-05-26,2026-05-26
2026-05-26,"PM | ABO | ENGAJ | ESCALA VALIDA | 22.05 | N°711",LUXO,"ADS 00","Casa & Cia Centro",not_delivering,ad,513,542,1.05653021,"Clique de 7 dias ou visualização de 1 dia","Conversas por mensagem iniciadas",1,4.6,4.6,2026-05-22,Contínuo,2,8.48708487,2026-05-26,2026-05-26
2026-05-26,"JS-MAIO-F2- CBO / FRIO — Cópia",Interação,p1,"Casa & Cia Centro",not_delivering,ad,45,46,1.02222222,"Clique de 7 dias, visualização de 1 dia ou visualização com engajamento de 1 dia",,,0.48,,2026-05-25,2026-05-30,,10.43478261,2026-05-26,2026-05-26
2026-05-26,"JS-MAIO-F2- CBO / FRIO — Cópia",Interação,p1,"Casa & Cia Centro",not_delivering,ad,2,2,1,"Clique de 7 dias, visualização de 1 dia ou visualização com engajamento de 1 dia",,,0.02,,2026-05-25,2026-05-30,,10,2026-05-26,2026-05-26
2026-05-26,"JS-MAIO-F2- CBO / FRIO — Cópia",Interação,Video,"Casa & Cia Centro",not_delivering,ad,435,435,1,"Clique de 7 dias, visualização de 1 dia ou visualização com engajamento de 1 dia","Leads no site",32,6.95,0.2171875,2026-05-25,2026-05-30,31,15.97701149,2026-05-26,2026-05-26
2026-05-26,"PM | ABO | TRAFEGO | 16.04","ABERTO - CXS","ADS 002","Casa & Cia Centro",not_delivering,ad,449,453,1.00890869,"Clique de 1 dia","Visitas ao perfil do Instagram",2,3.46,1.73,2026-04-16,Contínuo,2,7.63796909,2026-05-26,2026-05-26
2026-05-26,"JS-MAIO-F2- CBO / FRIO — Cópia",Interação,p1,"Casa & Cia Centro",not_delivering,ad,3,3,1,"Clique de 7 dias, visualização de 1 dia ou visualização com engajamento de 1 dia",,,0.01,,2026-05-25,2026-05-30,,3.33333333,2026-05-26,2026-05-26
2026-05-26,"PM | ABO | ENGAJ | ESCALA VALIDA | 22.05 | N°711",LUXO,"ADS 00","Casa & Cia Centro",not_delivering,ad,785,804,1.02420382,"Clique de 7 dias ou visualização de 1 dia","Conversas por mensagem iniciadas",2,6.13,3.065,2026-05-22,Contínuo,7,7.62437811,2026-05-26,2026-05-26
2026-05-26,"JS-MAIO-F2- CBO / FRIO — Cópia",Interação,Video,"Casa & Cia Centro",not_delivering,ad,1258,1289,1.02464229,"Clique de 7 dias, visualização de 1 dia ou visualização com engajamento de 1 dia","Leads no site",68,15.8,0.23235294,2026-05-23,2026-05-30,75,12.257564,2026-05-26,2026-05-26
2026-05-26,"JS-MAIO-F2- CBO / QUENTE",Interação,Video,"Casa & Cia Centro",not_delivering,ad,819,873,1.06593407,"Clique de 7 dias, visualização de 1 dia ou visualização com engajamento de 1 dia","Leads no site",28,13.65,0.4875,2026-05-22,2026-05-30,38,15.63573883,2026-05-26,2026-05-26
2026-05-26,"PM | ABO | ENGAJ | ESCALA VALIDA | 22.05 | N°711","ACESSORIOS QUARTO","ADS 00","Casa & Cia Centro",not_delivering,ad,584,632,1.08219178,"Clique de 7 dias ou visualização de 1 dia","Conversas por mensagem iniciadas",3,6.65,2.21666667,2026-05-22,Contínuo,7,10.5221519,2026-05-26,2026-05-26
2026-05-26,"JS-MAIO-F2- CBO / FRIO — Cópia",Seguidores,p1,"Casa & Cia Centro",not_delivering,ad,35,37,1.05714286,"Clique de 7 dias, visualização de 1 dia ou visualização com engajamento de 1 dia",,,0.26,,2026-05-25,2026-05-30,,7.02702703,2026-05-26,2026-05-26
2026-05-26,"PM | ABO | ENGAJ - TEST.PUB | 19.05","ACESSORIOS QUARTO -","ADS 00","Casa & Cia Centro",not_delivering,ad,1184,1285,1.08530405,"Clique de 7 dias ou visualização de 1 dia","Conversas por mensagem iniciadas",3,10.9,3.63333333,2026-05-19,Contínuo,4,8.48249027,2026-05-26,2026-05-26
2026-05-26,"FERIADO 26/05 vídeo 2 - CENTRO Campanha","FERIADO 26/05 vídeo 2 - CENTRO Conjunto de anúncios","FERIADO 26/05 vídeo 2 - CENTRO","Casa & Cia Centro",not_delivering,ad,1799,2006,1.11506392,"Clique de 7 dias ou visualização de 1 dia","Conversas por mensagem iniciadas",13,25.05,1.92692308,2026-05-25,2026-05-26,19,12.48753739,2026-05-26,2026-05-26
2026-05-26,"JS-MAIO-F2- CBO / QUENTE",Interação,p1,"Casa & Cia Centro",not_delivering,ad,1,1,1,"Clique de 7 dias, visualização de 1 dia ou visualização com engajamento de 1 dia",,,0.08,,2026-05-22,2026-05-30,,80,2026-05-26,2026-05-26
2026-05-26,"JS-MAIO-F2- CBO / FRIO — Cópia",Interação,p2,"Casa & Cia Centro",not_delivering,ad,77,82,1.06493506,"Clique de 7 dias, visualização de 1 dia ou visualização com engajamento de 1 dia","Leads no site",2,0.58,0.29,2026-05-25,2026-05-30,3,7.07317073,2026-05-26,2026-05-26
2026-05-26,"PM | ABO | ENGAJ | ESCALA VALIDA | 22.05 | N°711",LUXO,"ADS 00","Casa & Cia Centro",not_delivering,ad,816,841,1.03063725,"Clique de 7 dias ou visualização de 1 dia","Conversas por mensagem iniciadas",1,6.59,6.59,2026-05-22,Contínuo,2,7.83590963,2026-05-26,2026-05-26
2026-05-26,"PM | ABO | ENGAJ | ESCALA VALIDA | 22.05 | N°711",LUXO,"ADS 00","Casa & Cia Centro",not_delivering,ad,720,774,1.075,"Clique de 7 dias ou visualização de 1 dia",,,6.17,,2026-05-22,Contínuo,3,7.97157623,2026-05-26,2026-05-26
2026-05-26,"PM  | ABO | RECONHECIMENTO - 'LOJA ABERTA' | 25.05",QUENTE,"ADS 001","Casa & Cia Centro",not_delivering,ad,3182,3428,1.07730987,"Clique de 7 dias ou visualização de 1 dia",Alcance,3182,5.82,1.82903834,2026-05-25,Contínuo,,1.69778296,2026-05-26,2026-05-26
2026-05-26,"JS-MAIO-F2- CBO / FRIO",Seguidores,Video,"Casa & Cia Centro",not_delivering,ad,2,2,1,"Clique de 7 dias, visualização de 1 dia ou visualização com engajamento de 1 dia",,,0.01,,2026-05-22,2026-05-30,,5,2026-05-26,2026-05-26
2026-05-26,"PM  | ABO | RECONHECIMENTO - 'LOJA ABERTA' | 25.05",ABERTO,"ADS 001","Casa & Cia Centro",not_delivering,ad,2319,2433,1.04915912,"Clique de 7 dias ou visualização de 1 dia",Alcance,2319,3.77,1.62570073,2026-05-25,Contínuo,,1.54952733,2026-05-26,2026-05-26
2026-05-26,"JS-MAIO-F2- CBO / FRIO — Cópia",Interação,p2,"Casa & Cia Centro",not_delivering,ad,55,57,1.03636364,"Clique de 7 dias, visualização de 1 dia ou visualização com engajamento de 1 dia","Leads no site",2,0.59,0.295,2026-05-25,2026-05-30,4,10.35087719,2026-05-26,2026-05-26
2026-05-26,"JS-MAIO-F2- CBO / FRIO — Cópia",Seguidores,p2,"Casa & Cia Centro",not_delivering,ad,15,15,1,"Clique de 7 dias, visualização de 1 dia ou visualização com engajamento de 1 dia","Leads no site",4,0.11,0.0275,2026-05-25,2026-05-30,1,7.33333333,2026-05-26,2026-05-26
2026-05-26,"PM | ABO | ENGAJ | ESCALA VALIDA | 22.05 | N°111","ACESSORIOS QUARTO","ADS 00","Casa & Cia Centro",not_delivering,ad,697,734,1.05308465,"Clique de 7 dias ou visualização de 1 dia","Conversas por mensagem iniciadas",1,6.71,6.71,2026-05-22,Contínuo,3,9.14168937,2026-05-26,2026-05-26
2026-05-25,"JS-MAIO-F2- CBO / FRIO — Cópia",Seguidores,p2,"Casa & Cia Centro",not_delivering,ad,1,1,1,"Clique de 7 dias, visualização de 1 dia ou visualização com engajamento de 1 dia",,,0,,2026-05-23,2026-05-30,,0,2026-05-25,2026-05-25
2026-05-25,"JS-MAIO-F2- CBO / FRIO — Cópia",Interação,Video,"Casa & Cia Centro",not_delivering,ad,2322,2415,1.04005168,"Clique de 7 dias, visualização de 1 dia ou visualização com engajamento de 1 dia","Leads no site",44,37.21,0.84568182,2026-05-25,2026-05-30,68,15.40786749,2026-05-25,2026-05-25
2026-05-25,"JS-MAIO-F2- CBO / FRIO — Cópia",Seguidores,p1,"Casa & Cia Centro",not_delivering,ad,29,29,1,"Clique de 7 dias, visualização de 1 dia ou visualização com engajamento de 1 dia",,,0.33,,2026-05-25,2026-05-30,2,11.37931034,2026-05-25,2026-05-25
2026-05-25,"PM | ABO | ENGAJ | ESCALA VALIDA | 22.05 | N°111","ACESSORIOS QUARTO","ADS 00","Casa & Cia Centro",not_delivering,ad,1326,1568,1.18250377,"Clique de 7 dias ou visualização de 1 dia","Conversas por mensagem iniciadas",2,18.55,9.275,2026-05-22,Contínuo,12,11.83035714,2026-05-25,2026-05-25
2026-05-25,"FERIADO 26/05 - PREMIUM Campanha","FERIADO 26/05 - PREMIUM Conjunto de anúncios","FERIADO 26/05 - PREMIUM","Casa e Cia",not_delivering,ad,11652,14248,1.22279437,"Clique de 7 dias ou visualização de 1 dia","Conversas por mensagem iniciadas",102,153.9,1.50882353,2026-05-25,2026-05-26,317,10.801516,2026-05-25,2026-05-25
2026-05-25,"JS-MAIO-F2- CBO / QUENTE",Interação,p2,"Casa & Cia Centro",not_delivering,ad,1933,2709,1.40144853,"Clique de 7 dias, visualização de 1 dia ou visualização com engajamento de 1 dia","Leads no site",44,25.24,0.57363636,2026-05-22,2026-05-30,55,9.31709118,2026-05-25,2026-05-25
2026-05-25,"JS-MAIO-F2- CBO / FRIO — Cópia",Seguidores,p1,"Casa & Cia Centro",not_delivering,ad,117,118,1.00854701,"Clique de 7 dias, visualização de 1 dia ou visualização com engajamento de 1 dia","Leads no site",6,1.37,0.22833333,2026-05-25,2026-05-30,3,11.61016949,2026-05-25,2026-05-25
2026-05-25,"PM | ABO | ENGAJ | TEST.PUB | 19.05","LUXO — Cópia","ADS 00","Casa & Cia Centro",not_delivering,ad,2110,2583,1.22417062,"Clique de 7 dias ou visualização de 1 dia","Conversas por mensagem iniciadas",9,20,2.22222222,2026-05-19,Contínuo,18,7.74293457,2026-05-25,2026-05-25
2026-05-25,"PM | ABO | ENGAJ | ESCALA VALIDA | 22.05 | N°711",LUXO,"ADS 00","Casa & Cia Centro",not_delivering,ad,1820,2049,1.12582418,"Clique de 7 dias ou visualização de 1 dia","Conversas por mensagem iniciadas",5,17.29,3.458,2026-05-22,Contínuo,16,8.43826257,2026-05-25,2026-05-25
2026-05-25,"JS-MAIO-F2- CBO / FRIO",Interação,p1,"Casa & Cia Centro",not_delivering,ad,10,10,1,"Clique de 7 dias, visualização de 1 dia ou visualização com engajamento de 1 dia",,,0.08,,2026-05-22,2026-05-30,,8,2026-05-25,2026-05-25
2026-05-25,"PM | ABO | ENGAJ | ESCALA VALIDA | 22.05 | N°711",LUXO,"ADS 00","Casa & Cia Centro",not_delivering,ad,1646,1889,1.14763062,"Clique de 7 dias ou visualização de 1 dia","Conversas por mensagem iniciadas",4,17.21,4.3025,2026-05-22,Contínuo,14,9.11064055,2026-05-25,2026-05-25
2026-05-25,"PM | ABO | ENGAJ | ESCALA VALIDA | 22.05 | N°711","ACESSORIOS QUARTO","ADS 00","Casa & Cia Centro",not_delivering,ad,271,288,1.06273063,"Clique de 7 dias ou visualização de 1 dia","Conversas por mensagem iniciadas",2,3.23,1.615,2026-05-22,Contínuo,3,11.21527778,2026-05-25,2026-05-25
2026-05-25,"PM | ABO | ENGAJ | ESCALA VALIDA | 22.05 | N°111","ACESSORIOS QUARTO","ADS 00","Casa & Cia Centro",not_delivering,ad,1260,1435,1.13888889,"Clique de 7 dias ou visualização de 1 dia","Conversas por mensagem iniciadas",2,18.15,9.075,2026-05-22,Contínuo,14,12.64808362,2026-05-25,2026-05-25
2026-05-25,"JS-MAIO-F2- CBO / FRIO",Seguidores,p1,"Casa & Cia Centro",not_delivering,ad,2675,2976,1.11252336,"Clique de 7 dias, visualização de 1 dia ou visualização com engajamento de 1 dia","Leads no site",77,29.29,0.38038961,2026-05-22,2026-05-30,142,9.84206989,2026-05-25,2026-05-25
2026-05-25,"JS-MAIO-F2- CBO / FRIO — Cópia",Seguidores,Video,"Casa & Cia Centro",not_delivering,ad,1064,1100,1.03383459,"Clique de 7 dias, visualização de 1 dia ou visualização com engajamento de 1 dia","Leads no site",19,20.65,1.08684211,2026-05-25,2026-05-30,47,18.77272727,2026-05-25,2026-05-25
2026-05-25,"PM | ABO | ENGAJ | ESCALA VALIDA | 22.05 | N°711","ACESSORIOS QUARTO","ADS 00","Casa & Cia Centro",not_delivering,ad,1368,1617,1.18201754,"Clique de 7 dias ou visualização de 1 dia","Conversas por mensagem iniciadas",2,18.64,9.32,2026-05-22,Contínuo,8,11.5275201,2026-05-25,2026-05-25
2026-05-25,"PM | ABO | ENGAJ - TEST.PUB | 19.05","FRIO — Cópia","ADS 00","Casa & Cia Centro",not_delivering,ad,1430,1822,1.27412587,"Clique de 7 dias ou visualização de 1 dia","Conversas por mensagem iniciadas",2,11.85,5.925,2026-05-19,Contínuo,9,6.50384193,2026-05-25,2026-05-25
2026-05-25,"JS-MAIO-F2- CBO / FRIO — Cópia",Seguidores,p2,"Casa & Cia Centro",not_delivering,ad,1,1,1,"Clique de 7 dias, visualização de 1 dia ou visualização com engajamento de 1 dia",,,0,,2026-05-25,2026-05-30,,0,2026-05-25,2026-05-25
2026-05-25,"FERIADO 26/05 - CENTRO Campanha","FERIADO 26/05 - CENTRO Conjunto de anúncios","FERIADO 26/05 - CENTRO","Casa & Cia Centro",not_delivering,ad,11126,13374,1.20204925,"Clique de 7 dias ou visualização de 1 dia","Conversas por mensagem iniciadas",50,143.65,2.873,2026-05-25,2026-05-26,229,10.74098998,2026-05-25,2026-05-25
2026-05-25,"FERIADO 26/05 vídeo 2 - PREMIUM Campanha","FERIADO 26/05 vídeo 2 - PREMIUM Conjunto de anúncios","FERIADO 26/05 vídeo 2 - PREMIUM","Casa e Cia",not_delivering,ad,4939,5408,1.09495849,"Clique de 7 dias ou visualização de 1 dia","Conversas por mensagem iniciadas",27,49.03,1.81592593,2026-05-25,2026-05-26,43,9.06619822,2026-05-25,2026-05-25
2026-05-25,"PM | ABO | ENGAJ | ESCALA VALIDA | 22.05 | N°711",LUXO,"ADS 00","Casa & Cia Centro",not_delivering,ad,1673,1986,1.18708906,"Clique de 7 dias ou visualização de 1 dia","Conversas por mensagem iniciadas",4,16.77,4.1925,2026-05-22,Contínuo,12,8.44410876,2026-05-25,2026-05-25
2026-05-25,"PM | ABO | ENGAJ | ESCALA VALIDA | 22.05 | N°111","ACESSORIOS QUARTO","ADS 00","Casa & Cia Centro",not_delivering,ad,291,296,1.01718213,"Clique de 7 dias ou visualização de 1 dia",,,3.47,,2026-05-22,Contínuo,3,11.72297297,2026-05-25,2026-05-25
2026-05-25,"PM | ABO | ENGAJ | ESCALA VALIDA | 22.05 | N°111","ACESSORIOS QUARTO","ADS 00","Casa & Cia Centro",not_delivering,ad,155,162,1.04516129,"Clique de 7 dias ou visualização de 1 dia",,,1.68,,2026-05-22,Contínuo,,10.37037037,2026-05-25,2026-05-25
2026-05-25,"PM | ABO | ENGAJ | TEST.PUB | 19.05","ALTO PADRÃO — Cópia","ADS 00","Casa & Cia Centro",not_delivering,ad,2405,2824,1.17422037,"Clique de 7 dias ou visualização de 1 dia","Conversas por mensagem iniciadas",7,21.21,3.03,2026-05-19,Contínuo,12,7.51062323,2026-05-25,2026-05-25
2026-05-25,"PM | ABO | ENGAJ - TEST.PUB | 20.05 | N° 111","ACESSORIOS QUARTO -","ADS 00","Casa & Cia Centro",not_delivering,ad,3197,4339,1.35720988,"Clique de 7 dias ou visualização de 1 dia","Conversas por mensagem iniciadas",1,30.4,30.4,2026-05-20,Contínuo,15,7.00622263,2026-05-25,2026-05-25
2026-05-25,"JS-MAIO-F2- CBO / QUENTE",Seguidores,p2,"Casa & Cia Centro",not_delivering,ad,63,68,1.07936508,"Clique de 7 dias, visualização de 1 dia ou visualização com engajamento de 1 dia","Leads no site",4,0.55,0.1375,2026-05-22,2026-05-30,2,8.08823529,2026-05-25,2026-05-25
2026-05-25,"JS-MAIO-F2- CBO / FRIO — Cópia",Interação,p2,"Casa & Cia Centro",not_delivering,ad,1,1,1,"Clique de 7 dias, visualização de 1 dia ou visualização com engajamento de 1 dia",,,0.01,,2026-05-23,2026-05-30,,10,2026-05-25,2026-05-25
2026-05-25,"JS-MAIO-F2- CBO / FRIO — Cópia",Interação,Video,"Casa & Cia Centro",not_delivering,ad,1314,1322,1.00608828,"Clique de 7 dias, visualização de 1 dia ou visualização com engajamento de 1 dia","Leads no site",22,21.99,0.99954545,2026-05-25,2026-05-30,38,16.63388805,2026-05-25,2026-05-25
2026-05-25,"JS-MAIO-F2- CBO / FRIO — Cópia",Seguidores,p1,"Casa & Cia Centro",not_delivering,ad,14,14,1,"Clique de 7 dias, visualização de 1 dia ou visualização com engajamento de 1 dia",,,0.08,,2026-05-23,2026-05-30,,5.71428571,2026-05-25,2026-05-25
2026-05-25,"PM | ABO | ENGAJ | ESCALA VALIDA | 22.05 | N°711","ACESSORIOS QUARTO","ADS 00","Casa & Cia Centro",not_delivering,ad,1410,1638,1.16170213,"Clique de 7 dias ou visualização de 1 dia","Conversas por mensagem iniciadas",3,17.98,5.99333333,2026-05-22,Contínuo,11,10.97680098,2026-05-25,2026-05-25
2026-05-25,"FERIADO 26/05 - CENTRO Campanha","FERIADO 26/05 - CENTRO Conjunto de anúncios","FERIADO 26/05 - CENTRO","Casa & Cia Centro",not_delivering,ad,4116,5695,1.38362488,"Clique de 7 dias ou visualização de 1 dia","Conversas por mensagem iniciadas",2,118.05,59.025,2026-05-25,2026-05-26,33,20.72870939,2026-05-25,2026-05-25
2026-05-25,"PM | ABO | ENGAJ | ESCALA VALIDA | 22.05 | N°711","ACESSORIOS QUARTO","ADS 00","Casa & Cia Centro",not_delivering,ad,1303,1541,1.18265541,"Clique de 7 dias ou visualização de 1 dia","Conversas por mensagem iniciadas",6,17.96,2.99333333,2026-05-22,Contínuo,17,11.65476963,2026-05-25,2026-05-25
2026-05-25,"PM | ABO | ENGAJ | ESCALA VALIDA | 22.05 | N°711",LUXO,"ADS 00","Casa & Cia Centro",not_delivering,ad,1711,2008,1.1735827,"Clique de 7 dias ou visualização de 1 dia","Conversas por mensagem iniciadas",9,16.22,1.80222222,2026-05-22,Contínuo,21,8.07768924,2026-05-25,2026-05-25
2026-05-25,"JS-MAIO-F2- CBO / FRIO — Cópia",Interação,p1,"Casa & Cia Centro",not_delivering,ad,26,26,1,"Clique de 7 dias, visualização de 1 dia ou visualização com engajamento de 1 dia",,,0.43,,2026-05-25,2026-05-30,,16.53846154,2026-05-25,2026-05-25
2026-05-25,"PM | ABO | ENGAJ | ESCALA VALIDA | 22.05 | N°711",LUXO,"ADS 00","Casa & Cia Centro",not_delivering,ad,1808,2077,1.14878319,"Clique de 7 dias ou visualização de 1 dia","Conversas por mensagem iniciadas",10,17.25,1.725,2026-05-22,Contínuo,18,8.30524795,2026-05-25,2026-05-25
2026-05-25,"PM | ABO | TRAFEGO | 16.04","ABERTO - CXS","ADS 002","Casa & Cia Centro",not_delivering,ad,1456,1562,1.0728022,"Clique de 1 dia","Visitas ao perfil do Instagram",27,10.14,0.37555556,2026-04-16,Contínuo,26,6.49167734,2026-05-25,2026-05-25
2026-05-25,"JS-MAIO-F2- CBO / FRIO",Interação,p2,"Casa & Cia Centro",not_delivering,ad,1238,1413,1.14135703,"Clique de 7 dias, visualização de 1 dia ou visualização com engajamento de 1 dia","Leads no site",37,13.59,0.3672973,2026-05-22,2026-05-30,66,9.61783439,2026-05-25,2026-05-25
2026-05-25,"JS-MAIO-F2- CBO / QUENTE",Interação,Video,"Casa & Cia Centro",not_delivering,ad,1789,1999,1.11738401,"Clique de 7 dias, visualização de 1 dia ou visualização com engajamento de 1 dia","Leads no site",89,29.42,0.3305618,2026-05-22,2026-05-30,87,14.71735868,2026-05-25,2026-05-25
2026-05-25,"JS-MAIO-F2- CBO / QUENTE",Interação,p1,"Casa & Cia Centro",not_delivering,ad,4,4,1,"Clique de 7 dias, visualização de 1 dia ou visualização com engajamento de 1 dia",,,0.09,,2026-05-22,2026-05-30,,22.5,2026-05-25,2026-05-25
2026-05-25,"PM | ABO | ENGAJ | ESCALA VALIDA | 22.05 | N°711",LUXO,"ADS 00","Casa & Cia Centro",not_delivering,ad,1634,1851,1.13280294,"Clique de 7 dias ou visualização de 1 dia","Conversas por mensagem iniciadas",3,16.91,5.63666667,2026-05-22,Contínuo,13,9.13560238,2026-05-25,2026-05-25
2026-05-25,"JS-MAIO-F2- CBO / FRIO — Cópia",Seguidores,p2,"Casa & Cia Centro",not_delivering,ad,67,68,1.01492537,"Clique de 7 dias, visualização de 1 dia ou visualização com engajamento de 1 dia","Leads no site",4,1.04,0.26,2026-05-25,2026-05-30,2,15.29411765,2026-05-25,2026-05-25
2026-05-25,"PM  | ABO | RECONHECIMENTO - 'LOJA ABERTA' | 25.05",ABERTO,"ADS 001","Casa & Cia Centro",not_delivering,ad,4868,5181,1.06429745,"Clique de 7 dias ou visualização de 1 dia",Alcance,4868,8.73,1.79334429,2026-05-25,Contínuo,,1.6850029,2026-05-25,2026-05-25
2026-05-25,"PM  | ABO | RECONHECIMENTO - 'LOJA ABERTA' | 25.05",QUENTE,"ADS 001","Casa & Cia Centro",not_delivering,ad,4609,5044,1.09438056,"Clique de 7 dias ou visualização de 1 dia",Alcance,4609,9.67,2.098069,2026-05-25,Contínuo,,1.91712926,2026-05-25,2026-05-25
2026-05-25,"JS-MAIO-F2- CBO / FRIO — Cópia",Interação,Video,"Casa & Cia Centro",not_delivering,ad,3296,3480,1.05582524,"Clique de 7 dias, visualização de 1 dia ou visualização com engajamento de 1 dia","Leads no site",224,37.31,0.1665625,2026-05-23,2026-05-30,236,10.72126437,2026-05-25,2026-05-25
2026-05-25,"PM | ABO | ENGAJ | ESCALA VALIDA | 22.05 | N°711","ACESSORIOS QUARTO","ADS 00","Casa & Cia Centro",not_delivering,ad,315,321,1.01904762,"Clique de 7 dias ou visualização de 1 dia",,,3.18,,2026-05-22,Contínuo,2,9.90654206,2026-05-25,2026-05-25
2026-05-25,"PM | ABO | ENGAJ | ESCALA VALIDA | 22.05 | N°711",LUXO,"ADS 00","Casa & Cia Centro",not_delivering,ad,1884,2160,1.14649682,"Clique de 7 dias ou visualização de 1 dia","Conversas por mensagem iniciadas",1,16.72,16.72,2026-05-22,Contínuo,10,7.74074074,2026-05-25,2026-05-25
2026-05-25,"PM | ABO | ENGAJ - TEST.PUB | 19.05","ACESSORIOS QUARTO -","ADS 00","Casa & Cia Centro",not_delivering,ad,2897,3786,1.30686918,"Clique de 7 dias ou visualização de 1 dia","Conversas por mensagem iniciadas",3,30.26,10.08666667,2026-05-19,Contínuo,15,7.99260433,2026-05-25,2026-05-25
2026-05-25,"PM | ABO | ENGAJ | ESCALA VALIDA | 22.05 | N°711",LUXO,"ADS 00","Casa & Cia Centro",not_delivering,ad,1926,2261,1.17393562,"Clique de 7 dias ou visualização de 1 dia","Conversas por mensagem iniciadas",8,17.19,2.14875,2026-05-22,Contínuo,18,7.60283061,2026-05-25,2026-05-25
2026-05-25,"FERIADO 26/05 - PREMIUM Campanha","FERIADO 26/05 - PREMIUM Conjunto de anúncios","FERIADO 26/05 - PREMIUM","Casa e Cia",not_delivering,ad,9704,12211,1.25834707,"Clique de 7 dias ou visualização de 1 dia","Conversas por mensagem iniciadas",42,147.84,3.52,2026-05-25,2026-05-26,116,12.10711653,2026-05-25,2026-05-25
2026-05-25,"PM | ABO | ENGAJ | ESCALA VALIDA | 22.05 | N°111","ACESSORIOS QUARTO","ADS 00","Casa & Cia Centro",not_delivering,ad,1382,1684,1.21852388,"Clique de 7 dias ou visualização de 1 dia","Conversas por mensagem iniciadas",2,17.75,8.875,2026-05-22,Contínuo,13,10.54038005,2026-05-25,2026-05-25
2026-05-25,"JS-MAIO-F2- CBO / FRIO — Cópia",Interação,p2,"Casa & Cia Centro",not_delivering,ad,331,337,1.01812689,"Clique de 7 dias, visualização de 1 dia ou visualização com engajamento de 1 dia","Leads no site",8,3.56,0.445,2026-05-25,2026-05-30,7,10.56379822,2026-05-25,2026-05-25
2026-05-25,"JS-MAIO-F2- CBO / QUENTE",Seguidores,p1,"Casa & Cia Centro",not_delivering,ad,16,16,1,"Clique de 7 dias, visualização de 1 dia ou visualização com engajamento de 1 dia",,,0.14,,2026-05-22,2026-05-30,,8.75,2026-05-25,2026-05-25
2026-05-25,"JS-MAIO-F2- CBO / FRIO — Cópia",Seguidores,p2,"Casa & Cia Centro",not_delivering,ad,919,919,1,"Clique de 7 dias, visualização de 1 dia ou visualização com engajamento de 1 dia","Leads no site",4,14.96,3.74,2026-05-25,2026-05-30,18,16.27856366,2026-05-25,2026-05-25
2026-05-25,"FERIADO 26/05 vídeo 2 - CENTRO Campanha","FERIADO 26/05 vídeo 2 - CENTRO Conjunto de anúncios","FERIADO 26/05 vídeo 2 - CENTRO","Casa & Cia Centro",not_delivering,ad,3028,3506,1.15785997,"Clique de 7 dias ou visualização de 1 dia","Conversas por mensagem iniciadas",23,42.54,1.84956522,2026-05-25,2026-05-26,41,12.13348545,2026-05-25,2026-05-25
2026-05-24,"PM | ABO | ENGAJ | ESCALA VALIDA | 22.05 | N°711",LUXO,"ADS 00","Casa & Cia Centro",not_delivering,ad,1930,2155,1.11658031,"Clique de 7 dias ou visualização de 1 dia","Conversas por mensagem iniciadas",3,16.84,5.61333333,2026-05-22,Contínuo,17,7.81438515,2026-05-24,2026-05-24
2026-05-24,"JS-MAIO-F2- CBO / FRIO",Interação,p1,"Casa & Cia Centro",not_delivering,ad,26,28,1.07692308,"Clique de 7 dias, visualização de 1 dia ou visualização com engajamento de 1 dia",,,0.23,,2026-05-22,2026-05-30,1,8.21428571,2026-05-24,2026-05-24
2026-05-24,"PM | ABO | ENGAJ | ESCALA VALIDA | 22.05 | N°711",LUXO,"ADS 00","Casa & Cia Centro",not_delivering,ad,1855,2068,1.1148248,"Clique de 7 dias ou visualização de 1 dia","Conversas por mensagem iniciadas",6,17.58,2.93,2026-05-22,Contínuo,15,8.50096712,2026-05-24,2026-05-24
2026-05-24,"PM | ABO | ENGAJ | TEST.PUB | 19.05","LUXO — Cópia","ADS 00","Casa & Cia Centro",not_delivering,ad,3379,4250,1.25776857,"Clique de 7 dias ou visualização de 1 dia","Conversas por mensagem iniciadas",3,29.35,9.78333333,2026-05-19,Contínuo,15,6.90588235,2026-05-24,2026-05-24
2026-05-24,"JS-MAIO-F2- CBO / FRIO",Seguidores,p2,"Casa & Cia Centro",not_delivering,ad,5,5,1,"Clique de 7 dias, visualização de 1 dia ou visualização com engajamento de 1 dia",,,0.02,,2026-05-22,2026-05-30,,4,2026-05-24,2026-05-24
2026-05-24,"JS-MAIO-F2- CBO / QUENTE",Interação,p2,"Casa & Cia Centro",not_delivering,ad,2594,3706,1.42868157,"Clique de 7 dias, visualização de 1 dia ou visualização com engajamento de 1 dia","Leads no site",67,36.81,0.54940299,2026-05-22,2026-05-30,81,9.93254182,2026-05-24,2026-05-24
2026-05-24,"PM | ABO | ENGAJ | ESCALA VALIDA | 22.05 | N°111","ACESSORIOS QUARTO","ADS 00","Casa & Cia Centro",not_delivering,ad,1601,1977,1.23485322,"Clique de 7 dias ou visualização de 1 dia","Conversas por mensagem iniciadas",2,19.04,9.52,2026-05-22,Contínuo,17,9.63075367,2026-05-24,2026-05-24
2026-05-24,"JS-MAIO-F2- CBO / FRIO — Cópia",Seguidores,p2,"Casa & Cia Centro",not_delivering,ad,18,18,1,"Clique de 7 dias, visualização de 1 dia ou visualização com engajamento de 1 dia",,,0.49,,2026-05-23,2026-05-30,1,27.22222222,2026-05-24,2026-05-24
2026-05-24,"PM | ABO | ENGAJ | ESCALA VALIDA | 22.05 | N°711","ACESSORIOS QUARTO","ADS 00","Casa & Cia Centro",not_delivering,ad,1454,1725,1.18638239,"Clique de 7 dias ou visualização de 1 dia",,,19.98,,2026-05-22,Contínuo,6,11.5826087,2026-05-24,2026-05-24
2026-05-24,"PM | ABO | ENGAJ - TEST.PUB | 19.05","FRIO — Cópia","ADS 00","Casa & Cia Centro",not_delivering,ad,1617,2058,1.27272727,"Clique de 7 dias ou visualização de 1 dia","Conversas por mensagem iniciadas",1,12.17,12.17,2026-05-19,Contínuo,7,5.91350826,2026-05-24,2026-05-24
2026-05-24,"JS-MAIO-F2- CBO / FRIO",Seguidores,p1,"Casa & Cia Centro",not_delivering,ad,1929,2056,1.06583722,"Clique de 7 dias, visualização de 1 dia ou visualização com engajamento de 1 dia","Leads no site",50,19.2,0.384,2026-05-22,2026-05-30,62,9.3385214,2026-05-24,2026-05-24
2026-05-24,"PM | ABO | ENGAJ | TEST.PUB | 19.05","ALTO PADRÃO — Cópia","ADS 00","Casa & Cia Centro",not_delivering,ad,2787,3409,1.22317905,"Clique de 7 dias ou visualização de 1 dia","Conversas por mensagem iniciadas",5,21.52,4.304,2026-05-19,Contínuo,26,6.31270167,2026-05-24,2026-05-24
2026-05-24,"PM | ABO | ENGAJ | ESCALA VALIDA | 22.05 | N°111","ACESSORIOS QUARTO","ADS 00","Casa & Cia Centro",not_delivering,ad,1695,2009,1.18525074,"Clique de 7 dias ou visualização de 1 dia",,,18.01,,2026-05-22,Contínuo,16,8.96465903,2026-05-24,2026-05-24
2026-05-24,"PM | ABO | ENGAJ | ESCALA VALIDA | 22.05 | N°711",LUXO,"ADS 00","Casa & Cia Centro",not_delivering,ad,1933,2203,1.13967926,"Clique de 7 dias ou visualização de 1 dia","Conversas por mensagem iniciadas",6,16.98,2.83,2026-05-22,Contínuo,18,7.70767136,2026-05-24,2026-05-24
2026-05-24,"PM | ABO | ENGAJ | ESCALA VALIDA | 22.05 | N°111","ACESSORIOS QUARTO","ADS 00","Casa & Cia Centro",not_delivering,ad,1531,1765,1.15284128,"Clique de 7 dias ou visualização de 1 dia","Conversas por mensagem iniciadas",3,19.31,6.43666667,2026-05-22,Contínuo,13,10.94050992,2026-05-24,2026-05-24
2026-05-24,"JS-MAIO-F2- CBO / FRIO — Cópia",Seguidores,Video,"Casa & Cia Centro",not_delivering,ad,34,36,1.05882353,"Clique de 7 dias, visualização de 1 dia ou visualização com engajamento de 1 dia","Leads no site",6,0.48,0.08,2026-05-23,2026-05-30,4,13.33333333,2026-05-24,2026-05-24
2026-05-24,"PM | ABO | ENGAJ | ESCALA VALIDA | 22.05 | N°711","ACESSORIOS QUARTO","ADS 00","Casa & Cia Centro",not_delivering,ad,1567,1881,1.2003829,"Clique de 7 dias ou visualização de 1 dia","Conversas por mensagem iniciadas",2,18.69,9.345,2026-05-22,Contínuo,16,9.93620415,2026-05-24,2026-05-24
2026-05-24,"JS-MAIO-F2- CBO / FRIO — Cópia",Interação,p2,"Casa & Cia Centro",not_delivering,ad,155,165,1.06451613,"Clique de 7 dias, visualização de 1 dia ou visualização com engajamento de 1 dia","Leads no site",8,2.84,0.355,2026-05-23,2026-05-30,8,17.21212121,2026-05-24,2026-05-24
2026-05-24,"PM | ABO | ENGAJ - TEST.PUB | 20.05 | N° 111","ACESSORIOS QUARTO -","ADS 00","Casa & Cia Centro",not_delivering,ad,3913,5227,1.33580373,"Clique de 7 dias ou visualização de 1 dia","Conversas por mensagem iniciadas",8,32.49,4.06125,2026-05-20,Contínuo,21,6.21580256,2026-05-24,2026-05-24
2026-05-24,"JS-MAIO-F2- CBO / QUENTE",Seguidores,p2,"Casa & Cia Centro",not_delivering,ad,200,240,1.2,"Clique de 7 dias, visualização de 1 dia ou visualização com engajamento de 1 dia","Leads no site",2,2.64,1.32,2026-05-22,2026-05-30,3,11,2026-05-24,2026-05-24
2026-05-24,"PM | ABO | ENGAJ | ESCALA VALIDA | 22.05 | N°111","ACESSORIOS QUARTO","ADS 00","Casa & Cia Centro",not_delivering,ad,1456,1706,1.1717033,"Clique de 7 dias ou visualização de 1 dia","Conversas por mensagem iniciadas",2,19,9.5,2026-05-22,Contínuo,14,11.13716295,2026-05-24,2026-05-24
2026-05-24,"JS-MAIO-F2- CBO / FRIO — Cópia",Interação,p1,"Casa & Cia Centro",not_delivering,ad,31,33,1.06451613,"Clique de 7 dias, visualização de 1 dia ou visualização com engajamento de 1 dia",,,0.51,,2026-05-23,2026-05-30,1,15.45454545,2026-05-24,2026-05-24
2026-05-24,"PM | ABO | ENGAJ - TEST.PUB | 19.05","ACESSORIOS QUARTO -","ADS 00","Casa & Cia Centro",not_delivering,ad,3601,4674,1.29797279,"Clique de 7 dias ou visualização de 1 dia","Conversas por mensagem iniciadas",6,33.81,5.635,2026-05-19,Contínuo,32,7.23363286,2026-05-24,2026-05-24
2026-05-24,"PM | ABO | ENGAJ | ESCALA VALIDA | 22.05 | N°711","ACESSORIOS QUARTO","ADS 00","Casa & Cia Centro",not_delivering,ad,1518,1831,1.20619236,"Clique de 7 dias ou visualização de 1 dia","Conversas por mensagem iniciadas",1,18.99,18.99,2026-05-22,Contínuo,12,10.37138176,2026-05-24,2026-05-24
2026-05-24,"JS-MAIO-F2- CBO / QUENTE",Interação,p1,"Casa & Cia Centro",not_delivering,ad,366,414,1.13114754,"Clique de 7 dias, visualização de 1 dia ou visualização com engajamento de 1 dia","Leads no site",2,4.95,2.475,2026-05-22,2026-05-30,4,11.95652174,2026-05-24,2026-05-24
2026-05-24,"JS-MAIO-F2- CBO / FRIO",Interação,Video,"Casa & Cia Centro",not_delivering,ad,15,16,1.06666667,"Clique de 7 dias, visualização de 1 dia ou visualização com engajamento de 1 dia",,,0.3,,2026-05-22,2026-05-30,,18.75,2026-05-24,2026-05-24
2026-05-24,"JS-MAIO-F2- CBO / FRIO",Interação,p2,"Casa & Cia Centro",not_delivering,ad,2484,2887,1.16223833,"Clique de 7 dias, visualização de 1 dia ou visualização com engajamento de 1 dia","Leads no site",74,25.75,0.34797297,2026-05-22,2026-05-30,116,8.91929338,2026-05-24,2026-05-24
2026-05-24,"PM | ABO | TRAFEGO | 16.04","ABERTO - CXS","ADS 002","Casa & Cia Centro",not_delivering,ad,1621,1746,1.07711289,"Clique de 1 dia","Visitas ao perfil do Instagram",31,10.98,0.35419355,2026-04-16,Contínuo,32,6.28865979,2026-05-24,2026-05-24
2026-05-24,"PM | ABO | ENGAJ | ESCALA VALIDA | 22.05 | N°711",LUXO,"ADS 00","Casa & Cia Centro",not_delivering,ad,1953,2200,1.12647209,"Clique de 7 dias ou visualização de 1 dia","Conversas por mensagem iniciadas",5,15.74,3.148,2026-05-22,Contínuo,15,7.15454545,2026-05-24,2026-05-24
2026-05-24,"PM | ABO | ENGAJ | ESCALA VALIDA | 22.05 | N°711",LUXO,"ADS 00","Casa & Cia Centro",not_delivering,ad,1657,1876,1.13216657,"Clique de 7 dias ou visualização de 1 dia","Conversas por mensagem iniciadas",5,16.77,3.354,2026-05-22,Contínuo,16,8.93923241,2026-05-24,2026-05-24
2026-05-24,"PM | ABO | ENGAJ | ESCALA VALIDA | 22.05 | N°711",LUXO,"ADS 00","Casa & Cia Centro",not_delivering,ad,1742,1985,1.13949483,"Clique de 7 dias ou visualização de 1 dia","Conversas por mensagem iniciadas",3,17.58,5.86,2026-05-22,Contínuo,10,8.85642317,2026-05-24,2026-05-24
2026-05-24,"PM | ABO | ENGAJ | ESCALA VALIDA | 22.05 | N°711","ACESSORIOS QUARTO","ADS 00","Casa & Cia Centro",not_delivering,ad,1556,1827,1.17416452,"Clique de 7 dias ou visualização de 1 dia","Conversas por mensagem iniciadas",4,18.46,4.615,2026-05-22,Contínuo,15,10.10399562,2026-05-24,2026-05-24
2026-05-24,"JS-MAIO-F2- CBO / FRIO — Cópia",Seguidores,p1,"Casa & Cia Centro",not_delivering,ad,466,488,1.0472103,"Clique de 7 dias, visualização de 1 dia ou visualização com engajamento de 1 dia","Leads no site",18,5.7,0.31666667,2026-05-23,2026-05-30,22,11.68032787,2026-05-24,2026-05-24
2026-05-24,"JS-MAIO-F2- CBO / QUENTE",Interação,Video,"Casa & Cia Centro",not_delivering,ad,31,31,1,"Clique de 7 dias, visualização de 1 dia ou visualização com engajamento de 1 dia",,,0.66,,2026-05-22,2026-05-30,1,21.29032258,2026-05-24,2026-05-24
2026-05-24,"JS-MAIO-F2- CBO / FRIO — Cópia",Interação,Video,"Casa & Cia Centro",not_delivering,ad,3749,4115,1.09762603,"Clique de 7 dias, visualização de 1 dia ou visualização com engajamento de 1 dia","Leads no site",247,38.64,0.15643725,2026-05-23,2026-05-30,258,9.39003645,2026-05-24,2026-05-24
2026-05-24,"JS-MAIO-F2- CBO / FRIO",Seguidores,Video,"Casa & Cia Centro",not_delivering,ad,391,430,1.09974425,"Clique de 7 dias, visualização de 1 dia ou visualização com engajamento de 1 dia","Leads no site",24,5.05,0.21041667,2026-05-22,2026-05-30,20,11.74418605,2026-05-24,2026-05-24
2026-05-24,"JS-MAIO-F2- CBO / QUENTE",Seguidores,p1,"Casa & Cia Centro",not_delivering,ad,75,86,1.14666667,"Clique de 7 dias, visualização de 1 dia ou visualização com engajamento de 1 dia",,,1.16,,2026-05-22,2026-05-30,2,13.48837209,2026-05-24,2026-05-24
2026-05-24,"PM | ABO | ENGAJ | ESCALA VALIDA | 22.05 | N°111","ACESSORIOS QUARTO","ADS 00","Casa & Cia Centro",not_delivering,ad,1584,1838,1.16035354,"Clique de 7 dias ou visualização de 1 dia","Conversas por mensagem iniciadas",3,18.66,6.22,2026-05-22,Contínuo,10,10.1523395,2026-05-24,2026-05-24
2026-05-24,"PM | ABO | ENGAJ | ESCALA VALIDA | 22.05 | N°711",LUXO,"ADS 00","Casa & Cia Centro",not_delivering,ad,2020,2378,1.17722772,"Clique de 7 dias ou visualização de 1 dia","Conversas por mensagem iniciadas",4,16.43,4.1075,2026-05-22,Contínuo,13,6.90916737,2026-05-24,2026-05-24
2026-05-24,"PM | ABO | ENGAJ | ESCALA VALIDA | 22.05 | N°711",LUXO,"ADS 00","Casa & Cia Centro",not_delivering,ad,1878,2200,1.171459,"Clique de 7 dias ou visualização de 1 dia","Conversas por mensagem iniciadas",6,17.88,2.98,2026-05-22,Contínuo,16,8.12727273,2026-05-24,2026-05-24
2026-05-24,"PM | ABO | ENGAJ | ESCALA VALIDA | 22.05 | N°711","ACESSORIOS QUARTO","ADS 00","Casa & Cia Centro",not_delivering,ad,1604,1896,1.18204489,"Clique de 7 dias ou visualização de 1 dia",,,19.18,,2026-05-22,Contínuo,9,10.11603376,2026-05-24,2026-05-24
2026-05-23,"PM | ABO | ENGAJ | ESCALA VALIDA | 22.05 | N°711","ACESSORIOS QUARTO","ADS 00","Casa & Cia Centro",not_delivering,ad,446,450,1.00896861,"Clique de 7 dias ou visualização de 1 dia","Conversas por mensagem iniciadas",1,6.47,6.47,2026-05-22,Contínuo,3,14.37777778,2026-05-23,2026-05-23
2026-05-23,"JS-MAIO-F2- CBO / QUENTE",Interação,p2,"Casa & Cia Centro",not_delivering,ad,1000,1361,1.361,"Clique de 7 dias, visualização de 1 dia ou visualização com engajamento de 1 dia","Leads no site",30,12.16,0.40533333,2026-05-22,2026-05-30,32,8.93460691,2026-05-23,2026-05-23
2026-05-23,"JS-MAIO-F2- CBO / QUENTE",Seguidores,Video,"Casa & Cia Centro",not_delivering,ad,166,196,1.18072289,"Clique de 7 dias, visualização de 1 dia ou visualização com engajamento de 1 dia","Leads no site",2,2.32,1.16,2026-05-22,2026-05-30,4,11.83673469,2026-05-23,2026-05-23
2026-05-23,"JS-MAIO-F2- CBO / FRIO",Interação,p1,"Casa & Cia Centro",not_delivering,ad,35,35,1,"Clique de 7 dias, visualização de 1 dia ou visualização com engajamento de 1 dia",,,0.43,,2026-05-22,2026-05-30,1,12.28571429,2026-05-23,2026-05-23
2026-05-23,"JS-MAIO-F2- CBO / FRIO",Seguidores,p2,"Casa & Cia Centro",not_delivering,ad,102,142,1.39215686,"Clique de 7 dias, visualização de 1 dia ou visualização com engajamento de 1 dia","Leads no site",4,2.47,0.6175,2026-05-22,2026-05-30,39,17.3943662,2026-05-23,2026-05-23
2026-05-23,"PM | ABO | ENGAJ | ESCALA VALIDA | 22.05 | N°711",LUXO,"ADS 00","Casa & Cia Centro",not_delivering,ad,665,695,1.04511278,"Clique de 7 dias ou visualização de 1 dia",,,6.21,,2026-05-22,Contínuo,1,8.9352518,2026-05-23,2026-05-23
2026-05-23,"PM | ABO | ENGAJ | TEST.PUB | 19.05","LUXO — Cópia","ADS 00","Casa & Cia Centro",not_delivering,ad,1927,2270,1.17799689,"Clique de 7 dias ou visualização de 1 dia","Conversas por mensagem iniciadas",2,21.76,10.88,2026-05-19,Contínuo,10,9.58590308,2026-05-23,2026-05-23
2026-05-23,"PM | ABO | ENGAJ | ESCALA VALIDA | 22.05 | N°711","ACESSORIOS QUARTO","ADS 00","Casa & Cia Centro",not_delivering,ad,459,496,1.08061002,"Clique de 7 dias ou visualização de 1 dia",,,7.35,,2026-05-22,Contínuo,4,14.81854839,2026-05-23,2026-05-23
2026-05-23,"PM | ABO | ENGAJ | ESCALA VALIDA | 22.05 | N°711",LUXO,"ADS 00","Casa & Cia Centro",not_delivering,ad,1136,1238,1.08978873,"Clique de 7 dias ou visualização de 1 dia","Conversas por mensagem iniciadas",5,9.28,1.856,2026-05-22,Contínuo,12,7.49596123,2026-05-23,2026-05-23
2026-05-23,"PM | ABO | ENGAJ | ESCALA VALIDA | 22.05 | N°111","ACESSORIOS QUARTO","ADS 00","Casa & Cia Centro",not_delivering,ad,425,456,1.07294118,"Clique de 7 dias ou visualização de 1 dia",,,5.5,,2026-05-22,Contínuo,2,12.06140351,2026-05-23,2026-05-23
2026-05-23,"PM | ABO | ENGAJ | ESCALA VALIDA | 22.05 | N°111","ACESSORIOS QUARTO","ADS 00","Casa & Cia Centro",not_delivering,ad,525,530,1.00952381,"Clique de 7 dias ou visualização de 1 dia",,,6.36,,2026-05-22,Contínuo,2,12,2026-05-23,2026-05-23
2026-05-23,"PM | ABO | ENGAJ | ESCALA VALIDA | 22.05 | N°111","ACESSORIOS QUARTO","ADS 00","Casa & Cia Centro",not_delivering,ad,892,976,1.0941704,"Clique de 7 dias ou visualização de 1 dia","Conversas por mensagem iniciadas",2,10.08,5.04,2026-05-22,Contínuo,8,10.32786885,2026-05-23,2026-05-23
2026-05-23,"PM | ABO | ENGAJ - TEST.PUB | 19.05","FRIO — Cópia","ADS 00","Casa & Cia Centro",not_delivering,ad,906,1048,1.15673289,"Clique de 7 dias ou visualização de 1 dia","Conversas por mensagem iniciadas",3,6.01,2.00333333,2026-05-19,Contínuo,6,5.73473282,2026-05-23,2026-05-23
2026-05-23,"PM | ABO | ENGAJ | ESCALA VALIDA | 22.05 | N°711",LUXO,"ADS 00","Casa & Cia Centro",not_delivering,ad,1001,1087,1.08591409,"Clique de 7 dias ou visualização de 1 dia","Conversas por mensagem iniciadas",3,9.58,3.19333333,2026-05-22,Contínuo,10,8.81324747,2026-05-23,2026-05-23
2026-05-23,"PM | ABO | ENGAJ | ESCALA VALIDA | 22.05 | N°711","ACESSORIOS QUARTO","ADS 00","Casa & Cia Centro",not_delivering,ad,798,892,1.11779449,"Clique de 7 dias ou visualização de 1 dia","Conversas por mensagem iniciadas",1,10.78,10.78,2026-05-22,Contínuo,12,12.08520179,2026-05-23,2026-05-23
2026-05-23,"PM | ABO | ENGAJ | ESCALA VALIDA | 22.05 | N°711","ACESSORIOS QUARTO","ADS 00","Casa & Cia Centro",not_delivering,ad,568,620,1.0915493,"Clique de 7 dias ou visualização de 1 dia",,,7.62,,2026-05-22,Contínuo,4,12.29032258,2026-05-23,2026-05-23
2026-05-23,"JS-MAIO-F2- CBO / QUENTE",Seguidores,p2,"Casa & Cia Centro",not_delivering,ad,120,145,1.20833333,"Clique de 7 dias, visualização de 1 dia ou visualização com engajamento de 1 dia","Leads no site",2,3.11,1.555,2026-05-22,2026-05-30,3,21.44827586,2026-05-23,2026-05-23
2026-05-23,"JS-MAIO-F2- CBO / FRIO",Seguidores,p1,"Casa & Cia Centro",not_delivering,ad,465,531,1.14193548,"Clique de 7 dias, visualização de 1 dia ou visualização com engajamento de 1 dia","Leads no site",28,7.7,0.275,2026-05-22,2026-05-30,50,14.50094162,2026-05-23,2026-05-23
2026-05-23,"PM | ABO | ENGAJ | TEST.PUB | 19.05","ALTO PADRÃO — Cópia","ADS 00","Casa & Cia Centro",not_delivering,ad,1497,1680,1.12224449,"Clique de 7 dias ou visualização de 1 dia","Conversas por mensagem iniciadas",7,15.04,2.14857143,2026-05-19,Contínuo,18,8.95238095,2026-05-23,2026-05-23
2026-05-23,"PM | ABO | ENGAJ | ESCALA VALIDA | 22.05 | N°111","ACESSORIOS QUARTO","ADS 00","Casa & Cia Centro",not_delivering,ad,921,1000,1.08577633,"Clique de 7 dias ou visualização de 1 dia",,,10.81,,2026-05-22,Contínuo,7,10.81,2026-05-23,2026-05-23
2026-05-23,"PM | ABO | ENGAJ | ESCALA VALIDA | 22.05 | N°711",LUXO,"ADS 00","Casa & Cia Centro",not_delivering,ad,1049,1193,1.13727359,"Clique de 7 dias ou visualização de 1 dia","Conversas por mensagem iniciadas",5,10.1,2.02,2026-05-22,Contínuo,11,8.46605197,2026-05-23,2026-05-23
2026-05-23,"PM | ABO | ENGAJ | ESCALA VALIDA | 22.05 | N°111","ACESSORIOS QUARTO","ADS 00","Casa & Cia Centro",not_delivering,ad,881,993,1.12712826,"Clique de 7 dias ou visualização de 1 dia","Conversas por mensagem iniciadas",1,10.61,10.61,2026-05-22,Contínuo,3,10.68479355,2026-05-23,2026-05-23
2026-05-23,"PM | ABO | ENGAJ | ESCALA VALIDA | 22.05 | N°111","ACESSORIOS QUARTO","ADS 00","Casa & Cia Centro",not_delivering,ad,832,920,1.10576923,"Clique de 7 dias ou visualização de 1 dia","Conversas por mensagem iniciadas",1,10.2,10.2,2026-05-22,Contínuo,2,11.08695652,2026-05-23,2026-05-23
2026-05-23,"PM | ABO | ENGAJ | ESCALA VALIDA | 22.05 | N°711","ACESSORIOS QUARTO","ADS 00","Casa & Cia Centro",not_delivering,ad,892,963,1.07959641,"Clique de 7 dias ou visualização de 1 dia","Conversas por mensagem iniciadas",2,10.62,5.31,2026-05-22,Contínuo,6,11.02803738,2026-05-23,2026-05-23
2026-05-23,"PM | ABO | ENGAJ | ESCALA VALIDA | 22.05 | N°711",LUXO,"ADS 00","Casa & Cia Centro",not_delivering,ad,616,649,1.05357143,"Clique de 7 dias ou visualização de 1 dia","Conversas por mensagem iniciadas",1,6.01,6.01,2026-05-22,Contínuo,3,9.26040062,2026-05-23,2026-05-23
2026-05-23,"JS-MAIO-F2- CBO / FRIO — Cópia",Seguidores,p2,"Casa & Cia Centro",not_delivering,ad,319,330,1.03448276,"Clique de 7 dias, visualização de 1 dia ou visualização com engajamento de 1 dia","Leads no site",2,5.87,2.935,2026-05-23,2026-05-30,4,17.78787879,2026-05-23,2026-05-23
2026-05-23,"PM | ABO | ENGAJ | ESCALA VALIDA | 22.05 | N°711",LUXO,"ADS 00","Casa & Cia Centro",not_delivering,ad,1069,1152,1.07764266,"Clique de 7 dias ou visualização de 1 dia","Conversas por mensagem iniciadas",3,9.97,3.32333333,2026-05-22,Contínuo,7,8.65451389,2026-05-23,2026-05-23
2026-05-23,"JS-MAIO-F2- CBO / FRIO — Cópia",Interação,p2,"Casa & Cia Centro",not_delivering,ad,426,448,1.05164319,"Clique de 7 dias, visualização de 1 dia ou visualização com engajamento de 1 dia","Leads no site",6,8.05,1.34166667,2026-05-23,2026-05-30,12,17.96875,2026-05-23,2026-05-23
2026-05-23,"PM | ABO | ENGAJ | ESCALA VALIDA | 22.05 | N°711",LUXO,"ADS 00","Casa & Cia Centro",not_delivering,ad,1127,1211,1.07453416,"Clique de 7 dias ou visualização de 1 dia","Conversas por mensagem iniciadas",1,10.03,10.03,2026-05-22,Contínuo,6,8.28241123,2026-05-23,2026-05-23
2026-05-23,"PM | ABO | ENGAJ | ESCALA VALIDA | 22.05 | N°711","ACESSORIOS QUARTO","ADS 00","Casa & Cia Centro",not_delivering,ad,811,909,1.12083847,"Clique de 7 dias ou visualização de 1 dia","Conversas por mensagem iniciadas",3,10.49,3.49666667,2026-05-22,Contínuo,7,11.54015402,2026-05-23,2026-05-23
2026-05-23,"PM | ABO | ENGAJ | ESCALA VALIDA | 22.05 | N°711",LUXO,"ADS 00","Casa & Cia Centro",not_delivering,ad,958,1061,1.10751566,"Clique de 7 dias ou visualização de 1 dia","Conversas por mensagem iniciadas",4,10.32,2.58,2026-05-22,Contínuo,10,9.72667295,2026-05-23,2026-05-23
2026-05-23,"PM | ABO | ENGAJ | ESCALA VALIDA | 22.05 | N°711","ACESSORIOS QUARTO","ADS 00","Casa & Cia Centro",not_delivering,ad,499,541,1.08416834,"Clique de 7 dias ou visualização de 1 dia",,,6.73,,2026-05-22,Contínuo,2,12.43992606,2026-05-23,2026-05-23
2026-05-23,"PM | ABO | ENGAJ | ESCALA VALIDA | 22.05 | N°711",LUXO,"ADS 00","Casa & Cia Centro",not_delivering,ad,963,1047,1.08722741,"Clique de 7 dias ou visualização de 1 dia","Conversas por mensagem iniciadas",3,10.17,3.39,2026-05-22,Contínuo,10,9.71346705,2026-05-23,2026-05-23
2026-05-23,"PM | ABO | ENGAJ | ESCALA VALIDA | 22.05 | N°711",LUXO,"ADS 00","Casa & Cia Centro",not_delivering,ad,1169,1281,1.09580838,"Clique de 7 dias ou visualização de 1 dia","Conversas por mensagem iniciadas",6,10.01,1.66833333,2026-05-22,Contínuo,12,7.81420765,2026-05-23,2026-05-23
2026-05-23,"PM | ABO | ENGAJ | ESCALA VALIDA | 22.05 | N°711","ACESSORIOS QUARTO","ADS 00","Casa & Cia Centro",not_delivering,ad,747,820,1.09772423,"Clique de 7 dias ou visualização de 1 dia","Conversas por mensagem iniciadas",3,10.36,3.45333333,2026-05-22,Contínuo,9,12.63414634,2026-05-23,2026-05-23
2026-05-23,"JS-MAIO-F2- CBO / FRIO — Cópia",Interação,p1,"Casa & Cia Centro",not_delivering,ad,81,81,1,"Clique de 7 dias, visualização de 1 dia ou visualização com engajamento de 1 dia",,,1.53,,2026-05-23,2026-05-30,1,18.88888889,2026-05-23,2026-05-23
2026-05-23,"PM | ABO | TRAFEGO | 16.04","ABERTO - CXS","ADS 002","Casa & Cia Centro",not_delivering,ad,1245,1325,1.06425703,"Clique de 1 dia","Visitas ao perfil do Instagram",24,9.5,0.39583333,2026-04-16,Contínuo,22,7.16981132,2026-05-23,2026-05-23
2026-05-23,"JS-MAIO-F2- CBO / FRIO",Interação,p2,"Casa & Cia Centro",not_delivering,ad,681,738,1.08370044,"Clique de 7 dias, visualização de 1 dia ou visualização com engajamento de 1 dia","Leads no site",17,9.12,0.53647059,2026-05-22,2026-05-30,33,12.35772358,2026-05-23,2026-05-23
2026-05-23,"JS-MAIO-F2- CBO / QUENTE",Interação,p1,"Casa & Cia Centro",not_delivering,ad,362,420,1.16022099,"Clique de 7 dias, visualização de 1 dia ou visualização com engajamento de 1 dia","Leads no site",14,5.69,0.40642857,2026-05-22,2026-05-30,16,13.54761905,2026-05-23,2026-05-23
2026-05-23,"PM | ABO | ENGAJ | ESCALA VALIDA | 22.05 | N°711","ACESSORIOS QUARTO","ADS 00","Casa & Cia Centro",not_delivering,ad,820,872,1.06341463,"Clique de 7 dias ou visualização de 1 dia","Conversas por mensagem iniciadas",3,10.22,3.40666667,2026-05-22,Contínuo,6,11.72018349,2026-05-23,2026-05-23
2026-05-23,"PM | ABO | ENGAJ | ESCALA VALIDA | 22.05 | N°711","ACESSORIOS QUARTO","ADS 00","Casa & Cia Centro",not_delivering,ad,440,476,1.08181818,"Clique de 7 dias ou visualização de 1 dia",,,8.47,,2026-05-22,Contínuo,2,17.79411765,2026-05-23,2026-05-23
2026-05-23,"PM| ABO | ENGAJ | EXPRESS | 04.05 | 711","FRIO — NOVO CRIATIVO — Cópia","ADS 00","Casa & Cia Centro",not_delivering,ad,0,0,0,"Clique de 7 dias ou visualização de 1 dia","Conversas por mensagem iniciadas",1,0,0,2026-05-11,Contínuo,,,2026-05-23,2026-05-23
2026-05-23,"JS-MAIO-F2- CBO / FRIO",Interação,Video,"Casa & Cia Centro",not_delivering,ad,239,256,1.07112971,"Clique de 7 dias, visualização de 1 dia ou visualização com engajamento de 1 dia","Leads no site",30,3.97,0.13233333,2026-05-22,2026-05-30,21,15.5078125,2026-05-23,2026-05-23
2026-05-23,"JS-MAIO-F2- CBO / FRIO — Cópia",Seguidores,p1,"Casa & Cia Centro",not_delivering,ad,160,160,1,"Clique de 7 dias, visualização de 1 dia ou visualização com engajamento de 1 dia","Leads no site",2,2.14,1.07,2026-05-23,2026-05-30,5,13.375,2026-05-23,2026-05-23
2026-05-23,"JS-MAIO-F2- CBO / QUENTE",Interação,Video,"Casa & Cia Centro",not_delivering,ad,576,683,1.18576389,"Clique de 7 dias, visualização de 1 dia ou visualização com engajamento de 1 dia","Leads no site",60,10.43,0.17383333,2026-05-22,2026-05-30,55,15.27086384,2026-05-23,2026-05-23
2026-05-23,"JS-MAIO-F2- CBO / FRIO",Seguidores,Video,"Casa & Cia Centro",not_delivering,ad,210,223,1.06190476,"Clique de 7 dias, visualização de 1 dia ou visualização com engajamento de 1 dia","Leads no site",14,4.11,0.29357143,2026-05-22,2026-05-30,13,18.43049327,2026-05-23,2026-05-23
2026-05-23,"PM | ABO | ENGAJ | ESCALA VALIDA | 22.05 | N°111","ACESSORIOS QUARTO","ADS 00","Casa & Cia Centro",not_delivering,ad,446,485,1.08744395,"Clique de 7 dias ou visualização de 1 dia",,,6.56,,2026-05-22,Contínuo,5,13.5257732,2026-05-23,2026-05-23
2026-05-23,"JS-MAIO-F2- CBO / QUENTE",Seguidores,p1,"Casa & Cia Centro",not_delivering,ad,162,185,1.14197531,"Clique de 7 dias, visualização de 1 dia ou visualização com engajamento de 1 dia",,,2.71,,2026-05-22,2026-05-30,7,14.64864865,2026-05-23,2026-05-23
2026-05-23,"PM | ABO | ENGAJ | ESCALA VALIDA | 22.05 | N°111","ACESSORIOS QUARTO","ADS 00","Casa & Cia Centro",not_delivering,ad,529,557,1.05293006,"Clique de 7 dias ou visualização de 1 dia",,,6.81,,2026-05-22,Contínuo,2,12.22621185,2026-05-23,2026-05-23
2026-05-23,"PM | ABO | ENGAJ | ESCALA VALIDA | 22.05 | N°111","ACESSORIOS QUARTO","ADS 00","Casa & Cia Centro",not_delivering,ad,785,848,1.08025478,"Clique de 7 dias ou visualização de 1 dia","Conversas por mensagem iniciadas",1,10.44,10.44,2026-05-22,Contínuo,13,12.31132075,2026-05-23,2026-05-23
2026-05-23,"PM | ABO | ENGAJ - TEST.PUB | 20.05 | N° 111","ACESSORIOS QUARTO -","ADS 00","Casa & Cia Centro",not_delivering,ad,2146,2431,1.13280522,"Clique de 7 dias ou visualização de 1 dia","Conversas por mensagem iniciadas",4,21.19,5.2975,2026-05-20,Contínuo,13,8.71657754,2026-05-23,2026-05-23
2026-05-23,"PM | ABO | ENGAJ - TEST.PUB | 19.05","ACESSORIOS QUARTO -","ADS 00","Casa & Cia Centro",not_delivering,ad,2180,2593,1.18944954,"Clique de 7 dias ou visualização de 1 dia","Conversas por mensagem iniciadas",2,22.57,11.285,2026-05-19,Contínuo,12,8.70420363,2026-05-23,2026-05-23
2026-05-23,"PM | ABO | ENGAJ | ESCALA VALIDA | 22.05 | N°111","ACESSORIOS QUARTO","ADS 00","Casa & Cia Centro",not_delivering,ad,460,476,1.03478261,"Clique de 7 dias ou visualização de 1 dia",,,6.31,,2026-05-22,Contínuo,3,13.25630252,2026-05-23,2026-05-23
2026-05-22,"PM | ABO | ENGAJ | TEST.PUB | 19.05","LUXO — Cópia","ADS 00","Casa & Cia Centro",not_delivering,ad,947,1162,1.22703273,"Clique de 7 dias ou visualização de 1 dia","Conversas por mensagem iniciadas",4,12.78,3.195,2026-05-19,Contínuo,5,10.99827883,2026-05-22,2026-05-22
2026-05-22,"JS-MAIO-F2- CBO / FRIO",Interação,p1,"Casa & Cia Centro",not_delivering,ad,431,448,1.03944316,"Clique de 7 dias, visualização de 1 dia ou visualização com engajamento de 1 dia","Leads no site",4,7.52,1.88,2026-05-22,2026-05-30,10,16.78571429,2026-05-22,2026-05-22
2026-05-22,"PM | ABO | ENGAJ | ESCALA VALIDA | 22.05 | N°711","ACESSORIOS QUARTO","ADS 00","Casa & Cia Centro",not_delivering,ad,878,969,1.10364465,"Clique de 7 dias ou visualização de 1 dia",,,13.39,,2026-05-22,Contínuo,5,13.81836945,2026-05-22,2026-05-22
2026-05-22,"PM | ABO | ENGAJ | ESCALA VALIDA | 22.05 | N°711",LUXO,"ADS 00","Casa & Cia Centro",not_delivering,ad,1458,1593,1.09259259,"Clique de 7 dias ou visualização de 1 dia",,,14.96,,2026-05-22,Contínuo,10,9.391086,2026-05-22,2026-05-22
2026-05-22,"PM | ABO | ENGAJ - TEST.PUB | 20.05 | N° 111","FRIO — Cópia","ADS 00","Casa & Cia Centro",not_delivering,ad,146,150,1.02739726,"Clique de 7 dias ou visualização de 1 dia",,,1.57,,2026-05-20,Contínuo,,10.46666667,2026-05-22,2026-05-22
2026-05-22,"PM | ABO | ENGAJ | ESCALA VALIDA | 22.05 | N°711","ACESSORIOS QUARTO","ADS 00","Casa & Cia Centro",not_delivering,ad,892,983,1.10201794,"Clique de 7 dias ou visualização de 1 dia","Conversas por mensagem iniciadas",1,12.27,12.27,2026-05-22,Contínuo,7,12.48219736,2026-05-22,2026-05-22
2026-05-22,"PM | ABO | ENGAJ | ESCALA VALIDA | 22.05 | N°711",LUXO,"ADS 00","Casa & Cia Centro",not_delivering,ad,1370,1546,1.12846715,"Clique de 7 dias ou visualização de 1 dia","Conversas por mensagem iniciadas",3,14.66,4.88666667,2026-05-22,Contínuo,14,9.48253558,2026-05-22,2026-05-22
2026-05-22,"JS-MAIO-F2- CBO / QUENTE",Interação,p2,"Casa & Cia Centro",not_delivering,ad,368,439,1.19293478,"Clique de 7 dias, visualização de 1 dia ou visualização com engajamento de 1 dia","Leads no site",10,7.47,0.747,2026-05-22,2026-05-30,16,17.01594533,2026-05-22,2026-05-22
2026-05-22,"PM | ABO | ENGAJ | ESCALA VALIDA | 22.05 | N°111","ACESSORIOS QUARTO","ADS 00","Casa & Cia Centro",not_delivering,ad,1001,1072,1.07092907,"Clique de 7 dias ou visualização de 1 dia","Conversas por mensagem iniciadas",3,13.77,4.59,2026-05-22,Contínuo,5,12.84514925,2026-05-22,2026-05-22
2026-05-22,"PM | ABO | ENGAJ | ESCALA VALIDA | 22.05 | N°111","ACESSORIOS QUARTO","ADS 00","Casa & Cia Centro",not_delivering,ad,936,1021,1.09081197,"Clique de 7 dias ou visualização de 1 dia","Conversas por mensagem iniciadas",2,13.36,6.68,2026-05-22,Contínuo,5,13.08521058,2026-05-22,2026-05-22
2026-05-22,"JS-MAIO-F2- CBO / QUENTE",Seguidores,Video,"Casa & Cia Centro",not_delivering,ad,61,71,1.16393443,"Clique de 7 dias, visualização de 1 dia ou visualização com engajamento de 1 dia","Leads no site",2,1.77,0.885,2026-05-22,2026-05-30,2,24.92957746,2026-05-22,2026-05-22
2026-05-22,"PM | ABO | ENGAJ | ESCALA VALIDA | 22.05 | N°111","ACESSORIOS QUARTO","ADS 00","Casa & Cia Centro",not_delivering,ad,972,1106,1.13786008,"Clique de 7 dias ou visualização de 1 dia",,,13.17,,2026-05-22,Contínuo,2,11.90777577,2026-05-22,2026-05-22
2026-05-22,"PM | ABO | ENGAJ | ESCALA VALIDA | 22.05 | N°711",LUXO,"ADS 00","Casa & Cia Centro",not_delivering,ad,1416,1586,1.1200565,"Clique de 7 dias ou visualização de 1 dia","Conversas por mensagem iniciadas",1,14.14,14.14,2026-05-22,Contínuo,7,8.91551072,2026-05-22,2026-05-22
2026-05-22,"PM | ABO | ENGAJ | ESCALA VALIDA | 22.05 | N°711","ACESSORIOS QUARTO","ADS 00","Casa & Cia Centro",not_delivering,ad,1008,1084,1.07539683,"Clique de 7 dias ou visualização de 1 dia",,,13.39,,2026-05-22,Contínuo,6,12.35239852,2026-05-22,2026-05-22
2026-05-22,"PM | ABO | ENGAJ | ESCALA VALIDA | 22.05 | N°711","ACESSORIOS QUARTO","ADS 00","Casa & Cia Centro",not_delivering,ad,1105,1236,1.11855204,"Clique de 7 dias ou visualização de 1 dia","Conversas por mensagem iniciadas",2,13.23,6.615,2026-05-22,Contínuo,6,10.7038835,2026-05-22,2026-05-22
2026-05-22,"PM | ABO | ENGAJ - TEST.PUB | 19.05","FRIO — Cópia","ADS 00","Casa & Cia Centro",not_delivering,ad,557,676,1.21364452,"Clique de 7 dias ou visualização de 1 dia","Conversas por mensagem iniciadas",2,5.46,2.73,2026-05-19,Contínuo,6,8.07692308,2026-05-22,2026-05-22
2026-05-22,"PM | ABO | ENGAJ | ESCALA VALIDA | 22.05 | N°111","ACESSORIOS QUARTO","ADS 00","Casa & Cia Centro",not_delivering,ad,1051,1165,1.10846813,"Clique de 7 dias ou visualização de 1 dia","Conversas por mensagem iniciadas",3,13.16,4.38666667,2026-05-22,Contínuo,10,11.29613734,2026-05-22,2026-05-22
2026-05-22,"PM | ABO | ENGAJ | TEST.PUB | 19.05","ALTO PADRÃO — Cópia","ADS 00","Casa & Cia Centro",not_delivering,ad,1048,1269,1.21087786,"Clique de 7 dias ou visualização de 1 dia","Conversas por mensagem iniciadas",3,10.72,3.57333333,2026-05-19,Contínuo,8,8.44759653,2026-05-22,2026-05-22
2026-05-22,"JS-MAIO-F2- CBO / QUENTE",Seguidores,p2,"Casa & Cia Centro",not_delivering,ad,129,158,1.2248062,"Clique de 7 dias, visualização de 1 dia ou visualização com engajamento de 1 dia","Leads no site",6,2.41,0.40166667,2026-05-22,2026-05-30,9,15.25316456,2026-05-22,2026-05-22
2026-05-22,"PM | ABO | ENGAJ | ESCALA VALIDA | 22.05 | N°711","ACESSORIOS QUARTO","ADS 00","Casa & Cia Centro",not_delivering,ad,867,988,1.13956171,"Clique de 7 dias ou visualização de 1 dia",,,13.35,,2026-05-22,Contínuo,2,13.51214575,2026-05-22,2026-05-22
2026-05-22,"PM | ABO | ENGAJ | ESCALA VALIDA | 22.05 | N°111","ACESSORIOS QUARTO","ADS 00","Casa & Cia Centro",not_delivering,ad,1064,1207,1.1343985,"Clique de 7 dias ou visualização de 1 dia",,,13.83,,2026-05-22,Contínuo,6,11.45816073,2026-05-22,2026-05-22
2026-05-22,"PM | ABO | ENGAJ | ESCALA VALIDA | 22.05 | N°111","ACESSORIOS QUARTO","ADS 00","Casa & Cia Centro",not_delivering,ad,972,1088,1.11934156,"Clique de 7 dias ou visualização de 1 dia","Conversas por mensagem iniciadas",2,13.89,6.945,2026-05-22,Contínuo,4,12.76654412,2026-05-22,2026-05-22
2026-05-22,"PM | ABO | ENGAJ | ESCALA VALIDA | 22.05 | N°711",LUXO,"ADS 00","Casa & Cia Centro",not_delivering,ad,1448,1592,1.09944751,"Clique de 7 dias ou visualização de 1 dia","Conversas por mensagem iniciadas",8,14.23,1.77875,2026-05-22,Contínuo,16,8.93844221,2026-05-22,2026-05-22
2026-05-22,"PM | ABO | ENGAJ | ESCALA VALIDA | 22.05 | N°711",LUXO,"ADS 00","Casa & Cia Centro",not_delivering,ad,1472,1636,1.11141304,"Clique de 7 dias ou visualização de 1 dia","Conversas por mensagem iniciadas",1,13.61,13.61,2026-05-22,Contínuo,7,8.3190709,2026-05-22,2026-05-22
2026-05-22,"JS-MAIO-F2- CBO / QUENTE",Seguidores,p1,"Casa & Cia Centro",not_delivering,ad,68,79,1.16176471,"Clique de 7 dias, visualização de 1 dia ou visualização com engajamento de 1 dia","Leads no site",2,1.23,0.615,2026-05-22,2026-05-30,3,15.56962025,2026-05-22,2026-05-22
2026-05-22,"PM | ABO | ENGAJ | ESCALA VALIDA | 22.05 | N°711",LUXO,"ADS 00","Casa & Cia Centro",not_delivering,ad,1126,1249,1.10923623,"Clique de 7 dias ou visualização de 1 dia","Conversas por mensagem iniciadas",1,13.92,13.92,2026-05-22,Contínuo,10,11.14491593,2026-05-22,2026-05-22
2026-05-22,"PM | ABO | ENGAJ - TEST.PUB | 20.05 | N° 111","ACESSORIOS QUARTO -","ADS 00","Casa & Cia Centro",not_delivering,ad,1133,1408,1.24271845,"Clique de 7 dias ou visualização de 1 dia","Conversas por mensagem iniciadas",3,13.08,4.36,2026-05-20,Contínuo,8,9.28977273,2026-05-22,2026-05-22
2026-05-22,"PM | ABO | ENGAJ | ESCALA VALIDA | 22.05 | N°711","ACESSORIOS QUARTO","ADS 00","Casa & Cia Centro",not_delivering,ad,983,1079,1.09766022,"Clique de 7 dias ou visualização de 1 dia","Conversas por mensagem iniciadas",1,13.51,13.51,2026-05-22,Contínuo,7,12.52085264,2026-05-22,2026-05-22
2026-05-22,"PM | ABO | TRAFEGO | 16.04","ABERTO - CXS","ADS 002","Casa & Cia Centro",not_delivering,ad,1039,1088,1.04716073,"Clique de 1 dia","Visitas ao perfil do Instagram",12,7.71,0.6425,2026-04-16,Contínuo,12,7.08639706,2026-05-22,2026-05-22
2026-05-22,"JS-MAIO-F2- CBO / FRIO",Interação,p2,"Casa & Cia Centro",not_delivering,ad,180,184,1.02222222,"Clique de 7 dias, visualização de 1 dia ou visualização com engajamento de 1 dia","Leads no site",2,3.34,1.67,2026-05-22,2026-05-30,5,18.15217391,2026-05-22,2026-05-22
2026-05-22,"JS-MAIO-F2- CBO / QUENTE",Interação,p1,"Casa & Cia Centro",not_delivering,ad,674,816,1.21068249,"Clique de 7 dias, visualização de 1 dia ou visualização com engajamento de 1 dia","Leads no site",10,11,1.1,2026-05-22,2026-05-30,24,13.48039216,2026-05-22,2026-05-22
2026-05-22,"PM | ABO | ENGAJ | ESCALA VALIDA | 22.05 | N°711","ACESSORIOS QUARTO","ADS 00","Casa & Cia Centro",not_delivering,ad,953,1037,1.08814271,"Clique de 7 dias ou visualização de 1 dia","Conversas por mensagem iniciadas",1,13.65,13.65,2026-05-22,Contínuo,2,13.16297011,2026-05-22,2026-05-22
2026-05-22,"PM | ABO | ENGAJ | ESCALA VALIDA | 22.05 | N°711","ACESSORIOS QUARTO","ADS 00","Casa & Cia Centro",not_delivering,ad,857,958,1.11785298,"Clique de 7 dias ou visualização de 1 dia",,,12.66,,2026-05-22,Contínuo,4,13.21503132,2026-05-22,2026-05-22
2026-05-22,"PM | ABO | ENGAJ | ESCALA VALIDA | 22.05 | N°711","ACESSORIOS QUARTO","ADS 00","Casa & Cia Centro",not_delivering,ad,958,1066,1.11273486,"Clique de 7 dias ou visualização de 1 dia",,,13.59,,2026-05-22,Contínuo,4,12.74859287,2026-05-22,2026-05-22
2026-05-22,"PM | ABO | ENGAJ | ESCALA VALIDA | 22.05 | N°711",LUXO,"ADS 00","Casa & Cia Centro",not_delivering,ad,1326,1495,1.12745098,"Clique de 7 dias ou visualização de 1 dia","Conversas por mensagem iniciadas",2,14.07,7.035,2026-05-22,Contínuo,8,9.41137124,2026-05-22,2026-05-22
2026-05-22,"PM | ABO | ENGAJ | ESCALA VALIDA | 22.05 | N°711",LUXO,"ADS 00","Casa & Cia Centro",not_delivering,ad,1518,1734,1.14229249,"Clique de 7 dias ou visualização de 1 dia","Conversas por mensagem iniciadas",2,14.21,7.105,2026-05-22,Contínuo,9,8.19492503,2026-05-22,2026-05-22
2026-05-22,"PM | ABO | ENGAJ | ESCALA VALIDA | 22.05 | N°111","ACESSORIOS QUARTO","ADS 00","Casa & Cia Centro",not_delivering,ad,932,1021,1.09549356,"Clique de 7 dias ou visualização de 1 dia","Conversas por mensagem iniciadas",1,13.99,13.99,2026-05-22,Contínuo,5,13.70225269,2026-05-22,2026-05-22
2026-05-22,"JS-MAIO-F2- CBO / FRIO",Seguidores,Video,"Casa & Cia Centro",not_delivering,ad,709,751,1.05923836,"Clique de 7 dias, visualização de 1 dia ou visualização com engajamento de 1 dia","Leads no site",32,14.54,0.454375,2026-05-22,2026-05-30,48,19.3608522,2026-05-22,2026-05-22
2026-05-22,"PM | ABO | ENGAJ | ESCALA VALIDA | 22.05 | N°111","ACESSORIOS QUARTO","ADS 00","Casa & Cia Centro",not_delivering,ad,959,1063,1.1084463,"Clique de 7 dias ou visualização de 1 dia","Conversas por mensagem iniciadas",1,13.14,13.14,2026-05-22,Contínuo,7,12.36124177,2026-05-22,2026-05-22
2026-05-22,"PM | ABO | ENGAJ | ESCALA VALIDA | 22.05 | N°111","ACESSORIOS QUARTO","ADS 00","Casa & Cia Centro",not_delivering,ad,1038,1173,1.1300578,"Clique de 7 dias ou visualização de 1 dia","Conversas por mensagem iniciadas",1,13.52,13.52,2026-05-22,Contínuo,5,11.52600171,2026-05-22,2026-05-22
2026-05-22,"PM | ABO | ENGAJ | ESCALA VALIDA | 22.05 | N°111","ACESSORIOS QUARTO","ADS 00","Casa & Cia Centro",not_delivering,ad,852,932,1.09389671,"Clique de 7 dias ou visualização de 1 dia","Conversas por mensagem iniciadas",2,13.53,6.765,2026-05-22,Contínuo,4,14.51716738,2026-05-22,2026-05-22
2026-05-22,"PM | ABO | ENGAJ - TEST.PUB | 19.05","ACESSORIOS QUARTO -","ADS 00","Casa & Cia Centro",not_delivering,ad,1207,1481,1.22700911,"Clique de 7 dias ou visualização de 1 dia","Conversas por mensagem iniciadas",1,12.6,12.6,2026-05-19,Contínuo,11,8.50776502,2026-05-22,2026-05-22
2026-05-22,"PM | ABO | ENGAJ | ESCALA VALIDA | 22.05 | N°711",LUXO,"ADS 00","Casa & Cia Centro",not_delivering,ad,1305,1447,1.10881226,"Clique de 7 dias ou visualização de 1 dia","Conversas por mensagem iniciadas",2,14.27,7.135,2026-05-22,Contínuo,10,9.861783,2026-05-22,2026-05-22
2026-05-22,"PM | ABO | ENGAJ | ESCALA VALIDA | 22.05 | N°711",LUXO,"ADS 00","Casa & Cia Centro",not_delivering,ad,1460,1613,1.10479452,"Clique de 7 dias ou visualização de 1 dia","Conversas por mensagem iniciadas",1,14.63,14.63,2026-05-22,Contínuo,5,9.0700558,2026-05-22,2026-05-22
2026-05-22,"PM | ABO | ENGAJ | ESCALA VALIDA | 22.05 | N°711","ACESSORIOS QUARTO","ADS 00","Casa & Cia Centro",not_delivering,ad,869,970,1.11622555,"Clique de 7 dias ou visualização de 1 dia","Conversas por mensagem iniciadas",1,13.78,13.78,2026-05-22,Contínuo,7,14.20618557,2026-05-22,2026-05-22
2026-05-21,"PM | ABO | ENGAJ - TEST.PUB | 20.05 | N° 111","ACESSORIOS QUARTO -","ADS 00","Casa & Cia Centro",not_delivering,ad,1518,1908,1.256917,"Clique de 7 dias ou visualização de 1 dia","Conversas por mensagem iniciadas",3,17.64,5.88,2026-05-20,Contínuo,12,9.24528302,2026-05-21,2026-05-21
2026-05-21,"PM | ABO | ENGAJ - TEST.PUB | 19.05","ACESSORIOS QUARTO -","ADS 00","Casa & Cia Centro",not_delivering,ad,1227,1578,1.28606357,"Clique de 7 dias ou visualização de 1 dia","Conversas por mensagem iniciadas",5,15.27,3.054,2026-05-19,Contínuo,13,9.67680608,2026-05-21,2026-05-21
2026-05-21,"PM | ABO | TRAFEGO | 16.04","ABERTO - CXS","ADS 002","Casa & Cia Centro",not_delivering,ad,1271,1329,1.04563336,"Clique de 1 dia","Visitas ao perfil do Instagram",23,10.4,0.45217391,2026-04-16,Contínuo,24,7.82543266,2026-05-21,2026-05-21
2026-05-21,"JS-MAIO-F1- CBO / QUENTE",Seguidores,Video,"Casa & Cia Centro",not_delivering,ad,1,1,1,"Clique de 7 dias, visualização de 1 dia ou visualização com engajamento de 1 dia",,,0.02,,2026-05-20,2026-05-21,,20,2026-05-21,2026-05-21
2026-05-21,"JS-MAIO-F1- CBO / QUENTE",Interação,p1,"Casa & Cia Centro",not_delivering,ad,23,27,1.17391304,"Clique de 7 dias, visualização de 1 dia ou visualização com engajamento de 1 dia","Leads no site",2,0.44,0.22,2026-05-20,2026-05-21,1,16.2962963,2026-05-21,2026-05-21
2026-05-21,"PM | ABO | ENGAJ | TEST.PUB | 19.05","ALTO PADRÃO — Cópia","ADS 00","Casa & Cia Centro",not_delivering,ad,1466,1636,1.1159618,"Clique de 7 dias ou visualização de 1 dia","Conversas por mensagem iniciadas",6,13.19,2.19833333,2026-05-19,Contínuo,11,8.06234719,2026-05-21,2026-05-21
2026-05-21,"JS-MAIO-F1- CBO / QUENTE",Interação,Video,"Casa & Cia Centro",not_delivering,ad,220,239,1.08636364,"Clique de 7 dias, visualização de 1 dia ou visualização com engajamento de 1 dia","Leads no site",2,4.06,2.03,2026-05-20,2026-05-21,12,16.9874477,2026-05-21,2026-05-21
2026-05-21,"JS-MAIO-F1- CBO / QUENTE",Seguidores,p1,"Casa & Cia Centro",not_delivering,ad,123,139,1.1300813,"Clique de 7 dias, visualização de 1 dia ou visualização com engajamento de 1 dia","Leads no site",2,2.4,1.2,2026-05-20,2026-05-21,4,17.26618705,2026-05-21,2026-05-21
2026-05-21,"PM | ABO | ENGAJ | TEST.PUB | 19.05","LUXO — Cópia","ADS 00","Casa & Cia Centro",not_delivering,ad,1100,1348,1.22545455,"Clique de 7 dias ou visualização de 1 dia","Conversas por mensagem iniciadas",7,14.38,2.05428571,2026-05-19,Contínuo,11,10.66765579,2026-05-21,2026-05-21
2026-05-21,"PM | ABO | ENGAJ - TEST.PUB | 20.05 | N° 111","FRIO — Cópia","ADS 00","Casa & Cia Centro",not_delivering,ad,1131,1312,1.16003537,"Clique de 7 dias ou visualização de 1 dia","Conversas por mensagem iniciadas",1,11.89,11.89,2026-05-20,Contínuo,8,9.0625,2026-05-21,2026-05-21
2026-05-21,"JS-MAIO-F1- CBO / QUENTE",Seguidores,p2,"Casa & Cia Centro",not_delivering,ad,1,1,1,"Clique de 7 dias, visualização de 1 dia ou visualização com engajamento de 1 dia",,,0,,2026-05-20,2026-05-21,,0,2026-05-21,2026-05-21
2026-05-21,"PM | ABO | ENGAJ - TEST.PUB | 19.05","FRIO — Cópia","ADS 00","Casa & Cia Centro",not_delivering,ad,792,931,1.17550505,"Clique de 7 dias ou visualização de 1 dia","Conversas por mensagem iniciadas",1,8.55,8.55,2026-05-19,Contínuo,7,9.18367347,2026-05-21,2026-05-21
2026-05-20,"PM | ABO | ENGAJ - TEST.PUB | 20.05 | N° 111","FRIO — Cópia","ADS 00","Casa & Cia Centro",not_delivering,ad,1355,1425,1.05166052,"Clique de 7 dias ou visualização de 1 dia",,,11.75,,2026-05-20,Contínuo,5,8.24561404,2026-05-20,2026-05-20
2026-05-20,"JS-MAIO-F1- CBO /  FRIO",Interação,p1,"Casa & Cia Centro",rejected,ad,250,262,1.048,"Clique de 7 dias, visualização de 1 dia ou visualização com engajamento de 1 dia",,,5.28,,2026-05-20,2026-05-21,3,20.15267176,2026-05-20,2026-05-20
2026-05-20,"JS-MAIO-F1- CBO /  FRIO",Seguidores,p1,"Casa & Cia Centro",not_delivering,ad,85,89,1.04705882,"Clique de 7 dias, visualização de 1 dia ou visualização com engajamento de 1 dia","Leads no site",2,1.68,0.84,2026-05-20,2026-05-21,1,18.87640449,2026-05-20,2026-05-20
2026-05-20,"JS-MAIO-F1- CBO /  FRIO",Seguidores,p2,"Casa & Cia Centro",not_delivering,ad,102,110,1.07843137,"Clique de 7 dias, visualização de 1 dia ou visualização com engajamento de 1 dia","Leads no site",2,3.4,1.7,2026-05-20,2026-05-21,5,30.90909091,2026-05-20,2026-05-20
2026-05-20,"JS-MAIO-F1- CBO /  FRIO",Interação,p2,"Casa & Cia Centro",not_delivering,ad,10,10,1,"Clique de 7 dias, visualização de 1 dia ou visualização com engajamento de 1 dia",,,0.08,,2026-05-20,2026-05-21,,8,2026-05-20,2026-05-20
2026-05-20,"JS-MAIO-F1- CBO / QUENTE",Seguidores,p1,"Casa & Cia Centro",not_delivering,ad,396,526,1.32828283,"Clique de 7 dias, visualização de 1 dia ou visualização com engajamento de 1 dia","Leads no site",12,9.17,0.76416667,2026-05-20,2026-05-21,14,17.43346008,2026-05-20,2026-05-20
2026-05-20,"JS-MAIO-F1- CBO / QUENTE",Seguidores,p2,"Casa & Cia Centro",not_delivering,ad,19,21,1.10526316,"Clique de 7 dias, visualização de 1 dia ou visualização com engajamento de 1 dia",,,0.57,,2026-05-20,2026-05-21,,27.14285714,2026-05-20,2026-05-20
2026-05-20,"PM | ABO | ENGAJ - TEST.PUB | 19.05","FRIO — Cópia","ADS 00","Casa & Cia Centro",not_delivering,ad,1560,1907,1.2224359,"Clique de 7 dias ou visualização de 1 dia","Conversas por mensagem iniciadas",1,14.95,14.95,2026-05-19,Contínuo,12,7.83953854,2026-05-20,2026-05-20
2026-05-20,"PM | ABO | ENGAJ | TEST.PUB | 19.05","LUXO — Cópia","ADS 00","Casa & Cia Centro",not_delivering,ad,1744,2127,1.21961009,"Clique de 7 dias ou visualização de 1 dia","Conversas por mensagem iniciadas",6,18.18,3.03,2026-05-19,Contínuo,16,8.54724965,2026-05-20,2026-05-20
2026-05-20,"JS-MAIO-F1- CBO / QUENTE",Interação,Video,"Casa & Cia Centro",not_delivering,ad,820,1024,1.24878049,"Clique de 7 dias, visualização de 1 dia ou visualização com engajamento de 1 dia","Leads no site",21,18.73,0.89190476,2026-05-20,2026-05-21,27,18.29101562,2026-05-20,2026-05-20
2026-05-20,"JS-MAIO-F1- CBO / QUENTE",Seguidores,Video,"Casa & Cia Centro",not_delivering,ad,28,29,1.03571429,"Clique de 7 dias, visualização de 1 dia ou visualização com engajamento de 1 dia",,,0.72,,2026-05-20,2026-05-21,1,24.82758621,2026-05-20,2026-05-20
2026-05-20,"PM | ABO | ENGAJ - TEST.PUB | 19.05","ACESSORIOS QUARTO -","ADS 00","Casa & Cia Centro",not_delivering,ad,1537,2051,1.3344177,"Clique de 7 dias ou visualização de 1 dia","Conversas por mensagem iniciadas",5,17.22,3.444,2026-05-19,Contínuo,20,8.39590444,2026-05-20,2026-05-20
2026-05-20,"PM | ABO | TRAFEGO | 16.04","ABERTO - CXS","ADS 002","Casa & Cia Centro",not_delivering,ad,1646,1718,1.04374241,"Clique de 1 dia","Visitas ao perfil do Instagram",25,11.08,0.4432,2026-04-16,Contínuo,22,6.44935972,2026-05-20,2026-05-20
2026-05-20,"JS-MAIO-F1- CBO / QUENTE",Interação,p1,"Casa & Cia Centro",not_delivering,ad,16,17,1.0625,"Clique de 7 dias, visualização de 1 dia ou visualização com engajamento de 1 dia",,,0.3,,2026-05-20,2026-05-21,,17.64705882,2026-05-20,2026-05-20
2026-05-20,"PM | ABO | ENGAJ - TEST.PUB | 20.05 | N° 111","ACESSORIOS QUARTO -","ADS 00","Casa & Cia Centro",not_delivering,ad,1714,1946,1.13535589,"Clique de 7 dias ou visualização de 1 dia","Conversas por mensagem iniciadas",5,15,3,2026-05-20,Contínuo,14,7.70811922,2026-05-20,2026-05-20
2026-05-20,"PM | ABO | ENGAJ | TEST.PUB | 19.05","ALTO PADRÃO — Cópia","ADS 00","Casa & Cia Centro",not_delivering,ad,1735,2004,1.15504323,"Clique de 7 dias ou visualização de 1 dia","Conversas por mensagem iniciadas",3,14.33,4.77666667,2026-05-19,Contínuo,10,7.1506986,2026-05-20,2026-05-20
2026-05-19,"PM | ABO | ENGAJ - TEST.PUB | 18.05",ARQUITETURA,"ADS 00","Casa & Cia Centro",not_delivering,ad,634,682,1.07570978,"Clique de 7 dias ou visualização de 1 dia",,,5.21,,2026-05-18,Contínuo,4,7.63929619,2026-05-19,2026-05-19
2026-05-19,"PM | CBO | ENGAJ - VALIDA | 19.05","ALTO PADRÃO — Cópia","ADS 00","Casa & Cia Centro",not_delivering,ad,51,52,1.01960784,"Clique de 7 dias ou visualização de 1 dia",,,0.42,,2026-05-19,Contínuo,,8.07692308,2026-05-19,2026-05-19
2026-05-19,"PM | CBO | ENGAJ - VALIDADO | 19.05","LUXO — Cópia","ADS 00","Casa & Cia Centro",not_delivering,ad,23,24,1.04347826,"Clique de 7 dias ou visualização de 1 dia",,,0.16,,2026-05-19,Contínuo,2,6.66666667,2026-05-19,2026-05-19
2026-05-19,"PM| ABO | ENGAJ | EXPRESS | 04.05 | 711","SEMELHANTE — Cópia","ADS 00","Casa & Cia Centro",not_delivering,ad,333,349,1.04804805,"Clique de 7 dias ou visualização de 1 dia","Conversas por mensagem iniciadas",1,4.13,4.13,2026-05-14,Contínuo,,11.83381089,2026-05-19,2026-05-19
2026-05-19,"PM | ABO | ENGAJ | TEST.PUB | 19.05","LUXO — Cópia","ADS 00","Casa & Cia Centro",not_delivering,ad,1865,2078,1.11420912,"Clique de 7 dias ou visualização de 1 dia","Conversas por mensagem iniciadas",6,16.12,2.68666667,2026-05-19,Contínuo,18,7.7574591,2026-05-19,2026-05-19
2026-05-19,"PM | ABO | ENGAJ | TEST.PUB | 19.05","ALTO PADRÃO — Cópia","ADS 00","Casa & Cia Centro",not_delivering,ad,1318,1363,1.03414264,"Clique de 7 dias ou visualização de 1 dia","Conversas por mensagem iniciadas",1,11.17,11.17,2026-05-19,Contínuo,11,8.19515774,2026-05-19,2026-05-19
2026-05-19,"PM | ABO | ENGAJ - TEST.PUB | 13.05","ACESSORIOS QUARTO -","ADS 00","Casa & Cia Centro",not_delivering,ad,575,659,1.14608696,"Clique de 7 dias ou visualização de 1 dia","Conversas por mensagem iniciadas",1,10.62,10.62,2026-05-13,Contínuo,1,16.11532625,2026-05-19,2026-05-19
2026-05-19,"PM | ABO | ENGAJ - TEST.PUB | 18.05","ALTO PADRÃO","ADS 00","Casa & Cia Centro",not_delivering,ad,592,640,1.08108108,"Clique de 7 dias ou visualização de 1 dia","Conversas por mensagem iniciadas",2,6.16,3.08,2026-05-18,Contínuo,7,9.625,2026-05-19,2026-05-19
2026-05-19,"PM | ABO | ENGAJ - TEST.PUB | 18.05",LUXO,"ADS 00","Casa & Cia Centro",not_delivering,ad,557,591,1.06104129,"Clique de 7 dias ou visualização de 1 dia","Conversas por mensagem iniciadas",3,5.28,1.76,2026-05-18,Contínuo,5,8.93401015,2026-05-19,2026-05-19
2026-05-19,"PM | ABO | TRAFEGO | 16.04","ABERTO - CXS","ADS 002","Casa & Cia Centro",not_delivering,ad,1569,1655,1.05481198,"Clique de 1 dia","Visitas ao perfil do Instagram",21,9.36,0.44571429,2026-04-16,Contínuo,23,5.65558912,2026-05-19,2026-05-19
2026-05-19,"PM | ABO | ENGAJ - TEST.PUB | 18.05","FRIO — Cópia","ADS 00","Casa & Cia Centro",not_delivering,ad,826,866,1.04842615,"Clique de 7 dias ou visualização de 1 dia","Conversas por mensagem iniciadas",1,7.66,7.66,2026-05-18,Contínuo,9,8.84526559,2026-05-19,2026-05-19
2026-05-19,"PM | ABO | ENGAJ - TEST.PUB | 19.05","ACESSORIOS QUARTO -","ADS 00","Casa & Cia Centro",not_delivering,ad,1813,2086,1.15057915,"Clique de 7 dias ou visualização de 1 dia","Conversas por mensagem iniciadas",5,14.84,2.968,2026-05-19,Contínuo,19,7.11409396,2026-05-19,2026-05-19
2026-05-19,"PM | ABO | ENGAJ - TEST.PUB | 19.05","FRIO — Cópia","ADS 00","Casa & Cia Centro",not_delivering,ad,1078,1174,1.0890538,"Clique de 7 dias ou visualização de 1 dia","Conversas por mensagem iniciadas",1,10.47,10.47,2026-05-19,Contínuo,7,8.91822828,2026-05-19,2026-05-19
2026-05-18,"PM | ABO | ENGAJ - TEST.PUB | 18.05","ALTO PADRÃO","ADS 00","Casa & Cia Centro",not_delivering,ad,2308,2591,1.12261698,"Clique de 7 dias ou visualização de 1 dia","Conversas por mensagem iniciadas",6,16.06,2.67666667,2026-05-18,Contínuo,18,6.198379,2026-05-18,2026-05-18
2026-05-18,"PM| ABO | ENGAJ | EXPRESS | 04.05 | 711","SEMELHANTE — Cópia","ADS 00","Casa & Cia Centro",not_delivering,ad,929,1093,1.17653391,"Clique de 7 dias ou visualização de 1 dia",,,17.56,,2026-05-14,Contínuo,4,16.06587374,2026-05-18,2026-05-18
2026-05-18,"PM | ABO | ENGAJ - TEST.PUB | 18.05",ARQUITETURA,"ADS 00","Casa & Cia Centro",not_delivering,ad,2020,2317,1.1470297,"Clique de 7 dias ou visualização de 1 dia",,,13.71,,2026-05-18,Contínuo,11,5.91713423,2026-05-18,2026-05-18
2026-05-18,"PM | ABO | ENGAJ | 15.05",FRIO,"ADS 00","Casa & Cia Centro",not_delivering,ad,272,272,1,"Clique de 7 dias ou visualização de 1 dia","Conversas por mensagem iniciadas",2,2.83,1.415,2026-05-15,Contínuo,3,10.40441176,2026-05-18,2026-05-18
2026-05-18,"PM | ABO | ENGAJ - TEST.PUB | 13.05","ACESSORIOS QUARTO - — Cópia","ADS 00","Casa & Cia Centro",not_delivering,ad,431,436,1.01160093,"Clique de 7 dias ou visualização de 1 dia","Conversas por mensagem iniciadas",1,2.87,2.87,2026-05-15,Contínuo,3,6.58256881,2026-05-18,2026-05-18
2026-05-18,"PM | ABO | ENGAJ | 15.05",FRIO,"ADS 00","Casa & Cia Centro",not_delivering,ad,298,298,1,"Clique de 7 dias ou visualização de 1 dia","Conversas por mensagem iniciadas",1,3.2,3.2,2026-05-15,Contínuo,4,10.73825503,2026-05-18,2026-05-18
2026-05-18,"PM | ABO | ENGAJ | RECONHECIMENTO | 15.05",ABERTO,"ADS 001","Casa & Cia Centro",not_delivering,ad,941,941,1,"Clique de 7 dias ou visualização de 1 dia",Alcance,941,1.1,1.16896918,2026-05-15,Contínuo,,1.16896918,2026-05-18,2026-05-18
2026-05-18,"PM | ABO | ENGAJ | 15.05",FRIO,"ADS 00","Casa & Cia Centro",not_delivering,ad,281,283,1.00711744,"Clique de 7 dias ou visualização de 1 dia",,,2.41,,2026-05-15,Contínuo,2,8.51590106,2026-05-18,2026-05-18
2026-05-18,"PM | ABO | ENGAJ | 15.05",FRIO,"ADS 00","Casa & Cia Centro",not_delivering,ad,248,250,1.00806452,"Clique de 7 dias ou visualização de 1 dia","Conversas por mensagem iniciadas",2,2.3,1.15,2026-05-15,Contínuo,3,9.2,2026-05-18,2026-05-18
2026-05-18,"PM | ABO | ENGAJ - TEST.PUB | 13.05","ACESSORIOS QUARTO -","ADS 00","Casa & Cia Centro",not_delivering,ad,696,923,1.32614943,"Clique de 7 dias ou visualização de 1 dia","Conversas por mensagem iniciadas",3,15.6,5.2,2026-05-13,Contínuo,5,16.90140845,2026-05-18,2026-05-18
2026-05-18,"PM | ABO | TRAFEGO | 16.04","ABERTO - CXS","ADS 002","Casa & Cia Centro",not_delivering,ad,1789,1874,1.04751258,"Clique de 1 dia","Visitas ao perfil do Instagram",23,9.79,0.42565217,2026-04-16,Contínuo,26,5.22411953,2026-05-18,2026-05-18
2026-05-18,"PM | ABO | ENGAJ - TEST.PUB | 18.05",LUXO,"ADS 00","Casa & Cia Centro",not_delivering,ad,2512,2910,1.15843949,"Clique de 7 dias ou visualização de 1 dia","Conversas por mensagem iniciadas",4,17.57,4.3925,2026-05-18,Contínuo,25,6.03780069,2026-05-18,2026-05-18
2026-05-18,"PM| ABO | ENGAJ | EXPRESS | 04.05 | 711","FRIO — NOVO CRIATIVO — Cópia","ADS 00","Casa & Cia Centro",not_delivering,ad,78,84,1.07692308,"Clique de 7 dias ou visualização de 1 dia",,,1.18,,2026-05-11,Contínuo,1,14.04761905,2026-05-18,2026-05-18
2026-05-18,"PM | ABO | ENGAJ - TEST.PUB | 18.05","FRIO — Cópia","ADS 00","Casa & Cia Centro",not_delivering,ad,1955,2151,1.10025575,"Clique de 7 dias ou visualização de 1 dia","Conversas por mensagem iniciadas",3,14.22,4.74,2026-05-18,Contínuo,15,6.61087866,2026-05-18,2026-05-18
2026-05-18,"PM | CBO | ENGAJ - VALIDA | 11.05","SEMELHANTE — Cópia — Cópia — Cópia","ADS 00","Casa & Cia Centro",not_delivering,ad,412,430,1.04368932,"Clique de 7 dias ou visualização de 1 dia","Conversas por mensagem iniciadas",2,4.74,2.37,2026-05-15,Contínuo,7,11.02325581,2026-05-18,2026-05-18
2026-05-18,"PM | CBO | ENGAJ - VALIDADO | 13.05","ABERTO - BAIRROS RICOS — Cópia","ADS 00","Casa & Cia Centro",not_delivering,ad,34,36,1.05882353,"Clique de 7 dias ou visualização de 1 dia",,,0.33,,2026-05-13,Contínuo,,9.16666667,2026-05-18,2026-05-18
2026-05-17,"PM| ABO | ENGAJ | EXPRESS | 04.05 | 711","SEMELHANTE — Cópia","ADS 00","Casa & Cia Centro",not_delivering,ad,465,517,1.11182796,"Clique de 7 dias ou visualização de 1 dia","Conversas por mensagem iniciadas",1,8.05,8.05,2026-05-14,Contínuo,3,15.57059961,2026-05-17,2026-05-17
2026-05-17,"PM | ABO | ENGAJ | 15.05",FRIO,"ADS 00","Casa & Cia Centro",not_delivering,ad,1514,1711,1.13011889,"Clique de 7 dias ou visualização de 1 dia","Conversas por mensagem iniciadas",6,13.7,2.28333333,2026-05-15,Contínuo,16,8.00701344,2026-05-17,2026-05-17
2026-05-17,"PM | ABO | ENGAJ | 15.05",FRIO,"ADS 00","Casa & Cia Centro",not_delivering,ad,1670,1827,1.09401198,"Clique de 7 dias ou visualização de 1 dia","Conversas por mensagem iniciadas",3,14.25,4.75,2026-05-15,Contínuo,17,7.79967159,2026-05-17,2026-05-17
2026-05-17,"PM | ABO | ENGAJ | 15.05",FRIO,"ADS 00","Casa & Cia Centro",not_delivering,ad,1584,1697,1.07133838,"Clique de 7 dias ou visualização de 1 dia","Conversas por mensagem iniciadas",3,13.52,4.50666667,2026-05-15,Contínuo,19,7.96700059,2026-05-17,2026-05-17
2026-05-17,"PM | ABO | ENGAJ | 15.05",FRIO,"ADS 00","Casa & Cia Centro",not_delivering,ad,1852,2019,1.09017279,"Clique de 7 dias ou visualização de 1 dia","Conversas por mensagem iniciadas",4,14.27,3.5675,2026-05-15,Contínuo,17,7.06785537,2026-05-17,2026-05-17
2026-05-17,"PM | ABO | ENGAJ - TEST.PUB | 13.05","ACESSORIOS QUARTO -","ADS 00","Casa & Cia Centro",not_delivering,ad,483,612,1.26708075,"Clique de 7 dias ou visualização de 1 dia",,,11.17,,2026-05-13,Contínuo,1,18.25163399,2026-05-17,2026-05-17
2026-05-17,"PM | ABO | ENGAJ | RECONHECIMENTO | 15.05",ABERTO,"ADS 001","Casa & Cia Centro",not_delivering,ad,5621,5716,1.01690091,"Clique de 7 dias ou visualização de 1 dia",Alcance,5621,6.76,1.20263298,2026-05-15,Contínuo,,1.18264521,2026-05-17,2026-05-17
2026-05-17,"PM | CBO | ENGAJ - VALIDADO | 13.05","ABERTO - BAIRROS RICOS — Cópia","ADS 00","Casa & Cia Centro",not_delivering,ad,507,584,1.15187377,"Clique de 7 dias ou visualização de 1 dia",,,9.88,,2026-05-13,Contínuo,,16.91780822,2026-05-17,2026-05-17
2026-05-17,"PM | ABO | TRAFEGO | 16.04","ABERTO - CXS","ADS 002","Casa & Cia Centro",not_delivering,ad,2242,2398,1.06958073,"Clique de 1 dia","Visitas ao perfil do Instagram",29,12.16,0.41931034,2026-04-16,Contínuo,30,5.07089241,2026-05-17,2026-05-17
2026-05-17,"PM | CBO | ENGAJ - VALIDA | 11.05","SEMELHANTE — Cópia — Cópia","ADS 00","Casa & Cia Centro",not_delivering,ad,1,1,1,"Clique de 7 dias ou visualização de 1 dia",,,0.02,,2026-05-14,Contínuo,,20,2026-05-17,2026-05-17
2026-05-17,"PM | CBO | ENGAJ - VALIDA | 11.05","SEMELHANTE — Cópia — Cópia — Cópia","ADS 00","Casa & Cia Centro",not_delivering,ad,2134,2648,1.24086223,"Clique de 7 dias ou visualização de 1 dia","Conversas por mensagem iniciadas",11,23.73,2.15727273,2026-05-15,Contínuo,33,8.96148036,2026-05-17,2026-05-17
2026-05-17,"PM| ABO | ENGAJ | EXPRESS | 04.05 | 711","FRIO — NOVO CRIATIVO — Cópia","ADS 00","Casa & Cia Centro",not_delivering,ad,724,890,1.22928177,"Clique de 7 dias ou visualização de 1 dia","Conversas por mensagem iniciadas",1,16.18,16.18,2026-05-11,Contínuo,6,18.17977528,2026-05-17,2026-05-17
2026-05-17,"PM | ABO | ENGAJ - TEST.PUB | 13.05","ACESSORIOS QUARTO - — Cópia","ADS 00","Casa & Cia Centro",not_delivering,ad,1975,2481,1.25620253,"Clique de 7 dias ou visualização de 1 dia",,,12.7,,2026-05-15,Contínuo,8,5.11890367,2026-05-17,2026-05-17
2026-05-16,"PM| ABO | ENGAJ | EXPRESS | 04.05 | 711","SEMELHANTE — Cópia","ADS 00","Casa & Cia Centro",not_delivering,ad,260,280,1.07692308,"Clique de 7 dias ou visualização de 1 dia","Conversas por mensagem iniciadas",1,6.88,6.88,2026-05-14,Contínuo,2,24.57142857,2026-05-16,2026-05-16
2026-05-16,"PM | ABO | ENGAJ | 15.05",FRIO,"ADS 00","Casa & Cia Centro",not_delivering,ad,782,836,1.06905371,"Clique de 7 dias ou visualização de 1 dia",,,5.34,,2026-05-15,Contínuo,6,6.38755981,2026-05-16,2026-05-16
2026-05-16,"PM | ABO | ENGAJ | 15.05",FRIO,"ADS 00","Casa & Cia Centro",not_delivering,ad,592,610,1.03040541,"Clique de 7 dias ou visualização de 1 dia","Conversas por mensagem iniciadas",1,4.5,4.5,2026-05-15,Contínuo,6,7.37704918,2026-05-16,2026-05-16
2026-05-16,"PM | ABO | ENGAJ | RECONHECIMENTO | 15.05",ABERTO,"ADS 001","Casa & Cia Centro",not_delivering,ad,4653,4770,1.02514507,"Clique de 7 dias ou visualização de 1 dia",Alcance,4653,5.94,1.27659574,2026-05-15,Contínuo,,1.24528302,2026-05-16,2026-05-16
2026-05-16,"PM | ABO | ENGAJ | 15.05",FRIO,"ADS 00","Casa & Cia Centro",not_delivering,ad,627,648,1.03349282,"Clique de 7 dias ou visualização de 1 dia","Conversas por mensagem iniciadas",2,4.67,2.335,2026-05-15,Contínuo,4,7.20679012,2026-05-16,2026-05-16
2026-05-16,"PM | ABO | ENGAJ - TEST.PUB | 13.05","ACESSORIOS QUARTO -","ADS 00","Casa & Cia Centro",not_delivering,ad,356,479,1.34550562,"Clique de 7 dias ou visualização de 1 dia","Conversas por mensagem iniciadas",1,9.65,9.65,2026-05-13,Contínuo,2,20.14613779,2026-05-16,2026-05-16
2026-05-16,"PM | ABO | ENGAJ | 15.05",FRIO,"ADS 00","Casa & Cia Centro",not_delivering,ad,597,600,1.00502513,"Clique de 7 dias ou visualização de 1 dia","Conversas por mensagem iniciadas",3,4.6,1.53333333,2026-05-15,Contínuo,8,7.66666667,2026-05-16,2026-05-16
2026-05-16,"PM | CBO | ENGAJ - VALIDA | 11.05","SEMELHANTE — Cópia — Cópia","ADS 00","Casa & Cia Centro",not_delivering,ad,2,3,1.5,"Clique de 7 dias ou visualização de 1 dia",,,0.12,,2026-05-14,Contínuo,,40,2026-05-16,2026-05-16
2026-05-16,"PM | CBO | ENGAJ - VALIDADO | 13.05","ABERTO - BAIRROS RICOS — Cópia","ADS 00","Casa & Cia Centro",not_delivering,ad,474,549,1.15822785,"Clique de 7 dias ou visualização de 1 dia",,,8.49,,2026-05-13,Contínuo,2,15.46448087,2026-05-16,2026-05-16
2026-05-16,"PM | CBO | ENGAJ - VALIDA | 11.05","SEMELHANTE — Cópia — Cópia — Cópia","ADS 00","Casa & Cia Centro",not_delivering,ad,950,1120,1.17894737,"Clique de 7 dias ou visualização de 1 dia","Conversas por mensagem iniciadas",3,11.14,3.71333333,2026-05-15,Contínuo,15,9.94642857,2026-05-16,2026-05-16
2026-05-16,"PM| ABO | ENGAJ | EXPRESS | 04.05 | 711","FRIO — NOVO CRIATIVO — Cópia","ADS 00","Casa & Cia Centro",not_delivering,ad,552,741,1.3423913,"Clique de 7 dias ou visualização de 1 dia",,,17.07,,2026-05-11,Contínuo,2,23.03643725,2026-05-16,2026-05-16
2026-05-16,"PM | ABO | ENGAJ - TEST.PUB | 13.05","ACESSORIOS QUARTO - — Cópia","ADS 00","Casa & Cia Centro",not_delivering,ad,720,822,1.14166667,"Clique de 7 dias ou visualização de 1 dia",,,5.28,,2026-05-15,Contínuo,5,6.42335766,2026-05-16,2026-05-16
2026-05-16,"PM | ABO | TRAFEGO | 16.04","ABERTO - CXS","ADS 002","Casa & Cia Centro",not_delivering,ad,1661,1764,1.06201084,"Clique de 1 dia","Visitas ao perfil do Instagram",24,9.64,0.40166667,2026-04-16,Contínuo,24,5.46485261,2026-05-16,2026-05-16
2026-05-15,"PM | ABO | ENGAJ - TEST.PUB | 13.05","PUBLICO CASADO","ADS 00","Casa & Cia Centro",not_delivering,ad,52,55,1.05769231,"Clique de 7 dias ou visualização de 1 dia",,,1.06,,2026-05-13,Contínuo,,19.27272727,2026-05-15,2026-05-15
2026-05-15,"PM| ABO | ENGAJ | EXPRESS | 04.05 | 711","SEMELHANTE — Cópia","ADS 00","Casa & Cia Centro",not_delivering,ad,337,359,1.0652819,"Clique de 7 dias ou visualização de 1 dia",,,9.52,,2026-05-14,Contínuo,1,26.51810585,2026-05-15,2026-05-15
2026-05-15,"PM | ABO | ENGAJ | 15.05",FRIO,"ADS 00","Casa & Cia Centro",not_delivering,ad,1102,1186,1.07622505,"Clique de 7 dias ou visualização de 1 dia","Conversas por mensagem iniciadas",2,10.57,5.285,2026-05-15,Contínuo,5,8.91231029,2026-05-15,2026-05-15
2026-05-15,"PM | ABO | ENGAJ - TEST.PUB | 13.05",FRIO,"ADS 00","Casa & Cia Centro",not_delivering,ad,56,58,1.03571429,"Clique de 7 dias ou visualização de 1 dia",,,0.97,,2026-05-13,Contínuo,,16.72413793,2026-05-15,2026-05-15
2026-05-15,"PM | ABO | ENGAJ | RECONHECIMENTO | 15.05",ABERTO,"ADS 001","Casa & Cia Centro",not_delivering,ad,1608,1657,1.03047264,"Clique de 7 dias ou visualização de 1 dia",Alcance,1608,2.06,1.28109453,2026-05-15,Contínuo,,1.24321062,2026-05-15,2026-05-15
2026-05-15,"PM | ABO | ENGAJ | 15.05",FRIO,"ADS 00","Casa & Cia Centro",not_delivering,ad,1311,1385,1.05644546,"Clique de 7 dias ou visualização de 1 dia","Conversas por mensagem iniciadas",1,11.27,11.27,2026-05-15,Contínuo,6,8.13718412,2026-05-15,2026-05-15
2026-05-15,"PM | ABO | ENGAJ - TEST.PUB | 13.05","ACESSORIOS QUARTO - — Cópia","ADS 00","Casa & Cia Centro",not_delivering,ad,943,1061,1.12513256,"Clique de 7 dias ou visualização de 1 dia",,,10.75,,2026-05-15,Contínuo,3,10.13195099,2026-05-15,2026-05-15
2026-05-15,"PM | ABO | ENGAJ | 15.05",FRIO,"ADS 00","Casa & Cia Centro",not_delivering,ad,1295,1411,1.08957529,"Clique de 7 dias ou visualização de 1 dia","Conversas por mensagem iniciadas",1,11.21,11.21,2026-05-15,Contínuo,11,7.94472006,2026-05-15,2026-05-15
2026-05-15,"PM | ABO | ENGAJ - TEST.PUB | 13.05","ACESSORIOS QUARTO -","ADS 00","Casa & Cia Centro",not_delivering,ad,494,592,1.19838057,"Clique de 7 dias ou visualização de 1 dia","Conversas por mensagem iniciadas",1,13.28,13.28,2026-05-13,Contínuo,,22.43243243,2026-05-15,2026-05-15
2026-05-15,"PM | ABO | ENGAJ | 15.05",FRIO,"ADS 00","Casa & Cia Centro",not_delivering,ad,1171,1248,1.06575576,"Clique de 7 dias ou visualização de 1 dia","Conversas por mensagem iniciadas",1,11.4,11.4,2026-05-15,Contínuo,13,9.13461538,2026-05-15,2026-05-15
2026-05-15,"PM | ABO | TRAFEGO | 16.04","ABERTO - CXS","ADS 002","Casa & Cia Centro",not_delivering,ad,1370,1427,1.04160584,"Clique de 1 dia","Visitas ao perfil do Instagram",33,9.09,0.27545455,2026-04-16,Contínuo,32,6.37000701,2026-05-15,2026-05-15
2026-05-15,"PM | CBO | ENGAJ - VALIDA | 11.05","SEMELHANTE — Cópia — Cópia","ADS 00","Casa & Cia Centro",not_delivering,ad,201,228,1.13432836,"Clique de 7 dias ou visualização de 1 dia",,,6.37,,2026-05-14,Contínuo,,27.93859649,2026-05-15,2026-05-15
2026-05-15,"PM | ABO | ENGAJ - TEST.CRIATIVO | 12.05 — Cópia","ABERTO - BAIRROS RICOS","ADS 00","Casa & Cia Centro",not_delivering,ad,126,136,1.07936508,"Clique de 7 dias ou visualização de 1 dia",,,3.74,,2026-05-12,Contínuo,,27.5,2026-05-15,2026-05-15
2026-05-15,"PM| ABO | ENGAJ | EXPRESS | 04.05 | 711","FRIO — NOVO CRIATIVO — Cópia","ADS 00","Casa & Cia Centro",not_delivering,ad,522,703,1.3467433,"Clique de 7 dias ou visualização de 1 dia","Conversas por mensagem iniciadas",3,17.43,5.81,2026-05-11,Contínuo,2,24.79374111,2026-05-15,2026-05-15
2026-05-15,"PM| ABO | ENGAJ | EXPRESS | 04.05 | 711",SEMELHANTE,"ADS 00","Casa & Cia Centro",not_delivering,ad,26,27,1.03846154,"Clique de 7 dias ou visualização de 1 dia",,,0.72,,2026-05-04,Contínuo,,26.66666667,2026-05-15,2026-05-15
2026-05-15,"PM | CBO | ENGAJ - VALIDADO | 13.05","ABERTO - BAIRROS RICOS — Cópia","ADS 00","Casa & Cia Centro",not_delivering,ad,470,527,1.1212766,"Clique de 7 dias ou visualização de 1 dia",,,10.46,,2026-05-13,Contínuo,2,19.84819734,2026-05-15,2026-05-15
2026-05-15,"PM | ABO | ENGAJ - TEST.CRIATIVO | 12.05 — Cópia","ABERTO - BAIRROS RICOS","ADS 00","Casa & Cia Centro",not_delivering,ad,171,182,1.06432749,"Clique de 7 dias ou visualização de 1 dia",,,3.3,,2026-05-12,Contínuo,,18.13186813,2026-05-15,2026-05-15
2026-05-15,"PM | CBO | ENGAJ - VALIDA | 11.05","SEMELHANTE — Cópia","ADS 00","Casa & Cia Centro",not_delivering,ad,32,33,1.03125,"Clique de 7 dias ou visualização de 1 dia",,,1.1,,2026-05-11,Contínuo,,33.33333333,2026-05-15,2026-05-15
2026-05-15,"PM | CBO | ENGAJ - VALIDA | 11.05","SEMELHANTE — Cópia — Cópia — Cópia","ADS 00","Casa & Cia Centro",not_delivering,ad,1537,1648,1.07221861,"Clique de 7 dias ou visualização de 1 dia","Conversas por mensagem iniciadas",7,19.34,2.76285714,2026-05-15,Contínuo,21,11.73543689,2026-05-15,2026-05-15
2026-05-14,"PM | ABO | ENGAJ - VALIDADO | 13.05","ABERTO - BAIRROS RICOS — Cópia","ADS 00","Casa & Cia Centro",not_delivering,ad,312,342,1.09615385,"Clique de 7 dias ou visualização de 1 dia",,,8.12,,2026-05-13,Contínuo,1,23.74269006,2026-05-14,2026-05-14
2026-05-14,"PM| ABO | ENGAJ | EXPRESS | 04.05 | 711","SEMELHANTE — Cópia","ADS 00","Casa & Cia Centro",not_delivering,ad,314,321,1.02229299,"Clique de 7 dias ou visualização de 1 dia","Conversas por mensagem iniciadas",1,9.11,9.11,2026-05-14,Contínuo,2,28.38006231,2026-05-14,2026-05-14
2026-05-14,"PM | ABO | ENGAJ - TEST.PUB | 13.05",FRIO,"ADS 00","Casa & Cia Centro",not_delivering,ad,385,434,1.12727273,"Clique de 7 dias ou visualização de 1 dia","Conversas por mensagem iniciadas",1,9.82,9.82,2026-05-13,Contínuo,3,22.62672811,2026-05-14,2026-05-14
2026-05-14,"PM | ABO | ENGAJ - TEST.CRIATIVO | 12.05 — Cópia","ABERTO - BAIRROS RICOS","ADS 00","Casa & Cia Centro",not_delivering,ad,48,49,1.02083333,"Clique de 7 dias ou visualização de 1 dia",,,1.72,,2026-05-12,Contínuo,,35.10204082,2026-05-14,2026-05-14
2026-05-14,"PM | CBO | ENGAJ - VALIDADO | 13.05","ABERTO - BAIRROS RICOS — Cópia","ADS 00","Casa & Cia Centro",not_delivering,ad,375,410,1.09333333,"Clique de 7 dias ou visualização de 1 dia","Conversas por mensagem iniciadas",1,8.3,8.3,2026-05-13,Contínuo,,20.24390244,2026-05-14,2026-05-14
2026-05-14,"PM | ABO | ENGAJ - TEST.PUB | 13.05","PUBLICO CASADO","ADS 00","Casa & Cia Centro",not_delivering,ad,389,433,1.11311054,"Clique de 7 dias ou visualização de 1 dia","Conversas por mensagem iniciadas",1,12.22,12.22,2026-05-13,Contínuo,3,28.22170901,2026-05-14,2026-05-14
2026-05-14,"PM| ABO | ENGAJ | EXPRESS | 04.05 | 711","FRIO — NOVO CRIATIVO","ADS 00","Casa & Cia Centro",not_delivering,ad,14,14,1,"Clique de 7 dias ou visualização de 1 dia",,,0.65,,2026-05-06,Contínuo,,46.42857143,2026-05-14,2026-05-14
2026-05-14,"PM | ABO | ENGAJ - TEST.CRIATIVO | 12.05 — Cópia","ABERTO - BAIRROS RICOS","ADS 00","Casa & Cia Centro",not_delivering,ad,471,536,1.13800425,"Clique de 7 dias ou visualização de 1 dia","Conversas por mensagem iniciadas",1,12.67,12.67,2026-05-12,Contínuo,1,23.6380597,2026-05-14,2026-05-14
2026-05-14,"PM | CBO | ENGAJ - VALIDA | 11.05","SEMELHANTE — Cópia","ADS 00","Casa & Cia Centro",not_delivering,ad,215,237,1.10232558,"Clique de 7 dias ou visualização de 1 dia","Conversas por mensagem iniciadas",1,8.65,8.65,2026-05-11,Contínuo,2,36.4978903,2026-05-14,2026-05-14
2026-05-14,"PM| ABO | ENGAJ | EXPRESS | 04.05 | 711",SEMELHANTE,"ADS 00","Casa & Cia Centro",not_delivering,ad,276,303,1.09782609,"Clique de 7 dias ou visualização de 1 dia",,,9.41,,2026-05-04,Contínuo,1,31.05610561,2026-05-14,2026-05-14
2026-05-14,"PM | ABO | ENGAJ - TEST.CRIATIVO | 12.05 — Cópia","ABERTO - BAIRROS RICOS","ADS 00","Casa & Cia Centro",not_delivering,ad,433,526,1.2147806,"Clique de 7 dias ou visualização de 1 dia",,,19.17,,2026-05-12,Contínuo,1,36.44486692,2026-05-14,2026-05-14
2026-05-14,"PM| ABO | ENGAJ | EXPRESS | 04.05 | 711","FRIO — NOVO CRIATIVO — Cópia","ADS 00","Casa & Cia Centro",not_delivering,ad,387,486,1.25581395,"Clique de 7 dias ou visualização de 1 dia","Conversas por mensagem iniciadas",1,15.35,15.35,2026-05-11,Contínuo,1,31.58436214,2026-05-14,2026-05-14
2026-05-14,"PM | ABO | TRAFEGO | 16.04","ABERTO - CXS","ADS 002","Casa & Cia Centro",not_delivering,ad,1091,1160,1.06324473,"Clique de 1 dia","Visitas ao perfil do Instagram",11,7.47,0.67909091,2026-04-16,Contínuo,10,6.43965517,2026-05-14,2026-05-14
2026-05-14,"PM | CBO | ENGAJ - VALIDA | 11.05","SEMELHANTE — Cópia — Cópia","ADS 00","Casa & Cia Centro",not_delivering,ad,270,280,1.03703704,"Clique de 7 dias ou visualização de 1 dia","Conversas por mensagem iniciadas",2,7.45,3.725,2026-05-14,Contínuo,2,26.60714286,2026-05-14,2026-05-14
2026-05-14,"PM | ABO | ENGAJ - TEST.PUB | 13.05","ACESSORIOS QUARTO -","ADS 00","Casa & Cia Centro",not_delivering,ad,425,474,1.11529412,"Clique de 7 dias ou visualização de 1 dia","Conversas por mensagem iniciadas",1,13.44,13.44,2026-05-13,Contínuo,1,28.35443038,2026-05-14,2026-05-14
2026-05-14,"PM | ABO | ENGAJ - TEST.CRIATIVO | 12.05 — Cópia","ABERTO - BAIRROS RICOS","ADS 00","Casa & Cia Centro",not_delivering,ad,24,25,1.04166667,"Clique de 7 dias ou visualização de 1 dia",,,0.47,,2026-05-12,Contínuo,,18.8,2026-05-14,2026-05-14
2026-05-13,"PM | ABO | ENGAJ - TEST.PUB | 13.05","ACESSORIOS QUARTO -","ADS 00","Casa & Cia Centro",not_delivering,ad,518,574,1.10810811,"Clique de 7 dias ou visualização de 1 dia","Conversas por mensagem iniciadas",1,13.98,13.98,2026-05-13,Contínuo,1,24.3554007,2026-05-13,2026-05-13
2026-05-13,"PM | ABO | TRAFEGO | 16.04","ABERTO - CXS","ADS 002","Casa & Cia Centro",not_delivering,ad,1351,1467,1.08586232,"Clique de 1 dia","Visitas ao perfil do Instagram",35,10.64,0.304,2026-04-16,Contínuo,34,7.25289707,2026-05-13,2026-05-13
2026-05-13,"PM | ABO | ENGAJ - TEST.PUB | 13.05",FRIO,"ADS 00","Casa & Cia Centro",not_delivering,ad,435,482,1.10804598,"Clique de 7 dias ou visualização de 1 dia",,,12.07,,2026-05-13,Contínuo,1,25.04149378,2026-05-13,2026-05-13
2026-05-13,"PM | ABO | ENGAJ - TEST.CRIATIVO | 12.05","SEMELHANTE + BAIRROS + RICOS","ADS 00","Casa & Cia Centro",not_delivering,ad,140,150,1.07142857,"Clique de 7 dias ou visualização de 1 dia",,,4.27,,2026-05-12,Contínuo,,28.46666667,2026-05-13,2026-05-13
2026-05-13,"PM | ABO | ENGAJ - TEST.CRIATIVO | 12.05 — Cópia","ABERTO - BAIRROS RICOS","ADS 00","Casa & Cia Centro",not_delivering,ad,316,346,1.09493671,"Clique de 7 dias ou visualização de 1 dia",,,12.48,,2026-05-12,Contínuo,5,36.06936416,2026-05-13,2026-05-13
2026-05-13,"PM | ABO | ENGAJ - VALIDADO | 13.05","ABERTO - BAIRROS RICOS — Cópia","ADS 00","Casa & Cia Centro",not_delivering,ad,481,540,1.12266112,"Clique de 7 dias ou visualização de 1 dia",,,10.95,,2026-05-13,Contínuo,1,20.27777778,2026-05-13,2026-05-13
2026-05-13,"PM | ABO | ENGAJ - TEST.CRIATIVO | 12.05 — Cópia","ABERTO - BAIRROS RICOS","ADS 00","Casa & Cia Centro",not_delivering,ad,168,172,1.02380952,"Clique de 7 dias ou visualização de 1 dia",,,4.33,,2026-05-12,Contínuo,1,25.1744186,2026-05-13,2026-05-13
2026-05-13,"PM | ABO | ENGAJ - TEST.CRIATIVO | 12.05","SEMELHANTE + BAIRROS + RICOS","ADS 00","Casa & Cia Centro",not_delivering,ad,126,139,1.1031746,"Clique de 7 dias ou visualização de 1 dia",,,4.65,,2026-05-12,Contínuo,,33.45323741,2026-05-13,2026-05-13
2026-05-13,"PM | ABO | ENGAJ - TEST.CRIATIVO | 12.05 — Cópia","ABERTO - BAIRROS RICOS","ADS 00","Casa & Cia Centro",not_delivering,ad,214,222,1.03738318,"Clique de 7 dias ou visualização de 1 dia",,,6.99,,2026-05-12,Contínuo,,31.48648649,2026-05-13,2026-05-13
2026-05-13,"PM | ABO | ENGAJ - TEST.CRIATIVO | 12.05","SEMELHANTE + BAIRROS + RICOS","ADS 00","Casa & Cia Centro",not_delivering,ad,112,125,1.11607143,"Clique de 7 dias ou visualização de 1 dia",,,3.56,,2026-05-12,Contínuo,1,28.48,2026-05-13,2026-05-13
2026-05-13,"PM | ABO | ENGAJ - TEST.CRIATIVO | 12.05","SEMELHANTE + BAIRROS + RICOS","ADS 00","Casa & Cia Centro",not_delivering,ad,131,133,1.01526718,"Clique de 7 dias ou visualização de 1 dia",,,4.82,,2026-05-12,Contínuo,,36.2406015,2026-05-13,2026-05-13
2026-05-13,"PM | ABO | ENGAJ - TEST.CRIATIVO | 12.05","SEMELHANTE + BAIRROS + RICOS","ADS 00","Casa & Cia Centro",not_delivering,ad,166,176,1.06024096,"Clique de 7 dias ou visualização de 1 dia",,,4.25,,2026-05-12,Contínuo,,24.14772727,2026-05-13,2026-05-13
2026-05-13,"PM | CBO | ENGAJ - VALIDADO | 13.05","ABERTO - BAIRROS RICOS — Cópia","ADS 00","Casa & Cia Centro",not_delivering,ad,349,403,1.15472779,"Clique de 7 dias ou visualização de 1 dia","Conversas por mensagem iniciadas",1,8.4,8.4,2026-05-13,Contínuo,3,20.84367246,2026-05-13,2026-05-13
2026-05-13,"PM | ABO | ENGAJ - TEST.CRIATIVO | 12.05 — Cópia","ABERTO - BAIRROS RICOS","ADS 00","Casa & Cia Centro",not_delivering,ad,392,453,1.15561224,"Clique de 7 dias ou visualização de 1 dia","Conversas por mensagem iniciadas",1,11.22,11.22,2026-05-12,Contínuo,1,24.76821192,2026-05-13,2026-05-13
2026-05-13,"PM | ABO | ENGAJ - TEST.PUB | 13.05","PUBLICO CASADO","ADS 00","Casa & Cia Centro",not_delivering,ad,548,607,1.10766423,"Clique de 7 dias ou visualização de 1 dia",,,13.09,,2026-05-13,Contínuo,1,21.56507414,2026-05-13,2026-05-13
2026-05-13,"PM | CBO | ENGAJ - VALIDA | 11.05","SEMELHANTE — Cópia","ADS 00","Casa & Cia Centro",not_delivering,ad,387,431,1.11369509,"Clique de 7 dias ou visualização de 1 dia","Conversas por mensagem iniciadas",1,20.84,20.84,2026-05-11,Contínuo,3,48.35266821,2026-05-13,2026-05-13
2026-05-13,"PM| ABO | ENGAJ | EXPRESS | 04.05 | 711",SEMELHANTE,"ADS 00","Casa & Cia Centro",not_delivering,ad,281,317,1.12811388,"Clique de 7 dias ou visualização de 1 dia","Conversas por mensagem iniciadas",1,14.31,14.31,2026-05-04,Contínuo,2,45.14195584,2026-05-13,2026-05-13
2026-05-13,"PM | ABO | ENGAJ - TEST.CRIATIVO | 12.05","SEMELHANTE + BAIRROS + RICOS","ADS 00","Casa & Cia Centro",not_delivering,ad,167,173,1.03592814,"Clique de 7 dias ou visualização de 1 dia",,,4.92,,2026-05-12,Contínuo,,28.43930636,2026-05-13,2026-05-13
2026-05-13,"PM| ABO | ENGAJ | EXPRESS | 04.05 | 711","FRIO — NOVO CRIATIVO","ADS 00","Casa & Cia Centro",not_delivering,ad,228,253,1.10964912,"Clique de 7 dias ou visualização de 1 dia","Conversas por mensagem iniciadas",1,8.83,8.83,2026-05-06,Contínuo,5,34.90118577,2026-05-13,2026-05-13
2026-05-13,"PM | ABO | ENGAJ - TEST.CRIATIVO | 12.05 — Cópia","ABERTO - BAIRROS RICOS","ADS 00","Casa & Cia Centro",not_delivering,ad,111,120,1.08108108,"Clique de 7 dias ou visualização de 1 dia",,,3.91,,2026-05-12,Contínuo,,32.58333333,2026-05-13,2026-05-13
2026-05-13,"PM| ABO | ENGAJ | EXPRESS | 04.05 | 711","FRIO — NOVO CRIATIVO — Cópia","ADS 00","Casa & Cia Centro",not_delivering,ad,284,375,1.32042254,"Clique de 7 dias ou visualização de 1 dia","Conversas por mensagem iniciadas",1,15.64,15.64,2026-05-11,Contínuo,3,41.70666667,2026-05-13,2026-05-13
2026-05-13,"PM | ABO | ENGAJ - TEST.CRIATIVO | 12.05","SEMELHANTE + BAIRROS + RICOS","ADS 00","Casa & Cia Centro",not_delivering,ad,142,146,1.02816901,"Clique de 7 dias ou visualização de 1 dia","Conversas por mensagem iniciadas",1,4.08,4.08,2026-05-12,Contínuo,2,27.94520548,2026-05-13,2026-05-13
2026-05-13,"PM | ABO | ENGAJ - TEST.CRIATIVO | 12.05 — Cópia","ABERTO - BAIRROS RICOS","ADS 00","Casa & Cia Centro",not_delivering,ad,390,483,1.23846154,"Clique de 7 dias ou visualização de 1 dia","Conversas por mensagem iniciadas",3,14.46,4.82,2026-05-12,Contínuo,5,29.9378882,2026-05-13,2026-05-13
2026-05-13,"PM | ABO | ENGAJ - TEST.CRIATIVO | 12.05 — Cópia","ABERTO - BAIRROS RICOS","ADS 00","Casa & Cia Centro",not_delivering,ad,434,550,1.26728111,"Clique de 7 dias ou visualização de 1 dia",,,10.96,,2026-05-12,Contínuo,,19.92727273,2026-05-13,2026-05-13
2026-05-12,"PM| ABO | ENGAJ | EXPRESS | 04.05 | 711","SEMELHANTE — Cópia","ADS 00","Casa & Cia Centro",not_delivering,ad,146,157,1.07534247,"Clique de 7 dias ou visualização de 1 dia",,,6.58,,2026-05-11,Contínuo,,41.91082803,2026-05-12,2026-05-12
2026-05-12,"PM | CBO | ENGAJ - TEST | 11.05","FRIO — NOVO CRIATIVO — Cópia — Cópia","ADS 00","Casa & Cia Centro",not_delivering,ad,207,222,1.07246377,"Clique de 7 dias ou visualização de 1 dia",,,8.35,,2026-05-11,Contínuo,2,37.61261261,2026-05-12,2026-05-12
2026-05-12,"PM | ABO | ENGAJ | TEST.PUB | 11.05","CASA NOVA","ADS 00","Casa & Cia Centro",not_delivering,ad,148,167,1.12837838,"Clique de 7 dias ou visualização de 1 dia",,,7.82,,2026-05-11,Contínuo,,46.82634731,2026-05-12,2026-05-12
2026-05-12,"PM | ABO | ENGAJ - TEST.CRIATIVO | 12.05","SEMELHANTE + BAIRROS + RICOS","ADS 00","Casa & Cia Centro",not_delivering,ad,409,446,1.09046455,"Clique de 7 dias ou visualização de 1 dia",,,8.13,,2026-05-12,Contínuo,1,18.22869955,2026-05-12,2026-05-12
2026-05-12,"PM | ABO | ENGAJ - TEST.CRIATIVO | 12.05 — Cópia","ABERTO - BAIRROS RICOS","ADS 00","Casa & Cia Centro",not_delivering,ad,277,284,1.02527076,"Clique de 7 dias ou visualização de 1 dia","Conversas por mensagem iniciadas",1,7.29,7.29,2026-05-12,Contínuo,1,25.66901408,2026-05-12,2026-05-12
2026-05-12,"PM | ABO | ENGAJ - TEST.CRIATIVO | 12.05 — Cópia","ABERTO - BAIRROS RICOS","ADS 00","Casa & Cia Centro",not_delivering,ad,296,322,1.08783784,"Clique de 7 dias ou visualização de 1 dia",,,7.29,,2026-05-12,Contínuo,4,22.63975155,2026-05-12,2026-05-12
2026-05-12,"PM | ABO | ENGAJ - TEST.CRIATIVO | 12.05 — Cópia","ABERTO - BAIRROS RICOS","ADS 00","Casa & Cia Centro",not_delivering,ad,338,372,1.10059172,"Clique de 7 dias ou visualização de 1 dia","Conversas por mensagem iniciadas",1,10.32,10.32,2026-05-12,Contínuo,3,27.74193548,2026-05-12,2026-05-12
2026-05-12,"PM | ABO | ENGAJ - TEST.CRIATIVO | 12.05","SEMELHANTE + BAIRROS + RICOS","ADS 00","Casa & Cia Centro",not_delivering,ad,387,422,1.09043928,"Clique de 7 dias ou visualização de 1 dia","Conversas por mensagem iniciadas",1,11.1,11.1,2026-05-12,Contínuo,1,26.30331754,2026-05-12,2026-05-12
2026-05-12,"PM | ABO | ENGAJ | TEST.PUB | 11.05",CARROS,"ADS 00","Casa & Cia Centro",not_delivering,ad,156,166,1.06410256,"Clique de 7 dias ou visualização de 1 dia",,,7.25,,2026-05-11,Contínuo,3,43.6746988,2026-05-12,2026-05-12
2026-05-12,"PM | ABO | ENGAJ - TEST.CRIATIVO | 12.05","SEMELHANTE + BAIRROS + RICOS","ADS 00","Casa & Cia Centro",not_delivering,ad,320,351,1.096875,"Clique de 7 dias ou visualização de 1 dia",,,7.22,,2026-05-12,Contínuo,,20.56980057,2026-05-12,2026-05-12
2026-05-12,"PM | ABO | ENGAJ - TEST.CRIATIVO | 12.05","SEMELHANTE + BAIRROS + RICOS","ADS 00","Casa & Cia Centro",not_delivering,ad,296,309,1.04391892,"Clique de 7 dias ou visualização de 1 dia",,,7.49,,2026-05-12,Contínuo,1,24.2394822,2026-05-12,2026-05-12
2026-05-12,"PM | ABO | TRAFEGO | 16.04","ABERTO - CXS","ADS 002","Casa & Cia Centro",not_delivering,ad,1575,1733,1.10031746,"Clique de 1 dia","Visitas ao perfil do Instagram",31,11.33,0.36548387,2026-04-16,Contínuo,31,6.53779573,2026-05-12,2026-05-12
2026-05-12,"PM| ABO | ENGAJ | EXPRESS | 04.05 | 711","FRIO — NOVO CRIATIVO","ADS 00","Casa & Cia Centro",not_delivering,ad,476,529,1.11134454,"Clique de 7 dias ou visualização de 1 dia",,,16.69,,2026-05-06,Contínuo,1,31.55009452,2026-05-12,2026-05-12
2026-05-12,"PM | ABO | ENGAJ - TEST.CRIATIVO | 12.05","SEMELHANTE + BAIRROS + RICOS","ADS 00","Casa & Cia Centro",not_delivering,ad,336,364,1.08333333,"Clique de 7 dias ou visualização de 1 dia",,,7.58,,2026-05-12,Contínuo,3,20.82417582,2026-05-12,2026-05-12
2026-05-12,"PM | CBO | ENGAJ - VALIDA | 11.05","SEMELHANTE — Cópia","ADS 00","Casa & Cia Centro",not_delivering,ad,381,436,1.14435696,"Clique de 7 dias ou visualização de 1 dia","Conversas por mensagem iniciadas",3,18.74,6.24666667,2026-05-11,Contínuo,9,42.98165138,2026-05-12,2026-05-12
2026-05-12,"PM | ABO | ENGAJ - TEST.CRIATIVO | 12.05 — Cópia","ABERTO - BAIRROS RICOS","ADS 00","Casa & Cia Centro",not_delivering,ad,362,378,1.0441989,"Clique de 7 dias ou visualização de 1 dia","Conversas por mensagem iniciadas",1,7.14,7.14,2026-05-12,Contínuo,1,18.88888889,2026-05-12,2026-05-12
2026-05-12,"PM | CBO | ENGAJ - TEST | 11.05","SEMELHANTE — Cópia — Cópia","ADS 00","Casa & Cia Centro",not_delivering,ad,286,319,1.11538462,"Clique de 7 dias ou visualização de 1 dia",,,9.93,,2026-05-11,Contínuo,1,31.12852665,2026-05-12,2026-05-12
2026-05-12,"PM| ABO | ENGAJ | EXPRESS | 04.05 | 711","FRIO — NOVO CRIATIVO — Cópia","ADS 00","Casa & Cia Centro",not_delivering,ad,355,417,1.17464789,"Clique de 7 dias ou visualização de 1 dia","Conversas por mensagem iniciadas",3,12.54,4.18,2026-05-11,Contínuo,4,30.07194245,2026-05-12,2026-05-12
2026-05-12,"PM| ABO | ENGAJ | EXPRESS | 04.05 | 711",SEMELHANTE,"ADS 00","Casa & Cia Centro",not_delivering,ad,520,588,1.13076923,"Clique de 7 dias ou visualização de 1 dia","Conversas por mensagem iniciadas",1,21.53,21.53,2026-05-04,Contínuo,3,36.61564626,2026-05-12,2026-05-12
2026-05-12,"PM | ABO | ENGAJ - TEST.CRIATIVO | 12.05","SEMELHANTE + BAIRROS + RICOS","ADS 00","Casa & Cia Centro",not_delivering,ad,397,420,1.05793451,"Clique de 7 dias ou visualização de 1 dia",,,7.51,,2026-05-12,Contínuo,4,17.88095238,2026-05-12,2026-05-12
2026-05-12,"PM | ABO | ENGAJ - TEST.CRIATIVO | 12.05 — Cópia","ABERTO - BAIRROS RICOS","ADS 00","Casa & Cia Centro",not_delivering,ad,319,333,1.04388715,"Clique de 7 dias ou visualização de 1 dia",,,7.87,,2026-05-12,Contínuo,,23.63363363,2026-05-12,2026-05-12
2026-05-12,"PM | ABO | ENGAJ | TEST.PUB | 11.05",ESPORTES,"ADS 00","Casa & Cia Centro",not_delivering,ad,179,194,1.08379888,"Clique de 7 dias ou visualização de 1 dia",,,7.45,,2026-05-11,Contínuo,,38.40206186,2026-05-12,2026-05-12
2026-05-12,"PM | CBO | ENGAJ  - VALIDADO | 11.05","FRIO — NOVO CRIATIVO — Cópia","ADS 00","Casa & Cia Centro",not_delivering,ad,256,275,1.07421875,"Clique de 7 dias ou visualização de 1 dia",,,8.91,,2026-05-11,Contínuo,,32.4,2026-05-12,2026-05-12
2026-05-12,"PM | ABO | ENGAJ - TEST.CRIATIVO | 12.05","SEMELHANTE + BAIRROS + RICOS","ADS 00","Casa & Cia Centro",not_delivering,ad,350,358,1.02285714,"Clique de 7 dias ou visualização de 1 dia",,,7.02,,2026-05-12,Contínuo,3,19.60893855,2026-05-12,2026-05-12
2026-05-12,"PM | ABO | ENGAJ | TEST.PUB | 11.05",DECORAÇÃO,"ADS 00","Casa & Cia Centro",not_delivering,ad,170,182,1.07058824,"Clique de 7 dias ou visualização de 1 dia",,,7.62,,2026-05-11,Contínuo,1,41.86813187,2026-05-12,2026-05-12
2026-05-12,"PM | ABO | ENGAJ - TEST.CRIATIVO | 12.05 — Cópia","ABERTO - BAIRROS RICOS","ADS 00","Casa & Cia Centro",not_delivering,ad,270,317,1.17407407,"Clique de 7 dias ou visualização de 1 dia","Conversas por mensagem iniciadas",2,7.47,3.735,2026-05-12,Contínuo,2,23.56466877,2026-05-12,2026-05-12
2026-05-12,"PM | ABO | ENGAJ - TEST.CRIATIVO | 12.05 — Cópia","ABERTO - BAIRROS RICOS","ADS 00","Casa & Cia Centro",not_delivering,ad,263,306,1.1634981,"Clique de 7 dias ou visualização de 1 dia","Conversas por mensagem iniciadas",1,7.3,7.3,2026-05-12,Contínuo,2,23.85620915,2026-05-12,2026-05-12
2026-05-11,"PM | ABO - VENDA | 07.05 | N° 111",FRIO,"ADS 00","Casa & Cia Centro",not_delivering,ad,133,136,1.02255639,"Clique de 7 dias ou visualização de 1 dia",,,3.56,,2026-05-07,Contínuo,1,26.17647059,2026-05-11,2026-05-11
2026-05-11,"PM | ABO - VENDA | 07.05 | N° 111","FRIO — Cópia","ADS 00","Casa & Cia Centro",not_delivering,ad,236,256,1.08474576,"Clique de 7 dias ou visualização de 1 dia",,,5.3,,2026-05-07,Contínuo,3,20.703125,2026-05-11,2026-05-11
2026-05-11,"PM | CBO | ENGAJ - TEST | 11.05","SEMELHANTE — Cópia — Cópia","ADS 00","Casa & Cia Centro",not_delivering,ad,406,465,1.1453202,"Clique de 7 dias ou visualização de 1 dia","Conversas por mensagem iniciadas",1,10.45,10.45,2026-05-11,Contínuo,1,22.47311828,2026-05-11,2026-05-11
2026-05-11,"PM | ABO | TRAFEGO | 16.04","ABERTO - CXS","ADS 002","Casa & Cia Centro",not_delivering,ad,1392,1416,1.01724138,"Clique de 1 dia","Visitas ao perfil do Instagram",28,7.88,0.28142857,2026-04-16,Contínuo,26,5.56497175,2026-05-11,2026-05-11
2026-05-11,"PM | ABO - VENDA | 07.05 | N° 111",FRIO,"ADS 00","Casa & Cia Centro",not_delivering,ad,133,140,1.05263158,"Clique de 7 dias ou visualização de 1 dia",,,3.69,,2026-05-07,Contínuo,1,26.35714286,2026-05-11,2026-05-11
2026-05-11,"PM | CBO | ENGAJ  - VALIDADO | 11.05","FRIO — NOVO CRIATIVO — Cópia","ADS 00","Casa & Cia Centro",not_delivering,ad,396,441,1.11363636,"Clique de 7 dias ou visualização de 1 dia","Conversas por mensagem iniciadas",1,9.77,9.77,2026-05-11,Contínuo,4,22.15419501,2026-05-11,2026-05-11
2026-05-11,"PM | ABO - VENDA | 07.05 | N° 111",FRIO,"ADS 00","Casa & Cia Centro",not_delivering,ad,184,193,1.04891304,"Clique de 7 dias ou visualização de 1 dia",,,3.43,,2026-05-07,Contínuo,,17.77202073,2026-05-11,2026-05-11
2026-05-11,"PM | ABO - VENDA | 07.05 | N° 111",FRIO,"ADS 00","Casa & Cia Centro",not_delivering,ad,130,141,1.08461538,"Clique de 7 dias ou visualização de 1 dia",,,3.09,,2026-05-07,Contínuo,,21.91489362,2026-05-11,2026-05-11
2026-05-11,"PM | ABO | ENGAJ | TEST.PUB | 11.05",CARROS,"ADS 00","Casa & Cia Centro",not_delivering,ad,373,431,1.15549598,"Clique de 7 dias ou visualização de 1 dia",,,10.59,,2026-05-11,Contínuo,2,24.57076566,2026-05-11,2026-05-11
2026-05-11,"PM | ABO - VENDA | 07.05 | N° 711","FRIO — Cópia","ADS 00","Casa & Cia Centro",not_delivering,ad,138,146,1.05797101,"Clique de 7 dias ou visualização de 1 dia",,,2.64,,2026-05-07,Contínuo,,18.08219178,2026-05-11,2026-05-11
2026-05-11,"PM | ABO - VENDA | 07.05 | N° 711",FRIO,"ADS 00","Casa & Cia Centro",not_delivering,ad,168,175,1.04166667,"Clique de 7 dias ou visualização de 1 dia",,,4.07,,2026-05-07,Contínuo,1,23.25714286,2026-05-11,2026-05-11
2026-05-11,"PM | ABO - VENDA | 07.05 | N° 711",FRIO,"ADS 00","Casa & Cia Centro",not_delivering,ad,154,161,1.04545455,"Clique de 7 dias ou visualização de 1 dia",,,3.49,,2026-05-07,Contínuo,,21.67701863,2026-05-11,2026-05-11
2026-05-11,"PM | ABO - VENDA | 07.05 | N° 711",FRIO,"ADS 00","Casa & Cia Centro",not_delivering,ad,144,153,1.0625,"Clique de 7 dias ou visualização de 1 dia",,,2.31,,2026-05-07,Contínuo,,15.09803922,2026-05-11,2026-05-11
2026-05-11,"PM| ABO | ENGAJ | EXPRESS | 04.05 | 711",SEMELHANTE,"ADS 00","Casa & Cia Centro",not_delivering,ad,527,577,1.09487666,"Clique de 7 dias ou visualização de 1 dia","Conversas por mensagem iniciadas",3,16.35,5.45,2026-05-04,Contínuo,7,28.33622184,2026-05-11,2026-05-11
2026-05-11,"PM | ABO - VENDA | 07.05 | N° 711",FRIO,"ADS 00","Casa & Cia Centro",not_delivering,ad,150,153,1.02,"Clique de 7 dias ou visualização de 1 dia",,,3.89,,2026-05-07,Contínuo,,25.4248366,2026-05-11,2026-05-11
2026-05-11,"PM | ABO - VENDA | 07.05 | N° 711",FRIO,"ADS 00","Casa & Cia Centro",not_delivering,ad,151,168,1.11258278,"Clique de 7 dias ou visualização de 1 dia","Conversas por mensagem iniciadas",1,3.45,3.45,2026-05-07,Contínuo,1,20.53571429,2026-05-11,2026-05-11
2026-05-11,"PM| ABO | ENGAJ | EXPRESS | 04.05 | 711","SEMELHANTE — Cópia","ADS 00","Casa & Cia Centro",not_delivering,ad,392,461,1.17602041,"Clique de 7 dias ou visualização de 1 dia",,,10.24,,2026-05-11,Contínuo,1,22.21258134,2026-05-11,2026-05-11
2026-05-11,"PM | ABO - VENDA | 07.05 | N° 111",FRIO,"ADS 00","Casa & Cia Centro",not_delivering,ad,163,168,1.03067485,"Clique de 7 dias ou visualização de 1 dia",,,3.1,,2026-05-07,Contínuo,,18.45238095,2026-05-11,2026-05-11
2026-05-11,"PM | CBO | ENGAJ - TEST | 11.05","FRIO — NOVO CRIATIVO — Cópia — Cópia","ADS 00","Casa & Cia Centro",not_delivering,ad,308,339,1.10064935,"Clique de 7 dias ou visualização de 1 dia",,,8.46,,2026-05-11,Contínuo,,24.95575221,2026-05-11,2026-05-11
2026-05-11,"PM | ABO | ENGAJ | TEST.PUB | 11.05",ESPORTES,"ADS 00","Casa & Cia Centro",not_delivering,ad,341,373,1.09384164,"Clique de 7 dias ou visualização de 1 dia","Conversas por mensagem iniciadas",1,11.57,11.57,2026-05-11,Contínuo,3,31.01876676,2026-05-11,2026-05-11
2026-05-11,"PM| ABO | ENGAJ | EXPRESS | 04.05 | 711","FRIO — NOVO CRIATIVO — Cópia","ADS 00","Casa & Cia Centro",not_delivering,ad,186,197,1.05913978,"Clique de 7 dias ou visualização de 1 dia",,,5.7,,2026-05-11,Contínuo,1,28.93401015,2026-05-11,2026-05-11
2026-05-11,"PM | ABO | ENGAJ | TEST.PUB | 11.05","CASA NOVA","ADS 00","Casa & Cia Centro",not_delivering,ad,317,351,1.10725552,"Clique de 7 dias ou visualização de 1 dia","Conversas por mensagem iniciadas",1,10.63,10.63,2026-05-11,Contínuo,1,30.28490028,2026-05-11,2026-05-11
2026-05-11,"PM| ABO | ENGAJ | EXPRESS | 04.05 | 711","FRIO — NOVO CRIATIVO","ADS 00","Casa & Cia Centro",not_delivering,ad,611,668,1.09328969,"Clique de 7 dias ou visualização de 1 dia","Conversas por mensagem iniciadas",2,18.4,9.2,2026-05-06,Contínuo,2,27.54491018,2026-05-11,2026-05-11
2026-05-11,"PM| ABO | ENGAJ | EXPRESS | 04.05 | 711",FRIO,"ADS 00","Casa & Cia Centro",not_delivering,ad,76,77,1.01315789,"Clique de 7 dias ou visualização de 1 dia",,,2.92,,2026-05-04,Contínuo,1,37.92207792,2026-05-11,2026-05-11
2026-05-11,"PM | CBO | ENGAJ - VALIDA | 11.05","SEMELHANTE — Cópia","ADS 00","Casa & Cia Centro",not_delivering,ad,365,383,1.04931507,"Clique de 7 dias ou visualização de 1 dia",,,10.38,,2026-05-11,Contínuo,1,27.10182768,2026-05-11,2026-05-11
2026-05-11,"PM | ABO | ENGAJ | TEST.PUB | 11.05",DECORAÇÃO,"ADS 00","Casa & Cia Centro",not_delivering,ad,520,586,1.12692308,"Clique de 7 dias ou visualização de 1 dia",,,12.94,,2026-05-11,Contínuo,3,22.08191126,2026-05-11,2026-05-11
2026-05-11,"PM| ABO | ENGAJ | EXPRESS | 04.05 | 111",SEMELHANTE,"ADS 00","Casa & Cia Centro",not_delivering,ad,90,94,1.04444444,"Clique de 7 dias ou visualização de 1 dia",,,2.85,,2026-05-04,Contínuo,,30.31914894,2026-05-11,2026-05-11
2026-05-10,"PM| ABO | ENGAJ | EXPRESS | 04.05 | 711",FRIO,"ADS 00","Casa & Cia Centro",not_delivering,ad,642,693,1.07943925,"Clique de 7 dias ou visualização de 1 dia","Conversas por mensagem iniciadas",1,8.63,8.63,2026-05-04,Contínuo,1,12.45310245,2026-05-10,2026-05-10
2026-05-10,"PM | ABO - VENDA | 07.05 | N° 111",FRIO,"ADS 00","Casa & Cia Centro",not_delivering,ad,509,579,1.13752456,"Clique de 7 dias ou visualização de 1 dia",,,9.24,,2026-05-07,Contínuo,3,15.95854922,2026-05-10,2026-05-10
2026-05-10,"PM| ABO | ENGAJ | EXPRESS | 04.05 | 711","FRIO — NOVO CRIATIVO","ADS 00","Casa & Cia Centro",not_delivering,ad,731,833,1.13953488,"Clique de 7 dias ou visualização de 1 dia","Conversas por mensagem iniciadas",1,9.18,9.18,2026-05-06,Contínuo,2,11.02040816,2026-05-10,2026-05-10
2026-05-10,"PM | ABO - VENDA | 07.05 | N° 711","FRIO — Cópia","ADS 00","Casa & Cia Centro",not_delivering,ad,573,730,1.27399651,"Clique de 7 dias ou visualização de 1 dia",,,10.34,,2026-05-07,Contínuo,4,14.16438356,2026-05-10,2026-05-10
2026-05-10,"PM | ABO - VENDA | 07.05 | N° 111",FRIO,"ADS 00","Casa & Cia Centro",not_delivering,ad,720,808,1.12222222,"Clique de 7 dias ou visualização de 1 dia",,,8.48,,2026-05-07,Contínuo,1,10.4950495,2026-05-10,2026-05-10
2026-05-10,"PM | ABO - VENDA | 07.05 | N° 111",FRIO,"ADS 00","Casa & Cia Centro",not_delivering,ad,948,1292,1.3628692,"Clique de 7 dias ou visualização de 1 dia","Conversas por mensagem iniciadas",1,9.78,9.78,2026-05-07,Contínuo,2,7.56965944,2026-05-10,2026-05-10
2026-05-10,"PM | ABO - VENDA | 07.05 | N° 711",FRIO,"ADS 00","Casa & Cia Centro",not_delivering,ad,798,944,1.18295739,"Clique de 7 dias ou visualização de 1 dia",,,10.04,,2026-05-07,Contínuo,2,10.63559322,2026-05-10,2026-05-10
2026-05-10,"PM | ABO | TRAFEGO | 16.04","ABERTO - CXS","ADS 002","Casa & Cia Centro",not_delivering,ad,1953,2104,1.07731695,"Clique de 1 dia","Visitas ao perfil do Instagram",29,9.84,0.33931034,2026-04-16,Contínuo,31,4.67680608,2026-05-10,2026-05-10
2026-05-10,"PM | ABO - VENDA | 07.05 | N° 111","FRIO — Cópia","ADS 00","Casa & Cia Centro",not_delivering,ad,792,1027,1.29671717,"Clique de 7 dias ou visualização de 1 dia",,,11.2,,2026-05-07,Contínuo,1,10.90555015,2026-05-10,2026-05-10
2026-05-10,"PM| ABO | ENGAJ | EXPRESS | 04.05 | 111",SEMELHANTE,"ADS 00","Casa & Cia Centro",not_delivering,ad,456,501,1.09868421,"Clique de 7 dias ou visualização de 1 dia",,,8.28,,2026-05-04,Contínuo,2,16.52694611,2026-05-10,2026-05-10
2026-05-10,"PM | ABO - VENDA | 07.05 | N° 111",FRIO,"ADS 00","Casa & Cia Centro",not_delivering,ad,743,889,1.19650067,"Clique de 7 dias ou visualização de 1 dia",,,9.11,,2026-05-07,Contínuo,1,10.24746907,2026-05-10,2026-05-10
2026-05-10,"PM | ABO - VENDA | 07.05 | N° 711",FRIO,"ADS 00","Casa & Cia Centro",not_delivering,ad,662,742,1.12084592,"Clique de 7 dias ou visualização de 1 dia",,,8.55,,2026-05-07,Contínuo,,11.52291105,2026-05-10,2026-05-10
2026-05-10,"PM| ABO | ENGAJ | EXPRESS | 04.05 | 711",SEMELHANTE,"ADS 00","Casa & Cia Centro",not_delivering,ad,531,599,1.12806026,"Clique de 7 dias ou visualização de 1 dia",,,8.17,,2026-05-04,Contínuo,1,13.639399,2026-05-10,2026-05-10
2026-05-10,"PM | ABO - VENDA | 07.05 | N° 711",FRIO,"ADS 00","Casa & Cia Centro",not_delivering,ad,703,814,1.15789474,"Clique de 7 dias ou visualização de 1 dia",,,9.16,,2026-05-07,Contínuo,,11.25307125,2026-05-10,2026-05-10
2026-05-10,"PM | ABO - VENDA | 07.05 | N° 711",FRIO,"ADS 00","Casa & Cia Centro",not_delivering,ad,669,868,1.29745889,"Clique de 7 dias ou visualização de 1 dia",,,10.49,,2026-05-07,Contínuo,2,12.08525346,2026-05-10,2026-05-10
2026-05-10,"PM | ABO - VENDA | 07.05 | N° 711",FRIO,"ADS 00","Casa & Cia Centro",not_delivering,ad,746,1066,1.42895442,"Clique de 7 dias ou visualização de 1 dia",,,9.53,,2026-05-07,Contínuo,,8.93996248,2026-05-10,2026-05-10
2026-05-10,"PM | ABO - VENDA | 07.05 | N° 111",FRIO,"ADS 00","Casa & Cia Centro",not_delivering,ad,649,727,1.1201849,"Clique de 7 dias ou visualização de 1 dia",,,9.16,,2026-05-07,Contínuo,,12.5997249,2026-05-10,2026-05-10
2026-05-09,"PM | ABO - VENDA | 07.05 | N° 111",FRIO,"ADS 00","Casa & Cia Centro",not_delivering,ad,415,504,1.21445783,"Clique de 7 dias ou visualização de 1 dia",,,9.19,,2026-05-07,Contínuo,2,18.23412698,2026-05-09,2026-05-09
2026-05-09,"PM | ABO - VENDA | 07.05 | N° 711","FRIO — Cópia","ADS 00","Casa & Cia Centro",not_delivering,ad,392,482,1.22959184,"Clique de 7 dias ou visualização de 1 dia","Conversas por mensagem iniciadas",1,9.29,9.29,2026-05-07,Contínuo,1,19.27385892,2026-05-09,2026-05-09
2026-05-09,"PM | ABO - VENDA | 07.05 | N° 111",FRIO,"ADS 00","Casa & Cia Centro",not_delivering,ad,475,527,1.10947368,"Clique de 7 dias ou visualização de 1 dia","Conversas por mensagem iniciadas",1,10.5,10.5,2026-05-07,Contínuo,2,19.92409867,2026-05-09,2026-05-09
2026-05-09,"PM | ABO - VENDA | 07.05 | N° 111",FRIO,"ADS 00","Casa & Cia Centro",not_delivering,ad,612,673,1.0996732,"Clique de 7 dias ou visualização de 1 dia",,,10.35,,2026-05-07,Contínuo,,15.37890045,2026-05-09,2026-05-09
2026-05-09,"PM| ABO | ENGAJ | EXPRESS | 04.05 | 711",SEMELHANTE,"ADS 00","Casa & Cia Centro",not_delivering,ad,489,538,1.1002045,"Clique de 7 dias ou visualização de 1 dia","Conversas por mensagem iniciadas",2,11.65,5.825,2026-05-04,Contínuo,4,21.65427509,2026-05-09,2026-05-09
2026-05-09,"PM | ABO - VENDA | 07.05 | N° 711",FRIO,"ADS 00","Casa & Cia Centro",not_delivering,ad,564,609,1.07978723,"Clique de 7 dias ou visualização de 1 dia",,,10.57,,2026-05-07,Contínuo,1,17.35632184,2026-05-09,2026-05-09
2026-05-09,"PM | ABO | TRAFEGO | 16.04","ABERTO - CXS","ADS 002","Casa & Cia Centro",not_delivering,ad,1975,2096,1.06126582,"Clique de 1 dia","Visitas ao perfil do Instagram",23,9.92,0.43130435,2026-04-16,Contínuo,23,4.73282443,2026-05-09,2026-05-09
2026-05-09,"PM | ABO - VENDA | 07.05 | N° 111","FRIO — Cópia","ADS 00","Casa & Cia Centro",not_delivering,ad,466,577,1.23819742,"Clique de 7 dias ou visualização de 1 dia","Conversas por mensagem iniciadas",1,10.56,10.56,2026-05-07,Contínuo,1,18.30155979,2026-05-09,2026-05-09
2026-05-09,"PM| ABO | ENGAJ | EXPRESS | 04.05 | 111",SEMELHANTE,"ADS 00","Casa & Cia Centro",not_delivering,ad,538,592,1.10037175,"Clique de 7 dias ou visualização de 1 dia","Conversas por mensagem iniciadas",1,11.98,11.98,2026-05-04,Contínuo,3,20.23648649,2026-05-09,2026-05-09
2026-05-09,"PM | ABO - VENDA | 07.05 | N° 111",FRIO,"ADS 00","Casa & Cia Centro",not_delivering,ad,520,572,1.1,"Clique de 7 dias ou visualização de 1 dia",,,10.53,,2026-05-07,Contínuo,3,18.40909091,2026-05-09,2026-05-09
2026-05-09,"PM | ABO - VENDA | 07.05 | N° 711",FRIO,"ADS 00","Casa & Cia Centro",not_delivering,ad,568,635,1.11795775,"Clique de 7 dias ou visualização de 1 dia",,,10.81,,2026-05-07,Contínuo,2,17.02362205,2026-05-09,2026-05-09
2026-05-09,"PM | ABO - VENDA | 07.05 | N° 711",FRIO,"ADS 00","Casa & Cia Centro",not_delivering,ad,627,674,1.07496013,"Clique de 7 dias ou visualização de 1 dia",,,10.48,,2026-05-07,Contínuo,,15.54896142,2026-05-09,2026-05-09
2026-05-09,"PM | ABO - VENDA | 07.05 | N° 711",FRIO,"ADS 00","Casa & Cia Centro",not_delivering,ad,503,596,1.18489066,"Clique de 7 dias ou visualização de 1 dia","Conversas por mensagem iniciadas",1,10.53,10.53,2026-05-07,Contínuo,4,17.66778523,2026-05-09,2026-05-09
2026-05-09,"PM | ABO - VENDA | 07.05 | N° 711",FRIO,"ADS 00","Casa & Cia Centro",not_delivering,ad,440,520,1.18181818,"Clique de 7 dias ou visualização de 1 dia",,,8.88,,2026-05-07,Contínuo,1,17.07692308,2026-05-09,2026-05-09
2026-05-09,"PM | ABO - VENDA | 07.05 | N° 111",FRIO,"ADS 00","Casa & Cia Centro",not_delivering,ad,617,697,1.12965964,"Clique de 7 dias ou visualização de 1 dia",,,10.82,,2026-05-07,Contínuo,2,15.52367288,2026-05-09,2026-05-09
2026-05-09,"PM| ABO | ENGAJ | EXPRESS | 04.05 | 711","FRIO — NOVO CRIATIVO","ADS 00","Casa & Cia Centro",not_delivering,ad,743,799,1.07537012,"Clique de 7 dias ou visualização de 1 dia",,,12.74,,2026-05-06,Contínuo,3,15.94493116,2026-05-09,2026-05-09
2026-05-09,"PM| ABO | ENGAJ | EXPRESS | 04.05 | 711",FRIO,"ADS 00","Casa & Cia Centro",not_delivering,ad,639,709,1.10954617,"Clique de 7 dias ou visualização de 1 dia",,,13.23,,2026-05-04,Contínuo,,18.66008463,2026-05-09,2026-05-09
2026-05-08,"PM | ABO - VENDA | 07.05 | N° 111",FRIO,"ADS 00","Casa & Cia Centro",not_delivering,ad,360,458,1.27222222,"Clique de 7 dias ou visualização de 1 dia","Conversas por mensagem iniciadas",1,10.03,10.03,2026-05-07,Contínuo,2,21.89956332,2026-05-08,2026-05-08
2026-05-08,"PM | ABO - VENDA | 07.05 | N° 711","FRIO — Cópia","ADS 00","Casa & Cia Centro",not_delivering,ad,326,425,1.30368098,"Clique de 7 dias ou visualização de 1 dia",,,9.49,,2026-05-07,Contínuo,2,22.32941176,2026-05-08,2026-05-08
2026-05-08,"PM | ABO - VENDA | 07.05 | N° 111",FRIO,"ADS 00","Casa & Cia Centro",not_delivering,ad,469,495,1.0554371,"Clique de 7 dias ou visualização de 1 dia","Conversas por mensagem iniciadas",1,10.14,10.14,2026-05-07,Contínuo,4,20.48484848,2026-05-08,2026-05-08
2026-05-08,"PM | ABO - VENDA | 07.05 | N° 111",FRIO,"ADS 00","Casa & Cia Centro",not_delivering,ad,484,532,1.09917355,"Clique de 7 dias ou visualização de 1 dia","Conversas por mensagem iniciadas",1,9.38,9.38,2026-05-07,Contínuo,2,17.63157895,2026-05-08,2026-05-08
2026-05-08,"PM | ABO - VENDA | 07.05 | N° 111","FRIO — Cópia","ADS 00","Casa & Cia Centro",not_delivering,ad,302,413,1.36754967,"Clique de 7 dias ou visualização de 1 dia",,,9.49,,2026-05-07,Contínuo,3,22.97820823,2026-05-08,2026-05-08
2026-05-08,"PM | ABO - VENDA | 07.05 | N° 711",FRIO,"ADS 00","Casa & Cia Centro",not_delivering,ad,592,652,1.10135135,"Clique de 7 dias ou visualização de 1 dia",,,9.94,,2026-05-07,Contínuo,,15.24539877,2026-05-08,2026-05-08
2026-05-08,"PM | ABO | TRAFEGO | 16.04","ABERTO - CXS","ADS 002","Casa & Cia Centro",not_delivering,ad,1725,1797,1.04173913,"Clique de 1 dia","Visitas ao perfil do Instagram",24,9.94,0.41416667,2026-04-16,Contínuo,24,5.53144129,2026-05-08,2026-05-08
2026-05-08,"PM| ABO | ENGAJ | EXPRESS | 04.05 | 111",SEMELHANTE,"ADS 00","Casa & Cia Centro",not_delivering,ad,465,512,1.10107527,"Clique de 7 dias ou visualização de 1 dia",,,10.76,,2026-05-04,Contínuo,,21.015625,2026-05-08,2026-05-08
2026-05-08,"PM| ABO | ENGAJ | EXPRESS | 04.05 | 711","FRIO — NOVO CRIATIVO","ADS 00","Casa & Cia Centro",not_delivering,ad,533,576,1.08067542,"Clique de 7 dias ou visualização de 1 dia",,,11.72,,2026-05-06,Contínuo,3,20.34722222,2026-05-08,2026-05-08
2026-05-08,"PM | ABO - VENDA | 07.05 | N° 111",FRIO,"ADS 00","Casa & Cia Centro",not_delivering,ad,589,679,1.15280136,"Clique de 7 dias ou visualização de 1 dia",,,9.89,,2026-05-07,Contínuo,,14.56553756,2026-05-08,2026-05-08
2026-05-08,"PM | ABO - VENDA | 07.05 | N° 711",FRIO,"ADS 00","Casa & Cia Centro",not_delivering,ad,371,493,1.32884097,"Clique de 7 dias ou visualização de 1 dia",,,10.31,,2026-05-07,Contínuo,2,20.9127789,2026-05-08,2026-05-08
2026-05-08,"PM | ABO - VENDA | 07.05 | N° 711",FRIO,"ADS 00","Casa & Cia Centro",not_delivering,ad,513,645,1.25730994,"Clique de 7 dias ou visualização de 1 dia","Conversas por mensagem iniciadas",2,10.28,5.14,2026-05-07,Contínuo,3,15.9379845,2026-05-08,2026-05-08
2026-05-08,"PM | ABO - VENDA | 07.05 | N° 711",FRIO,"ADS 00","Casa & Cia Centro",not_delivering,ad,500,542,1.084,"Clique de 7 dias ou visualização de 1 dia",,,10.04,,2026-05-07,Contínuo,4,18.52398524,2026-05-08,2026-05-08
2026-05-08,"PM| ABO | ENGAJ | EXPRESS | 04.05 | 711",SEMELHANTE,"ADS 00","Casa & Cia Centro",not_delivering,ad,439,473,1.07744875,"Clique de 7 dias ou visualização de 1 dia","Conversas por mensagem iniciadas",1,10.08,10.08,2026-05-04,Contínuo,2,21.31078224,2026-05-08,2026-05-08
2026-05-08,"PM | ABO - VENDA | 07.05 | N° 711",FRIO,"ADS 00","Casa & Cia Centro",not_delivering,ad,494,564,1.1417004,"Clique de 7 dias ou visualização de 1 dia","Conversas por mensagem iniciadas",1,9.52,9.52,2026-05-07,Contínuo,5,16.87943262,2026-05-08,2026-05-08
2026-05-08,"PM| ABO | ENGAJ | EXPRESS | 04.05 | 711",FRIO,"ADS 00","Casa & Cia Centro",not_delivering,ad,609,657,1.07881773,"Clique de 7 dias ou visualização de 1 dia",,,13.13,,2026-05-04,Contínuo,4,19.9847793,2026-05-08,2026-05-08
2026-05-08,"PM | ABO - VENDA | 07.05 | N° 111",FRIO,"ADS 00","Casa & Cia Centro",not_delivering,ad,373,427,1.14477212,"Clique de 7 dias ou visualização de 1 dia",,,9.76,,2026-05-07,Contínuo,,22.85714286,2026-05-08,2026-05-08
2026-05-07,"PM | ABO - VENDA | 07.05 | N° 111",FRIO,"ADS 00","Casa & Cia Centro",not_delivering,ad,354,376,1.06214689,"Clique de 7 dias ou visualização de 1 dia","Conversas por mensagem iniciadas",1,5.99,5.99,2026-05-07,Contínuo,2,15.93085106,2026-05-07,2026-05-07
2026-05-07,"PM | ABO | TRAFEGO | 16.04","ABERTO - CXS","ADS 002","Casa & Cia Centro",not_delivering,ad,1241,1241,1,"Clique de 1 dia","Visitas ao perfil do Instagram",14,6.84,0.48857143,2026-04-16,Contínuo,14,5.51168413,2026-05-07,2026-05-07
2026-05-07,"PM | ABO - VENDA | 07.05 | N° 111",FRIO,"ADS 00","Casa & Cia Centro",not_delivering,ad,322,334,1.03726708,"Clique de 7 dias ou visualização de 1 dia",,,5.1,,2026-05-07,Contínuo,,15.26946108,2026-05-07,2026-05-07
2026-05-07,"PM | ABO - VENDA | 07.05 | N° 711","FRIO — Cópia","ADS 00","Casa & Cia Centro",not_delivering,ad,208,238,1.14423077,"Clique de 7 dias ou visualização de 1 dia","Conversas por mensagem iniciadas",1,4.83,4.83,2026-05-07,Contínuo,3,20.29411765,2026-05-07,2026-05-07
2026-05-07,"PM | ABO - VENDA | 07.05 | N° 111",FRIO,"ADS 00","Casa & Cia Centro",not_delivering,ad,307,334,1.08794788,"Clique de 7 dias ou visualização de 1 dia",,,6.47,,2026-05-07,Contínuo,,19.37125749,2026-05-07,2026-05-07
2026-05-07,"PM| ABO | ENGAJ | EXPRESS | 04.05 | 711",SEMELHANTE,"ADS 00","Casa & Cia Centro",not_delivering,ad,161,171,1.0621118,"Clique de 7 dias ou visualização de 1 dia",,,2.48,,2026-05-04,Contínuo,1,14.50292398,2026-05-07,2026-05-07
2026-05-07,"PM| ABO | ENGAJ | EXPRESS | 04.05 | 111",SEMELHANTE,"ADS 00","Casa & Cia Centro",not_delivering,ad,156,162,1.03846154,"Clique de 7 dias ou visualização de 1 dia",,,2.8,,2026-05-04,Contínuo,,17.28395062,2026-05-07,2026-05-07
2026-05-07,"PM | ABO - VENDA | 07.05 | N° 111",FRIO,"ADS 00","Casa & Cia Centro",not_delivering,ad,343,358,1.04373178,"Clique de 7 dias ou visualização de 1 dia","Conversas por mensagem iniciadas",1,5.09,5.09,2026-05-07,Contínuo,1,14.21787709,2026-05-07,2026-05-07
2026-05-07,"PM | ABO - VENDA | 07.05 | N° 711",FRIO,"ADS 00","Casa & Cia Centro",not_delivering,ad,403,426,1.05707196,"Clique de 7 dias ou visualização de 1 dia",,,5.27,,2026-05-07,Contínuo,,12.37089202,2026-05-07,2026-05-07
2026-05-07,"PM| ABO | ENGAJ | EXPRESS | 04.05 | 711","FRIO — NOVO CRIATIVO","ADS 00","Casa & Cia Centro",not_delivering,ad,329,356,1.08206687,"Clique de 7 dias ou visualização de 1 dia",,,4.94,,2026-05-06,Contínuo,2,13.87640449,2026-05-07,2026-05-07
2026-05-07,"PM | ABO - VENDA | 07.05 | N° 711",FRIO,"ADS 00","Casa & Cia Centro",not_delivering,ad,337,361,1.07121662,"Clique de 7 dias ou visualização de 1 dia",,,5.31,,2026-05-07,Contínuo,1,14.70914127,2026-05-07,2026-05-07
2026-05-07,"PM | ABO - VENDA | 07.05 | N° 711",FRIO,"ADS 00","Casa & Cia Centro",not_delivering,ad,305,332,1.08852459,"Clique de 7 dias ou visualização de 1 dia",,,6.6,,2026-05-07,Contínuo,3,19.87951807,2026-05-07,2026-05-07
2026-05-07,"PM | ABO - VENDA | 07.05 | N° 711",FRIO,"ADS 00","Casa & Cia Centro",not_delivering,ad,342,359,1.0497076,"Clique de 7 dias ou visualização de 1 dia","Conversas por mensagem iniciadas",1,5.45,5.45,2026-05-07,Contínuo,3,15.1810585,2026-05-07,2026-05-07
2026-05-07,"PM| ABO | ENGAJ | EXPRESS | 04.05 | 711",FRIO,"ADS 00","Casa & Cia Centro",not_delivering,ad,108,113,1.0462963,"Clique de 7 dias ou visualização de 1 dia",,,2.26,,2026-05-04,Contínuo,,20,2026-05-07,2026-05-07
2026-05-07,"PM | ABO - VENDA | 07.05 | N° 711",FRIO,"ADS 00","Casa & Cia Centro",not_delivering,ad,316,338,1.06962025,"Clique de 7 dias ou visualização de 1 dia",,,5.08,,2026-05-07,Contínuo,1,15.0295858,2026-05-07,2026-05-07
2026-05-07,"PM | ABO - VENDA | 07.05 | N° 111","FRIO — Cópia","ADS 00","Casa & Cia Centro",not_delivering,ad,226,260,1.15044248,"Clique de 7 dias ou visualização de 1 dia","Conversas por mensagem iniciadas",1,3.54,3.54,2026-05-07,Contínuo,1,13.61538462,2026-05-07,2026-05-07
2026-05-07,"PM | ABO - VENDA | 07.05 | N° 111",FRIO,"ADS 00","Casa & Cia Centro",not_delivering,ad,314,331,1.05414013,"Clique de 7 dias ou visualização de 1 dia",,,5.45,,2026-05-07,Contínuo,1,16.4652568,2026-05-07,2026-05-07
2026-05-06,"PM | ABO | ENGAJ - VALIDA+NOVO CRIATIVO | 05.05","SEMELHANTE seguidores — NOVO CRIATIVO 002","ADS 011 — Cópia","Casa & Cia Centro",not_delivering,ad,322,361,1.12111801,"Clique de 7 dias ou visualização de 1 dia",,,5.47,,2026-05-05,Contínuo,5,15.15235457,2026-05-06,2026-05-06
2026-05-06,"PM | ABO | TRAFEGO | 16.04","ABERTO - CXS","ADS 002","Casa & Cia Centro",not_delivering,ad,744,790,1.06182796,"Clique de 1 dia","Visitas ao perfil do Instagram",8,4.32,0.54,2026-04-16,Contínuo,9,5.46835443,2026-05-06,2026-05-06
2026-05-06,"PM | ABO | ENGAJ | TEST - PUB | 25.04","SEMELHANTE — Cópia — Cópia","ADS 011 — Cópia","Casa & Cia Centro",not_delivering,ad,111,114,1.02702703,"Clique de 7 dias ou visualização de 1 dia",,,2.81,,2026-04-25,Contínuo,1,24.64912281,2026-05-06,2026-05-06
2026-05-06,"PM | ABO | ENGAJ - VALIDA+NOVO CRIATIVO | 05.05","SEMELHANTE — NOVO CRIATIVO 002","ADS 011 — Cópia","Casa & Cia Centro",not_delivering,ad,246,291,1.18292683,"Clique de 7 dias ou visualização de 1 dia",,,5.18,,2026-05-05,Contínuo,3,17.80068729,2026-05-06,2026-05-06
2026-05-06,"PM | ABO | ENGAJ | EXPRESS | 06.05 |  111","SEMELHANTE seguidores","ADS 011 — Cópia","Casa & Cia Centro",not_delivering,ad,313,350,1.11821086,"Clique de 7 dias ou visualização de 1 dia",,,6.85,,2026-05-06,Contínuo,,19.57142857,2026-05-06,2026-05-06
2026-05-06,"PM| ABO | ENGAJ | EXPRESS | 04.05 | 111","MIX QUENTE","ADS 00","Casa & Cia Centro",not_delivering,ad,261,282,1.08045977,"Clique de 7 dias ou visualização de 1 dia",,,7.56,,2026-05-04,Contínuo,1,26.80851064,2026-05-06,2026-05-06
2026-05-06,"PM | ABO | ENGAJ - VALIDA+NOVO CRIATIVO | 05.05","SEMELHANTE seguidores — NOVO CRIATIVO 001","ADS 011 — Cópia","Casa & Cia Centro",not_delivering,ad,212,251,1.18396226,"Clique de 7 dias ou visualização de 1 dia",,,7.17,,2026-05-05,Contínuo,1,28.56573705,2026-05-06,2026-05-06
2026-05-06,"PM | ABO | ENGAJ - VALIDA+NOVO CRIATIVO | 05.05","SEMELHANTE — NOVO CRIATIVO 001","ADS 011 — Cópia","Casa & Cia Centro",not_delivering,ad,291,317,1.08934708,"Clique de 7 dias ou visualização de 1 dia",,,5.37,,2026-05-05,Contínuo,,16.94006309,2026-05-06,2026-05-06
2026-05-06,"PM| ABO | ENGAJ | EXPRESS | 04.05 | 711","MIX QUENTE","ADS 00","Casa & Cia Centro",not_delivering,ad,75,76,1.01333333,"Clique de 7 dias ou visualização de 1 dia",,,2.21,,2026-05-04,Contínuo,,29.07894737,2026-05-06,2026-05-06
2026-05-06,"PM| ABO | ENGAJ | EXPRESS | 04.05 | 111",FRIO,"ADS 00","Casa & Cia Centro",not_delivering,ad,199,226,1.13567839,"Clique de 7 dias ou visualização de 1 dia",,,5.57,,2026-05-04,Contínuo,,24.6460177,2026-05-06,2026-05-06
2026-05-06,"PM | ABO | ENGAJ | EXPRESS | 06.05 |  111","SEMELHANTE seguidores","ADS 011 — Cópia","Casa & Cia Centro",not_delivering,ad,516,595,1.15310078,"Clique de 7 dias ou visualização de 1 dia",,,7.17,,2026-05-06,Contínuo,1,12.05042017,2026-05-06,2026-05-06
2026-05-06,"PM | ABO | ENGAJ | EXPRESS | 06.05 |  111","SEMELHANTE seguidores","ADS 011 — Cópia","Casa & Cia Centro",not_delivering,ad,403,466,1.15632754,"Clique de 7 dias ou visualização de 1 dia",,,7.97,,2026-05-06,Contínuo,2,17.10300429,2026-05-06,2026-05-06
2026-05-06,"PM| ABO | ENGAJ | EXPRESS | 04.05 | 711",SEMELHANTE,"ADS 00","Casa & Cia Centro",not_delivering,ad,252,278,1.1031746,"Clique de 7 dias ou visualização de 1 dia","Conversas por mensagem iniciadas",2,10.64,5.32,2026-05-04,Contínuo,3,38.27338129,2026-05-06,2026-05-06
2026-05-06,"PM| ABO | ENGAJ | EXPRESS | 04.05 | 711",FRIO,"ADS 00","Casa & Cia Centro",not_delivering,ad,215,237,1.10232558,"Clique de 7 dias ou visualização de 1 dia","Conversas por mensagem iniciadas",2,6.47,3.235,2026-05-04,Contínuo,5,27.29957806,2026-05-06,2026-05-06
2026-05-06,"PM | ABO | ENGAJ | VALIDADOS | 14.04 | EXPRESS  - 711",SEMELHANTE,"ADS 011 — Cópia","Casa & Cia Centro",not_delivering,ad,110,119,1.08181818,"Clique de 7 dias ou visualização de 1 dia",,,4.42,,2026-04-14,Contínuo,,37.14285714,2026-05-06,2026-05-06
2026-05-06,"PM | ABO | ENGAJ | EPRESS| 06.05 |  711","SEMELHANTE seguidores","ADS 011 — Cópia","Casa & Cia Centro",not_delivering,ad,267,302,1.13108614,"Clique de 7 dias ou visualização de 1 dia",,,7.07,,2026-05-06,Contínuo,,23.41059603,2026-05-06,2026-05-06
2026-05-06,"PM| ABO | ENGAJ | EXPRESS | 04.05 | 711","FRIO — NOVO CRIATIVO","ADS 00","Casa & Cia Centro",not_delivering,ad,11,11,1,"Clique de 7 dias ou visualização de 1 dia",,,0.07,,2026-05-06,Contínuo,,6.36363636,2026-05-06,2026-05-06
2026-05-06,"PM | ABO | ENGAJ | EXPRESS | 06.05 |  111","SEMELHANTE seguidores","ADS 011 — Cópia","Casa & Cia Centro",not_delivering,ad,426,488,1.14553991,"Clique de 7 dias ou visualização de 1 dia",,,9.96,,2026-05-06,Contínuo,5,20.40983607,2026-05-06,2026-05-06
2026-05-06,"PM | ABO | ENGAJ - VALIDA+NOVO CRIATIVO | 05.05","SEMELHANTE seguidores — Cópia","ADS 011 — Cópia","Casa & Cia Centro",not_delivering,ad,179,200,1.11731844,"Clique de 7 dias ou visualização de 1 dia",,,6.49,,2026-05-05,Contínuo,,32.45,2026-05-06,2026-05-06
2026-05-06,"PM | ABO | ENGAJ - VALIDA+NOVO CRIATIVO | 05.05","SEMELHANTE — NOVO CRIATIVO 003","ADS 011 — Cópia","Casa & Cia Centro",not_delivering,ad,281,314,1.11743772,"Clique de 7 dias ou visualização de 1 dia",,,6.27,,2026-05-05,Contínuo,5,19.96815287,2026-05-06,2026-05-06
2026-05-06,"PM | ABO | ENGAJ | EPRESS| 06.05 |  711","SEMELHANTE seguidores","ADS 011 — Cópia","Casa & Cia Centro",not_delivering,ad,475,543,1.14315789,"Clique de 7 dias ou visualização de 1 dia",,,8.66,,2026-05-06,Contínuo,1,15.94843462,2026-05-06,2026-05-06
2026-05-06,"PM | ABO | ENGAJ - VALIDA+NOVO CRIATIVO | 05.05","SEMELHANTE seguidores — NOVO CRIATIVO 002","ADS 011 — Cópia","Casa & Cia Centro",not_delivering,ad,260,294,1.13076923,"Clique de 7 dias ou visualização de 1 dia",,,7.12,,2026-05-05,Contínuo,1,24.21768707,2026-05-06,2026-05-06
2026-05-06,"PM| ABO | ENGAJ | EXPRESS | 04.05 | 111",SEMELHANTE,"ADS 00","Casa & Cia Centro",not_delivering,ad,250,275,1.1,"Clique de 7 dias ou visualização de 1 dia","Conversas por mensagem iniciadas",1,8.38,8.38,2026-05-04,Contínuo,1,30.47272727,2026-05-06,2026-05-06
2026-05-06,"PM | ABO | ENGAJ | VALIDADOS | 14.04 |  711","SEMELHANTE seguidores","ADS 011 — Cópia","Casa & Cia Centro",not_delivering,ad,150,174,1.16,"Clique de 7 dias ou visualização de 1 dia",,,8.11,,2026-04-14,Contínuo,,46.6091954,2026-05-06,2026-05-06
2026-05-06,"PM | ABO | ENGAJ | EPRESS| 06.05 |  711","SEMELHANTE seguidores","ADS 011 — Cópia","Casa & Cia Centro",not_delivering,ad,448,521,1.16294643,"Clique de 7 dias ou visualização de 1 dia",,,7.1,,2026-05-06,Contínuo,3,13.62763916,2026-05-06,2026-05-06
2026-05-06,"PM | ABO | ENGAJ - VALIDA+NOVO CRIATIVO | 05.05",SEMELHANTE,"ADS 011 — Cópia","Casa & Cia Centro",not_delivering,ad,147,173,1.17687075,"Clique de 7 dias ou visualização de 1 dia",,,7.7,,2026-05-05,Contínuo,2,44.50867052,2026-05-06,2026-05-06
2026-05-06,"PM | ABO | ENGAJ | EPRESS| 06.05 |  711","SEMELHANTE seguidores","ADS 011 — Cópia","Casa & Cia Centro",not_delivering,ad,342,402,1.1754386,"Clique de 7 dias ou visualização de 1 dia",,,8.43,,2026-05-06,Contínuo,3,20.97014925,2026-05-06,2026-05-06
2026-05-06,"PM | ABO | ENGAJ | VALIDADOS | 14.04 | EXPRESS  - 711","SEMELHANTE — Cópia","ADS 011 — Cópia","Casa & Cia Centro",not_delivering,ad,87,92,1.05747126,"Clique de 7 dias ou visualização de 1 dia",,,3.13,,2026-05-05,Contínuo,,34.02173913,2026-05-06,2026-05-06
2026-05-05,"PM| ABO | ENGAJ | EXPRESS | 04.05 | 111",SEMELHANTE,"ADS 00","Casa & Cia Centro",not_delivering,ad,511,565,1.10567515,"Clique de 7 dias ou visualização de 1 dia","Conversas por mensagem iniciadas",1,13.44,13.44,2026-05-04,Contínuo,1,23.78761062,2026-05-05,2026-05-05
2026-05-05,"PM | ABO | ENGAJ - VALIDA+NOVO CRIATIVO | 05.05","SEMELHANTE seguidores — NOVO CRIATIVO 002","ADS 011 — Cópia","Casa & Cia Centro",not_delivering,ad,826,887,1.07384988,"Clique de 7 dias ou visualização de 1 dia",,,11.1,,2026-05-05,Contínuo,3,12.51409245,2026-05-05,2026-05-05
2026-05-05,"PM | ABO | TRAFEGO | 16.04","ABERTO - CXS","ADS 002","Casa & Cia Centro",not_delivering,ad,959,996,1.03858186,"Clique de 1 dia","Visitas ao perfil do Instagram",15,5.89,0.39266667,2026-04-16,Contínuo,14,5.91365462,2026-05-05,2026-05-05
2026-05-05,"PM | ABO | ENGAJ | VALIDADOS | 14.04 | EXPRESS  - 711","SEMELHANTE — Cópia","ADS 011 — Cópia","Casa & Cia Centro",not_delivering,ad,403,418,1.03722084,"Clique de 7 dias ou visualização de 1 dia",,,5.09,,2026-05-05,Contínuo,2,12.17703349,2026-05-05,2026-05-05
2026-05-05,"PM | ABO | ENGAJ - VALIDA+NOVO CRIATIVO | 05.05","SEMELHANTE — NOVO CRIATIVO 001","ADS 011 — Cópia","Casa & Cia Centro",not_delivering,ad,807,907,1.12391574,"Clique de 7 dias ou visualização de 1 dia",,,10.25,,2026-05-05,Contínuo,2,11.30099228,2026-05-05,2026-05-05
2026-05-05,"PM| ABO | ENGAJ | EXPRESS | 04.05 | 711","MIX QUENTE","ADS 00","Casa & Cia Centro",not_delivering,ad,471,535,1.1358811,"Clique de 7 dias ou visualização de 1 dia",,,14.06,,2026-05-04,Contínuo,1,26.28037383,2026-05-05,2026-05-05
2026-05-05,"PM| ABO | ENGAJ | EXPRESS | 04.05 | 111","MIX QUENTE","ADS 00","Casa & Cia Centro",not_delivering,ad,479,525,1.0960334,"Clique de 7 dias ou visualização de 1 dia","Conversas por mensagem iniciadas",1,12.11,12.11,2026-05-04,Contínuo,4,23.06666667,2026-05-05,2026-05-05
2026-05-05,"PM | ABO | ENGAJ - VALIDA+NOVO CRIATIVO | 05.05","SEMELHANTE — NOVO CRIATIVO 002","ADS 011 — Cópia","Casa & Cia Centro",not_delivering,ad,662,739,1.1163142,"Clique de 7 dias ou visualização de 1 dia",,,9.92,,2026-05-05,Contínuo,2,13.42354533,2026-05-05,2026-05-05
2026-05-05,"PM | ABO | ENGAJ | TEST - PUB | 25.04","SEMELHANTE — Cópia — Cópia","ADS 011 — Cópia","Casa & Cia Centro",not_delivering,ad,951,1078,1.13354364,"Clique de 7 dias ou visualização de 1 dia",,,12.18,,2026-04-25,Contínuo,1,11.2987013,2026-05-05,2026-05-05
2026-05-05,"PM | ABO | ENGAJ - VALIDA+NOVO CRIATIVO | 05.05",SEMELHANTE,"ADS 011 — Cópia","Casa & Cia Centro",not_delivering,ad,588,626,1.06462585,"Clique de 7 dias ou visualização de 1 dia",,,8.94,,2026-05-05,Contínuo,1,14.28115016,2026-05-05,2026-05-05
2026-05-05,"PM | ABO | ENGAJ - VALIDA+NOVO CRIATIVO | 05.05","SEMELHANTE seguidores — NOVO CRIATIVO 001","ADS 011 — Cópia","Casa & Cia Centro",not_delivering,ad,676,706,1.0443787,"Clique de 7 dias ou visualização de 1 dia",,,10.07,,2026-05-05,Contínuo,,14.26345609,2026-05-05,2026-05-05
2026-05-05,"PM| ABO | ENGAJ | EXPRESS | 04.05 | 711",FRIO,"ADS 00","Casa & Cia Centro",not_delivering,ad,550,679,1.23454545,"Clique de 7 dias ou visualização de 1 dia","Conversas por mensagem iniciadas",2,17.79,8.895,2026-05-04,Contínuo,3,26.20029455,2026-05-05,2026-05-05
2026-05-05,"PM | ABO | ENGAJ | VALIDADOS | 14.04 | EXPRESS  - 711",SEMELHANTE,"ADS 011 — Cópia","Casa & Cia Centro",not_delivering,ad,744,811,1.09005376,"Clique de 7 dias ou visualização de 1 dia","Conversas por mensagem iniciadas",1,10.35,10.35,2026-04-14,Contínuo,4,12.76202219,2026-05-05,2026-05-05
2026-05-05,"PM | ABO | ENGAJ | VALIDADOS | 04.05 |  711","SEMELHANTE seguidores","ADS 011 — Cópia","Casa & Cia Centro",not_delivering,ad,344,400,1.1627907,"Clique de 7 dias ou visualização de 1 dia",,,8.77,,2026-05-04,Contínuo,3,21.925,2026-05-05,2026-05-05
2026-05-05,"PM | ABO | ENGAJ - VALIDA+NOVO CRIATIVO | 05.05","SEMELHANTE — NOVO CRIATIVO 003","ADS 011 — Cópia","Casa & Cia Centro",not_delivering,ad,635,711,1.11968504,"Clique de 7 dias ou visualização de 1 dia",,,10.19,,2026-05-05,Contínuo,2,14.33192686,2026-05-05,2026-05-05
2026-05-05,"PM | ABO | ENGAJ - VALIDA+NOVO CRIATIVO | 05.05","SEMELHANTE seguidores — NOVO CRIATIVO 002","ADS 011 — Cópia","Casa & Cia Centro",not_delivering,ad,567,587,1.03527337,"Clique de 7 dias ou visualização de 1 dia",,,10.15,,2026-05-05,Contínuo,5,17.29131175,2026-05-05,2026-05-05
2026-05-05,"PM| ABO | ENGAJ | EXPRESS | 04.05 | 711",SEMELHANTE,"ADS 00","Casa & Cia Centro",not_delivering,ad,470,519,1.10425532,"Clique de 7 dias ou visualização de 1 dia",,,11.61,,2026-05-04,Contínuo,,22.3699422,2026-05-05,2026-05-05
2026-05-05,"PM | ABO | ENGAJ - VALIDA+NOVO CRIATIVO | 05.05","SEMELHANTE seguidores — Cópia","ADS 011 — Cópia","Casa & Cia Centro",not_delivering,ad,518,540,1.04247104,"Clique de 7 dias ou visualização de 1 dia",,,7.63,,2026-05-05,Contínuo,,14.12962963,2026-05-05,2026-05-05
2026-05-05,"PM | ABO | ENGAJ | VALIDADOS | 14.04 |  711","SEMELHANTE seguidores","ADS 011 — Cópia","Casa & Cia Centro",not_delivering,ad,876,1155,1.31849315,"Clique de 7 dias ou visualização de 1 dia","Conversas por mensagem iniciadas",1,21.15,21.15,2026-04-14,Contínuo,2,18.31168831,2026-05-05,2026-05-05
2026-05-05,"PM| ABO | ENGAJ | EXPRESS | 04.05 | 111",FRIO,"ADS 00","Casa & Cia Centro",not_delivering,ad,563,649,1.15275311,"Clique de 7 dias ou visualização de 1 dia","Conversas por mensagem iniciadas",1,17.47,17.47,2026-05-04,Contínuo,3,26.9183359,2026-05-05,2026-05-05
2026-05-04,"PM | CBO | ENGAJ | 30.04","SEMELHANTE seguidores — Cópia","ADS 011 — Cópia","Casa & Cia Centro",not_delivering,ad,98,104,1.06122449,"Clique de 7 dias ou visualização de 1 dia",,,1.74,,2026-04-30,Contínuo,1,16.73076923,2026-05-04,2026-05-04
2026-05-04,"PM| ABO | ENGAJ | EXPRESS | 04.05 | 711","MIX QUENTE","ADS 00","Casa & Cia Centro",not_delivering,ad,380,413,1.08684211,"Clique de 7 dias ou visualização de 1 dia",,,5.15,,2026-05-04,Contínuo,1,12.46973366,2026-05-04,2026-05-04
2026-05-04,"PM | ABO | ENGAJ | TEST - PUB | 25.04","SEMELHANTE — Cópia — Cópia","ADS 011 — Cópia","Casa & Cia Centro",not_delivering,ad,925,1055,1.14054054,"Clique de 7 dias ou visualização de 1 dia","Conversas por mensagem iniciadas",1,9.14,9.14,2026-04-25,Contínuo,4,8.66350711,2026-05-04,2026-05-04
2026-05-04,"PM| ABO | ENGAJ | EXPRESS | 04.05 | 111","MIX QUENTE","ADS 00","Casa & Cia Centro",not_delivering,ad,353,382,1.08215297,"Clique de 7 dias ou visualização de 1 dia","Conversas por mensagem iniciadas",1,5.3,5.3,2026-05-04,Contínuo,1,13.87434555,2026-05-04,2026-05-04
2026-05-04,"PM | ABO | TRAFEGO | 16.04","ABERTO - CXS","ADS 002","Casa & Cia Centro",not_delivering,ad,1438,1564,1.0876217,"Clique de 1 dia","Visitas ao perfil do Instagram",30,10.38,0.346,2026-04-16,Contínuo,27,6.63682864,2026-05-04,2026-05-04
2026-05-04,"PM| ABO | ENGAJ | EXPRESS | 04.05 | 711",FRIO,"ADS 00","Casa & Cia Centro",not_delivering,ad,81,83,1.02469136,"Clique de 7 dias ou visualização de 1 dia",,,1.19,,2026-05-04,Contínuo,,14.3373494,2026-05-04,2026-05-04
2026-05-04,"PM | ABO | ENGAJ | TEST - PUB | 25.04","SEMELHANTE — Cópia — Cópia","ADS 011 — Cópia","Casa & Cia Centro",not_delivering,ad,71,76,1.07042254,"Clique de 7 dias ou visualização de 1 dia",,,0.57,,2026-04-25,Contínuo,,7.5,2026-05-04,2026-05-04
2026-05-04,"PM| ABO | ENGAJ | EXPRESS | 04.05 | 111",FRIO,"ADS 00","Casa & Cia Centro",not_delivering,ad,87,97,1.11494253,"Clique de 7 dias ou visualização de 1 dia","Conversas por mensagem iniciadas",1,2.18,2.18,2026-05-04,Contínuo,1,22.4742268,2026-05-04,2026-05-04
2026-05-04,"PM | ABO | ENGAJ | VALIDADOS | 14.04 |  711","SEMELHANTE seguidores","ADS 011 — Cópia","Casa & Cia Centro",not_delivering,ad,1129,1490,1.31975199,"Clique de 7 dias ou visualização de 1 dia","Conversas por mensagem iniciadas",2,22.63,11.315,2026-04-14,Contínuo,4,15.18791946,2026-05-04,2026-05-04
2026-05-04,"PM | ABO | ENGAJ | VALIDADOS | 14.04 | EXPRESS  - 711",SEMELHANTE,"ADS 011 — Cópia","Casa & Cia Centro",not_delivering,ad,872,983,1.12729358,"Clique de 7 dias ou visualização de 1 dia",,,10.68,,2026-04-14,Contínuo,1,10.8646999,2026-05-04,2026-05-04
2026-05-04,"PM | ABO | ENGAJ | VALIDADOS | 04.05 |  711","SEMELHANTE seguidores","ADS 011 — Cópia","Casa & Cia Centro",not_delivering,ad,1114,1280,1.14901257,"Clique de 7 dias ou visualização de 1 dia",,,24.05,,2026-05-04,Contínuo,5,18.7890625,2026-05-04,2026-05-04
2026-05-04,"PM| ABO | ENGAJ | EXPRESS | 04.05 | 111",SEMELHANTE,"ADS 00","Casa & Cia Centro",not_delivering,ad,74,78,1.05405405,"Clique de 7 dias ou visualização de 1 dia",,,1.08,,2026-05-04,Contínuo,,13.84615385,2026-05-04,2026-05-04
2026-05-04,"PM| ABO | ENGAJ | EXPRESS | 04.05 | 711",SEMELHANTE,"ADS 00","Casa & Cia Centro",not_delivering,ad,87,94,1.08045977,"Clique de 7 dias ou visualização de 1 dia",,,1.24,,2026-05-04,Contínuo,,13.19148936,2026-05-04,2026-05-04
2026-05-03,"PM | ABO | ENGAJ | TEST - PUB | 25.04","SEMELHANTE — Cópia — Cópia","ADS 011 — Cópia","Casa & Cia Centro",not_delivering,ad,795,918,1.15471698,"Clique de 7 dias ou visualização de 1 dia","Conversas por mensagem iniciadas",1,7.63,7.63,2026-04-25,Contínuo,2,8.31154684,2026-05-03,2026-05-03
2026-05-03,"PM | ABO | ENGAJ | TEST - PUB | 25.04","SEMELHANTE — Cópia — Cópia","ADS 011 — Cópia","Casa & Cia Centro",not_delivering,ad,762,854,1.12073491,"Clique de 7 dias ou visualização de 1 dia",,,7.91,,2026-04-25,Contínuo,7,9.26229508,2026-05-03,2026-05-03
2026-05-03,"PM | ABO | ENGAJ | VALIDADOS | 14.04 |  711","SEMELHANTE seguidores","ADS 011 — Cópia","Casa & Cia Centro",not_delivering,ad,1028,1217,1.18385214,"Clique de 7 dias ou visualização de 1 dia",,,15.84,,2026-04-14,Contínuo,8,13.01561216,2026-05-03,2026-05-03
2026-05-03,"PM | ABO | ENGAJ | VALIDADOS | 14.04 | EXPRESS  - 711",SEMELHANTE,"ADS 011 — Cópia","Casa & Cia Centro",not_delivering,ad,788,859,1.09010152,"Clique de 7 dias ou visualização de 1 dia","Conversas por mensagem iniciadas",1,8.33,8.33,2026-04-14,Contínuo,3,9.69732247,2026-05-03,2026-05-03
2026-05-03,"PM | ABO | TRAFEGO | 16.04","ABERTO - CXS","ADS 002","Casa & Cia Centro",not_delivering,ad,1702,1910,1.12220917,"Clique de 1 dia","Visitas ao perfil do Instagram",31,10.88,0.35096774,2026-04-16,Contínuo,33,5.69633508,2026-05-03,2026-05-03
2026-05-03,"PM | CBO | ENGAJ | 30.04","SEMELHANTE seguidores — Cópia","ADS 011 — Cópia","Casa & Cia Centro",not_delivering,ad,747,927,1.24096386,"Clique de 7 dias ou visualização de 1 dia",,,15.12,,2026-04-30,Contínuo,5,16.31067961,2026-05-03,2026-05-03
2026-05-02,"PM | ABO | TRAFEGO | 16.04","ABERTO - CXS","ADS 002","Casa & Cia Centro",not_delivering,ad,1266,1388,1.09636651,"Clique de 1 dia","Visitas ao perfil do Instagram",31,9.5,0.30645161,2026-04-16,Contínuo,30,6.8443804,2026-05-02,2026-05-02
2026-05-02,"PM | ABO | ENGAJ | VALIDADOS | 14.04 |  711","SEMELHANTE seguidores","ADS 011 — Cópia","Casa & Cia Centro",not_delivering,ad,682,846,1.24046921,"Clique de 7 dias ou visualização de 1 dia","Conversas por mensagem iniciadas",3,11.13,3.71,2026-04-14,Contínuo,7,13.15602837,2026-05-02,2026-05-02
2026-05-02,"PM | ABO | ENGAJ | TEST - PUB | 25.04","SEMELHANTE — Cópia — Cópia","ADS 011 — Cópia","Casa & Cia Centro",not_delivering,ad,681,781,1.14684288,"Clique de 7 dias ou visualização de 1 dia",,,5.89,,2026-04-25,Contínuo,1,7.54161332,2026-05-02,2026-05-02
2026-05-02,"PM | ABO | ENGAJ | TEST - PUB | 25.04","SEMELHANTE — Cópia — Cópia","ADS 011 — Cópia","Casa & Cia Centro",not_delivering,ad,662,734,1.10876133,"Clique de 7 dias ou visualização de 1 dia","Conversas por mensagem iniciadas",1,6.42,6.42,2026-04-25,Contínuo,6,8.74659401,2026-05-02,2026-05-02
2026-05-02,"PM | ABO | ENGAJ | VALIDADOS | 14.04 | EXPRESS  - 711",SEMELHANTE,"ADS 011 — Cópia","Casa & Cia Centro",not_delivering,ad,727,805,1.10729023,"Clique de 7 dias ou visualização de 1 dia",,,7.28,,2026-04-14,Contínuo,2,9.04347826,2026-05-02,2026-05-02
2026-05-02,"PM | CBO | ENGAJ | 30.04","SEMELHANTE seguidores — Cópia","ADS 011 — Cópia","Casa & Cia Centro",not_delivering,ad,746,937,1.25603217,"Clique de 7 dias ou visualização de 1 dia",,,14.84,,2026-04-30,Contínuo,4,15.83778015,2026-05-02,2026-05-02
2026-05-01,"PM | ABO | ENGAJ | TEST - PUB | 25.04","SEMELHANTE — Cópia — Cópia","ADS 011 — Cópia","Casa & Cia Centro",not_delivering,ad,920,1036,1.12608696,"Clique de 7 dias ou visualização de 1 dia","Conversas por mensagem iniciadas",1,8.98,8.98,2026-04-25,Contínuo,2,8.66795367,2026-05-01,2026-05-01
2026-05-01,"PM | CBO | ENGAJ | 30.04","SEMELHANTE seguidores — Cópia","ADS 011 — Cópia","Casa & Cia Centro",not_delivering,ad,1031,1185,1.14936954,"Clique de 7 dias ou visualização de 1 dia",,,15.47,,2026-04-30,Contínuo,9,13.05485232,2026-05-01,2026-05-01
2026-05-01,"PM | ABO | ENGAJ | TEST - PUB | 25.04","SEMELHANTE — Cópia — Cópia","ADS 011 — Cópia","Casa & Cia Centro",not_delivering,ad,1066,1175,1.10225141,"Clique de 7 dias ou visualização de 1 dia",,,9.52,,2026-04-25,Contínuo,3,8.10212766,2026-05-01,2026-05-01
2026-05-01,"PM | ABO | ENGAJ | VALIDADOS | 14.04 |  711","SEMELHANTE seguidores","ADS 011 — Cópia","Casa & Cia Centro",not_delivering,ad,1184,1426,1.20439189,"Clique de 7 dias ou visualização de 1 dia","Conversas por mensagem iniciadas",2,16.4,8.2,2026-04-14,Contínuo,10,11.50070126,2026-05-01,2026-05-01
2026-05-01,"PM | ABO | ENGAJ | VALIDADOS | 14.04 | EXPRESS  - 711",SEMELHANTE,"ADS 011 — Cópia","Casa & Cia Centro",not_delivering,ad,1031,1158,1.12318138,"Clique de 7 dias ou visualização de 1 dia","Conversas por mensagem iniciadas",1,8.96,8.96,2026-04-14,Contínuo,4,7.73747841,2026-05-01,2026-05-01
2026-05-01,"PM | ABO | TRAFEGO | 16.04","ABERTO - CXS","ADS 002","Casa & Cia Centro",not_delivering,ad,1865,1971,1.05683646,"Clique de 1 dia","Visitas ao perfil do Instagram",26,11.85,0.45576923,2026-04-16,Contínuo,26,6.01217656,2026-05-01,2026-05-01
