Dia,"Nome da campanha","Nome do conjunto de anúncios","Nome do anúncio","Nome da Página","Status de veiculação","Nível de veiculação",Alcance,Impressões,Frequência,"Configuração de atribuição","Tipo de resultado",Resultados,"Valor usado (BRL)","Custo por resultado",Início,Término,"Cliques no link","CPM (custo por 1.000 impressões)","Início dos relatórios","Encerramento dos relatórios"
2026-03-31,JV/PM/ABO/ENGAJAMENTO/25.03,"B — Cópia",B,"Casa & Cia Centro",not_delivering,ad,97,103,1.06185567,"Clique de 7 dias ou visualização de 1 dia",,,3.27,,2026-03-31,Contínuo,,31.74757282,2026-03-31,2026-03-31
2026-03-31,"PM | ABO | ENGAJ | TEST.PUB | 30.03",VIAJANTES,B,"Casa & Cia Centro",not_delivering,ad,607,733,1.20757825,"Clique de 7 dias ou visualização de 1 dia",,,11.69,,2026-03-30,Contínuo,1,15.94815825,2026-03-31,2026-03-31
2026-03-31,JV/PM/ABO/ENGAJAMENTO/25.03,C,C,"Casa & Cia Centro",not_delivering,ad,353,394,1.11614731,"Clique de 7 dias ou visualização de 1 dia",,,4.85,,2026-03-25,Contínuo,3,12.30964467,2026-03-31,2026-03-31
2026-03-31,"6X AV EM TODA LOJA - CENTRO Campanha","6X AV EM TODA LOJA - CENTRO Conjunto de anúncios","6X AV EM TODA LOJA - CENTRO","Casa & Cia Centro",not_delivering,ad,6316,7026,1.11241292,"Clique de 7 dias ou visualização de 1 dia","Cliques no link",155,31.84,0.20541935,2026-03-24,2026-03-31,155,4.53173925,2026-03-31,2026-03-31
2026-03-31,"6X AV EM TODA LOJA - PREMIUM","6X AV EM TODA LOJA - PREMIUM","6X AV EM TODA LOJA - PREMIUM","Casa e Cia",not_delivering,ad,26784,27709,1.03453554,"Clique de 7 dias ou visualização de 1 dia",Alcance,26784,33.09,1.23543907,2026-03-25,2026-03-31,6,1.19419683,2026-03-31,2026-03-31
2026-03-31,"VISITAS AO PERFIL - 06/03 - HA - 25,00 - FASE 1",ABERTO,A3,"Casa & Cia Centro",not_delivering,ad,850,895,1.05294118,"Clique de 1 dia","Visitas ao perfil do Instagram",11,6.21,0.56454545,2026-03-06,Contínuo,8,6.93854749,2026-03-31,2026-03-31
2026-03-31,"VISITAS AO PERFIL - 06/03 - HA - 25,00 - FASE 1","ABERTO — Cópia",A3,"Casa & Cia Centro",not_delivering,ad,636,669,1.05188679,"Clique de 1 dia","Visitas ao perfil do Instagram",12,6.23,0.51916667,2026-03-26,Contínuo,13,9.31240658,2026-03-31,2026-03-31
2026-03-31,"VISITAS AO PERFIL - 06/03 - HA - 25,00 - FASE 1","ABERTO — Cópia",A3,"Casa & Cia Centro",not_delivering,ad,551,555,1.00725953,"Clique de 1 dia","Visitas ao perfil do Instagram",9,4.65,0.51666667,2026-03-26,Contínuo,8,8.37837838,2026-03-31,2026-03-31
2026-03-31,JV/PM/ABO/ENGAJAMENTO/25.03,B,B,"Casa & Cia Centro",not_delivering,ad,907,1117,1.23153252,"Clique de 7 dias ou visualização de 1 dia","Conversas por mensagem iniciadas",3,18.54,6.18,2026-03-25,Contínuo,2,16.59803044,2026-03-31,2026-03-31
2026-03-30,"VISITAS AO PERFIL - 06/03 - HA - 25,00 - FASE 1",ABERTO,A3,"Casa & Cia Centro",not_delivering,ad,826,859,1.03995157,"Clique de 1 dia","Visitas ao perfil do Instagram",13,5.44,0.41846154,2026-03-06,Contínuo,8,6.33294529,2026-03-30,2026-03-30
2026-03-30,JV/PM/ABO/ENGAJAMENTO/25.03,B,B,"Casa & Cia Centro",not_delivering,ad,1200,1476,1.23,"Clique de 7 dias ou visualização de 1 dia","Conversas por mensagem iniciadas",2,11.52,5.76,2026-03-25,Contínuo,5,7.80487805,2026-03-30,2026-03-30
2026-03-30,"VISITAS AO PERFIL - 06/03 - HA - 25,00 - FASE 1","ABERTO — Cópia",A3,"Casa & Cia Centro",not_delivering,ad,681,709,1.04111601,"Clique de 1 dia","Visitas ao perfil do Instagram",14,4.4,0.31428571,2026-03-26,Contínuo,9,6.20592384,2026-03-30,2026-03-30
2026-03-30,"VISITAS AO PERFIL - 06/03 - HA - 25,00 - FASE 1","ABERTO — Cópia",A3,"Casa & Cia Centro",not_delivering,ad,1126,1182,1.04973357,"Clique de 1 dia","Visitas ao perfil do Instagram",24,7.86,0.3275,2026-03-26,Contínuo,23,6.64974619,2026-03-30,2026-03-30
2026-03-30,"PM | ABO | ENGAJ | TEST.PUB | 30.03",VIAJANTES,B,"Casa & Cia Centro",not_delivering,ad,1290,1459,1.13100775,"Clique de 7 dias ou visualização de 1 dia","Conversas por mensagem iniciadas",2,10.3,5.15,2026-03-30,Contínuo,5,7.05962988,2026-03-30,2026-03-30
2026-03-30,"6X AV EM TODA LOJA - PREMIUM","6X AV EM TODA LOJA - PREMIUM","6X AV EM TODA LOJA - PREMIUM","Casa e Cia",not_delivering,ad,41422,43893,1.05965429,"Clique de 7 dias ou visualização de 1 dia",Alcance,41422,49.84,1.20322534,2026-03-25,2026-03-31,4,1.13548857,2026-03-30,2026-03-30
2026-03-30,"6X AV EM TODA LOJA - CENTRO Campanha","6X AV EM TODA LOJA - CENTRO Conjunto de anúncios","6X AV EM TODA LOJA - CENTRO","Casa & Cia Centro",not_delivering,ad,10790,12812,1.18739574,"Clique de 7 dias ou visualização de 1 dia","Cliques no link",234,50.83,0.21722222,2026-03-24,2026-03-31,234,3.96737434,2026-03-30,2026-03-30
2026-03-30,JV/PM/ABO/ENGAJAMENTO/25.03,C,C,"Casa & Cia Centro",not_delivering,ad,429,542,1.26340326,"Clique de 7 dias ou visualização de 1 dia",,,6.93,,2026-03-25,Contínuo,2,12.78597786,2026-03-30,2026-03-30
2026-03-29,"VISITAS AO PERFIL - 06/03 - HA - 25,00 - FASE 1","ABERTO — Cópia",A3,"Casa & Cia Centro",not_delivering,ad,1478,1498,1.0135318,"Clique de 1 dia","Visitas ao perfil do Instagram",36,13,0.36111111,2026-03-26,Contínuo,37,8.67823765,2026-03-29,2026-03-29
2026-03-29,JV/PM/ABO/ENGAJAMENTO/25.03,B,B,"Casa & Cia Centro",not_delivering,ad,1039,1207,1.16169394,"Clique de 7 dias ou visualização de 1 dia","Conversas por mensagem iniciadas",1,11.62,11.62,2026-03-25,Contínuo,8,9.62717481,2026-03-29,2026-03-29
2026-03-29,"VISITAS AO PERFIL - 06/03 - HA - 25,00 - FASE 1","ABERTO — Cópia",A3,"Casa & Cia Centro",not_delivering,ad,953,974,1.02203568,"Clique de 1 dia","Visitas ao perfil do Instagram",23,7.99,0.3473913,2026-03-26,Contínuo,24,8.20328542,2026-03-29,2026-03-29
2026-03-29,"6X AV EM TODA LOJA - CENTRO Campanha","6X AV EM TODA LOJA - CENTRO Conjunto de anúncios","6X AV EM TODA LOJA - CENTRO","Casa & Cia Centro",not_delivering,ad,11222,13413,1.19524149,"Clique de 7 dias ou visualização de 1 dia","Cliques no link",226,56.45,0.24977876,2026-03-24,2026-03-31,226,4.20860359,2026-03-29,2026-03-29
2026-03-29,"VISITAS AO PERFIL - 06/03 - HA - 25,00 - FASE 1",ABERTO,A3,"Casa & Cia Centro",not_delivering,ad,529,536,1.01323251,"Clique de 1 dia","Visitas ao perfil do Instagram",12,3.77,0.31416667,2026-03-06,Contínuo,10,7.03358209,2026-03-29,2026-03-29
2026-03-29,"6X AV EM TODA LOJA - PREMIUM","6X AV EM TODA LOJA - PREMIUM","6X AV EM TODA LOJA - PREMIUM","Casa e Cia",not_delivering,ad,47645,49032,1.02911113,"Clique de 7 dias ou visualização de 1 dia",Alcance,47645,56.63,1.18858222,2026-03-25,2026-03-31,2,1.15496003,2026-03-29,2026-03-29
2026-03-29,JV/PM/ABO/ENGAJAMENTO/25.03,C,C,"Casa & Cia Centro",not_delivering,ad,646,777,1.20278638,"Clique de 7 dias ou visualização de 1 dia","Conversas por mensagem iniciadas",1,8.84,8.84,2026-03-25,Contínuo,6,11.37709138,2026-03-29,2026-03-29
2026-03-28,JV/PM/ABO/ENGAJAMENTO/25.03,B,B,"Casa & Cia Centro",not_delivering,ad,584,727,1.24486301,"Clique de 7 dias ou visualização de 1 dia","Conversas por mensagem iniciadas",1,7.5,7.5,2026-03-25,Contínuo,1,10.31636864,2026-03-28,2026-03-28
2026-03-28,"VISITAS AO PERFIL - 06/03 - HA - 25,00 - FASE 1","ABERTO — Cópia",A3,"Casa & Cia Centro",not_delivering,ad,956,993,1.03870293,"Clique de 1 dia","Visitas ao perfil do Instagram",20,7.82,0.391,2026-03-26,Contínuo,19,7.87512588,2026-03-28,2026-03-28
2026-03-28,"VISITAS AO PERFIL - 06/03 - HA - 25,00 - FASE 1","ABERTO — Cópia",A3,"Casa & Cia Centro",not_delivering,ad,1766,1766,1,"Clique de 1 dia","Visitas ao perfil do Instagram",34,14.73,0.43323529,2026-03-26,Contínuo,33,8.34088335,2026-03-28,2026-03-28
2026-03-28,"VISITAS AO PERFIL - 06/03 - HA - 25,00 - FASE 1",ABERTO,A3,"Casa & Cia Centro",not_delivering,ad,449,449,1,"Clique de 1 dia","Visitas ao perfil do Instagram",12,4.06,0.33833333,2026-03-06,Contínuo,12,9.04231626,2026-03-28,2026-03-28
2026-03-28,"6X AV EM TODA LOJA - PREMIUM","6X AV EM TODA LOJA - PREMIUM","6X AV EM TODA LOJA - PREMIUM","Casa e Cia",not_delivering,ad,36153,38232,1.0575056,"Clique de 7 dias ou visualização de 1 dia",Alcance,36153,46.56,1.28785993,2026-03-25,2026-03-31,4,1.217828,2026-03-28,2026-03-28
2026-03-28,"6X AV EM TODA LOJA - CENTRO Campanha","6X AV EM TODA LOJA - CENTRO Conjunto de anúncios","6X AV EM TODA LOJA - CENTRO","Casa & Cia Centro",not_delivering,ad,8850,10675,1.20621469,"Clique de 7 dias ou visualização de 1 dia","Cliques no link",174,44.77,0.25729885,2026-03-24,2026-03-31,174,4.19391101,2026-03-28,2026-03-28
2026-03-28,JV/PM/ABO/ENGAJAMENTO/25.03,C,C,"Casa & Cia Centro",not_delivering,ad,301,363,1.20598007,"Clique de 7 dias ou visualização de 1 dia",,,4.74,,2026-03-25,Contínuo,1,13.05785124,2026-03-28,2026-03-28
2026-03-28,"VISITAS AO PERFIL - 06/03 - HA - 25,00 - FASE 1","ABERTO — Cópia",A2,"Casa & Cia Centro",not_delivering,ad,2,2,1,"Clique de 1 dia",,,0.02,,2026-03-26,Contínuo,,10,2026-03-28,2026-03-28
2026-03-28,"VISITAS AO PERFIL - 06/03 - HA - 25,00 - FASE 1",ABERTO,A2,"Casa & Cia Centro",not_delivering,ad,8,8,1,"Clique de 1 dia",,,0.06,,2026-03-06,Contínuo,,7.5,2026-03-28,2026-03-28
2026-03-27,"6X AV EM TODA LOJA - CENTRO Campanha","6X AV EM TODA LOJA - CENTRO Conjunto de anúncios","6X AV EM TODA LOJA - CENTRO","Casa & Cia Centro",not_delivering,ad,7762,9418,1.21334708,"Clique de 7 dias ou visualização de 1 dia","Cliques no link",177,44.64,0.25220339,2026-03-24,2026-03-31,177,4.73985984,2026-03-27,2026-03-27
2026-03-27,JV/PM/ABO/ENGAJAMENTO/25.03,B,B,"Casa & Cia Centro",not_delivering,ad,1537,1986,1.29212752,"Clique de 7 dias ou visualização de 1 dia","Conversas por mensagem iniciadas",1,16.89,16.89,2026-03-25,Contínuo,6,8.50453172,2026-03-27,2026-03-27
2026-03-27,"VISITAS AO PERFIL - 06/03 - HA - 25,00 - FASE 1","ABERTO — Cópia",A3,"Casa & Cia Centro",not_delivering,ad,778,818,1.05141388,"Clique de 1 dia","Visitas ao perfil do Instagram",20,7.43,0.3715,2026-03-26,Contínuo,19,9.08312958,2026-03-27,2026-03-27
2026-03-27,"VISITAS AO PERFIL - 06/03 - HA - 25,00 - FASE 1",ABERTO,A3,"Casa & Cia Centro",not_delivering,ad,440,450,1.02272727,"Clique de 1 dia","Visitas ao perfil do Instagram",7,4.76,0.68,2026-03-06,Contínuo,8,10.57777778,2026-03-27,2026-03-27
2026-03-27,"6X AV EM TODA LOJA - PREMIUM","6X AV EM TODA LOJA - PREMIUM","6X AV EM TODA LOJA - PREMIUM","Casa e Cia",not_delivering,ad,34698,36942,1.06467232,"Clique de 7 dias ou visualização de 1 dia",Alcance,34698,46.2,1.33148885,2026-03-25,2026-03-31,5,1.25060906,2026-03-27,2026-03-27
2026-03-27,"VISITAS AO PERFIL - 06/03 - HA - 25,00 - FASE 1","ABERTO — Cópia",A3,"Casa & Cia Centro",not_delivering,ad,530,547,1.03207547,"Clique de 1 dia","Visitas ao perfil do Instagram",15,5.8,0.38666667,2026-03-26,Contínuo,13,10.60329068,2026-03-27,2026-03-27
2026-03-27,JV/PM/ABO/ENGAJAMENTO/25.03,C,C,"Casa & Cia Centro",not_delivering,ad,726,890,1.22589532,"Clique de 7 dias ou visualização de 1 dia",,,13.35,,2026-03-25,Contínuo,4,15,2026-03-27,2026-03-27
2026-03-27,JV/PM/ABO/ENGAJAMENTO/25.03,D,D,"Casa & Cia Centro",not_delivering,ad,150,160,1.06666667,"Clique de 7 dias ou visualização de 1 dia",,,1.58,,2026-03-25,Contínuo,1,9.875,2026-03-27,2026-03-27
2026-03-27,"VISITAS AO PERFIL - 06/03 - HA - 25,00 - FASE 1","ABERTO — Cópia",A2,"Casa & Cia Centro",not_delivering,ad,21,21,1,"Clique de 1 dia",,,0.54,,2026-03-26,Contínuo,,25.71428571,2026-03-27,2026-03-27
2026-03-27,JV/PM/ABO/ENGAJAMENTO/25.03,"Novo conjunto de anúncios de Engajamento",A,"Casa & Cia Centro",not_delivering,ad,109,114,1.04587156,"Clique de 7 dias ou visualização de 1 dia",,,2.26,,2026-03-25,Contínuo,,19.8245614,2026-03-27,2026-03-27
2026-03-27,"VISITAS AO PERFIL - 06/03 - HA - 25,00 - FASE 1","ABERTO — Cópia",A2,"Casa & Cia Centro",not_delivering,ad,11,12,1.09090909,"Clique de 1 dia",,,1.25,,2026-03-26,Contínuo,,104.16666667,2026-03-27,2026-03-27
2026-03-26,"6X AV EM TODA LOJA - PREMIUM","6X AV EM TODA LOJA - PREMIUM","6X AV EM TODA LOJA - PREMIUM","Casa e Cia",not_delivering,ad,35822,37745,1.05368209,"Clique de 7 dias ou visualização de 1 dia",Alcance,35822,45.06,1.25788622,2026-03-25,2026-03-31,2,1.1938005,2026-03-26,2026-03-26
2026-03-26,"6X AV EM TODA LOJA - CENTRO Campanha","6X AV EM TODA LOJA - CENTRO Conjunto de anúncios","6X AV EM TODA LOJA - CENTRO","Casa & Cia Centro",not_delivering,ad,6587,8135,1.23500835,"Clique de 7 dias ou visualização de 1 dia","Cliques no link",157,37.59,0.23942675,2026-03-24,2026-03-31,157,4.62077443,2026-03-26,2026-03-26
2026-03-26,JV/PM/ABO/ENGAJAMENTO/25.03,B,B,"Casa & Cia Centro",not_delivering,ad,713,881,1.23562412,"Clique de 7 dias ou visualização de 1 dia","Conversas por mensagem iniciadas",3,12.22,4.07333333,2026-03-25,Contínuo,7,13.87060159,2026-03-26,2026-03-26
2026-03-26,"VISITAS AO PERFIL - 06/03 - HA - 25,00 - FASE 1","ABERTO — Cópia",A3,"Casa & Cia Centro",not_delivering,ad,16,16,1,"Clique de 1 dia",,,0.05,,2026-03-26,Contínuo,,3.125,2026-03-26,2026-03-26
2026-03-26,"VISITAS AO PERFIL - 06/03 - HA - 25,00 - FASE 1","ABERTO — Cópia",A3,"Casa & Cia Centro",not_delivering,ad,490,492,1.00408163,"Clique de 1 dia","Visitas ao perfil do Instagram",15,5.5,0.36666667,2026-03-26,Contínuo,15,11.17886179,2026-03-26,2026-03-26
2026-03-26,"VISITAS AO PERFIL - 06/03 - HA - 25,00 - FASE 1",ABERTO,A3,"Casa & Cia Centro",not_delivering,ad,1024,1063,1.03808594,"Clique de 1 dia","Visitas ao perfil do Instagram",19,12.36,0.65052632,2026-03-06,Contínuo,22,11.62746943,2026-03-26,2026-03-26
2026-03-26,JV/PM/ABO/ENGAJAMENTO/25.03,C,C,"Casa & Cia Centro",not_delivering,ad,291,344,1.18213058,"Clique de 7 dias ou visualização de 1 dia","Conversas por mensagem iniciadas",2,13.27,6.635,2026-03-25,Contínuo,5,38.5755814,2026-03-26,2026-03-26
2026-03-26,JV/PM/ABO/ENGAJAMENTO/25.03,"Novo conjunto de anúncios de Engajamento",A,"Casa & Cia Centro",not_delivering,ad,463,575,1.24190065,"Clique de 7 dias ou visualização de 1 dia",,,11.84,,2026-03-25,Contínuo,2,20.59130435,2026-03-26,2026-03-26
2026-03-26,"VISITAS AO PERFIL - 06/03 - HA - 25,00 - FASE 1","ABERTO — Cópia",A2,"Casa & Cia Centro",not_delivering,ad,26,27,1.03846154,"Clique de 1 dia",,,0.24,,2026-03-26,Contínuo,,8.88888889,2026-03-26,2026-03-26
2026-03-26,JV/PM/ABO/ENGAJAMENTO/25.03,D,D,"Casa & Cia Centro",not_delivering,ad,538,686,1.27509294,"Clique de 7 dias ou visualização de 1 dia","Conversas por mensagem iniciadas",1,11.09,11.09,2026-03-25,Contínuo,4,16.16618076,2026-03-26,2026-03-26
2026-03-26,"VISITAS AO PERFIL - 06/03 - HA - 25,00 - FASE 1","ABERTO — Cópia",A2,"Casa & Cia Centro",not_delivering,ad,15,15,1,"Clique de 1 dia",,,0.1,,2026-03-26,Contínuo,,6.66666667,2026-03-26,2026-03-26
2026-03-26,"VISITAS AO PERFIL - 06/03 - HA - 25,00 - FASE 1",ABERTO,A2,"Casa & Cia Centro",not_delivering,ad,31,31,1,"Clique de 1 dia","Visitas ao perfil do Instagram",1,0.76,0.76,2026-03-06,Contínuo,1,24.51612903,2026-03-26,2026-03-26
2026-03-25,"6X AV EM TODA LOJA - CENTRO Campanha","6X AV EM TODA LOJA - CENTRO Conjunto de anúncios","6X AV EM TODA LOJA - CENTRO","Casa & Cia Centro",not_delivering,ad,8536,10095,1.18263824,"Clique de 7 dias ou visualização de 1 dia","Cliques no link",180,53.16,0.29533333,2026-03-24,2026-03-31,180,5.26597325,2026-03-25,2026-03-25
2026-03-25,"PM | ABO | ENGAJ | VALE | 24.03","Upgrade de Padrão","ADS 02","Casa & Cia Centro",not_delivering,ad,293,341,1.16382253,"Clique de 7 dias ou visualização de 1 dia",,,5.4,,2026-03-24,Contínuo,1,15.83577713,2026-03-25,2026-03-25
2026-03-25,"PM | ABO | ENGAJ | VALE | 24.03","Dor Oculta","ADS 03","Casa & Cia Centro",not_delivering,ad,359,407,1.13370474,"Clique de 7 dias ou visualização de 1 dia",,,14.93,,2026-03-24,Contínuo,,36.68304668,2026-03-25,2026-03-25
2026-03-25,"VISITAS AO PERFIL - 06/03 - HA - 25,00 - FASE 1",ABERTO,A3,"Casa & Cia Centro",not_delivering,ad,2814,2975,1.05721393,"Clique de 1 dia","Visitas ao perfil do Instagram",52,24.35,0.46826923,2026-03-06,Contínuo,48,8.18487395,2026-03-25,2026-03-25
2026-03-25,"6X AV EM TODA LOJA - PREMIUM","6X AV EM TODA LOJA - PREMIUM","6X AV EM TODA LOJA - PREMIUM","Casa e Cia",not_delivering,ad,27281,27969,1.02521902,"Clique de 7 dias ou visualização de 1 dia",Alcance,27281,34.82,1.27634617,2026-03-25,2026-03-31,2,1.24494977,2026-03-25,2026-03-25
2026-03-25,JV/PM/ABO/ENGAJAMENTO/25.03,B,B,"Casa & Cia Centro",not_delivering,ad,72,77,1.06944444,"Clique de 7 dias ou visualização de 1 dia",,,1.25,,2026-03-25,Contínuo,1,16.23376623,2026-03-25,2026-03-25
2026-03-25,JV/PM/ABO/ENGAJAMENTO/25.03,C,C,"Casa & Cia Centro",not_delivering,ad,48,49,1.02083333,"Clique de 7 dias ou visualização de 1 dia",,,0.75,,2026-03-25,Contínuo,,15.30612245,2026-03-25,2026-03-25
2026-03-25,"PM | ABO | ENGAJ | VALE | 24.03","Influência indireta","ADS 04","Casa & Cia Centro",not_delivering,ad,346,395,1.1416185,"Clique de 7 dias ou visualização de 1 dia",,,14.3,,2026-03-24,Contínuo,,36.20253165,2026-03-25,2026-03-25
2026-03-25,JV/PM/ABO/ENGAJAMENTO/25.03,"Novo conjunto de anúncios de Engajamento",A,"Casa & Cia Centro",not_delivering,ad,57,59,1.03508772,"Clique de 7 dias ou visualização de 1 dia",,,1.06,,2026-03-25,Contínuo,,17.96610169,2026-03-25,2026-03-25
2026-03-25,JV/PM/ABO/ENGAJAMENTO/25.03,D,D,"Casa & Cia Centro",not_delivering,ad,132,150,1.13636364,"Clique de 7 dias ou visualização de 1 dia",,,1.91,,2026-03-25,Contínuo,1,12.73333333,2026-03-25,2026-03-25
2026-03-25,"PM | ABO | ENGAJ | VALE | 24.03","Mudança de Vida","ADS 01","Casa & Cia Centro",not_delivering,ad,420,474,1.12857143,"Clique de 7 dias ou visualização de 1 dia",,,14.65,,2026-03-24,Contínuo,,30.907173,2026-03-25,2026-03-25
2026-03-25,"VISITAS AO PERFIL - 06/03 - HA - 25,00 - FASE 1",ABERTO,A2,"Casa & Cia Centro",not_delivering,ad,11,11,1,"Clique de 1 dia","Visitas ao perfil do Instagram",1,0.09,0.09,2026-03-06,Contínuo,1,8.18181818,2026-03-25,2026-03-25
2026-03-24,"PM | ABO | ENGAJ | VALE | 24.03","Upgrade de Padrão","ADS 02","Casa & Cia Centro",not_delivering,ad,143,160,1.11888112,"Clique de 7 dias ou visualização de 1 dia",,,1.43,,2026-03-24,Contínuo,1,8.9375,2026-03-24,2026-03-24
2026-03-24,"PM | ABO | ENGAJ | VALE | 24.03","Dor Oculta","ADS 03","Casa & Cia Centro",not_delivering,ad,683,726,1.06295754,"Clique de 7 dias ou visualização de 1 dia",,,12.69,,2026-03-24,Contínuo,3,17.47933884,2026-03-24,2026-03-24
2026-03-24,"VISITAS AO PERFIL - 06/03 - HA - 25,00 - FASE 1",ABERTO,A3,"Casa & Cia Centro",not_delivering,ad,2396,2550,1.06427379,"Clique de 1 dia","Visitas ao perfil do Instagram",42,24.28,0.57809524,2026-03-06,Contínuo,40,9.52156863,2026-03-24,2026-03-24
2026-03-24,"6X AV EM TODA LOJA - CENTRO Campanha","6X AV EM TODA LOJA - CENTRO Conjunto de anúncios","6X AV EM TODA LOJA - CENTRO","Casa & Cia Centro",not_delivering,ad,4735,5333,1.12629356,"Clique de 7 dias ou visualização de 1 dia","Cliques no link",75,31.58,0.42106667,2026-03-24,2026-03-31,75,5.9216201,2026-03-24,2026-03-24
2026-03-24,"PM | ABO | ENGAJ | VALE | 24.03","Influência indireta","ADS 04","Casa & Cia Centro",not_delivering,ad,507,544,1.0729783,"Clique de 7 dias ou visualização de 1 dia",,,13.53,,2026-03-24,Contínuo,3,24.87132353,2026-03-24,2026-03-24
2026-03-24,"PM | ABO | ENGAJ | PÓS | 20.03","MIX RMKT","A — Cópia","Casa & Cia Centro",not_delivering,ad,15,17,1.13333333,"Clique de 7 dias ou visualização de 1 dia",,,0.18,,2026-03-20,Contínuo,1,10.58823529,2026-03-24,2026-03-24
2026-03-24,"PM | ABO | ENGAJ | PÓS | 20.03","MIX RMKT — Cópia","E — Cópia","Casa & Cia Centro",not_delivering,ad,687,834,1.2139738,"Clique de 7 dias ou visualização de 1 dia","Conversas por mensagem iniciadas",2,13.34,6.67,2026-03-20,Contínuo,6,15.99520384,2026-03-24,2026-03-24
2026-03-24,"PM | ABO | ENGAJ | PÓS | 20.03","MIX RMKT — Cópia","C — Cópia","Casa & Cia Centro",not_delivering,ad,26,28,1.07692308,"Clique de 7 dias ou visualização de 1 dia",,,0.31,,2026-03-20,Contínuo,,11.07142857,2026-03-24,2026-03-24
2026-03-24,"PM | ABO | ENGAJ | VALE | 24.03","Mudança de Vida","ADS 01","Casa & Cia Centro",not_delivering,ad,616,696,1.12987013,"Clique de 7 dias ou visualização de 1 dia",,,12.44,,2026-03-24,Contínuo,3,17.87356322,2026-03-24,2026-03-24
2026-03-24,"PM | ABO | ENGAJ | PÓS | 20.03","MIX RMKT","D — Cópia","Casa & Cia Centro",not_delivering,ad,515,615,1.19417476,"Clique de 7 dias ou visualização de 1 dia","Conversas por mensagem iniciadas",2,9.08,4.54,2026-03-20,Contínuo,8,14.76422764,2026-03-24,2026-03-24
2026-03-23,"PM | ABO | ENGAJ | PÓS | 20.03","MIX RMKT — Cópia","A — Cópia","Casa & Cia Centro",inactive,ad,24,24,1,"Clique de 7 dias ou visualização de 1 dia",,,0.16,,2026-03-20,Contínuo,,6.66666667,2026-03-23,2026-03-23
2026-03-23,"PM | ABO | ENGAJ | PÓS | 20.03","MIX RMKT — Cópia","C — Cópia","Casa & Cia Centro",not_delivering,ad,285,333,1.16842105,"Clique de 7 dias ou visualização de 1 dia",,,5.01,,2026-03-20,Contínuo,1,15.04504505,2026-03-23,2026-03-23
2026-03-23,"PM | ABO | ENGAJ | PÓS | 20.03","MIX RMKT","E — Cópia","Casa & Cia Centro",inactive,ad,13,14,1.07692308,"Clique de 7 dias ou visualização de 1 dia",,,0.17,,2026-03-20,Contínuo,,12.14285714,2026-03-23,2026-03-23
2026-03-23,"PM | ABO | ENGAJ | PÓS | 20.03","MIX RMKT — Cópia","D — Cópia","Casa & Cia Centro",not_delivering,ad,42,45,1.07142857,"Clique de 7 dias ou visualização de 1 dia",,,0.64,,2026-03-20,Contínuo,,14.22222222,2026-03-23,2026-03-23
2026-03-23,"VISITAS AO PERFIL - 06/03 - HA - 25,00 - FASE 1",ABERTO,A3,"Casa & Cia Centro",not_delivering,ad,603,619,1.026534,"Clique de 1 dia","Visitas ao perfil do Instagram",20,8.16,0.408,2026-03-06,Contínuo,20,13.1825525,2026-03-23,2026-03-23
2026-03-23,"PM | ABO | ENGAJ | PÓS | 20.03","MIX RMKT","C — Cópia","Casa & Cia Centro",not_delivering,ad,23,27,1.17391304,"Clique de 7 dias ou visualização de 1 dia",,,0.22,,2026-03-20,Contínuo,,8.14814815,2026-03-23,2026-03-23
2026-03-23,"PM | ABO | ENGAJ | PÓS | 20.03","MIX RMKT — Cópia","A — Cópia","Casa & Cia Centro",not_delivering,ad,19,22,1.15789474,"Clique de 7 dias ou visualização de 1 dia",,,0.26,,2026-03-20,Contínuo,,11.81818182,2026-03-23,2026-03-23
2026-03-23,"PM | ABO | ENGAJ | PÓS | 20.03","MIX RMKT — Cópia","E — Cópia","Casa & Cia Centro",not_delivering,ad,1054,1390,1.31878558,"Clique de 7 dias ou visualização de 1 dia","Conversas por mensagem iniciadas",1,15.08,15.08,2026-03-20,Contínuo,15,10.84892086,2026-03-23,2026-03-23
2026-03-23,"PM | ABO | ENGAJ | PÓS | 20.03","MIX RMKT — Cópia","C — Cópia","Casa & Cia Centro",not_delivering,ad,40,42,1.05,"Clique de 7 dias ou visualização de 1 dia",,,0.47,,2026-03-20,Contínuo,,11.19047619,2026-03-23,2026-03-23
2026-03-23,"VISITAS AO PERFIL - 06/03 - HA - 25,00 - FASE 1",ABERTO,A2,"Casa & Cia Centro",not_delivering,ad,1,1,1,"Clique de 1 dia",,,0.01,,2026-03-06,Contínuo,,10,2026-03-23,2026-03-23
2026-03-23,"PM | ABO | ENGAJ | PÓS | 20.03","MIX RMKT — Cópia","E — Cópia","Casa & Cia Centro",not_delivering,ad,38,44,1.15789474,"Clique de 7 dias ou visualização de 1 dia",,,0.27,,2026-03-20,Contínuo,,6.13636364,2026-03-23,2026-03-23
2026-03-23,"PM | ABO | ENGAJ | PÓS | 20.03","MIX RMKT","D — Cópia","Casa & Cia Centro",not_delivering,ad,910,1206,1.32527473,"Clique de 7 dias ou visualização de 1 dia","Conversas por mensagem iniciadas",1,12.24,12.24,2026-03-20,Contínuo,10,10.14925373,2026-03-23,2026-03-23
2026-03-22,"PM | ABO | ENGAJ | PÓS | 20.03","MIX RMKT","C — Cópia","Casa & Cia Centro",not_delivering,ad,12,15,1.25,"Clique de 7 dias ou visualização de 1 dia",,,0.31,,2026-03-20,Contínuo,,20.66666667,2026-03-22,2026-03-22
2026-03-22,"PM | ABO | ENGAJ | PÓS | 20.03","MIX RMKT — Cópia","C — Cópia","Casa & Cia Centro",not_delivering,ad,215,321,1.49302326,"Clique de 7 dias ou visualização de 1 dia",,,6.29,,2026-03-20,Contínuo,3,19.59501558,2026-03-22,2026-03-22
2026-03-22,"PM | ABO | ENGAJ | PÓS | 20.03","MIX RMKT","E — Cópia","Casa & Cia Centro",inactive,ad,42,44,1.04761905,"Clique de 7 dias ou visualização de 1 dia",,,0.63,,2026-03-20,Contínuo,,14.31818182,2026-03-22,2026-03-22
2026-03-22,"PM | ABO | ENGAJ | PÓS | 20.03","MIX RMKT — Cópia","D — Cópia","Casa & Cia Centro",inactive,ad,72,86,1.19444444,"Clique de 7 dias ou visualização de 1 dia",,,1.36,,2026-03-20,Contínuo,,15.81395349,2026-03-22,2026-03-22
2026-03-22,"PM | ABO | ENGAJ | PÓS | 20.03","MIX RMKT — Cópia","D — Cópia","Casa & Cia Centro",not_delivering,ad,101,127,1.25742574,"Clique de 7 dias ou visualização de 1 dia",,,2.11,,2026-03-20,Contínuo,2,16.61417323,2026-03-22,2026-03-22
2026-03-22,"VISITAS AO PERFIL - 06/03 - HA - 25,00 - FASE 1",ABERTO,A3,"Casa & Cia Centro",not_delivering,ad,1341,1393,1.03877703,"Clique de 1 dia","Visitas ao perfil do Instagram",37,17.61,0.47594595,2026-03-06,Contínuo,36,12.64178033,2026-03-22,2026-03-22
2026-03-22,"PM | ABO | ENGAJ | PÓS | 20.03","MIX RMKT — Cópia","A — Cópia","Casa & Cia Centro",inactive,ad,15,27,1.8,"Clique de 7 dias ou visualização de 1 dia",,,0.76,,2026-03-20,Contínuo,,28.14814815,2026-03-22,2026-03-22
2026-03-22,"PM | ABO | ENGAJ | PÓS | 20.03","MIX RMKT","A — Cópia","Casa & Cia Centro",not_delivering,ad,32,35,1.09375,"Clique de 7 dias ou visualização de 1 dia",,,0.21,,2026-03-20,Contínuo,,6,2026-03-22,2026-03-22
2026-03-22,"PM | ABO | ENGAJ | PÓS | 20.03","MIX RMKT — Cópia","E — Cópia","Casa & Cia Centro",not_delivering,ad,438,565,1.28995434,"Clique de 7 dias ou visualização de 1 dia","Conversas por mensagem iniciadas",4,6.41,1.6025,2026-03-20,Contínuo,10,11.34513274,2026-03-22,2026-03-22
2026-03-22,"PM | ABO | ENGAJ | PÓS | 20.03","MIX RMKT — Cópia","A — Cópia","Casa & Cia Centro",not_delivering,ad,20,25,1.25,"Clique de 7 dias ou visualização de 1 dia",,,0.28,,2026-03-20,Contínuo,,11.2,2026-03-22,2026-03-22
2026-03-22,"PM | ABO | ENGAJ | PÓS | 20.03","MIX RMKT — Cópia","C — Cópia","Casa & Cia Centro",not_delivering,ad,123,151,1.22764228,"Clique de 7 dias ou visualização de 1 dia","Conversas por mensagem iniciadas",1,2.26,2.26,2026-03-20,Contínuo,5,14.96688742,2026-03-22,2026-03-22
2026-03-22,"PM | ABO | ENGAJ | PÓS | 20.03","MIX RMKT — Cópia","E — Cópia","Casa & Cia Centro",not_delivering,ad,164,203,1.23780488,"Clique de 7 dias ou visualização de 1 dia",,,2.57,,2026-03-20,Contínuo,1,12.66009852,2026-03-22,2026-03-22
2026-03-22,"PM | ABO | ENGAJ | PÓS | 20.03","MIX RMKT","D — Cópia","Casa & Cia Centro",not_delivering,ad,601,738,1.22795341,"Clique de 7 dias ou visualização de 1 dia","Conversas por mensagem iniciadas",2,10.09,5.045,2026-03-20,Contínuo,6,13.67208672,2026-03-22,2026-03-22
2026-03-21,"PM | ABO | ENGAJ | PÓS | 20.03","MIX RMKT — Cópia","A — Cópia","Casa & Cia Centro",inactive,ad,38,60,1.57894737,"Clique de 7 dias ou visualização de 1 dia",,,0.81,,2026-03-20,Contínuo,1,13.5,2026-03-21,2026-03-21
2026-03-21,"PM | ABO | ENGAJ | PÓS | 20.03","MIX RMKT — Cópia","C — Cópia","Casa & Cia Centro",not_delivering,ad,287,409,1.42508711,"Clique de 7 dias ou visualização de 1 dia",,,5.97,,2026-03-20,Contínuo,7,14.59657702,2026-03-21,2026-03-21
2026-03-21,"PM | ABO | ENGAJ | PÓS | 20.03","MIX RMKT","E — Cópia","Casa & Cia Centro",inactive,ad,204,249,1.22058824,"Clique de 7 dias ou visualização de 1 dia",,,3.44,,2026-03-20,Contínuo,3,13.81526104,2026-03-21,2026-03-21
2026-03-21,"PM | ABO | ENGAJ | PÓS | 20.03","MIX RMKT — Cópia","D — Cópia","Casa & Cia Centro",inactive,ad,13,15,1.15384615,"Clique de 7 dias ou visualização de 1 dia",,,0.44,,2026-03-20,Contínuo,,29.33333333,2026-03-21,2026-03-21
2026-03-21,"PM | ABO | ENGAJ | PÓS | 20.03","MIX RMKT — Cópia","D — Cópia","Casa & Cia Centro",not_delivering,ad,81,94,1.16049383,"Clique de 7 dias ou visualização de 1 dia",,,1.04,,2026-03-20,Contínuo,1,11.06382979,2026-03-21,2026-03-21
2026-03-21,"VISITAS AO PERFIL - 06/03 - HA - 25,00 - FASE 1",ABERTO,A3,"Casa & Cia Centro",not_delivering,ad,302,308,1.01986755,"Clique de 1 dia","Visitas ao perfil do Instagram",4,2.77,0.6925,2026-03-06,Contínuo,5,8.99350649,2026-03-21,2026-03-21
2026-03-21,"PM | ABO | ENGAJ | PÓS | 20.03","MIX RMKT","C — Cópia","Casa & Cia Centro",not_delivering,ad,54,68,1.25925926,"Clique de 7 dias ou visualização de 1 dia",,,1.07,,2026-03-20,Contínuo,,15.73529412,2026-03-21,2026-03-21
2026-03-21,"PM | ABO | ENGAJ | PÓS | 20.03","MIX RMKT — Cópia","E — Cópia","Casa & Cia Centro",not_delivering,ad,83,101,1.21686747,"Clique de 7 dias ou visualização de 1 dia",,,1.09,,2026-03-20,Contínuo,1,10.79207921,2026-03-21,2026-03-21
2026-03-21,"PM | ABO | ENGAJ | PÓS | 20.03","MIX RMKT","A — Cópia","Casa & Cia Centro",not_delivering,ad,27,36,1.33333333,"Clique de 7 dias ou visualização de 1 dia",,,0.29,,2026-03-20,Contínuo,,8.05555556,2026-03-21,2026-03-21
2026-03-21,"PM | ABO | ENGAJ | PÓS | 20.03","MIX RMKT — Cópia","E — Cópia","Casa & Cia Centro",not_delivering,ad,352,490,1.39204545,"Clique de 7 dias ou visualização de 1 dia","Conversas por mensagem iniciadas",1,6.67,6.67,2026-03-20,Contínuo,5,13.6122449,2026-03-21,2026-03-21
2026-03-21,"PM | ABO | ENGAJ | PÓS | 20.03","MIX RMKT — Cópia","A — Cópia","Casa & Cia Centro",not_delivering,ad,63,77,1.22222222,"Clique de 7 dias ou visualização de 1 dia",,,1.23,,2026-03-20,Contínuo,,15.97402597,2026-03-21,2026-03-21
2026-03-21,"PM | ABO | ENGAJ | PÓS | 20.03","MIX RMKT — Cópia","C — Cópia","Casa & Cia Centro",not_delivering,ad,126,143,1.13492063,"Clique de 7 dias ou visualização de 1 dia",,,1.82,,2026-03-20,Contínuo,2,12.72727273,2026-03-21,2026-03-21
2026-03-21,"VISITAS AO PERFIL - 06/03 - HA - 25,00 - FASE 1",ABERTO,A2,"Casa & Cia Centro",not_delivering,ad,6,6,1,"Clique de 1 dia",,,0.02,,2026-03-06,Contínuo,,3.33333333,2026-03-21,2026-03-21
2026-03-21,"PM | ABO | ENGAJ | PÓS | 20.03","MIX RMKT","D — Cópia","Casa & Cia Centro",not_delivering,ad,217,293,1.35023041,"Clique de 7 dias ou visualização de 1 dia",,,3.57,,2026-03-20,Contínuo,2,12.18430034,2026-03-21,2026-03-21
2026-03-20,"PM | ABO | ENGAJ | PÓS | 20.03","MIX RMKT — Cópia","A — Cópia","Casa & Cia Centro",inactive,ad,268,305,1.1380597,"Clique de 7 dias ou visualização de 1 dia",,,2.29,,2026-03-20,Contínuo,,7.50819672,2026-03-20,2026-03-20
2026-03-20,"PM | ABO | ENGAJ | PÓS | 20.03","MIX RMKT — Cópia","C — Cópia","Casa & Cia Centro",not_delivering,ad,8,10,1.25,"Clique de 7 dias ou visualização de 1 dia",,,0.17,,2026-03-20,Contínuo,,17,2026-03-20,2026-03-20
2026-03-20,"PM | ABO | ENGAJ | PÓS | 20.03","MIX RMKT","E — Cópia","Casa & Cia Centro",inactive,ad,9,15,1.66666667,"Clique de 7 dias ou visualização de 1 dia",,,0.2,,2026-03-20,Contínuo,,13.33333333,2026-03-20,2026-03-20
2026-03-20,"PM | ABO | ENGAJ | PÓS | 20.03","MIX RMKT — Cópia","D — Cópia","Casa & Cia Centro",inactive,ad,17,17,1,"Clique de 7 dias ou visualização de 1 dia",,,0.22,,2026-03-20,Contínuo,,12.94117647,2026-03-20,2026-03-20
2026-03-20,"PM | ABO | ENAGJ | PÓS | 17.03","RMKT — 03",C,"Casa & Cia Centro",not_delivering,ad,281,341,1.21352313,"Clique de 7 dias ou visualização de 1 dia",,,6.57,,2026-03-17,Contínuo,3,19.26686217,2026-03-20,2026-03-20
2026-03-20,"PM | ABO | ENGAJ | PÓS | 20.03","MIX RMKT — Cópia","D — Cópia","Casa & Cia Centro",not_delivering,ad,7,7,1,"Clique de 7 dias ou visualização de 1 dia",,,0.07,,2026-03-20,Contínuo,,10,2026-03-20,2026-03-20
2026-03-20,"VISITAS AO PERFIL - 06/03 - HA - 25,00 - FASE 1",ABERTO,A3,"Casa & Cia Centro",not_delivering,ad,3524,3727,1.05760499,"Clique de 1 dia","Visitas ao perfil do Instagram",28,31.48,1.12428571,2026-03-06,Contínuo,33,8.44647169,2026-03-20,2026-03-20
2026-03-20,"PM | ABO | ENGAJ | PÓS | 20.03","MIX RMKT","C — Cópia","Casa & Cia Centro",not_delivering,ad,106,120,1.13207547,"Clique de 7 dias ou visualização de 1 dia","Conversas por mensagem iniciadas",1,1.1,1.1,2026-03-20,Contínuo,2,9.16666667,2026-03-20,2026-03-20
2026-03-20,"PM | ABO | ENGAJ | 19.03 | PÓS","RMKT — 03 — Cópia",C,"Casa & Cia Centro",not_delivering,ad,321,365,1.13707165,"Clique de 7 dias ou visualização de 1 dia",,,6.57,,2026-03-19,Contínuo,4,18,2026-03-20,2026-03-20
2026-03-20,"PM | ABO | ENGAJ | PÓS | 20.03","MIX RMKT — Cópia","E — Cópia","Casa & Cia Centro",not_delivering,ad,23,27,1.17391304,"Clique de 7 dias ou visualização de 1 dia",,,0.5,,2026-03-20,Contínuo,2,18.51851852,2026-03-20,2026-03-20
2026-03-20,"PM | ABO | ENGAJ | PÓS | 20.03","MIX RMKT","A — Cópia","Casa & Cia Centro",not_delivering,ad,52,55,1.05769231,"Clique de 7 dias ou visualização de 1 dia",,,0.43,,2026-03-20,Contínuo,,7.81818182,2026-03-20,2026-03-20
2026-03-20,"PM | ABO | ENAGJ | PÓS | 17.03","RMKT — 04",D,"Casa & Cia Centro",not_delivering,ad,369,443,1.20054201,"Clique de 7 dias ou visualização de 1 dia",,,10.23,,2026-03-17,Contínuo,3,23.09255079,2026-03-20,2026-03-20
2026-03-20,"PM | ABO | ENGAJ | PÓS | 20.03","MIX RMKT — Cópia","A — Cópia","Casa & Cia Centro",not_delivering,ad,367,417,1.13623978,"Clique de 7 dias ou visualização de 1 dia",,,3.35,,2026-03-20,Contínuo,,8.03357314,2026-03-20,2026-03-20
2026-03-20,"PM | ABO | ENAGJ | PÓS | 17.03",RMKT,A,"Casa & Cia Centro",not_delivering,ad,654,782,1.19571865,"Clique de 7 dias ou visualização de 1 dia",,,9.87,,2026-03-17,Contínuo,6,12.62148338,2026-03-20,2026-03-20
2026-03-20,"PM | ABO | ENGAJ | PÓS | 20.03","MIX RMKT — Cópia","C — Cópia","Casa & Cia Centro",not_delivering,ad,14,17,1.21428571,"Clique de 7 dias ou visualização de 1 dia",,,0.17,,2026-03-20,Contínuo,,10,2026-03-20,2026-03-20
2026-03-20,"VISITAS AO PERFIL - 06/03 - HA - 25,00 - FASE 1",ABERTO,A2,"Casa & Cia Centro",not_delivering,ad,3,3,1,"Clique de 1 dia",,,0.03,,2026-03-06,Contínuo,,10,2026-03-20,2026-03-20
2026-03-20,"PM | ABO | ENGAJ | PÓS | 20.03","MIX RMKT — Cópia","E — Cópia","Casa & Cia Centro",not_delivering,ad,8,10,1.25,"Clique de 7 dias ou visualização de 1 dia",,,0.13,,2026-03-20,Contínuo,,13,2026-03-20,2026-03-20
2026-03-20,"PM | ABO | ENGAJ | PÓS | 20.03","MIX RMKT","D — Cópia","Casa & Cia Centro",not_delivering,ad,230,315,1.36956522,"Clique de 7 dias ou visualização de 1 dia","Conversas por mensagem iniciadas",3,5,1.66666667,2026-03-20,Contínuo,7,15.87301587,2026-03-20,2026-03-20
2026-03-20,"PM | ABO | ENAGJ | PÓS | 17.03","RMKT — 05",E,"Casa & Cia Centro",not_delivering,ad,495,627,1.26666667,"Clique de 7 dias ou visualização de 1 dia","Conversas por mensagem iniciadas",1,10.47,10.47,2026-03-17,Contínuo,5,16.69856459,2026-03-20,2026-03-20
2026-03-19,"PM | CBO | VALIDAÇÃO PÓS | 18.03",RMKT,"C — Cópia","Casa & Cia Centro",not_delivering,ad,70,99,1.41428571,"Clique de 7 dias ou visualização de 1 dia",,,2.58,,2026-03-18,2026-03-21,,26.06060606,2026-03-19,2026-03-19
2026-03-19,"PM | CBO | VALIDAÇÃO PÓS | 18.03",RMKT,"E — Cópia","Casa & Cia Centro",not_delivering,ad,76,116,1.52631579,"Clique de 7 dias ou visualização de 1 dia",,,2.61,,2026-03-18,2026-03-21,2,22.5,2026-03-19,2026-03-19
2026-03-19,"VISITAS AO PERFIL - 06/03 - HA - 25,00 - FASE 1",ABERTO,A3,"Casa & Cia Centro",not_delivering,ad,1112,1196,1.07553957,"Clique de 1 dia","Visitas ao perfil do Instagram",22,19.15,0.87045455,2026-03-06,Contínuo,19,16.01170569,2026-03-19,2026-03-19
2026-03-19,"PM | ABO | ENGAJ | 19.03 | PÓS","RMKT — 03 — Cópia",C,"Casa & Cia Centro",not_delivering,ad,168,274,1.63095238,"Clique de 7 dias ou visualização de 1 dia",,,8.6,,2026-03-19,Contínuo,3,31.38686131,2026-03-19,2026-03-19
2026-03-19,"PM | ABO | ENAGJ | PÓS | 17.03","RMKT — 03",C,"Casa & Cia Centro",not_delivering,ad,169,270,1.59763314,"Clique de 7 dias ou visualização de 1 dia",,,8.49,,2026-03-17,Contínuo,6,31.44444444,2026-03-19,2026-03-19
2026-03-19,"PM | ABO | ENAGJ | PÓS | 17.03","RMKT — 04",D,"Casa & Cia Centro",not_delivering,ad,120,238,1.98333333,"Clique de 7 dias ou visualização de 1 dia","Conversas por mensagem iniciadas",1,5.48,5.48,2026-03-17,Contínuo,1,23.02521008,2026-03-19,2026-03-19
2026-03-19,"PM | ABO | ENAGJ | PÓS | 17.03",RMKT,A,"Casa & Cia Centro",not_delivering,ad,189,363,1.92063492,"Clique de 7 dias ou visualização de 1 dia",,,5.31,,2026-03-17,Contínuo,5,14.62809917,2026-03-19,2026-03-19
2026-03-19,"PM | CBO | VALIDAÇÃO PÓS | 18.03",RMKT,"A — Cópia","Casa & Cia Centro",not_delivering,ad,15,20,1.33333333,"Clique de 7 dias ou visualização de 1 dia",,,0.22,,2026-03-18,2026-03-21,,11,2026-03-19,2026-03-19
2026-03-19,"PM | CBO | VALIDAÇÃO PÓS | 18.03",RMKT,"D — Cópia","Casa & Cia Centro",not_delivering,ad,16,20,1.25,"Clique de 7 dias ou visualização de 1 dia",,,0.3,,2026-03-18,2026-03-21,,15,2026-03-19,2026-03-19
2026-03-19,"PM | ABO | ENAGJ | PÓS | 17.03","RMKT — 05",E,"Casa & Cia Centro",not_delivering,ad,114,186,1.63157895,"Clique de 7 dias ou visualização de 1 dia",,,5.14,,2026-03-17,Contínuo,3,27.6344086,2026-03-19,2026-03-19
2026-03-18,"PM | ABO | ENAGJ | PÓS | 17.03","RMKT — 03",C,"Casa & Cia Centro",not_delivering,ad,200,346,1.73,"Clique de 7 dias ou visualização de 1 dia","Conversas por mensagem iniciadas",2,13.38,6.69,2026-03-17,Contínuo,7,38.67052023,2026-03-18,2026-03-18
2026-03-18,"PM | CBO | VALIDAÇÃO PÓS | 18.03",RMKT,"E — Cópia","Casa & Cia Centro",not_delivering,ad,114,233,2.04385965,"Clique de 7 dias ou visualização de 1 dia",,,5.64,,2026-03-18,2026-03-21,2,24.20600858,2026-03-18,2026-03-18
2026-03-18,"PM | ABO | ENAGJ | PÓS | 17.03","RMKT — 09",I,"Casa & Cia Centro",not_delivering,ad,54,67,1.24074074,"Clique de 7 dias ou visualização de 1 dia",,,3.05,,2026-03-17,Contínuo,,45.52238806,2026-03-18,2026-03-18
2026-03-18,"VISITAS AO PERFIL - 06/03 - HA - 25,00 - FASE 1",ABERTO,A3,"Casa & Cia Centro",not_delivering,ad,1100,1186,1.07818182,"Clique de 1 dia","Visitas ao perfil do Instagram",28,20.51,0.7325,2026-03-06,Contínuo,31,17.29342327,2026-03-18,2026-03-18
2026-03-18,"PM | ABO | ENAGJ | PÓS | 17.03","RMKT — 06",F,"Casa & Cia Centro",not_delivering,ad,73,94,1.28767123,"Clique de 7 dias ou visualização de 1 dia",,,3.3,,2026-03-17,Contínuo,,35.10638298,2026-03-18,2026-03-18
2026-03-18,"PM | CBO | VALIDAÇÃO PÓS | 18.03",RMKT,"C — Cópia","Casa & Cia Centro",not_delivering,ad,131,206,1.57251908,"Clique de 7 dias ou visualização de 1 dia",,,8.2,,2026-03-18,2026-03-21,,39.80582524,2026-03-18,2026-03-18
2026-03-18,"PM | ABO | ENAGJ | PÓS | 17.03","RMKT — 04",D,"Casa & Cia Centro",not_delivering,ad,173,307,1.77456647,"Clique de 7 dias ou visualização de 1 dia",,,11.15,,2026-03-17,Contínuo,4,36.31921824,2026-03-18,2026-03-18
2026-03-18,"PM | CBO | VALIDAÇÃO PÓS | 18.03",RMKT,"A — Cópia","Casa & Cia Centro",not_delivering,ad,38,61,1.60526316,"Clique de 7 dias ou visualização de 1 dia",,,1.03,,2026-03-18,2026-03-21,,16.8852459,2026-03-18,2026-03-18
2026-03-18,"PM | ABO | ENAGJ | PÓS | 17.03",RMKT,A,"Casa & Cia Centro",not_delivering,ad,283,540,1.90812721,"Clique de 7 dias ou visualização de 1 dia",,,10.53,,2026-03-17,Contínuo,7,19.5,2026-03-18,2026-03-18
2026-03-18,"PM | ABO | ENAGJ | PÓS | 17.03","RMKT — 02",B,"Casa & Cia Centro",not_delivering,ad,100,131,1.31,"Clique de 7 dias ou visualização de 1 dia",,,5.07,,2026-03-17,Contínuo,,38.70229008,2026-03-18,2026-03-18
2026-03-18,"PM | ABO | ENAGJ | PÓS | 17.03","RMKT — 07",G,"Casa & Cia Centro",not_delivering,ad,46,55,1.19565217,"Clique de 7 dias ou visualização de 1 dia",,,2.42,,2026-03-17,Contínuo,,44,2026-03-18,2026-03-18
2026-03-18,"VISITAS AO PERFIL - 06/03 - HA - 25,00 - FASE 1",ABERTO,A2,"Casa & Cia Centro",not_delivering,ad,3,3,1,"Clique de 1 dia",,,0.04,,2026-03-06,Contínuo,,13.33333333,2026-03-18,2026-03-18
2026-03-18,"PM | ABO | ENAGJ | PÓS | 17.03","RMKT — 08",H,"Casa & Cia Centro",not_delivering,ad,52,57,1.09615385,"Clique de 7 dias ou visualização de 1 dia",,,4.16,,2026-03-17,Contínuo,1,72.98245614,2026-03-18,2026-03-18
2026-03-18,"PM | CBO | VALIDAÇÃO PÓS | 18.03",RMKT,"D — Cópia","Casa & Cia Centro",not_delivering,ad,14,20,1.42857143,"Clique de 7 dias ou visualização de 1 dia",,,1,,2026-03-18,2026-03-21,,50,2026-03-18,2026-03-18
2026-03-18,"PM | ABO | ENAGJ | PÓS | 17.03","RMKT — 05",E,"Casa & Cia Centro",not_delivering,ad,210,347,1.65238095,"Clique de 7 dias ou visualização de 1 dia",,,12.62,,2026-03-17,Contínuo,2,36.36887608,2026-03-18,2026-03-18
2026-03-17,"PM | ABO | ENAGJ | PÓS | 17.03","RMKT — 04",D,"Casa & Cia Centro",not_delivering,ad,195,320,1.64102564,"Clique de 7 dias ou visualização de 1 dia","Conversas por mensagem iniciadas",2,12.58,6.29,2026-03-17,Contínuo,1,39.3125,2026-03-17,2026-03-17
2026-03-17,"PM | ABO | ENAGJ | PÓS | 17.03","RMKT — 03",C,"Casa & Cia Centro",not_delivering,ad,171,275,1.60818713,"Clique de 7 dias ou visualização de 1 dia","Conversas por mensagem iniciadas",1,11.68,11.68,2026-03-17,Contínuo,4,42.47272727,2026-03-17,2026-03-17
2026-03-17,"PM | ABO | ENAGJ | PÓS | 17.03","RMKT — 09",I,"Casa & Cia Centro",not_delivering,ad,196,307,1.56632653,"Clique de 7 dias ou visualização de 1 dia","Conversas por mensagem iniciadas",1,11.66,11.66,2026-03-17,Contínuo,2,37.98045603,2026-03-17,2026-03-17
2026-03-17,"VISITAS AO PERFIL - 06/03 - HA - 25,00 - FASE 1",ABERTO,A3,"Casa & Cia Centro",not_delivering,ad,2073,2190,1.05643994,"Clique de 1 dia","Visitas ao perfil do Instagram",35,26.82,0.76628571,2026-03-06,Contínuo,29,12.24657534,2026-03-17,2026-03-17
2026-03-17,"PM | ABO | ENAGJ | PÓS | 17.03","RMKT — 06",F,"Casa & Cia Centro",not_delivering,ad,213,300,1.4084507,"Clique de 7 dias ou visualização de 1 dia",,,11.88,,2026-03-17,Contínuo,3,39.6,2026-03-17,2026-03-17
2026-03-17,"PM | ABO | ENAGJ | PÓS | 17.03","RMKT — 07",G,"Casa & Cia Centro",not_delivering,ad,184,304,1.65217391,"Clique de 7 dias ou visualização de 1 dia",,,10.66,,2026-03-17,Contínuo,2,35.06578947,2026-03-17,2026-03-17
2026-03-17,"PM | ABO | ENAGJ | PÓS | 17.03",RMKT,A,"Casa & Cia Centro",not_delivering,ad,290,440,1.51724138,"Clique de 7 dias ou visualização de 1 dia","Conversas por mensagem iniciadas",3,12.84,4.28,2026-03-17,Contínuo,4,29.18181818,2026-03-17,2026-03-17
2026-03-17,"PM | ABO | ENAGJ | PÓS | 17.03","RMKT — 02",B,"Casa & Cia Centro",not_delivering,ad,239,385,1.61087866,"Clique de 7 dias ou visualização de 1 dia",,,12.1,,2026-03-17,Contínuo,5,31.42857143,2026-03-17,2026-03-17
2026-03-17,"PM | ABO | ENAGJ | PÓS | 17.03","RMKT — 08",H,"Casa & Cia Centro",not_delivering,ad,196,294,1.5,"Clique de 7 dias ou visualização de 1 dia",,,10.5,,2026-03-17,Contínuo,4,35.71428571,2026-03-17,2026-03-17
2026-03-17,"PM | ABO | ENAGJ | PÓS | 17.03","RMKT — 05",E,"Casa & Cia Centro",not_delivering,ad,183,309,1.68852459,"Clique de 7 dias ou visualização de 1 dia","Conversas por mensagem iniciadas",2,11.62,5.81,2026-03-17,Contínuo,4,37.60517799,2026-03-17,2026-03-17
2026-03-16,"DC - FEVEREIRO/2026 / CBO F2 ABERTO — Cópia",SEGUIDORES,P2,"Casa & Cia Centro",not_delivering,ad,91,95,1.04395604,"Clique de 7 dias, visualização de 1 dia ou visualização com engajamento de 1 dia",,,1.02,,2026-03-13,Contínuo,2,10.73684211,2026-03-16,2026-03-16
2026-03-16,"DC - FEVEREIRO/2026 / CBO F2 ABERTO — Cópia",SEGUIDORES,VIDEO,"Casa & Cia Centro",not_delivering,ad,261,267,1.02298851,"Clique de 7 dias, visualização de 1 dia ou visualização com engajamento de 1 dia",,,4.36,,2026-03-13,Contínuo,9,16.32958801,2026-03-16,2026-03-16
2026-03-16,"DC - FEVEREIRO/2026 / CBO F2 ABERTO — Cópia",SEGUIDORES,VIDEO,"Casa & Cia Centro",not_delivering,ad,292,295,1.01027397,"Clique de 7 dias, visualização de 1 dia ou visualização com engajamento de 1 dia",,,4.77,,2026-03-14,Contínuo,11,16.16949153,2026-03-16,2026-03-16
2026-03-16,"DC - FEVEREIRO/2026 / CBO F2 ABERTO — Cópia",VV,VIDEO,"Casa & Cia Centro",not_delivering,ad,42,42,1,"Clique de 7 dias, visualização de 1 dia ou visualização com engajamento de 1 dia",,,0.55,,2026-03-13,Contínuo,4,13.0952381,2026-03-16,2026-03-16
2026-03-16,"DC - FEVEREIRO/2026 / CBO F2 ABERTO — Cópia",ENGAJAMENTO,VIDEO,"Casa & Cia Centro",not_delivering,ad,68,68,1,"Clique de 7 dias, visualização de 1 dia ou visualização com engajamento de 1 dia",,,0.99,,2026-03-13,Contínuo,,14.55882353,2026-03-16,2026-03-16
2026-03-16,"DC - FEVEREIRO/2026 / CBO F2",SEGUIDORES,VIDEO,"Casa & Cia Centro",not_delivering,ad,214,240,1.12149533,"Clique de 7 dias, visualização de 1 dia ou visualização com engajamento de 1 dia",,,3.68,,2026-03-07,Contínuo,6,15.33333333,2026-03-16,2026-03-16
2026-03-16,"DC - FEVEREIRO/2026 / CBO F2 ABERTO — Cópia",ENGAJAMENTO,P2,"Casa & Cia Centro",not_delivering,ad,28,34,1.21428571,"Clique de 7 dias, visualização de 1 dia ou visualização com engajamento de 1 dia",,,0.46,,2026-03-14,Contínuo,1,13.52941176,2026-03-16,2026-03-16
2026-03-16,"VISITAS AO PERFIL - 06/03 - HA - 25,00 - FASE 1",ABERTO,A3,"Casa & Cia Centro",not_delivering,ad,2093,2268,1.08361204,"Clique de 1 dia","Visitas ao perfil do Instagram",43,26.6,0.61860465,2026-03-06,Contínuo,40,11.72839506,2026-03-16,2026-03-16
2026-03-16,"DC - FEVEREIRO/2026 / CBO F2",ENGAJAMENTO,VIDEO,"Casa & Cia Centro",not_delivering,ad,713,912,1.27910238,"Clique de 7 dias, visualização de 1 dia ou visualização com engajamento de 1 dia",,,16.06,,2026-03-07,Contínuo,25,17.60964912,2026-03-16,2026-03-16
2026-03-16,"DC - FEVEREIRO/2026 / CBO F2 ABERTO — Cópia",VV,VIDEO,"Casa & Cia Centro",not_delivering,ad,17,17,1,"Clique de 7 dias, visualização de 1 dia ou visualização com engajamento de 1 dia",,,0.36,,2026-03-14,Contínuo,,21.17647059,2026-03-16,2026-03-16
2026-03-16,"DC - FEVEREIRO/2026 / CBO F2 ABERTO — Cópia",SEGUIDORES,P2,"Casa & Cia Centro",not_delivering,ad,11,11,1,"Clique de 7 dias, visualização de 1 dia ou visualização com engajamento de 1 dia",,,0.25,,2026-03-14,Contínuo,,22.72727273,2026-03-16,2026-03-16
2026-03-16,"DC - FEVEREIRO/2026 / CBO F2 ABERTO — Cópia",ENGAJAMENTO,VIDEO,"Casa & Cia Centro",not_delivering,ad,255,260,1.01960784,"Clique de 7 dias, visualização de 1 dia ou visualização com engajamento de 1 dia",,,3.72,,2026-03-14,Contínuo,6,14.30769231,2026-03-16,2026-03-16
2026-03-16,"DC - FEVEREIRO/2026 / CBO F2 ABERTO — Cópia",VV,VIDEO,"Casa & Cia Centro",not_delivering,ad,5,5,1,"Clique de 7 dias, visualização de 1 dia ou visualização com engajamento de 1 dia",,,0.14,,2026-03-14,Contínuo,,28,2026-03-16,2026-03-16
2026-03-16,"DC - FEVEREIRO/2026 / CBO F2 ABERTO — Cópia",ENGAJAMENTO,P1,"Casa & Cia Centro",not_delivering,ad,1,1,1,"Clique de 7 dias, visualização de 1 dia ou visualização com engajamento de 1 dia",,,0,,2026-03-14,Contínuo,,0,2026-03-16,2026-03-16
2026-03-16,"HA | ABO | ENGAJ | 9 LINKS | 06.03 - FASE 2 - 50,00 — Número 21011","A9 - INTERESSE SÓ VIAJANTES E DISNEY",C,"Casa & Cia Centro",not_delivering,ad,7,7,1,"Clique de 7 dias ou visualização de 1 dia",,,0.09,,2026-03-06,Contínuo,,12.85714286,2026-03-16,2026-03-16
2026-03-16,"DC - FEVEREIRO/2026 / CBO F2 ABERTO — Cópia",ENGAJAMENTO,VIDEO,"Casa & Cia Centro",not_delivering,ad,328,337,1.02743902,"Clique de 7 dias, visualização de 1 dia ou visualização com engajamento de 1 dia",,,5.24,,2026-03-14,Contínuo,3,15.54896142,2026-03-16,2026-03-16
2026-03-16,"DC - FEVEREIRO/2026 / CBO F2 ABERTO — Cópia",SEGUIDORES,P2,"Casa & Cia Centro",not_delivering,ad,35,35,1,"Clique de 7 dias, visualização de 1 dia ou visualização com engajamento de 1 dia",,,0.29,,2026-03-13,Contínuo,,8.28571429,2026-03-16,2026-03-16
2026-03-16,"DC - FEVEREIRO/2026 / CBO F2 ABERTO — Cópia",SEGUIDORES,VIDEO,"Casa & Cia Centro",not_delivering,ad,134,140,1.04477612,"Clique de 7 dias, visualização de 1 dia ou visualização com engajamento de 1 dia",,,2.42,,2026-03-14,Contínuo,8,17.28571429,2026-03-16,2026-03-16
2026-03-16,"DC - FEVEREIRO/2026 / CBO F2 ABERTO — Cópia",SEGUIDORES,P1,"Casa & Cia Centro",not_delivering,ad,2,2,1,"Clique de 7 dias, visualização de 1 dia ou visualização com engajamento de 1 dia",,,0.04,,2026-03-13,Contínuo,,20,2026-03-16,2026-03-16
2026-03-16,"DC - FEVEREIRO/2026 / CBO F2 ABERTO — Cópia",ENGAJAMENTO,VIDEO,"Casa & Cia Centro",not_delivering,ad,249,259,1.04016064,"Clique de 7 dias, visualização de 1 dia ou visualização com engajamento de 1 dia",,,4.49,,2026-03-14,Contínuo,2,17.33590734,2026-03-16,2026-03-16
2026-03-16,"DC - FEVEREIRO/2026 / CBO F2 ABERTO — Cópia",VV,VIDEO,"Casa & Cia Centro",not_delivering,ad,11,11,1,"Clique de 7 dias, visualização de 1 dia ou visualização com engajamento de 1 dia",,,0.03,,2026-03-13,Contínuo,,2.72727273,2026-03-16,2026-03-16
2026-03-16,"DC - FEVEREIRO/2026 / CBO F2 ABERTO — Cópia",ENGAJAMENTO,P1,"Casa & Cia Centro",not_delivering,ad,2,2,1,"Clique de 7 dias, visualização de 1 dia ou visualização com engajamento de 1 dia",,,0.02,,2026-03-13,Contínuo,,10,2026-03-16,2026-03-16
2026-03-16,"DC - FEVEREIRO/2026 / CBO F2 ABERTO",ENGAJAMENTO,VIDEO,"Casa & Cia Centro",not_delivering,ad,3588,4016,1.11928651,"Clique de 7 dias, visualização de 1 dia ou visualização com engajamento de 1 dia",,,51.9,,2026-03-07,Contínuo,73,12.92330677,2026-03-16,2026-03-16
2026-03-16,"DC - FEVEREIRO/2026 / CBO F2 ABERTO — Cópia",SEGUIDORES,P2,"Casa & Cia Centro",not_delivering,ad,381,395,1.03674541,"Clique de 7 dias, visualização de 1 dia ou visualização com engajamento de 1 dia",,,3.93,,2026-03-14,Contínuo,7,9.94936709,2026-03-16,2026-03-16
2026-03-16,"DC - FEVEREIRO/2026 / CBO F2 ABERTO",SEGUIDORES,P1,"Casa & Cia Centro",not_delivering,ad,29,30,1.03448276,"Clique de 7 dias, visualização de 1 dia ou visualização com engajamento de 1 dia",,,0.41,,2026-03-07,Contínuo,2,13.66666667,2026-03-16,2026-03-16
2026-03-16,"DC - FEVEREIRO/2026 / CBO F2 ABERTO",VV,P2,"Casa & Cia Centro",not_delivering,ad,1,1,1,"Clique de 7 dias, visualização de 1 dia ou visualização com engajamento de 1 dia",,,0,,2026-03-07,Contínuo,,0,2026-03-16,2026-03-16
2026-03-16,"DC - FEVEREIRO/2026 / CBO F2 ABERTO — Cópia",VV,P1,"Casa & Cia Centro",not_delivering,ad,17,17,1,"Clique de 7 dias, visualização de 1 dia ou visualização com engajamento de 1 dia",,,0.2,,2026-03-14,Contínuo,,11.76470588,2026-03-16,2026-03-16
2026-03-16,"DC - FEVEREIRO/2026 / CBO F2 ABERTO",SEGUIDORES,VIDEO,"Casa & Cia Centro",not_delivering,ad,111,111,1,"Clique de 7 dias, visualização de 1 dia ou visualização com engajamento de 1 dia",,,1.76,,2026-03-07,Contínuo,3,15.85585586,2026-03-16,2026-03-16
2026-03-16,"DC - FEVEREIRO/2026 / CBO F2 ABERTO — Cópia",VV,VIDEO,"Casa & Cia Centro",not_delivering,ad,27,28,1.03703704,"Clique de 7 dias, visualização de 1 dia ou visualização com engajamento de 1 dia",,,0.78,,2026-03-14,Contínuo,1,27.85714286,2026-03-16,2026-03-16
2026-03-16,"DC - FEVEREIRO/2026 / CBO F2 ABERTO — Cópia",ENGAJAMENTO,VIDEO,"Casa & Cia Centro",not_delivering,ad,369,381,1.03252033,"Clique de 7 dias, visualização de 1 dia ou visualização com engajamento de 1 dia",,,5.08,,2026-03-13,Contínuo,2,13.33333333,2026-03-16,2026-03-16
2026-03-16,"DC - FEVEREIRO/2026 / CBO F2 ABERTO — Cópia",SEGUIDORES,VIDEO,"Casa & Cia Centro",not_delivering,ad,352,358,1.01704545,"Clique de 7 dias, visualização de 1 dia ou visualização com engajamento de 1 dia",,,6.2,,2026-03-13,Contínuo,9,17.31843575,2026-03-16,2026-03-16
2026-03-16,"DC - FEVEREIRO/2026 / CBO F2 ABERTO — Cópia",VV,P2,"Casa & Cia Centro",not_delivering,ad,14,14,1,"Clique de 7 dias, visualização de 1 dia ou visualização com engajamento de 1 dia",,,0.17,,2026-03-14,Contínuo,1,12.14285714,2026-03-16,2026-03-16
2026-03-16,"DC - FEVEREIRO/2026 / CBO F2 ABERTO — Cópia",SEGUIDORES,P1,"Casa & Cia Centro",not_delivering,ad,45,47,1.04444444,"Clique de 7 dias, visualização de 1 dia ou visualização com engajamento de 1 dia",,,0.59,,2026-03-14,Contínuo,1,12.55319149,2026-03-16,2026-03-16
2026-03-16,"VISITAS AO PERFIL - 06/03 - HA - 25,00 - FASE 1",ABERTO,A2,"Casa & Cia Centro",not_delivering,ad,82,82,1,"Clique de 1 dia","Visitas ao perfil do Instagram",3,1.03,0.34333333,2026-03-06,Contínuo,3,12.56097561,2026-03-16,2026-03-16
2026-03-16,"DC - FEVEREIRO/2026 / CBO F2 ABERTO — Cópia",SEGUIDORES,P2,"Casa & Cia Centro",not_delivering,ad,125,126,1.008,"Clique de 7 dias, visualização de 1 dia ou visualização com engajamento de 1 dia",,,1.54,,2026-03-13,Contínuo,2,12.22222222,2026-03-16,2026-03-16
2026-03-16,"DC - FEVEREIRO/2026 / CBO F2 ABERTO — Cópia",ENGAJAMENTO,P1,"Casa & Cia Centro",not_delivering,ad,156,167,1.07051282,"Clique de 7 dias, visualização de 1 dia ou visualização com engajamento de 1 dia",,,1.98,,2026-03-14,Contínuo,1,11.85628743,2026-03-16,2026-03-16
2026-03-16,"DC - FEVEREIRO/2026 / CBO F2 ABERTO",SEGUIDORES,P2,"Casa & Cia Centro",not_delivering,ad,30,31,1.03333333,"Clique de 7 dias, visualização de 1 dia ou visualização com engajamento de 1 dia",,,0.23,,2026-03-07,Contínuo,,7.41935484,2026-03-16,2026-03-16
2026-03-16,"DC - FEVEREIRO/2026 / CBO F2 ABERTO — Cópia",VV,P2,"Casa & Cia Centro",not_delivering,ad,17,17,1,"Clique de 7 dias, visualização de 1 dia ou visualização com engajamento de 1 dia",,,0.12,,2026-03-14,Contínuo,,7.05882353,2026-03-16,2026-03-16
2026-03-16,"DC - FEVEREIRO/2026 / CBO F2 ABERTO — Cópia",SEGUIDORES,VIDEO,"Casa & Cia Centro",not_delivering,ad,263,272,1.03422053,"Clique de 7 dias, visualização de 1 dia ou visualização com engajamento de 1 dia",,,4.42,,2026-03-14,Contínuo,5,16.25,2026-03-16,2026-03-16
2026-03-16,"DC - FEVEREIRO/2026 / CBO F2 ABERTO — Cópia",ENGAJAMENTO,P1,"Casa & Cia Centro",not_delivering,ad,207,214,1.03381643,"Clique de 7 dias, visualização de 1 dia ou visualização com engajamento de 1 dia",,,2.38,,2026-03-14,Contínuo,4,11.12149533,2026-03-16,2026-03-16
2026-03-16,"DC - FEVEREIRO/2026 / CBO F2",VISITAS,P1,"Casa & Cia Centro",not_delivering,ad,5,6,1.2,"Clique de 7 dias, visualização de 1 dia ou visualização com engajamento de 1 dia",,,0.05,,2026-03-07,Contínuo,,8.33333333,2026-03-16,2026-03-16
2026-03-16,"DC - FEVEREIRO/2026 / CBO F2 ABERTO — Cópia",ENGAJAMENTO,P2,"Casa & Cia Centro",not_delivering,ad,33,37,1.12121212,"Clique de 7 dias, visualização de 1 dia ou visualização com engajamento de 1 dia",,,0.45,,2026-03-14,Contínuo,,12.16216216,2026-03-16,2026-03-16
2026-03-16,"DC - FEVEREIRO/2026 / CBO F2",VV,VIDEO,"Casa & Cia Centro",not_delivering,ad,322,355,1.10248447,"Clique de 7 dias, visualização de 1 dia ou visualização com engajamento de 1 dia",,,6.31,,2026-03-07,Contínuo,15,17.77464789,2026-03-16,2026-03-16
2026-03-16,"DC - FEVEREIRO/2026 / CBO F2 ABERTO — Cópia",VV,P1,"Casa & Cia Centro",not_delivering,ad,32,32,1,"Clique de 7 dias, visualização de 1 dia ou visualização com engajamento de 1 dia",,,0.5,,2026-03-14,Contínuo,1,15.625,2026-03-16,2026-03-16
2026-03-16,"DC - FEVEREIRO/2026 / CBO F2 ABERTO — Cópia",SEGUIDORES,VIDEO,"Casa & Cia Centro",not_delivering,ad,1214,1280,1.05436573,"Clique de 7 dias, visualização de 1 dia ou visualização com engajamento de 1 dia",,,16.8,,2026-03-13,Contínuo,20,13.125,2026-03-16,2026-03-16
2026-03-16,"PM | CBO | ENGAJ | 13.03","A9 - INTERESSE SÓ VIAJANTES E DISNEY — Cópia",C,"Casa & Cia Centro",not_delivering,ad,39,39,1,"Clique de 7 dias ou visualização de 1 dia",,,0.44,,2026-03-13,Contínuo,,11.28205128,2026-03-16,2026-03-16
2026-03-16,"DC - FEVEREIRO/2026 / CBO F2 ABERTO — Cópia",SEGUIDORES,P2,"Casa & Cia Centro",not_delivering,ad,13,13,1,"Clique de 7 dias, visualização de 1 dia ou visualização com engajamento de 1 dia",,,0.1,,2026-03-14,Contínuo,,7.69230769,2026-03-16,2026-03-16
2026-03-16,"DC - FEVEREIRO/2026 / CBO F2 ABERTO — Cópia",VV,P2,"Casa & Cia Centro",not_delivering,ad,2,2,1,"Clique de 7 dias, visualização de 1 dia ou visualização com engajamento de 1 dia",,,0.01,,2026-03-13,Contínuo,,5,2026-03-16,2026-03-16
2026-03-16,"DC - FEVEREIRO/2026 / CBO F2 ABERTO",VV,P1,"Casa & Cia Centro",not_delivering,ad,10,10,1,"Clique de 7 dias, visualização de 1 dia ou visualização com engajamento de 1 dia",,,0.06,,2026-03-07,Contínuo,,6,2026-03-16,2026-03-16
2026-03-16,"DC - FEVEREIRO/2026 / CBO F2 ABERTO — Cópia",ENGAJAMENTO,VIDEO,"Casa & Cia Centro",not_delivering,ad,3,3,1,"Clique de 7 dias, visualização de 1 dia ou visualização com engajamento de 1 dia",,,0.02,,2026-03-13,Contínuo,,6.66666667,2026-03-16,2026-03-16
2026-03-15,"VISITAS AO PERFIL - 06/03 - HA - 25,00 - FASE 1",ABERTO,A3,"Casa & Cia Centro",not_delivering,ad,2271,2436,1.07265522,"Clique de 1 dia","Visitas ao perfil do Instagram",46,35.29,0.76717391,2026-03-06,Contínuo,42,14.48686371,2026-03-15,2026-03-15
2026-03-15,"DC - FEVEREIRO/2026 / CBO F2 ABERTO — Cópia",VV,P2,"Casa & Cia Centro",not_delivering,ad,19,19,1,"Clique de 7 dias, visualização de 1 dia ou visualização com engajamento de 1 dia",,,0.24,,2026-03-14,Contínuo,,12.63157895,2026-03-15,2026-03-15
2026-03-15,"DC - FEVEREIRO/2026 / CBO F2",ENGAJAMENTO,VIDEO,"Casa & Cia Centro",not_delivering,ad,1166,1464,1.25557461,"Clique de 7 dias, visualização de 1 dia ou visualização com engajamento de 1 dia",,,25.35,,2026-03-07,Contínuo,52,17.31557377,2026-03-15,2026-03-15
2026-03-15,"DC - FEVEREIRO/2026 / CBO F2 ABERTO — Cópia",ENGAJAMENTO,P2,"Casa & Cia Centro",not_delivering,ad,1,1,1,"Clique de 7 dias, visualização de 1 dia ou visualização com engajamento de 1 dia",,,0,,2026-03-13,Contínuo,,0,2026-03-15,2026-03-15
2026-03-15,"DC - FEVEREIRO/2026 / CBO F2 ABERTO — Cópia",VV,P1,"Casa & Cia Centro",not_delivering,ad,11,12,1.09090909,"Clique de 7 dias, visualização de 1 dia ou visualização com engajamento de 1 dia",,,0.15,,2026-03-14,Contínuo,,12.5,2026-03-15,2026-03-15
2026-03-15,"DC - FEVEREIRO/2026 / CBO F2 ABERTO — Cópia",SEGUIDORES,VIDEO,"Casa & Cia Centro",not_delivering,ad,1341,1486,1.10812826,"Clique de 7 dias, visualização de 1 dia ou visualização com engajamento de 1 dia",,,30.32,,2026-03-14,Contínuo,65,20.40376851,2026-03-15,2026-03-15
2026-03-15,"DC - FEVEREIRO/2026 / CBO F2 ABERTO — Cópia",ENGAJAMENTO,P2,"Casa & Cia Centro",not_delivering,ad,66,71,1.07575758,"Clique de 7 dias, visualização de 1 dia ou visualização com engajamento de 1 dia",,,1.41,,2026-03-14,Contínuo,2,19.85915493,2026-03-15,2026-03-15
2026-03-15,"DC - FEVEREIRO/2026 / CBO F2",SEGUIDORES,VIDEO,"Casa & Cia Centro",not_delivering,ad,301,337,1.11960133,"Clique de 7 dias, visualização de 1 dia ou visualização com engajamento de 1 dia",,,5.07,,2026-03-07,Contínuo,10,15.04451039,2026-03-15,2026-03-15
2026-03-15,"DC - FEVEREIRO/2026 / CBO F2 ABERTO — Cópia",ENGAJAMENTO,VIDEO,"Casa & Cia Centro",not_delivering,ad,320,333,1.040625,"Clique de 7 dias, visualização de 1 dia ou visualização com engajamento de 1 dia",,,7.94,,2026-03-13,Contínuo,17,23.84384384,2026-03-15,2026-03-15
2026-03-15,"DC - FEVEREIRO/2026 / CBO F2 ABERTO — Cópia",VV,VIDEO,"Casa & Cia Centro",not_delivering,ad,20,20,1,"Clique de 7 dias, visualização de 1 dia ou visualização com engajamento de 1 dia",,,1.01,,2026-03-13,Contínuo,3,50.5,2026-03-15,2026-03-15
2026-03-15,"DC - FEVEREIRO/2026 / CBO F2 ABERTO",ENGAJAMENTO,VIDEO,"Casa & Cia Centro",not_delivering,ad,4687,5199,1.10923832,"Clique de 7 dias, visualização de 1 dia ou visualização com engajamento de 1 dia",,,95.77,,2026-03-07,Contínuo,263,18.42085016,2026-03-15,2026-03-15
2026-03-15,"DC - FEVEREIRO/2026 / CBO F2",SEGUIDORES,P2,"Casa & Cia Centro",not_delivering,ad,18,19,1.05555556,"Clique de 7 dias, visualização de 1 dia ou visualização com engajamento de 1 dia",,,0.22,,2026-03-07,Contínuo,,11.57894737,2026-03-15,2026-03-15
2026-03-15,"DC - FEVEREIRO/2026 / CBO F2 ABERTO — Cópia",VV,VIDEO,"Casa & Cia Centro",not_delivering,ad,95,104,1.09473684,"Clique de 7 dias, visualização de 1 dia ou visualização com engajamento de 1 dia",,,5.56,,2026-03-14,Contínuo,17,53.46153846,2026-03-15,2026-03-15
2026-03-15,"DC - FEVEREIRO/2026 / CBO F2 ABERTO — Cópia",VV,VIDEO,"Casa & Cia Centro",not_delivering,ad,68,69,1.01470588,"Clique de 7 dias, visualização de 1 dia ou visualização com engajamento de 1 dia",,,1.96,,2026-03-13,Contínuo,12,28.4057971,2026-03-15,2026-03-15
2026-03-15,"DC - FEVEREIRO/2026 / CBO F2 ABERTO — Cópia",VV,P1,"Casa & Cia Centro",not_delivering,ad,47,49,1.04255319,"Clique de 7 dias, visualização de 1 dia ou visualização com engajamento de 1 dia",,,0.56,,2026-03-13,Contínuo,1,11.42857143,2026-03-15,2026-03-15
2026-03-15,"DC - FEVEREIRO/2026 / CBO F2 ABERTO — Cópia",SEGUIDORES,P2,"Casa & Cia Centro",not_delivering,ad,33,34,1.03030303,"Clique de 7 dias, visualização de 1 dia ou visualização com engajamento de 1 dia",,,0.47,,2026-03-14,Contínuo,1,13.82352941,2026-03-15,2026-03-15
2026-03-15,"DC - FEVEREIRO/2026 / CBO F2 ABERTO — Cópia",SEGUIDORES,P2,"Casa & Cia Centro",not_delivering,ad,16,17,1.0625,"Clique de 7 dias, visualização de 1 dia ou visualização com engajamento de 1 dia",,,0.2,,2026-03-13,Contínuo,2,11.76470588,2026-03-15,2026-03-15
2026-03-15,"DC - FEVEREIRO/2026 / CBO F2 ABERTO — Cópia",VV,VIDEO,"Casa & Cia Centro",not_delivering,ad,28,30,1.07142857,"Clique de 7 dias, visualização de 1 dia ou visualização com engajamento de 1 dia",,,1.38,,2026-03-14,Contínuo,5,46,2026-03-15,2026-03-15
2026-03-15,"DC - FEVEREIRO/2026 / CBO F2 ABERTO — Cópia",ENGAJAMENTO,VIDEO,"Casa & Cia Centro",not_delivering,ad,2795,3186,1.13989267,"Clique de 7 dias, visualização de 1 dia ou visualização com engajamento de 1 dia",,,70.83,,2026-03-14,Contínuo,205,22.23163842,2026-03-15,2026-03-15
2026-03-15,"HA | ABO | ENGAJ | 9 LINKS | 06.03 - FASE 2 - 50,00 — Número 21011","A9 - INTERESSE SÓ VIAJANTES E DISNEY",C,"Casa & Cia Centro",not_delivering,ad,309,336,1.08737864,"Clique de 7 dias ou visualização de 1 dia","Conversas por mensagem iniciadas",1,8.84,8.84,2026-03-06,Contínuo,4,26.30952381,2026-03-15,2026-03-15
2026-03-15,"DC - FEVEREIRO/2026 / CBO F2 ABERTO — Cópia",ENGAJAMENTO,VIDEO,"Casa & Cia Centro",not_delivering,ad,3730,4144,1.11099196,"Clique de 7 dias, visualização de 1 dia ou visualização com engajamento de 1 dia",,,72.93,,2026-03-14,Contínuo,200,17.59893822,2026-03-15,2026-03-15
2026-03-15,"DC - FEVEREIRO/2026 / CBO F2 ABERTO — Cópia",SEGUIDORES,P2,"Casa & Cia Centro",not_delivering,ad,20,21,1.05,"Clique de 7 dias, visualização de 1 dia ou visualização com engajamento de 1 dia",,,0.14,,2026-03-13,Contínuo,,6.66666667,2026-03-15,2026-03-15
2026-03-15,"DC - FEVEREIRO/2026 / CBO F2 ABERTO — Cópia",SEGUIDORES,VIDEO,"Casa & Cia Centro",not_delivering,ad,1668,1884,1.1294964,"Clique de 7 dias, visualização de 1 dia ou visualização com engajamento de 1 dia",,,67.32,,2026-03-14,Contínuo,196,35.73248408,2026-03-15,2026-03-15
2026-03-15,"DC - FEVEREIRO/2026 / CBO F2 ABERTO — Cópia",SEGUIDORES,P1,"Casa & Cia Centro",not_delivering,ad,7,7,1,"Clique de 7 dias, visualização de 1 dia ou visualização com engajamento de 1 dia",,,0.23,,2026-03-13,Contínuo,,32.85714286,2026-03-15,2026-03-15
2026-03-15,"DC - FEVEREIRO/2026 / CBO F2 ABERTO — Cópia",ENGAJAMENTO,VIDEO,"Casa & Cia Centro",not_delivering,ad,1069,1132,1.05893358,"Clique de 7 dias, visualização de 1 dia ou visualização com engajamento de 1 dia",,,25.85,,2026-03-14,Contínuo,50,22.83568905,2026-03-15,2026-03-15
2026-03-15,"DC - FEVEREIRO/2026 / CBO F2 ABERTO — Cópia",SEGUIDORES,P1,"Casa & Cia Centro",not_delivering,ad,16,16,1,"Clique de 7 dias, visualização de 1 dia ou visualização com engajamento de 1 dia",,,0.25,,2026-03-13,Contínuo,1,15.625,2026-03-15,2026-03-15
2026-03-15,"DC - FEVEREIRO/2026 / CBO F2 ABERTO — Cópia",ENGAJAMENTO,P1,"Casa & Cia Centro",not_delivering,ad,80,82,1.025,"Clique de 7 dias, visualização de 1 dia ou visualização com engajamento de 1 dia",,,0.87,,2026-03-13,Contínuo,3,10.6097561,2026-03-15,2026-03-15
2026-03-15,"DC - FEVEREIRO/2026 / CBO F2 ABERTO — Cópia",SEGUIDORES,P2,"Casa & Cia Centro",not_delivering,ad,1003,1088,1.08474576,"Clique de 7 dias, visualização de 1 dia ou visualização com engajamento de 1 dia",,,11.38,,2026-03-14,Contínuo,20,10.45955882,2026-03-15,2026-03-15
2026-03-15,"DC - FEVEREIRO/2026 / CBO F2 ABERTO — Cópia",SEGUIDORES,VIDEO,"Casa & Cia Centro",not_delivering,ad,1746,1892,1.0836197,"Clique de 7 dias, visualização de 1 dia ou visualização com engajamento de 1 dia",,,50.84,,2026-03-13,Contínuo,152,26.87103594,2026-03-15,2026-03-15
2026-03-15,"DC - FEVEREIRO/2026 / CBO F2",SEGUIDORES,P1,"Casa & Cia Centro",not_delivering,ad,27,29,1.07407407,"Clique de 7 dias, visualização de 1 dia ou visualização com engajamento de 1 dia",,,0.22,,2026-03-07,Contínuo,,7.5862069,2026-03-15,2026-03-15
2026-03-15,"DC - FEVEREIRO/2026 / CBO F2 ABERTO — Cópia",ENGAJAMENTO,P1,"Casa & Cia Centro",not_delivering,ad,95,97,1.02105263,"Clique de 7 dias, visualização de 1 dia ou visualização com engajamento de 1 dia",,,0.85,,2026-03-14,Contínuo,1,8.7628866,2026-03-15,2026-03-15
2026-03-15,"DC - FEVEREIRO/2026 / CBO F2 ABERTO — Cópia",VV,P1,"Casa & Cia Centro",not_delivering,ad,140,152,1.08571429,"Clique de 7 dias, visualização de 1 dia ou visualização com engajamento de 1 dia",,,1.98,,2026-03-14,Contínuo,1,13.02631579,2026-03-15,2026-03-15
2026-03-15,"DC - FEVEREIRO/2026 / CBO F2 ABERTO",SEGUIDORES,VIDEO,"Casa & Cia Centro",not_delivering,ad,426,459,1.07746479,"Clique de 7 dias, visualização de 1 dia ou visualização com engajamento de 1 dia",,,9.39,,2026-03-07,Contínuo,28,20.45751634,2026-03-15,2026-03-15
2026-03-15,"DC - FEVEREIRO/2026 / CBO F2 ABERTO — Cópia",VV,VIDEO,"Casa & Cia Centro",not_delivering,ad,99,113,1.14141414,"Clique de 7 dias, visualização de 1 dia ou visualização com engajamento de 1 dia",,,9.07,,2026-03-14,Contínuo,30,80.26548673,2026-03-15,2026-03-15
2026-03-15,"DC - FEVEREIRO/2026 / CBO F2 ABERTO — Cópia",ENGAJAMENTO,VIDEO,"Casa & Cia Centro",not_delivering,ad,378,413,1.09259259,"Clique de 7 dias, visualização de 1 dia ou visualização com engajamento de 1 dia",,,8.47,,2026-03-13,Contínuo,25,20.50847458,2026-03-15,2026-03-15
2026-03-15,"DC - FEVEREIRO/2026 / CBO F2 ABERTO — Cópia",VV,P2,"Casa & Cia Centro",not_delivering,ad,166,180,1.08433735,"Clique de 7 dias, visualização de 1 dia ou visualização com engajamento de 1 dia",,,2.07,,2026-03-14,Contínuo,3,11.5,2026-03-15,2026-03-15
2026-03-15,"DC - FEVEREIRO/2026 / CBO F2 ABERTO — Cópia",SEGUIDORES,P1,"Casa & Cia Centro",not_delivering,ad,152,171,1.125,"Clique de 7 dias, visualização de 1 dia ou visualização com engajamento de 1 dia",,,2.23,,2026-03-14,Contínuo,2,13.04093567,2026-03-15,2026-03-15
2026-03-15,"VISITAS AO PERFIL - 06/03 - HA - 25,00 - FASE 1",ABERTO,A2,"Casa & Cia Centro",not_delivering,ad,2,2,1,"Clique de 1 dia",,,0.01,,2026-03-06,Contínuo,,5,2026-03-15,2026-03-15
2026-03-15,"DC - FEVEREIRO/2026 / CBO F2 ABERTO — Cópia",SEGUIDORES,VIDEO,"Casa & Cia Centro",not_delivering,ad,840,905,1.07738095,"Clique de 7 dias, visualização de 1 dia ou visualização com engajamento de 1 dia",,,27.59,,2026-03-14,Contínuo,57,30.48618785,2026-03-15,2026-03-15
2026-03-15,"DC - FEVEREIRO/2026 / CBO F2 ABERTO — Cópia",SEGUIDORES,P2,"Casa & Cia Centro",not_delivering,ad,187,194,1.03743316,"Clique de 7 dias, visualização de 1 dia ou visualização com engajamento de 1 dia",,,2.16,,2026-03-13,Contínuo,7,11.13402062,2026-03-15,2026-03-15
2026-03-15,"DC - FEVEREIRO/2026 / CBO F2 ABERTO — Cópia",ENGAJAMENTO,P1,"Casa & Cia Centro",not_delivering,ad,287,308,1.07317073,"Clique de 7 dias, visualização de 1 dia ou visualização com engajamento de 1 dia",,,3.44,,2026-03-14,Contínuo,12,11.16883117,2026-03-15,2026-03-15
2026-03-15,"DC - FEVEREIRO/2026 / CBO F2 ABERTO — Cópia",ENGAJAMENTO,P2,"Casa & Cia Centro",not_delivering,ad,21,22,1.04761905,"Clique de 7 dias, visualização de 1 dia ou visualização com engajamento de 1 dia",,,0.31,,2026-03-14,Contínuo,1,14.09090909,2026-03-15,2026-03-15
2026-03-15,"DC - FEVEREIRO/2026 / CBO F2 ABERTO — Cópia",VV,P2,"Casa & Cia Centro",not_delivering,ad,173,190,1.0982659,"Clique de 7 dias, visualização de 1 dia ou visualização com engajamento de 1 dia",,,2.38,,2026-03-14,Contínuo,3,12.52631579,2026-03-15,2026-03-15
2026-03-15,"DC - FEVEREIRO/2026 / CBO F2 ABERTO — Cópia",SEGUIDORES,P1,"Casa & Cia Centro",not_delivering,ad,64,72,1.125,"Clique de 7 dias, visualização de 1 dia ou visualização com engajamento de 1 dia",,,0.97,,2026-03-14,Contínuo,,13.47222222,2026-03-15,2026-03-15
2026-03-15,"DC - FEVEREIRO/2026 / CBO F2 ABERTO — Cópia",SEGUIDORES,VIDEO,"Casa & Cia Centro",not_delivering,ad,1934,2146,1.10961737,"Clique de 7 dias, visualização de 1 dia ou visualização com engajamento de 1 dia",,,38.82,,2026-03-13,Contínuo,118,18.08946878,2026-03-15,2026-03-15
2026-03-15,"DC - FEVEREIRO/2026 / CBO F2 ABERTO — Cópia",ENGAJAMENTO,P1,"Casa & Cia Centro",not_delivering,ad,471,500,1.06157113,"Clique de 7 dias, visualização de 1 dia ou visualização com engajamento de 1 dia",,,4.69,,2026-03-14,Contínuo,11,9.38,2026-03-15,2026-03-15
2026-03-15,"DC - FEVEREIRO/2026 / CBO F2 ABERTO — Cópia",SEGUIDORES,VIDEO,"Casa & Cia Centro",not_delivering,ad,1732,1905,1.09988453,"Clique de 7 dias, visualização de 1 dia ou visualização com engajamento de 1 dia",,,39.32,,2026-03-13,Contínuo,132,20.64041995,2026-03-15,2026-03-15
2026-03-15,"DC - FEVEREIRO/2026 / CBO F2 ABERTO — Cópia",SEGUIDORES,P1,"Casa & Cia Centro",not_delivering,ad,11,12,1.09090909,"Clique de 7 dias, visualização de 1 dia ou visualização com engajamento de 1 dia",,,0.12,,2026-03-14,Contínuo,,10,2026-03-15,2026-03-15
2026-03-15,"DC - FEVEREIRO/2026 / CBO F2 ABERTO — Cópia",VV,P2,"Casa & Cia Centro",not_delivering,ad,4,4,1,"Clique de 7 dias, visualização de 1 dia ou visualização com engajamento de 1 dia",,,0.06,,2026-03-13,Contínuo,1,15,2026-03-15,2026-03-15
2026-03-15,"DC - FEVEREIRO/2026 / CBO F2",ENGAJAMENTO,P2,"Casa & Cia Centro",not_delivering,ad,99,106,1.07070707,"Clique de 7 dias, visualização de 1 dia ou visualização com engajamento de 1 dia",,,1.39,,2026-03-07,Contínuo,2,13.11320755,2026-03-15,2026-03-15
2026-03-15,"DC - FEVEREIRO/2026 / CBO F2 ABERTO",ENGAJAMENTO,P1,"Casa & Cia Centro",not_delivering,ad,14,14,1,"Clique de 7 dias, visualização de 1 dia ou visualização com engajamento de 1 dia",,,0.12,,2026-03-07,Contínuo,,8.57142857,2026-03-15,2026-03-15
2026-03-15,"PM | CBO | ENGAJ | 13.03","A9 - INTERESSE SÓ VIAJANTES E DISNEY — Cópia",C,"Casa & Cia Centro",not_delivering,ad,307,399,1.29967427,"Clique de 7 dias ou visualização de 1 dia","Conversas por mensagem iniciadas",2,10.83,5.415,2026-03-13,Contínuo,3,27.14285714,2026-03-15,2026-03-15
2026-03-15,"DC - FEVEREIRO/2026 / CBO F2 ABERTO — Cópia",SEGUIDORES,P2,"Casa & Cia Centro",not_delivering,ad,227,236,1.03964758,"Clique de 7 dias, visualização de 1 dia ou visualização com engajamento de 1 dia",,,2.24,,2026-03-14,Contínuo,4,9.49152542,2026-03-15,2026-03-15
2026-03-15,"DC - FEVEREIRO/2026 / CBO F2 ABERTO — Cópia",VV,P1,"Casa & Cia Centro",not_delivering,ad,163,181,1.11042945,"Clique de 7 dias, visualização de 1 dia ou visualização com engajamento de 1 dia",,,2.2,,2026-03-14,Contínuo,2,12.15469613,2026-03-15,2026-03-15
2026-03-15,"DC - FEVEREIRO/2026 / CBO F2 ABERTO",ENGAJAMENTO,P2,"Casa & Cia Centro",not_delivering,ad,29,30,1.03448276,"Clique de 7 dias, visualização de 1 dia ou visualização com engajamento de 1 dia",,,0.28,,2026-03-07,Contínuo,1,9.33333333,2026-03-15,2026-03-15
2026-03-15,"DC - FEVEREIRO/2026 / CBO F2",VV,VIDEO,"Casa & Cia Centro",not_delivering,ad,615,752,1.22276423,"Clique de 7 dias, visualização de 1 dia ou visualização com engajamento de 1 dia",,,20.46,,2026-03-07,Contínuo,108,27.20744681,2026-03-15,2026-03-15
2026-03-15,"DC - FEVEREIRO/2026 / CBO F2 ABERTO — Cópia",ENGAJAMENTO,P2,"Casa & Cia Centro",not_delivering,ad,96,108,1.125,"Clique de 7 dias, visualização de 1 dia ou visualização com engajamento de 1 dia",,,1.59,,2026-03-14,Contínuo,5,14.72222222,2026-03-15,2026-03-15
2026-03-15,"DC - FEVEREIRO/2026 / CBO F2",VISITAS,P1,"Casa & Cia Centro",not_delivering,ad,2,2,1,"Clique de 7 dias, visualização de 1 dia ou visualização com engajamento de 1 dia",,,0,,2026-03-07,Contínuo,,0,2026-03-15,2026-03-15
2026-03-15,"DC - FEVEREIRO/2026 / CBO F2 ABERTO — Cópia",SEGUIDORES,P1,"Casa & Cia Centro",not_delivering,ad,25,25,1,"Clique de 7 dias, visualização de 1 dia ou visualização com engajamento de 1 dia",,,0.24,,2026-03-13,Contínuo,,9.6,2026-03-15,2026-03-15
2026-03-14,"DC - FEVEREIRO/2026 / CBO F2 ABERTO",SEGUIDORES,VIDEO,"Casa & Cia Centro",not_delivering,ad,286,301,1.05244755,"Clique de 7 dias, visualização de 1 dia ou visualização com engajamento de 1 dia",,,7,,2026-03-07,Contínuo,31,23.25581395,2026-03-14,2026-03-14
2026-03-14,"DC - FEVEREIRO/2026 / CBO F2 ABERTO — Cópia",ENGAJAMENTO,P2,"Casa & Cia Centro",not_delivering,ad,23,25,1.08695652,"Clique de 7 dias, visualização de 1 dia ou visualização com engajamento de 1 dia",,,0.27,,2026-03-13,Contínuo,1,10.8,2026-03-14,2026-03-14
2026-03-14,"DC - FEVEREIRO/2026 / CBO F2 ABERTO — Cópia",ENGAJAMENTO,P1,"Casa & Cia Centro",not_delivering,ad,65,66,1.01538462,"Clique de 7 dias, visualização de 1 dia ou visualização com engajamento de 1 dia",,,0.95,,2026-03-14,Contínuo,2,14.39393939,2026-03-14,2026-03-14
2026-03-14,"DC - FEVEREIRO/2026 / CBO F2 ABERTO — Cópia",VV,P1,"Casa & Cia Centro",not_delivering,ad,3,3,1,"Clique de 7 dias, visualização de 1 dia ou visualização com engajamento de 1 dia",,,0.04,,2026-03-13,Contínuo,,13.33333333,2026-03-14,2026-03-14
2026-03-14,"DC - FEVEREIRO/2026 / CBO F2 ABERTO — Cópia",SEGUIDORES,VIDEO,"Casa & Cia Centro",not_delivering,ad,982,1069,1.0885947,"Clique de 7 dias, visualização de 1 dia ou visualização com engajamento de 1 dia","Leads no site",6,18.4,3.06666667,2026-03-13,Contínuo,35,17.21234799,2026-03-14,2026-03-14
2026-03-14,"DC - FEVEREIRO/2026 / CBO F2 ABERTO — Cópia",ENGAJAMENTO,VIDEO,"Casa & Cia Centro",not_delivering,ad,287,303,1.05574913,"Clique de 7 dias, visualização de 1 dia ou visualização com engajamento de 1 dia",,,7.48,,2026-03-13,Contínuo,32,24.68646865,2026-03-14,2026-03-14
2026-03-14,"DC - FEVEREIRO/2026 / CBO F2",SEGUIDORES,VIDEO,"Casa & Cia Centro",not_delivering,ad,415,475,1.14457831,"Clique de 7 dias, visualização de 1 dia ou visualização com engajamento de 1 dia","Leads no site",2,6.39,3.195,2026-03-07,Contínuo,27,13.45263158,2026-03-14,2026-03-14
2026-03-14,"DC - FEVEREIRO/2026 / CBO F2 ABERTO — Cópia",ENGAJAMENTO,P2,"Casa & Cia Centro",not_delivering,ad,252,284,1.12698413,"Clique de 7 dias, visualização de 1 dia ou visualização com engajamento de 1 dia",,,5.72,,2026-03-14,Contínuo,4,20.14084507,2026-03-14,2026-03-14
2026-03-14,"VISITAS AO PERFIL - 06/03 - HA - 25,00 - FASE 1",ABERTO,A3,"Casa & Cia Centro",not_delivering,ad,2048,2156,1.05273438,"Clique de 1 dia","Visitas ao perfil do Instagram",44,25.48,0.57909091,2026-03-06,Contínuo,47,11.81818182,2026-03-14,2026-03-14
2026-03-14,"DC - FEVEREIRO/2026 / CBO F2 ABERTO — Cópia",VV,P1,"Casa & Cia Centro",not_delivering,ad,14,15,1.07142857,"Clique de 7 dias, visualização de 1 dia ou visualização com engajamento de 1 dia",,,0.22,,2026-03-14,Contínuo,,14.66666667,2026-03-14,2026-03-14
2026-03-14,"DC - FEVEREIRO/2026 / CBO F2 ABERTO — Cópia",SEGUIDORES,P2,"Casa & Cia Centro",not_delivering,ad,95,99,1.04210526,"Clique de 7 dias, visualização de 1 dia ou visualização com engajamento de 1 dia",,,1.21,,2026-03-13,Contínuo,1,12.22222222,2026-03-14,2026-03-14
2026-03-14,"DC - FEVEREIRO/2026 / CBO F2 ABERTO — Cópia",ENGAJAMENTO,P2,"Casa & Cia Centro",not_delivering,ad,69,76,1.10144928,"Clique de 7 dias, visualização de 1 dia ou visualização com engajamento de 1 dia",,,1.8,,2026-03-13,Contínuo,5,23.68421053,2026-03-14,2026-03-14
2026-03-14,"DC - FEVEREIRO/2026 / CBO F2",ENGAJAMENTO,VIDEO,"Casa & Cia Centro",not_delivering,ad,896,1101,1.22879464,"Clique de 7 dias, visualização de 1 dia ou visualização com engajamento de 1 dia","Leads no site",2,19.61,9.805,2026-03-07,Contínuo,48,17.81108084,2026-03-14,2026-03-14
2026-03-14,"DC - FEVEREIRO/2026 / CBO F2 ABERTO — Cópia",VV,P2,"Casa & Cia Centro",not_delivering,ad,21,23,1.0952381,"Clique de 7 dias, visualização de 1 dia ou visualização com engajamento de 1 dia",,,0.29,,2026-03-14,Contínuo,,12.60869565,2026-03-14,2026-03-14
2026-03-14,"DC - FEVEREIRO/2026 / CBO F2 ABERTO — Cópia",VV,VIDEO,"Casa & Cia Centro",not_delivering,ad,371,430,1.15902965,"Clique de 7 dias, visualização de 1 dia ou visualização com engajamento de 1 dia",,,34.27,,2026-03-14,Contínuo,107,79.69767442,2026-03-14,2026-03-14
2026-03-14,"DC - FEVEREIRO/2026 / CBO F2 ABERTO — Cópia",VV,P1,"Casa & Cia Centro",not_delivering,ad,82,91,1.1097561,"Clique de 7 dias, visualização de 1 dia ou visualização com engajamento de 1 dia",,,1.43,,2026-03-13,Contínuo,3,15.71428571,2026-03-14,2026-03-14
2026-03-14,"DC - FEVEREIRO/2026 / CBO F2 ABERTO — Cópia",SEGUIDORES,P2,"Casa & Cia Centro",not_delivering,ad,35,36,1.02857143,"Clique de 7 dias, visualização de 1 dia ou visualização com engajamento de 1 dia",,,0.49,,2026-03-14,Contínuo,1,13.61111111,2026-03-14,2026-03-14
2026-03-14,"HA | ABO | ENGAJ | 9 LINKS | 06.03 - FASE 2 - 50,00 — Número 21011","A9 - INTERESSE SÓ VIAJANTES E DISNEY",C,"Casa & Cia Centro",not_delivering,ad,449,512,1.1403118,"Clique de 7 dias ou visualização de 1 dia",,,8.78,,2026-03-06,Contínuo,5,17.1484375,2026-03-14,2026-03-14
2026-03-14,"DC - FEVEREIRO/2026 / CBO F2 ABERTO — Cópia",SEGUIDORES,P2,"Casa & Cia Centro",not_delivering,ad,87,92,1.05747126,"Clique de 7 dias, visualização de 1 dia ou visualização com engajamento de 1 dia","Leads no site",2,0.87,0.435,2026-03-13,Contínuo,1,9.45652174,2026-03-14,2026-03-14
2026-03-14,"DC - FEVEREIRO/2026 / CBO F2 ABERTO — Cópia",SEGUIDORES,VIDEO,"Casa & Cia Centro",not_delivering,ad,1867,1918,1.02731655,"Clique de 7 dias, visualização de 1 dia ou visualização com engajamento de 1 dia",,,46.9,,2026-03-14,Contínuo,117,24.45255474,2026-03-14,2026-03-14
2026-03-14,"DC - FEVEREIRO/2026 / CBO F2 ABERTO — Cópia",SEGUIDORES,P1,"Casa & Cia Centro",not_delivering,ad,89,114,1.28089888,"Clique de 7 dias, visualização de 1 dia ou visualização com engajamento de 1 dia",,,2.32,,2026-03-13,Contínuo,3,20.35087719,2026-03-14,2026-03-14
2026-03-14,"DC - FEVEREIRO/2026 / CBO F2",SEGUIDORES,P1,"Casa & Cia Centro",not_delivering,ad,12,13,1.08333333,"Clique de 7 dias, visualização de 1 dia ou visualização com engajamento de 1 dia",,,0.25,,2026-03-07,Contínuo,1,19.23076923,2026-03-14,2026-03-14
2026-03-14,"DC - FEVEREIRO/2026 / CBO F2 ABERTO — Cópia",ENGAJAMENTO,VIDEO,"Casa & Cia Centro",not_delivering,ad,102,103,1.00980392,"Clique de 7 dias, visualização de 1 dia ou visualização com engajamento de 1 dia",,,1.48,,2026-03-13,Contínuo,1,14.36893204,2026-03-14,2026-03-14
2026-03-14,"DC - FEVEREIRO/2026 / CBO F2 ABERTO — Cópia",SEGUIDORES,P1,"Casa & Cia Centro",not_delivering,ad,173,199,1.15028902,"Clique de 7 dias, visualização de 1 dia ou visualização com engajamento de 1 dia",,,2.72,,2026-03-14,Contínuo,7,13.66834171,2026-03-14,2026-03-14
2026-03-14,"DC - FEVEREIRO/2026 / CBO F2 ABERTO",VV,P1,"Casa & Cia Centro",not_delivering,ad,2,2,1,"Clique de 7 dias, visualização de 1 dia ou visualização com engajamento de 1 dia",,,0.01,,2026-03-07,Contínuo,,5,2026-03-14,2026-03-14
2026-03-14,"DC - FEVEREIRO/2026 / CBO F2 ABERTO — Cópia",ENGAJAMENTO,P1,"Casa & Cia Centro",not_delivering,ad,189,193,1.02116402,"Clique de 7 dias, visualização de 1 dia ou visualização com engajamento de 1 dia",,,2.69,,2026-03-14,Contínuo,4,13.93782383,2026-03-14,2026-03-14
2026-03-14,"DC - FEVEREIRO/2026 / CBO F2 ABERTO — Cópia",ENGAJAMENTO,P1,"Casa & Cia Centro",not_delivering,ad,6,6,1,"Clique de 7 dias, visualização de 1 dia ou visualização com engajamento de 1 dia",,,0.01,,2026-03-13,Contínuo,,1.66666667,2026-03-14,2026-03-14
2026-03-14,"DC - FEVEREIRO/2026 / CBO F2 ABERTO — Cópia",VV,VIDEO,"Casa & Cia Centro",not_delivering,ad,319,350,1.09717868,"Clique de 7 dias, visualização de 1 dia ou visualização com engajamento de 1 dia",,,35.4,,2026-03-14,Contínuo,86,101.14285714,2026-03-14,2026-03-14
2026-03-14,"DC - FEVEREIRO/2026 / CBO F2 ABERTO — Cópia",ENGAJAMENTO,VIDEO,"Casa & Cia Centro",not_delivering,ad,414,437,1.05555556,"Clique de 7 dias, visualização de 1 dia ou visualização com engajamento de 1 dia","Leads no site",4,9.65,2.4125,2026-03-13,Contínuo,29,22.08237986,2026-03-14,2026-03-14
2026-03-14,"DC - FEVEREIRO/2026 / CBO F2 ABERTO — Cópia",VV,P2,"Casa & Cia Centro",not_delivering,ad,17,18,1.05882353,"Clique de 7 dias, visualização de 1 dia ou visualização com engajamento de 1 dia",,,0.13,,2026-03-13,Contínuo,,7.22222222,2026-03-14,2026-03-14
2026-03-14,"DC - FEVEREIRO/2026 / CBO F2 ABERTO — Cópia",SEGUIDORES,VIDEO,"Casa & Cia Centro",not_delivering,ad,1351,1439,1.06513694,"Clique de 7 dias, visualização de 1 dia ou visualização com engajamento de 1 dia","Leads no site",12,24.54,2.045,2026-03-13,Contínuo,65,17.05350938,2026-03-14,2026-03-14
2026-03-14,"DC - FEVEREIRO/2026 / CBO F2 ABERTO — Cópia",ENGAJAMENTO,P1,"Casa & Cia Centro",not_delivering,ad,22,24,1.09090909,"Clique de 7 dias, visualização de 1 dia ou visualização com engajamento de 1 dia",,,0.25,,2026-03-13,Contínuo,,10.41666667,2026-03-14,2026-03-14
2026-03-14,"DC - FEVEREIRO/2026 / CBO F2 ABERTO — Cópia",SEGUIDORES,P2,"Casa & Cia Centro",not_delivering,ad,471,486,1.03184713,"Clique de 7 dias, visualização de 1 dia ou visualização com engajamento de 1 dia","Leads no site",4,6.15,1.5375,2026-03-13,Contínuo,23,12.65432099,2026-03-14,2026-03-14
2026-03-14,"DC - FEVEREIRO/2026 / CBO F2 ABERTO — Cópia",ENGAJAMENTO,P1,"Casa & Cia Centro",not_delivering,ad,184,194,1.05434783,"Clique de 7 dias, visualização de 1 dia ou visualização com engajamento de 1 dia",,,2.61,,2026-03-14,Contínuo,4,13.45360825,2026-03-14,2026-03-14
2026-03-14,"DC - FEVEREIRO/2026 / CBO F2 ABERTO — Cópia",ENGAJAMENTO,P2,"Casa & Cia Centro",not_delivering,ad,54,54,1,"Clique de 7 dias, visualização de 1 dia ou visualização com engajamento de 1 dia",,,0.84,,2026-03-14,Contínuo,,15.55555556,2026-03-14,2026-03-14
2026-03-14,"DC - FEVEREIRO/2026 / CBO F2 ABERTO",SEGUIDORES,P2,"Casa & Cia Centro",not_delivering,ad,5,5,1,"Clique de 7 dias, visualização de 1 dia ou visualização com engajamento de 1 dia",,,0.03,,2026-03-07,Contínuo,,6,2026-03-14,2026-03-14
2026-03-14,"DC - FEVEREIRO/2026 / CBO F2 ABERTO — Cópia",SEGUIDORES,P1,"Casa & Cia Centro",not_delivering,ad,267,292,1.09363296,"Clique de 7 dias, visualização de 1 dia ou visualização com engajamento de 1 dia",,,4.32,,2026-03-14,Contínuo,8,14.79452055,2026-03-14,2026-03-14
2026-03-14,"DC - FEVEREIRO/2026 / CBO F2 ABERTO — Cópia",VV,P2,"Casa & Cia Centro",not_delivering,ad,57,58,1.01754386,"Clique de 7 dias, visualização de 1 dia ou visualização com engajamento de 1 dia",,,1.33,,2026-03-13,Contínuo,3,22.93103448,2026-03-14,2026-03-14
2026-03-14,"DC - FEVEREIRO/2026 / CBO F2 ABERTO — Cópia",SEGUIDORES,P1,"Casa & Cia Centro",not_delivering,ad,58,61,1.05172414,"Clique de 7 dias, visualização de 1 dia ou visualização com engajamento de 1 dia",,,1.14,,2026-03-13,Contínuo,1,18.68852459,2026-03-14,2026-03-14
2026-03-14,"DC - FEVEREIRO/2026 / CBO F2",VISITAS,P1,"Casa & Cia Centro",not_delivering,ad,3,3,1,"Clique de 7 dias, visualização de 1 dia ou visualização com engajamento de 1 dia",,,0.04,,2026-03-07,Contínuo,,13.33333333,2026-03-14,2026-03-14
2026-03-14,"DC - FEVEREIRO/2026 / CBO F2 ABERTO — Cópia",ENGAJAMENTO,P2,"Casa & Cia Centro",not_delivering,ad,257,275,1.07003891,"Clique de 7 dias, visualização de 1 dia ou visualização com engajamento de 1 dia",,,5.15,,2026-03-14,Contínuo,3,18.72727273,2026-03-14,2026-03-14
2026-03-14,"DC - FEVEREIRO/2026 / CBO F2",VV,VIDEO,"Casa & Cia Centro",not_delivering,ad,797,911,1.14303639,"Clique de 7 dias, visualização de 1 dia ou visualização com engajamento de 1 dia","Leads no site",4,18.02,4.505,2026-03-07,Contínuo,78,19.78046103,2026-03-14,2026-03-14
2026-03-14,"DC - FEVEREIRO/2026 / CBO F2 ABERTO",ENGAJAMENTO,P2,"Casa & Cia Centro",not_delivering,ad,4,5,1.25,"Clique de 7 dias, visualização de 1 dia ou visualização com engajamento de 1 dia",,,0.07,,2026-03-07,Contínuo,,14,2026-03-14,2026-03-14
2026-03-14,"DC - FEVEREIRO/2026 / CBO F2 ABERTO — Cópia",ENGAJAMENTO,P2,"Casa & Cia Centro",not_delivering,ad,4,5,1.25,"Clique de 7 dias, visualização de 1 dia ou visualização com engajamento de 1 dia",,,0.02,,2026-03-13,Contínuo,,4,2026-03-14,2026-03-14
2026-03-14,"DC - FEVEREIRO/2026 / CBO F2 ABERTO — Cópia",SEGUIDORES,VIDEO,"Casa & Cia Centro",not_delivering,ad,1275,1420,1.11372549,"Clique de 7 dias, visualização de 1 dia ou visualização com engajamento de 1 dia","Leads no site",10,27.18,2.718,2026-03-13,Contínuo,103,19.14084507,2026-03-14,2026-03-14
2026-03-14,"PM | CBO | ENGAJ | 13.03","A9 - INTERESSE SÓ VIAJANTES E DISNEY — Cópia",C,"Casa & Cia Centro",not_delivering,ad,375,456,1.216,"Clique de 7 dias ou visualização de 1 dia",,,8.19,,2026-03-13,Contínuo,5,17.96052632,2026-03-14,2026-03-14
2026-03-14,"DC - FEVEREIRO/2026 / CBO F2 ABERTO — Cópia",SEGUIDORES,P2,"Casa & Cia Centro",not_delivering,ad,195,207,1.06153846,"Clique de 7 dias, visualização de 1 dia ou visualização com engajamento de 1 dia",,,2.84,,2026-03-14,Contínuo,6,13.71980676,2026-03-14,2026-03-14
2026-03-14,"DC - FEVEREIRO/2026 / CBO F2 ABERTO — Cópia",VV,VIDEO,"Casa & Cia Centro",not_delivering,ad,13,14,1.07692308,"Clique de 7 dias, visualização de 1 dia ou visualização com engajamento de 1 dia",,,0.13,,2026-03-13,Contínuo,,9.28571429,2026-03-14,2026-03-14
2026-03-14,"DC - FEVEREIRO/2026 / CBO F2 ABERTO — Cópia",SEGUIDORES,P1,"Casa & Cia Centro",not_delivering,ad,47,52,1.10638298,"Clique de 7 dias, visualização de 1 dia ou visualização com engajamento de 1 dia",,,0.65,,2026-03-13,Contínuo,1,12.5,2026-03-14,2026-03-14
2026-03-14,"DC - FEVEREIRO/2026 / CBO F2 ABERTO — Cópia",VV,VIDEO,"Casa & Cia Centro",not_delivering,ad,64,70,1.09375,"Clique de 7 dias, visualização de 1 dia ou visualização com engajamento de 1 dia",,,4.09,,2026-03-13,Contínuo,17,58.42857143,2026-03-14,2026-03-14
2026-03-14,"DC - FEVEREIRO/2026 / CBO F2 ABERTO — Cópia",VV,P1,"Casa & Cia Centro",not_delivering,ad,33,36,1.09090909,"Clique de 7 dias, visualização de 1 dia ou visualização com engajamento de 1 dia",,,0.41,,2026-03-13,Contínuo,1,11.38888889,2026-03-14,2026-03-14
2026-03-14,"DC - FEVEREIRO/2026 / CBO F2 ABERTO — Cópia",ENGAJAMENTO,P1,"Casa & Cia Centro",not_delivering,ad,111,128,1.15315315,"Clique de 7 dias, visualização de 1 dia ou visualização com engajamento de 1 dia",,,1.39,,2026-03-13,Contínuo,2,10.859375,2026-03-14,2026-03-14
2026-03-14,"DC - FEVEREIRO/2026 / CBO F2 ABERTO",ENGAJAMENTO,VIDEO,"Casa & Cia Centro",not_delivering,ad,2677,3095,1.15614494,"Clique de 7 dias, visualização de 1 dia ou visualização com engajamento de 1 dia","Leads no site",14,60.25,4.30357143,2026-03-07,Contínuo,245,19.46688207,2026-03-14,2026-03-14
2026-03-14,"DC - FEVEREIRO/2026 / ABO  - F2",ENGAJAMENTO,VIDEO,"Casa & Cia Centro",not_delivering,ad,0,0,0,"Clique de 7 dias, visualização de 1 dia ou visualização com engajamento de 1 dia","Leads no site",8,0,0,2026-03-07,2026-03-14,,,2026-03-14,2026-03-14
2026-03-13,"DC - FEVEREIRO/2026 / ABO  - F2 — Cópia",ENGAJAMENTO,VIDEO,"Casa & Cia Centro",not_delivering,ad,299,327,1.09364548,"Clique de 7 dias, visualização de 1 dia ou visualização com engajamento de 1 dia","Leads no site",2,6.63,3.315,2026-03-11,2026-03-14,5,20.27522936,2026-03-13,2026-03-13
2026-03-13,"DC - FEVEREIRO/2026 / ABO  - F2",ENGAJAMENTO,P2,"Casa & Cia Centro",not_delivering,ad,11,11,1,"Clique de 7 dias, visualização de 1 dia ou visualização com engajamento de 1 dia",,,0.22,,2026-03-07,2026-03-14,1,20,2026-03-13,2026-03-13
2026-03-13,"DC - FEVEREIRO/2026 / CBO F2 ABERTO — Cópia",SEGUIDORES,P2,"Casa & Cia Centro",not_delivering,ad,9,10,1.11111111,"Clique de 7 dias, visualização de 1 dia ou visualização com engajamento de 1 dia",,,0.03,,2026-03-13,Contínuo,,3,2026-03-13,2026-03-13
2026-03-13,"DC - FEVEREIRO/2026 / CBO F2 ABERTO",SEGUIDORES,P1,"Casa & Cia Centro",not_delivering,ad,5,6,1.2,"Clique de 7 dias, visualização de 1 dia ou visualização com engajamento de 1 dia",,,0.12,,2026-03-07,Contínuo,,20,2026-03-13,2026-03-13
2026-03-13,"DC - FEVEREIRO/2026 / CBO F2 ABERTO — Cópia",VV,P1,"Casa & Cia Centro",not_delivering,ad,168,188,1.11904762,"Clique de 7 dias, visualização de 1 dia ou visualização com engajamento de 1 dia","Leads no site",4,3.23,0.8075,2026-03-13,Contínuo,11,17.18085106,2026-03-13,2026-03-13
2026-03-13,"DC - FEVEREIRO/2026 / CBO F2",SEGUIDORES,P2,"Casa & Cia Centro",not_delivering,ad,9,9,1,"Clique de 7 dias, visualização de 1 dia ou visualização com engajamento de 1 dia",,,0.12,,2026-03-07,Contínuo,,13.33333333,2026-03-13,2026-03-13
2026-03-13,"DC - FEVEREIRO/2026 / CBO F2 ABERTO",VV,VIDEO,"Casa & Cia Centro",not_delivering,ad,1,1,1,"Clique de 7 dias, visualização de 1 dia ou visualização com engajamento de 1 dia",,,0,,2026-03-07,Contínuo,,0,2026-03-13,2026-03-13
2026-03-13,"DC - FEVEREIRO/2026 / ABO  - F2 — Cópia",VV,P2,"Casa & Cia Centro",not_delivering,ad,579,618,1.06735751,"Clique de 7 dias, visualização de 1 dia ou visualização com engajamento de 1 dia",,,6.77,,2026-03-11,2026-03-14,5,10.95469256,2026-03-13,2026-03-13
2026-03-13,"DC - FEVEREIRO/2026 / CBO F2 ABERTO — Cópia",ENGAJAMENTO,P1,"Casa & Cia Centro",not_delivering,ad,206,224,1.08737864,"Clique de 7 dias, visualização de 1 dia ou visualização com engajamento de 1 dia",,,3.31,,2026-03-13,Contínuo,3,14.77678571,2026-03-13,2026-03-13
2026-03-13,"DC - FEVEREIRO/2026 / CBO F2",ENGAJAMENTO,VIDEO,"Casa & Cia Centro",not_delivering,ad,572,667,1.16608392,"Clique de 7 dias, visualização de 1 dia ou visualização com engajamento de 1 dia","Leads no site",4,11.83,2.9575,2026-03-07,Contínuo,19,17.73613193,2026-03-13,2026-03-13
2026-03-13,"HA | ABO | ENGAJ | 9 LINKS | 06.03 - FASE 2 - 50,00 — Número 21011","A9 - INTERESSE SÓ VIAJANTES E DISNEY",C,"Casa & Cia Centro",not_delivering,ad,716,917,1.28072626,"Clique de 7 dias ou visualização de 1 dia",,,8.75,,2026-03-06,Contínuo,7,9.54198473,2026-03-13,2026-03-13
2026-03-13,"DC - FEVEREIRO/2026 / CBO F2 ABERTO — Cópia",SEGUIDORES,P1,"Casa & Cia Centro",not_delivering,ad,15,17,1.13333333,"Clique de 7 dias, visualização de 1 dia ou visualização com engajamento de 1 dia",,,0.19,,2026-03-13,Contínuo,,11.17647059,2026-03-13,2026-03-13
2026-03-13,"DC - FEVEREIRO/2026 / CBO F2 ABERTO — Cópia",ENGAJAMENTO,P2,"Casa & Cia Centro",not_delivering,ad,58,69,1.18965517,"Clique de 7 dias, visualização de 1 dia ou visualização com engajamento de 1 dia",,,1.59,,2026-03-13,Contínuo,3,23.04347826,2026-03-13,2026-03-13
2026-03-13,"VISITAS AO PERFIL - 06/03 - HA - 25,00 - FASE 1",ABERTO,A1,"Casa & Cia Centro",not_delivering,ad,356,370,1.03932584,"Clique de 1 dia","Visitas ao perfil do Instagram",5,1.19,0.238,2026-03-06,Contínuo,5,3.21621622,2026-03-13,2026-03-13
2026-03-13,"VISITAS AO PERFIL - 06/03 - HA - 25,00 - FASE 1",ABERTO,A3,"Casa & Cia Centro",not_delivering,ad,2461,2674,1.08655018,"Clique de 1 dia","Visitas ao perfil do Instagram",48,27.73,0.57770833,2026-03-06,Contínuo,46,10.37023186,2026-03-13,2026-03-13
2026-03-13,"DC - FEVEREIRO/2026 / CBO F2",SEGUIDORES,VIDEO,"Casa & Cia Centro",not_delivering,ad,149,156,1.04697987,"Clique de 7 dias, visualização de 1 dia ou visualização com engajamento de 1 dia",,,3.15,,2026-03-07,Contínuo,8,20.19230769,2026-03-13,2026-03-13
2026-03-13,"DC - FEVEREIRO/2026 / ABO  - F2",SEGUIDORES,P1,"Casa & Cia Centro",not_delivering,ad,82,86,1.04878049,"Clique de 7 dias, visualização de 1 dia ou visualização com engajamento de 1 dia",,,1.16,,2026-03-07,2026-03-14,,13.48837209,2026-03-13,2026-03-13
2026-03-13,"DC - FEVEREIRO/2026 / CBO F2 ABERTO — Cópia",SEGUIDORES,P1,"Casa & Cia Centro",not_delivering,ad,103,130,1.26213592,"Clique de 7 dias, visualização de 1 dia ou visualização com engajamento de 1 dia","Leads no site",4,2.74,0.685,2026-03-13,Contínuo,6,21.07692308,2026-03-13,2026-03-13
2026-03-13,"DC - FEVEREIRO/2026 / CBO F2 ABERTO — Cópia",SEGUIDORES,P2,"Casa & Cia Centro",not_delivering,ad,14,14,1,"Clique de 7 dias, visualização de 1 dia ou visualização com engajamento de 1 dia",,,0.15,,2026-03-13,Contínuo,,10.71428571,2026-03-13,2026-03-13
2026-03-13,"HA | ABO | ENGAJ | 9 LINKS | 06.03 - FASE 2 - 50,00 — Número 21011","A1 - INTERESSE",C,"Casa & Cia Centro",not_delivering,ad,94,96,1.0212766,"Clique de 7 dias ou visualização de 1 dia",,,0.97,,2026-03-06,Contínuo,,10.10416667,2026-03-13,2026-03-13
2026-03-13,"DC - FEVEREIRO/2026 / ABO  - F2",ENGAJAMENTO,VIDEO,"Casa & Cia Centro",not_delivering,ad,2127,2885,1.35637047,"Clique de 7 dias, visualização de 1 dia ou visualização com engajamento de 1 dia","Leads no site",26,53.2,2.04615385,2026-03-07,2026-03-14,95,18.44020797,2026-03-13,2026-03-13
2026-03-13,"DC - FEVEREIRO/2026 / CBO F2 ABERTO — Cópia",ENGAJAMENTO,VIDEO,"Casa & Cia Centro",not_delivering,ad,9,9,1,"Clique de 7 dias, visualização de 1 dia ou visualização com engajamento de 1 dia",,,0.22,,2026-03-13,Contínuo,,24.44444444,2026-03-13,2026-03-13
2026-03-13,"DC - FEVEREIRO/2026 / CBO F2 ABERTO",ENGAJAMENTO,VIDEO,"Casa & Cia Centro",not_delivering,ad,2349,2685,1.14303959,"Clique de 7 dias, visualização de 1 dia ou visualização com engajamento de 1 dia","Leads no site",49,40.04,0.81714286,2026-03-07,Contínuo,119,14.91247672,2026-03-13,2026-03-13
2026-03-13,"DC - FEVEREIRO/2026 / ABO  - F2 — Cópia",SEGUIDORES,VIDEO,"Casa & Cia Centro",not_delivering,ad,386,427,1.10621762,"Clique de 7 dias, visualização de 1 dia ou visualização com engajamento de 1 dia",,,6.72,,2026-03-11,2026-03-14,6,15.73770492,2026-03-13,2026-03-13
2026-03-13,"DC - FEVEREIRO/2026 / ABO  - F2 — Cópia",ENGAJAMENTO,P2,"Casa & Cia Centro",not_delivering,ad,119,130,1.09243697,"Clique de 7 dias, visualização de 1 dia ou visualização com engajamento de 1 dia",,,3.14,,2026-03-11,2026-03-14,4,24.15384615,2026-03-13,2026-03-13
2026-03-13,"DC - FEVEREIRO/2026 / CBO F2 ABERTO — Cópia",ENGAJAMENTO,P1,"Casa & Cia Centro",not_delivering,ad,203,223,1.09852217,"Clique de 7 dias, visualização de 1 dia ou visualização com engajamento de 1 dia","Leads no site",6,7.23,1.205,2026-03-13,Contínuo,21,32.42152466,2026-03-13,2026-03-13
2026-03-13,"DC - FEVEREIRO/2026 / CBO F2 ABERTO — Cópia",VV,VIDEO,"Casa & Cia Centro",not_delivering,ad,6,7,1.16666667,"Clique de 7 dias, visualização de 1 dia ou visualização com engajamento de 1 dia",,,0.15,,2026-03-13,Contínuo,1,21.42857143,2026-03-13,2026-03-13
2026-03-13,"DC - FEVEREIRO/2026 / CBO F2 ABERTO — Cópia",ENGAJAMENTO,P1,"Casa & Cia Centro",not_delivering,ad,37,39,1.05405405,"Clique de 7 dias, visualização de 1 dia ou visualização com engajamento de 1 dia",,,0.37,,2026-03-13,Contínuo,1,9.48717949,2026-03-13,2026-03-13
2026-03-13,"HA | ABO | ENGAJ | 9 LINKS | 06.03 - FASE 2 - 50,00","A9 - INTERESSE SÓ VIAJANTES E DISNEY",C,"Casa & Cia Centro",not_delivering,ad,42,46,1.0952381,"Clique de 7 dias ou visualização de 1 dia","Conversas por mensagem iniciadas",1,0.44,0.44,2026-03-06,Contínuo,,9.56521739,2026-03-13,2026-03-13
2026-03-13,"DC - FEVEREIRO/2026 / CBO F2 ABERTO — Cópia",SEGUIDORES,VIDEO,"Casa & Cia Centro",not_delivering,ad,23,23,1,"Clique de 7 dias, visualização de 1 dia ou visualização com engajamento de 1 dia",,,1.17,,2026-03-13,Contínuo,1,50.86956522,2026-03-13,2026-03-13
2026-03-13,"DC - FEVEREIRO/2026 / CBO F2 ABERTO — Cópia",ENGAJAMENTO,P2,"Casa & Cia Centro",not_delivering,ad,12,16,1.33333333,"Clique de 7 dias, visualização de 1 dia ou visualização com engajamento de 1 dia",,,0.25,,2026-03-13,Contínuo,,15.625,2026-03-13,2026-03-13
2026-03-13,"DC - FEVEREIRO/2026 / CBO F2 ABERTO — Cópia",VV,P2,"Casa & Cia Centro",not_delivering,ad,4,4,1,"Clique de 7 dias, visualização de 1 dia ou visualização com engajamento de 1 dia",,,0.04,,2026-03-13,Contínuo,,10,2026-03-13,2026-03-13
2026-03-13,"DC - FEVEREIRO/2026 / CBO F2 ABERTO — Cópia",SEGUIDORES,P2,"Casa & Cia Centro",not_delivering,ad,188,204,1.08510638,"Clique de 7 dias, visualização de 1 dia ou visualização com engajamento de 1 dia","Leads no site",2,3.34,1.67,2026-03-13,Contínuo,3,16.37254902,2026-03-13,2026-03-13
2026-03-13,"DC - FEVEREIRO/2026 / CBO F2 ABERTO — Cópia",SEGUIDORES,P1,"Casa & Cia Centro",not_delivering,ad,2,2,1,"Clique de 7 dias, visualização de 1 dia ou visualização com engajamento de 1 dia",,,0.01,,2026-03-13,Contínuo,,5,2026-03-13,2026-03-13
2026-03-13,"DC - FEVEREIRO/2026 / ABO  - F2 — Cópia",VV,VIDEO,"Casa & Cia Centro",not_delivering,ad,139,161,1.15827338,"Clique de 7 dias, visualização de 1 dia ou visualização com engajamento de 1 dia","Leads no site",2,3.32,1.66,2026-03-11,2026-03-14,10,20.62111801,2026-03-13,2026-03-13
2026-03-13,"DC - FEVEREIRO/2026 / ABO  - F2",VV,P2,"Casa & Cia Centro",not_delivering,ad,2801,3705,1.32274188,"Clique de 7 dias, visualização de 1 dia ou visualização com engajamento de 1 dia","Leads no site",20,44.98,2.249,2026-03-07,2026-03-14,65,12.14035088,2026-03-13,2026-03-13
2026-03-13,"DC - FEVEREIRO/2026 / CBO F2 ABERTO — Cópia",ENGAJAMENTO,VIDEO,"Casa & Cia Centro",not_delivering,ad,7,7,1,"Clique de 7 dias, visualização de 1 dia ou visualização com engajamento de 1 dia",,,0.31,,2026-03-13,Contínuo,1,44.28571429,2026-03-13,2026-03-13
2026-03-13,"DC - FEVEREIRO/2026 / CBO F2 ABERTO — Cópia",SEGUIDORES,P2,"Casa & Cia Centro",not_delivering,ad,137,145,1.05839416,"Clique de 7 dias, visualização de 1 dia ou visualização com engajamento de 1 dia",,,2.1,,2026-03-13,Contínuo,5,14.48275862,2026-03-13,2026-03-13
2026-03-13,"DC - FEVEREIRO/2026 / CBO F2 ABERTO — Cópia",VV,VIDEO,"Casa & Cia Centro",not_delivering,ad,33,35,1.06060606,"Clique de 7 dias, visualização de 1 dia ou visualização com engajamento de 1 dia","Leads no site",2,0.6,0.3,2026-03-13,Contínuo,3,17.14285714,2026-03-13,2026-03-13
2026-03-13,"DC - FEVEREIRO/2026 / ABO  - F2 — Cópia",SEGUIDORES,P1,"Casa & Cia Centro",not_delivering,ad,175,192,1.09714286,"Clique de 7 dias, visualização de 1 dia ou visualização com engajamento de 1 dia",,,4.15,,2026-03-11,2026-03-14,1,21.61458333,2026-03-13,2026-03-13
2026-03-13,"DC - FEVEREIRO/2026 / CBO F2 ABERTO — Cópia",SEGUIDORES,P1,"Casa & Cia Centro",not_delivering,ad,39,44,1.12820513,"Clique de 7 dias, visualização de 1 dia ou visualização com engajamento de 1 dia",,,1.04,,2026-03-13,Contínuo,1,23.63636364,2026-03-13,2026-03-13
2026-03-13,"DC - FEVEREIRO/2026 / CBO F2",VISITAS,P1,"Casa & Cia Centro",not_delivering,ad,8,8,1,"Clique de 7 dias, visualização de 1 dia ou visualização com engajamento de 1 dia",,,0.04,,2026-03-07,Contínuo,,5,2026-03-13,2026-03-13
2026-03-13,"DC - FEVEREIRO/2026 / CBO F2 ABERTO — Cópia",ENGAJAMENTO,P2,"Casa & Cia Centro",not_delivering,ad,54,63,1.16666667,"Clique de 7 dias, visualização de 1 dia ou visualização com engajamento de 1 dia",,,0.69,,2026-03-13,Contínuo,1,10.95238095,2026-03-13,2026-03-13
2026-03-13,"DC - FEVEREIRO/2026 / CBO F2 ABERTO — Cópia",SEGUIDORES,P1,"Casa & Cia Centro",not_delivering,ad,2,2,1,"Clique de 7 dias, visualização de 1 dia ou visualização com engajamento de 1 dia",,,0,,2026-03-13,Contínuo,,0,2026-03-13,2026-03-13
2026-03-13,"DC - FEVEREIRO/2026 / ABO  - F2",SEGUIDORES,VIDEO,"Casa & Cia Centro",not_delivering,ad,2084,2717,1.3037428,"Clique de 7 dias, visualização de 1 dia ou visualização com engajamento de 1 dia","Leads no site",16,43.39,2.711875,2026-03-07,2026-03-14,75,15.96981965,2026-03-13,2026-03-13
2026-03-13,"DC - FEVEREIRO/2026 / ABO  - F2 — Cópia",SEGUIDORES,P1,"Casa & Cia Centro",not_delivering,ad,231,243,1.05194805,"Clique de 7 dias, visualização de 1 dia ou visualização com engajamento de 1 dia",,,3.21,,2026-03-11,2026-03-14,1,13.20987654,2026-03-13,2026-03-13
2026-03-13,"DC - FEVEREIRO/2026 / CBO F2 ABERTO — Cópia",SEGUIDORES,P2,"Casa & Cia Centro",not_delivering,ad,1358,1504,1.10751105,"Clique de 7 dias, visualização de 1 dia ou visualização com engajamento de 1 dia","Leads no site",18,20.38,1.13222222,2026-03-13,Contínuo,41,13.55053191,2026-03-13,2026-03-13
2026-03-13,"VISITAS AO PERFIL - 06/03 - HA - 25,00 - FASE 1",ABERTO,A2,"Casa & Cia Centro",not_delivering,ad,22,23,1.04545455,"Clique de 1 dia","Visitas ao perfil do Instagram",2,0.3,0.15,2026-03-06,Contínuo,2,13.04347826,2026-03-13,2026-03-13
2026-03-13,"DC - FEVEREIRO/2026 / ABO  - F2 — Cópia",ENGAJAMENTO,P2,"Casa & Cia Centro",not_delivering,ad,193,207,1.07253886,"Clique de 7 dias, visualização de 1 dia ou visualização com engajamento de 1 dia",,,4.18,,2026-03-11,2026-03-14,5,20.19323671,2026-03-13,2026-03-13
2026-03-13,"DC - FEVEREIRO/2026 / CBO F2 ABERTO — Cópia",ENGAJAMENTO,P1,"Casa & Cia Centro",not_delivering,ad,37,38,1.02702703,"Clique de 7 dias, visualização de 1 dia ou visualização com engajamento de 1 dia",,,0.39,,2026-03-13,Contínuo,1,10.26315789,2026-03-13,2026-03-13
2026-03-13,"DC - FEVEREIRO/2026 / ABO  - F2 — Cópia",VV,P2,"Casa & Cia Centro",not_delivering,ad,488,522,1.06967213,"Clique de 7 dias, visualização de 1 dia ou visualização com engajamento de 1 dia",,,6.6,,2026-03-11,2026-03-14,6,12.64367816,2026-03-13,2026-03-13
2026-03-13,"DC - FEVEREIRO/2026 / ABO  - F2 — Cópia",SEGUIDORES,VIDEO,"Casa & Cia Centro",not_delivering,ad,291,321,1.10309278,"Clique de 7 dias, visualização de 1 dia ou visualização com engajamento de 1 dia","Leads no site",4,6.76,1.69,2026-03-11,2026-03-14,12,21.05919003,2026-03-13,2026-03-13
2026-03-13,"DC - FEVEREIRO/2026 / CBO F2 ABERTO — Cópia",SEGUIDORES,VIDEO,"Casa & Cia Centro",not_delivering,ad,1980,2141,1.08131313,"Clique de 7 dias, visualização de 1 dia ou visualização com engajamento de 1 dia","Leads no site",30,41.61,1.387,2026-03-13,Contínuo,93,19.43484353,2026-03-13,2026-03-13
2026-03-13,"DC - FEVEREIRO/2026 / ABO  - F2 — Cópia",ENGAJAMENTO,VIDEO,"Casa & Cia Centro",not_delivering,ad,340,378,1.11176471,"Clique de 7 dias, visualização de 1 dia ou visualização com engajamento de 1 dia","Leads no site",4,8.08,2.02,2026-03-11,2026-03-14,11,21.37566138,2026-03-13,2026-03-13
2026-03-13,"DC - FEVEREIRO/2026 / CBO F2 ABERTO — Cópia",VV,VIDEO,"Casa & Cia Centro",not_delivering,ad,153,169,1.10457516,"Clique de 7 dias, visualização de 1 dia ou visualização com engajamento de 1 dia","Leads no site",6,19.02,3.17,2026-03-13,Contínuo,39,112.5443787,2026-03-13,2026-03-13
2026-03-13,"DC - FEVEREIRO/2026 / CBO F2 ABERTO — Cópia",ENGAJAMENTO,VIDEO,"Casa & Cia Centro",not_delivering,ad,59,59,1,"Clique de 7 dias, visualização de 1 dia ou visualização com engajamento de 1 dia","Leads no site",4,1.9,0.475,2026-03-13,Contínuo,8,32.20338983,2026-03-13,2026-03-13
2026-03-13,"DC - FEVEREIRO/2026 / ABO  - F2 — Cópia",VV,VIDEO,"Casa & Cia Centro",not_delivering,ad,205,237,1.15609756,"Clique de 7 dias, visualização de 1 dia ou visualização com engajamento de 1 dia",,,3.42,,2026-03-11,2026-03-14,9,14.43037975,2026-03-13,2026-03-13
2026-03-13,"DC - FEVEREIRO/2026 / CBO F2 ABERTO",SEGUIDORES,P2,"Casa & Cia Centro",not_delivering,ad,9,9,1,"Clique de 7 dias, visualização de 1 dia ou visualização com engajamento de 1 dia",,,0.19,,2026-03-07,Contínuo,,21.11111111,2026-03-13,2026-03-13
2026-03-13,"DC - FEVEREIRO/2026 / CBO F2",VV,VIDEO,"Casa & Cia Centro",not_delivering,ad,2092,2567,1.22705545,"Clique de 7 dias, visualização de 1 dia ou visualização com engajamento de 1 dia","Leads no site",9,40.92,4.54666667,2026-03-07,Contínuo,150,15.94078691,2026-03-13,2026-03-13
2026-03-13,"DC - FEVEREIRO/2026 / CBO F2 ABERTO — Cópia",ENGAJAMENTO,P2,"Casa & Cia Centro",not_delivering,ad,6,7,1.16666667,"Clique de 7 dias, visualização de 1 dia ou visualização com engajamento de 1 dia",,,0.06,,2026-03-13,Contínuo,,8.57142857,2026-03-13,2026-03-13
2026-03-13,"DC - FEVEREIRO/2026 / CBO F2 ABERTO — Cópia",ENGAJAMENTO,P2,"Casa & Cia Centro",not_delivering,ad,3,3,1,"Clique de 7 dias, visualização de 1 dia ou visualização com engajamento de 1 dia",,,0.03,,2026-03-13,Contínuo,,10,2026-03-13,2026-03-13
2026-03-13,"DC - FEVEREIRO/2026 / CBO F2 ABERTO — Cópia",VV,VIDEO,"Casa & Cia Centro",not_delivering,ad,135,142,1.05185185,"Clique de 7 dias, visualização de 1 dia ou visualização com engajamento de 1 dia","Leads no site",8,15.72,1.965,2026-03-13,Contínuo,39,110.70422535,2026-03-13,2026-03-13
2026-03-13,"DC - FEVEREIRO/2026 / CBO F2 ABERTO — Cópia",SEGUIDORES,VIDEO,"Casa & Cia Centro",not_delivering,ad,315,323,1.02539683,"Clique de 7 dias, visualização de 1 dia ou visualização com engajamento de 1 dia","Leads no site",8,9.11,1.13875,2026-03-13,Contínuo,17,28.20433437,2026-03-13,2026-03-13
2026-03-13,"DC - FEVEREIRO/2026 / CBO F2 ABERTO — Cópia",VV,P1,"Casa & Cia Centro",not_delivering,ad,8,9,1.125,"Clique de 7 dias, visualização de 1 dia ou visualização com engajamento de 1 dia",,,0.13,,2026-03-13,Contínuo,,14.44444444,2026-03-13,2026-03-13
2026-03-13,"DC - FEVEREIRO/2026 / CBO F2 ABERTO — Cópia",VV,P2,"Casa & Cia Centro",not_delivering,ad,1,1,1,"Clique de 7 dias, visualização de 1 dia ou visualização com engajamento de 1 dia",,,0.03,,2026-03-13,Contínuo,,30,2026-03-13,2026-03-13
2026-03-13,"DC - FEVEREIRO/2026 / CBO F2 ABERTO",VV,P2,"Casa & Cia Centro",not_delivering,ad,3,3,1,"Clique de 7 dias, visualização de 1 dia ou visualização com engajamento de 1 dia",,,0.05,,2026-03-07,Contínuo,,16.66666667,2026-03-13,2026-03-13
2026-03-13,"DC - FEVEREIRO/2026 / CBO F2 ABERTO — Cópia",ENGAJAMENTO,P1,"Casa & Cia Centro",not_delivering,ad,146,150,1.02739726,"Clique de 7 dias, visualização de 1 dia ou visualização com engajamento de 1 dia",,,2.14,,2026-03-13,Contínuo,2,14.26666667,2026-03-13,2026-03-13
2026-03-13,"DC - FEVEREIRO/2026 / CBO F2 ABERTO",SEGUIDORES,VIDEO,"Casa & Cia Centro",not_delivering,ad,133,147,1.10526316,"Clique de 7 dias, visualização de 1 dia ou visualização com engajamento de 1 dia","Leads no site",6,3.12,0.52,2026-03-07,Contínuo,24,21.2244898,2026-03-13,2026-03-13
2026-03-13,"DC - FEVEREIRO/2026 / CBO F2 ABERTO — Cópia",ENGAJAMENTO,VIDEO,"Casa & Cia Centro",not_delivering,ad,33,34,1.03030303,"Clique de 7 dias, visualização de 1 dia ou visualização com engajamento de 1 dia",,,0.72,,2026-03-13,Contínuo,2,21.17647059,2026-03-13,2026-03-13
2026-03-13,"DC - FEVEREIRO/2026 / CBO F2",SEGUIDORES,P1,"Casa & Cia Centro",not_delivering,ad,5,5,1,"Clique de 7 dias, visualização de 1 dia ou visualização com engajamento de 1 dia",,,0.18,,2026-03-07,Contínuo,,36,2026-03-13,2026-03-13
2026-03-13,"DC - FEVEREIRO/2026 / CBO F2 ABERTO — Cópia",VV,P2,"Casa & Cia Centro",not_delivering,ad,63,73,1.15873016,"Clique de 7 dias, visualização de 1 dia ou visualização com engajamento de 1 dia",,,1.43,,2026-03-13,Contínuo,2,19.5890411,2026-03-13,2026-03-13
2026-03-13,"DC - FEVEREIRO/2026 / CBO F2 ABERTO",ENGAJAMENTO,P1,"Casa & Cia Centro",not_delivering,ad,3,3,1,"Clique de 7 dias, visualização de 1 dia ou visualização com engajamento de 1 dia",,,0.04,,2026-03-07,Contínuo,,13.33333333,2026-03-13,2026-03-13
2026-03-13,"PM | CBO | ENGAJ | 13.03","A9 - INTERESSE SÓ VIAJANTES E DISNEY — Cópia",C,"Casa & Cia Centro",not_delivering,ad,509,641,1.25933202,"Clique de 7 dias ou visualização de 1 dia",,,7.65,,2026-03-13,Contínuo,4,11.93447738,2026-03-13,2026-03-13
2026-03-13,"DC - FEVEREIRO/2026 / CBO F2 ABERTO — Cópia",SEGUIDORES,VIDEO,"Casa & Cia Centro",not_delivering,ad,1958,2039,1.04136874,"Clique de 7 dias, visualização de 1 dia ou visualização com engajamento de 1 dia","Leads no site",40,38.33,0.95825,2026-03-13,Contínuo,88,18.7984306,2026-03-13,2026-03-13
2026-03-13,"DC - FEVEREIRO/2026 / CBO F2",ENGAJAMENTO,P2,"Casa & Cia Centro",not_delivering,ad,69,71,1.02898551,"Clique de 7 dias, visualização de 1 dia ou visualização com engajamento de 1 dia",,,0.94,,2026-03-07,Contínuo,,13.23943662,2026-03-13,2026-03-13
2026-03-12,"HA | ABO | ENGAJ | 9 LINKS | 06.03 - FASE 2 - 50,00 — Número 21011","A9 - INTERESSE SÓ VIAJANTES E DISNEY",C,"Casa & Cia Centro",not_delivering,ad,619,715,1.15508885,"Clique de 7 dias ou visualização de 1 dia",,,15.77,,2026-03-06,Contínuo,3,22.05594406,2026-03-12,2026-03-12
2026-03-12,"DC - FEVEREIRO/2026 / ABO  - F2 — Cópia",VV,P2,"Casa & Cia Centro",not_delivering,ad,1953,2315,1.18535586,"Clique de 7 dias, visualização de 1 dia ou visualização com engajamento de 1 dia","Leads no site",8,26.69,3.33625,2026-03-11,2026-03-14,34,11.52915767,2026-03-12,2026-03-12
2026-03-12,"DC - FEVEREIRO/2026 / CBO F2",ENGAJAMENTO,VIDEO,"Casa & Cia Centro",not_delivering,ad,806,968,1.20099256,"Clique de 7 dias, visualização de 1 dia ou visualização com engajamento de 1 dia","Leads no site",10,16.52,1.652,2026-03-07,Contínuo,38,17.0661157,2026-03-12,2026-03-12
2026-03-12,"DC - FEVEREIRO/2026 / ABO  - F2 — Cópia",ENGAJAMENTO,VIDEO,"Casa & Cia Centro",not_delivering,ad,1330,1617,1.21578947,"Clique de 7 dias, visualização de 1 dia ou visualização com engajamento de 1 dia","Leads no site",14,37.25,2.66071429,2026-03-11,2026-03-14,47,23.03648732,2026-03-12,2026-03-12
2026-03-12,"DC - FEVEREIRO/2026 / CBO F2 ABERTO",VV,VIDEO,"Casa & Cia Centro",not_delivering,ad,7,7,1,"Clique de 7 dias, visualização de 1 dia ou visualização com engajamento de 1 dia",,,0.07,,2026-03-07,Contínuo,,10,2026-03-12,2026-03-12
2026-03-12,"DC - FEVEREIRO/2026 / CBO F2",SEGUIDORES,P2,"Casa & Cia Centro",not_delivering,ad,1,1,1,"Clique de 7 dias, visualização de 1 dia ou visualização com engajamento de 1 dia",,,0,,2026-03-07,Contínuo,,0,2026-03-12,2026-03-12
2026-03-12,"DC - FEVEREIRO/2026 / ABO  - F2",ENGAJAMENTO,P2,"Casa & Cia Centro",not_delivering,ad,3,3,1,"Clique de 7 dias, visualização de 1 dia ou visualização com engajamento de 1 dia",,,0.02,,2026-03-07,2026-03-14,,6.66666667,2026-03-12,2026-03-12
2026-03-12,"DC - FEVEREIRO/2026 / ABO  - F2 — Cópia",ENGAJAMENTO,P2,"Casa & Cia Centro",not_delivering,ad,544,762,1.40073529,"Clique de 7 dias, visualização de 1 dia ou visualização com engajamento de 1 dia","Leads no site",12,13.99,1.16583333,2026-03-11,2026-03-14,12,18.35958005,2026-03-12,2026-03-12
2026-03-12,"HA | ABO | ENGAJ | 9 LINKS | 06.03 - FASE 2 - 50,00","A9 - INTERESSE SÓ VIAJANTES E DISNEY",C,"Casa & Cia Centro",not_delivering,ad,337,386,1.14540059,"Clique de 7 dias ou visualização de 1 dia","Conversas por mensagem iniciadas",1,8.22,8.22,2026-03-06,Contínuo,6,21.29533679,2026-03-12,2026-03-12
2026-03-12,"DC - FEVEREIRO/2026 / ABO  - F2 — Cópia",VV,VIDEO,"Casa & Cia Centro",not_delivering,ad,823,1012,1.22964763,"Clique de 7 dias, visualização de 1 dia ou visualização com engajamento de 1 dia","Leads no site",8,23.99,2.99875,2026-03-11,2026-03-14,85,23.7055336,2026-03-12,2026-03-12
2026-03-12,"DC - FEVEREIRO/2026 / ABO  - F2",VV,VIDEO,"Casa & Cia Centro",not_delivering,ad,166,191,1.15060241,"Clique de 7 dias, visualização de 1 dia ou visualização com engajamento de 1 dia",,,3.34,,2026-03-07,2026-03-14,24,17.48691099,2026-03-12,2026-03-12
2026-03-12,"HA | ABO | ENGAJ | 9 LINKS | 06.03 - FASE 2 - 50,00 — Número 21011","A1 - INTERESSE",C,"Casa & Cia Centro",not_delivering,ad,551,670,1.21597096,"Clique de 7 dias ou visualização de 1 dia",,,10.64,,2026-03-06,Contínuo,2,15.88059701,2026-03-12,2026-03-12
2026-03-12,"DC - FEVEREIRO/2026 / ABO  - F2 — Cópia",SEGUIDORES,VIDEO,"Casa & Cia Centro",not_delivering,ad,1794,2218,1.23634337,"Clique de 7 dias, visualização de 1 dia ou visualização com engajamento de 1 dia","Leads no site",12,34.71,2.8925,2026-03-11,2026-03-14,47,15.64923354,2026-03-12,2026-03-12
2026-03-12,"DC - FEVEREIRO/2026 / CBO F2 ABERTO",ENGAJAMENTO,VIDEO,"Casa & Cia Centro",not_delivering,ad,3029,3368,1.11191812,"Clique de 7 dias, visualização de 1 dia ou visualização com engajamento de 1 dia","Leads no site",56,41.01,0.73232143,2026-03-07,Contínuo,152,12.1763658,2026-03-12,2026-03-12
2026-03-12,"DC - FEVEREIRO/2026 / ABO  - F2",ENGAJAMENTO,VIDEO,"Casa & Cia Centro",not_delivering,ad,2071,2730,1.31820377,"Clique de 7 dias, visualização de 1 dia ou visualização com engajamento de 1 dia","Leads no site",36,53.33,1.48138889,2026-03-07,2026-03-14,120,19.53479853,2026-03-12,2026-03-12
2026-03-12,"VISITAS AO PERFIL - 06/03 - HA - 25,00 - FASE 1",ABERTO,A3,"Casa & Cia Centro",not_delivering,ad,1307,1423,1.08875287,"Clique de 1 dia","Visitas ao perfil do Instagram",31,26.87,0.86677419,2026-03-06,Contínuo,32,18.8826423,2026-03-12,2026-03-12
2026-03-12,"VISITAS AO PERFIL - 06/03 - HA - 25,00 - FASE 1",ABERTO,A1,"Casa & Cia Centro",not_delivering,ad,2761,3123,1.13111192,"Clique de 1 dia","Visitas ao perfil do Instagram",29,9.37,0.32310345,2026-03-06,Contínuo,20,3.0003202,2026-03-12,2026-03-12
2026-03-12,"DC - FEVEREIRO/2026 / ABO  - F2 — Cópia",SEGUIDORES,VIDEO,"Casa & Cia Centro",not_delivering,ad,1820,2163,1.18846154,"Clique de 7 dias, visualização de 1 dia ou visualização com engajamento de 1 dia","Leads no site",8,36.11,4.51375,2026-03-11,2026-03-14,47,16.69440592,2026-03-12,2026-03-12
2026-03-12,"DC - FEVEREIRO/2026 / CBO F2",SEGUIDORES,VIDEO,"Casa & Cia Centro",not_delivering,ad,120,143,1.19166667,"Clique de 7 dias, visualização de 1 dia ou visualização com engajamento de 1 dia",,,2.05,,2026-03-07,Contínuo,13,14.33566434,2026-03-12,2026-03-12
2026-03-12,"DC - FEVEREIRO/2026 / ABO  - F2 — Cópia",VV,VIDEO,"Casa & Cia Centro",not_delivering,ad,782,917,1.17263427,"Clique de 7 dias, visualização de 1 dia ou visualização com engajamento de 1 dia","Leads no site",14,17.86,1.27571429,2026-03-11,2026-03-14,95,19.47655398,2026-03-12,2026-03-12
2026-03-12,"DC - FEVEREIRO/2026 / ABO  - F2 — Cópia",ENGAJAMENTO,VIDEO,"Casa & Cia Centro",not_delivering,ad,1554,2000,1.28700129,"Clique de 7 dias, visualização de 1 dia ou visualização com engajamento de 1 dia","Leads no site",6,40.7,6.78333333,2026-03-11,2026-03-14,49,20.35,2026-03-12,2026-03-12
2026-03-12,"DC - FEVEREIRO/2026 / ABO  - F2",VV,P2,"Casa & Cia Centro",not_delivering,ad,2947,3729,1.2653546,"Clique de 7 dias, visualização de 1 dia ou visualização com engajamento de 1 dia","Leads no site",14,45.16,3.22571429,2026-03-07,2026-03-14,63,12.11048538,2026-03-12,2026-03-12
2026-03-12,"DC - FEVEREIRO/2026 / ABO  - F2 — Cópia",VV,P2,"Casa & Cia Centro",not_delivering,ad,1952,2344,1.20081967,"Clique de 7 dias, visualização de 1 dia ou visualização com engajamento de 1 dia","Leads no site",4,31.65,7.9125,2026-03-11,2026-03-14,41,13.50255973,2026-03-12,2026-03-12
2026-03-12,"DC - FEVEREIRO/2026 / ABO  - F2 — Cópia",SEGUIDORES,P1,"Casa & Cia Centro",not_delivering,ad,403,474,1.17617866,"Clique de 7 dias, visualização de 1 dia ou visualização com engajamento de 1 dia","Leads no site",4,8.85,2.2125,2026-03-11,2026-03-14,9,18.67088608,2026-03-12,2026-03-12
2026-03-12,"HA | ABO | ENGAJ | 9 LINKS | 06.03 - FASE 2 - 50,00","A6 - INTERESSE VIAJANTES",C,"Casa & Cia Centro",not_delivering,ad,31,34,1.09677419,"Clique de 7 dias ou visualização de 1 dia",,,1.45,,2026-03-06,Contínuo,1,42.64705882,2026-03-12,2026-03-12
2026-03-12,"DC - FEVEREIRO/2026 / CBO F2",VISITAS,P1,"Casa & Cia Centro",not_delivering,ad,2,2,1,"Clique de 7 dias, visualização de 1 dia ou visualização com engajamento de 1 dia",,,0.02,,2026-03-07,Contínuo,,10,2026-03-12,2026-03-12
2026-03-12,"DC - FEVEREIRO/2026 / ABO  - F2",SEGUIDORES,VIDEO,"Casa & Cia Centro",not_delivering,ad,2142,2713,1.2665733,"Clique de 7 dias, visualização de 1 dia ou visualização com engajamento de 1 dia","Leads no site",25,49.9,1.996,2026-03-07,2026-03-14,76,18.39292296,2026-03-12,2026-03-12
2026-03-12,"DC - FEVEREIRO/2026 / ABO  - F2 — Cópia",ENGAJAMENTO,P2,"Casa & Cia Centro",not_delivering,ad,373,503,1.34852547,"Clique de 7 dias, visualização de 1 dia ou visualização com engajamento de 1 dia","Leads no site",6,9.49,1.58166667,2026-03-11,2026-03-14,11,18.8667992,2026-03-12,2026-03-12
2026-03-12,"DC - FEVEREIRO/2026 / CBO F2",VV,VIDEO,"Casa & Cia Centro",not_delivering,ad,1253,1609,1.28411812,"Clique de 7 dias, visualização de 1 dia ou visualização com engajamento de 1 dia","Leads no site",16,26.63,1.664375,2026-03-07,Contínuo,165,16.55065258,2026-03-12,2026-03-12
2026-03-12,"DC - FEVEREIRO/2026 / CBO F2 ABERTO",ENGAJAMENTO,P2,"Casa & Cia Centro",not_delivering,ad,18,19,1.05555556,"Clique de 7 dias, visualização de 1 dia ou visualização com engajamento de 1 dia",,,0.24,,2026-03-07,Contínuo,,12.63157895,2026-03-12,2026-03-12
2026-03-12,"DC - FEVEREIRO/2026 / CBO F2 ABERTO",VV,P1,"Casa & Cia Centro",not_delivering,ad,3,3,1,"Clique de 7 dias, visualização de 1 dia ou visualização com engajamento de 1 dia",,,0.06,,2026-03-07,Contínuo,1,20,2026-03-12,2026-03-12
2026-03-12,"DC - FEVEREIRO/2026 / CBO F2",ENGAJAMENTO,P2,"Casa & Cia Centro",not_delivering,ad,4,4,1,"Clique de 7 dias, visualização de 1 dia ou visualização com engajamento de 1 dia",,,0.02,,2026-03-07,Contínuo,,5,2026-03-12,2026-03-12
2026-03-12,"DC - FEVEREIRO/2026 / CBO F2 ABERTO",SEGUIDORES,VIDEO,"Casa & Cia Centro",not_delivering,ad,260,269,1.03461538,"Clique de 7 dias, visualização de 1 dia ou visualização com engajamento de 1 dia","Leads no site",2,3.8,1.9,2026-03-07,Contínuo,15,14.12639405,2026-03-12,2026-03-12
2026-03-12,"DC - FEVEREIRO/2026 / ABO  - F2 — Cópia",SEGUIDORES,P1,"Casa & Cia Centro",not_delivering,ad,443,508,1.14672686,"Clique de 7 dias, visualização de 1 dia ou visualização com engajamento de 1 dia","Leads no site",8,10.1,1.2625,2026-03-11,2026-03-14,12,19.88188976,2026-03-12,2026-03-12
2026-03-11,"DC - FEVEREIRO/2026 / ABO  - F2",SEGUIDORES,P1,"Casa & Cia Centro",not_delivering,ad,33,34,1.03030303,"Clique de 7 dias, visualização de 1 dia ou visualização com engajamento de 1 dia",,,0.32,,2026-03-07,2026-03-14,1,9.41176471,2026-03-11,2026-03-11
2026-03-11,"DC - FEVEREIRO/2026 / ABO  - F2",VISITAS,P2,"Casa & Cia Centro",not_delivering,ad,879,1164,1.32423208,"Clique de 7 dias, visualização de 1 dia ou visualização com engajamento de 1 dia","Leads no site",4,16.94,4.235,2026-03-07,2026-03-14,15,14.5532646,2026-03-11,2026-03-11
2026-03-11,"DC - FEVEREIRO/2026 / CBO F2",ENGAJAMENTO,VIDEO,"Casa & Cia Centro",not_delivering,ad,937,1115,1.18996798,"Clique de 7 dias, visualização de 1 dia ou visualização com engajamento de 1 dia","Leads no site",14,18.06,1.29,2026-03-07,Contínuo,36,16.19730942,2026-03-11,2026-03-11
2026-03-11,"DC - FEVEREIRO/2026 / ABO  - F2 — Cópia",ENGAJAMENTO,VIDEO,"Casa & Cia Centro",not_delivering,ad,5,5,1,"Clique de 7 dias, visualização de 1 dia ou visualização com engajamento de 1 dia",,,0.04,,2026-03-11,2026-03-14,,8,2026-03-11,2026-03-11
2026-03-11,"DC - FEVEREIRO/2026 / CBO F2 ABERTO",VV,VIDEO,"Casa & Cia Centro",not_delivering,ad,8,9,1.125,"Clique de 7 dias, visualização de 1 dia ou visualização com engajamento de 1 dia",,,0.17,,2026-03-07,Contínuo,2,18.88888889,2026-03-11,2026-03-11
2026-03-11,"DC - FEVEREIRO/2026 / CBO F2",SEGUIDORES,P2,"Casa & Cia Centro",not_delivering,ad,2,2,1,"Clique de 7 dias, visualização de 1 dia ou visualização com engajamento de 1 dia",,,0.02,,2026-03-07,Contínuo,,10,2026-03-11,2026-03-11
2026-03-11,"DC - FEVEREIRO/2026 / ABO  - F2",ENGAJAMENTO,P2,"Casa & Cia Centro",not_delivering,ad,32,33,1.03125,"Clique de 7 dias, visualização de 1 dia ou visualização com engajamento de 1 dia",,,0.47,,2026-03-07,2026-03-14,1,14.24242424,2026-03-11,2026-03-11
2026-03-11,"DC - FEVEREIRO/2026 / CBO F2 ABERTO",ENGAJAMENTO,VIDEO,"Casa & Cia Centro",not_delivering,ad,3017,3537,1.17235665,"Clique de 7 dias, visualização de 1 dia ou visualização com engajamento de 1 dia","Leads no site",54,43.02,0.79666667,2026-03-07,Contínuo,137,12.16284987,2026-03-11,2026-03-11
2026-03-11,"HA | ABO | ENGAJ | 9 LINKS | 06.03 - FASE 2 - 50,00 — Número 21011","A9 - INTERESSE SÓ VIAJANTES E DISNEY",C,"Casa & Cia Centro",not_delivering,ad,837,1170,1.39784946,"Clique de 7 dias ou visualização de 1 dia","Conversas por mensagem iniciadas",2,14.89,7.445,2026-03-06,Contínuo,8,12.72649573,2026-03-11,2026-03-11
2026-03-11,"HA | ABO | ENGAJ | 9 LINKS | 06.03 - FASE 2 - 50,00","A9 - INTERESSE SÓ VIAJANTES E DISNEY",C,"Casa & Cia Centro",not_delivering,ad,436,525,1.20412844,"Clique de 7 dias ou visualização de 1 dia",,,10.06,,2026-03-06,Contínuo,,19.16190476,2026-03-11,2026-03-11
2026-03-11,"DC - FEVEREIRO/2026 / ABO  - F2 — Cópia",VV,VIDEO,"Casa & Cia Centro",not_delivering,ad,1398,1603,1.14663805,"Clique de 7 dias, visualização de 1 dia ou visualização com engajamento de 1 dia","Leads no site",10,23.94,2.394,2026-03-11,2026-03-14,68,14.93449782,2026-03-11,2026-03-11
2026-03-11,"DC - FEVEREIRO/2026 / ABO  - F2",VV,VIDEO,"Casa & Cia Centro",not_delivering,ad,55,58,1.05454545,"Clique de 7 dias, visualização de 1 dia ou visualização com engajamento de 1 dia",,,0.93,,2026-03-07,2026-03-14,,16.03448276,2026-03-11,2026-03-11
2026-03-11,"HA | ABO | ENGAJ | 9 LINKS | 06.03 - FASE 2 - 50,00 — Número 21011","A1 - INTERESSE",C,"Casa & Cia Centro",not_delivering,ad,591,747,1.26395939,"Clique de 7 dias ou visualização de 1 dia","Conversas por mensagem iniciadas",1,8.51,8.51,2026-03-06,Contínuo,1,11.39223561,2026-03-11,2026-03-11
2026-03-11,"DC - FEVEREIRO/2026 / ABO  - F2 — Cópia",ENGAJAMENTO,P2,"Casa & Cia Centro",not_delivering,ad,1161,1546,1.33161068,"Clique de 7 dias, visualização de 1 dia ou visualização com engajamento de 1 dia","Leads no site",2,32.38,16.19,2026-03-11,2026-03-14,22,20.94437257,2026-03-11,2026-03-11
2026-03-11,"DC - FEVEREIRO/2026 / ABO  - F2 — Cópia",SEGUIDORES,VIDEO,"Casa & Cia Centro",not_delivering,ad,1227,1437,1.17114914,"Clique de 7 dias, visualização de 1 dia ou visualização com engajamento de 1 dia","Leads no site",16,26.56,1.66,2026-03-11,2026-03-14,27,18.48295059,2026-03-11,2026-03-11
2026-03-11,"VISITAS AO PERFIL - 06/03 - HA - 25,00 - FASE 1",ABERTO,A1,"Casa & Cia Centro",not_delivering,ad,2789,3048,1.09286483,"Clique de 1 dia","Visitas ao perfil do Instagram",28,9.73,0.3475,2026-03-06,Contínuo,30,3.19225722,2026-03-11,2026-03-11
2026-03-11,"DC - FEVEREIRO/2026 / ABO  - F2",ENGAJAMENTO,VIDEO,"Casa & Cia Centro",not_delivering,ad,2022,2668,1.31948566,"Clique de 7 dias, visualização de 1 dia ou visualização com engajamento de 1 dia","Leads no site",26,45.44,1.74769231,2026-03-07,2026-03-14,106,17.03148426,2026-03-11,2026-03-11
2026-03-11,"DC - FEVEREIRO/2026 / ABO  - F2 — Cópia",VV,P2,"Casa & Cia Centro",not_delivering,ad,125,129,1.032,"Clique de 7 dias, visualização de 1 dia ou visualização com engajamento de 1 dia","Leads no site",2,1.08,0.54,2026-03-11,2026-03-14,3,8.37209302,2026-03-11,2026-03-11
2026-03-11,"DC - FEVEREIRO/2026 / ABO  - F2 — Cópia",SEGUIDORES,P1,"Casa & Cia Centro",not_delivering,ad,100,106,1.06,"Clique de 7 dias, visualização de 1 dia ou visualização com engajamento de 1 dia",,,1.32,,2026-03-11,2026-03-14,,12.45283019,2026-03-11,2026-03-11
2026-03-11,"VISITAS AO PERFIL - 06/03 - HA - 25,00 - FASE 1",ABERTO,A3,"Casa & Cia Centro",not_delivering,ad,1177,1291,1.09685641,"Clique de 1 dia","Visitas ao perfil do Instagram",25,22,0.88,2026-03-06,Contínuo,24,17.04105345,2026-03-11,2026-03-11
2026-03-11,"DC - FEVEREIRO/2026 / ABO  - F2",SEGUIDORES,VIDEO,"Casa & Cia Centro",not_delivering,ad,1857,2371,1.27679052,"Clique de 7 dias, visualização de 1 dia ou visualização com engajamento de 1 dia","Leads no site",30,36.64,1.22133333,2026-03-07,2026-03-14,67,15.45339519,2026-03-11,2026-03-11
2026-03-11,"DC - FEVEREIRO/2026 / ABO  - F2 — Cópia",ENGAJAMENTO,VIDEO,"Casa & Cia Centro",not_delivering,ad,1154,1296,1.12305026,"Clique de 7 dias, visualização de 1 dia ou visualização com engajamento de 1 dia","Leads no site",4,29.25,7.3125,2026-03-11,2026-03-14,17,22.56944444,2026-03-11,2026-03-11
2026-03-11,"DC - FEVEREIRO/2026 / ABO  - F2 — Cópia",SEGUIDORES,VIDEO,"Casa & Cia Centro",not_delivering,ad,1214,1386,1.1416804,"Clique de 7 dias, visualização de 1 dia ou visualização com engajamento de 1 dia","Leads no site",14,26.77,1.91214286,2026-03-11,2026-03-14,19,19.31457431,2026-03-11,2026-03-11
2026-03-11,"DC - FEVEREIRO/2026 / CBO F2",SEGUIDORES,VIDEO,"Casa & Cia Centro",not_delivering,ad,299,336,1.12374582,"Clique de 7 dias, visualização de 1 dia ou visualização com engajamento de 1 dia","Leads no site",4,4.63,1.1575,2026-03-07,Contínuo,9,13.7797619,2026-03-11,2026-03-11
2026-03-11,"VISITAS AO PERFIL - 06/03 - HA - 25,00 - FASE 1",ABERTO,A2,"Casa & Cia Centro",not_delivering,ad,57,58,1.01754386,"Clique de 1 dia","Visitas ao perfil do Instagram",1,0.72,0.72,2026-03-06,Contínuo,1,12.4137931,2026-03-11,2026-03-11
2026-03-11,"DC - FEVEREIRO/2026 / ABO  - F2 — Cópia",SEGUIDORES,P1,"Casa & Cia Centro",not_delivering,ad,57,58,1.01754386,"Clique de 7 dias, visualização de 1 dia ou visualização com engajamento de 1 dia",,,0.78,,2026-03-11,2026-03-14,2,13.44827586,2026-03-11,2026-03-11
2026-03-11,"HA | ABO | ENGAJ | 9 LINKS | 06.03 - FASE 2 - 50,00","A6 - INTERESSE VIAJANTES",C,"Casa & Cia Centro",not_delivering,ad,615,770,1.25203252,"Clique de 7 dias ou visualização de 1 dia",,,8,,2026-03-06,Contínuo,2,10.38961039,2026-03-11,2026-03-11
2026-03-11,"DC - FEVEREIRO/2026 / CBO F2 ABERTO",SEGUIDORES,P2,"Casa & Cia Centro",not_delivering,ad,22,22,1,"Clique de 7 dias, visualização de 1 dia ou visualização com engajamento de 1 dia",,,0.17,,2026-03-07,Contínuo,,7.72727273,2026-03-11,2026-03-11
2026-03-11,"DC - FEVEREIRO/2026 / ABO  - F2 — Cópia",VV,P2,"Casa & Cia Centro",not_delivering,ad,196,205,1.04591837,"Clique de 7 dias, visualização de 1 dia ou visualização com engajamento de 1 dia",,,1.86,,2026-03-11,2026-03-14,1,9.07317073,2026-03-11,2026-03-11
2026-03-11,"DC - FEVEREIRO/2026 / CBO F2",VISITAS,P1,"Casa & Cia Centro",not_delivering,ad,2,2,1,"Clique de 7 dias, visualização de 1 dia ou visualização com engajamento de 1 dia",,,0.09,,2026-03-07,Contínuo,,45,2026-03-11,2026-03-11
2026-03-11,"DC - FEVEREIRO/2026 / ABO  - F2 — Cópia",ENGAJAMENTO,P2,"Casa & Cia Centro",not_delivering,ad,22,24,1.09090909,"Clique de 7 dias, visualização de 1 dia ou visualização com engajamento de 1 dia",,,0.29,,2026-03-11,2026-03-14,,12.08333333,2026-03-11,2026-03-11
2026-03-11,"DC - FEVEREIRO/2026 / CBO F2",VV,VIDEO,"Casa & Cia Centro",not_delivering,ad,704,914,1.29829545,"Clique de 7 dias, visualização de 1 dia ou visualização com engajamento de 1 dia","Leads no site",4,16.38,4.095,2026-03-07,Contínuo,100,17.92122538,2026-03-11,2026-03-11
2026-03-11,"DC - FEVEREIRO/2026 / CBO F2 ABERTO",ENGAJAMENTO,P1,"Casa & Cia Centro",not_delivering,ad,34,35,1.02941176,"Clique de 7 dias, visualização de 1 dia ou visualização com engajamento de 1 dia",,,0.3,,2026-03-07,Contínuo,1,8.57142857,2026-03-11,2026-03-11
2026-03-11,"DC - FEVEREIRO/2026 / CBO F2",ENGAJAMENTO,P2,"Casa & Cia Centro",not_delivering,ad,2,2,1,"Clique de 7 dias, visualização de 1 dia ou visualização com engajamento de 1 dia",,,0.02,,2026-03-07,Contínuo,,10,2026-03-11,2026-03-11
2026-03-11,"DC - FEVEREIRO/2026 / CBO F2 ABERTO",SEGUIDORES,VIDEO,"Casa & Cia Centro",not_delivering,ad,191,204,1.06806283,"Clique de 7 dias, visualização de 1 dia ou visualização com engajamento de 1 dia","Leads no site",6,3.49,0.58166667,2026-03-07,Contínuo,15,17.10784314,2026-03-11,2026-03-11
2026-03-11,"DC - FEVEREIRO/2026 / ABO  - F2",VV,P2,"Casa & Cia Centro",not_delivering,ad,2989,3973,1.32920709,"Clique de 7 dias, visualização de 1 dia ou visualização com engajamento de 1 dia","Leads no site",32,38.39,1.1996875,2026-03-07,2026-03-14,80,9.66272338,2026-03-11,2026-03-11
2026-03-11,"DC - FEVEREIRO/2026 / ABO  - F2 — Cópia",VV,VIDEO,"Casa & Cia Centro",not_delivering,ad,1242,1448,1.16586151,"Clique de 7 dias, visualização de 1 dia ou visualização com engajamento de 1 dia","Leads no site",8,22.34,2.7925,2026-03-11,2026-03-14,56,15.4281768,2026-03-11,2026-03-11
2026-03-10,"HA | ABO | ENGAJ | 9 LINKS | 06.03 - FASE 2 - 50,00 — Número 21011","A9 - INTERESSE SÓ VIAJANTES E DISNEY",C,"Casa & Cia Centro",not_delivering,ad,711,879,1.23628692,"Clique de 7 dias ou visualização de 1 dia","Conversas por mensagem iniciadas",2,20.62,10.31,2026-03-06,Contínuo,8,23.45847554,2026-03-10,2026-03-10
2026-03-10,"DC - FEVEREIRO/2026 / CBO F2",ENGAJAMENTO,VIDEO,"Casa & Cia Centro",not_delivering,ad,879,1033,1.17519909,"Clique de 7 dias, visualização de 1 dia ou visualização com engajamento de 1 dia","Leads no site",22,19.27,0.87590909,2026-03-07,Contínuo,47,18.65440465,2026-03-10,2026-03-10
2026-03-10,"DC - FEVEREIRO/2026 / CBO F2 ABERTO",VV,VIDEO,"Casa & Cia Centro",not_delivering,ad,25,29,1.16,"Clique de 7 dias, visualização de 1 dia ou visualização com engajamento de 1 dia",,,1.02,,2026-03-07,Contínuo,9,35.17241379,2026-03-10,2026-03-10
2026-03-10,"DC - FEVEREIRO/2026 / CBO F2",SEGUIDORES,P2,"Casa & Cia Centro",not_delivering,ad,85,89,1.04705882,"Clique de 7 dias, visualização de 1 dia ou visualização com engajamento de 1 dia",,,1.28,,2026-03-07,Contínuo,,14.38202247,2026-03-10,2026-03-10
2026-03-10,"DC - FEVEREIRO/2026 / ABO  - F2",SEGUIDORES,P1,"Casa & Cia Centro",not_delivering,ad,41,46,1.12195122,"Clique de 7 dias, visualização de 1 dia ou visualização com engajamento de 1 dia","Leads no site",2,0.51,0.255,2026-03-07,2026-03-14,,11.08695652,2026-03-10,2026-03-10
2026-03-10,"DC - FEVEREIRO/2026 / CBO F2 ABERTO",ENGAJAMENTO,VIDEO,"Casa & Cia Centro",not_delivering,ad,2680,3251,1.2130597,"Clique de 7 dias, visualização de 1 dia ou visualização com engajamento de 1 dia","Leads no site",93,45.85,0.49301075,2026-03-07,Contínuo,150,14.10335281,2026-03-10,2026-03-10
2026-03-10,"HA | ABO | ENGAJ | 9 LINKS | 06.03 - FASE 2 - 50,00","A9 - INTERESSE SÓ VIAJANTES E DISNEY",C,"Casa & Cia Centro",not_delivering,ad,500,576,1.152,"Clique de 7 dias ou visualização de 1 dia","Conversas por mensagem iniciadas",1,12.58,12.58,2026-03-06,Contínuo,3,21.84027778,2026-03-10,2026-03-10
2026-03-10,"DC - FEVEREIRO/2026 / ABO  - F2",VV,VIDEO,"Casa & Cia Centro",not_delivering,ad,195,217,1.11282051,"Clique de 7 dias, visualização de 1 dia ou visualização com engajamento de 1 dia","Leads no site",2,3.66,1.83,2026-03-07,2026-03-14,17,16.86635945,2026-03-10,2026-03-10
2026-03-10,"HA | ABO | ENGAJ | 9 LINKS | 06.03 - FASE 2 - 50,00 — Número 21011","A1 - INTERESSE",C,"Casa & Cia Centro",not_delivering,ad,459,546,1.18954248,"Clique de 7 dias ou visualização de 1 dia","Conversas por mensagem iniciadas",1,14.08,14.08,2026-03-06,Contínuo,4,25.78754579,2026-03-10,2026-03-10
2026-03-10,"DC - FEVEREIRO/2026 / ABO  - F2",ENGAJAMENTO,VIDEO,"Casa & Cia Centro",not_delivering,ad,2173,3055,1.40589047,"Clique de 7 dias, visualização de 1 dia ou visualização com engajamento de 1 dia","Leads no site",32,54.22,1.694375,2026-03-07,2026-03-14,88,17.74795417,2026-03-10,2026-03-10
2026-03-10,"VISITAS AO PERFIL - 06/03 - HA - 25,00 - FASE 1",ABERTO,A1,"Casa & Cia Centro",not_delivering,ad,2637,2914,1.10504361,"Clique de 1 dia","Visitas ao perfil do Instagram",25,9.98,0.3992,2026-03-06,Contínuo,31,3.42484557,2026-03-10,2026-03-10
2026-03-10,"DC - FEVEREIRO/2026 / ABO  - F2",VISITAS,P2,"Casa & Cia Centro",not_delivering,ad,1524,2326,1.52624672,"Clique de 7 dias, visualização de 1 dia ou visualização com engajamento de 1 dia","Leads no site",9,34.26,3.80666667,2026-03-07,2026-03-14,25,14.72914875,2026-03-10,2026-03-10
2026-03-10,"DC - FEVEREIRO/2026 / CBO F2",SEGUIDORES,VIDEO,"Casa & Cia Centro",not_delivering,ad,269,295,1.09665428,"Clique de 7 dias, visualização de 1 dia ou visualização com engajamento de 1 dia","Leads no site",2,5.58,2.79,2026-03-07,Contínuo,9,18.91525424,2026-03-10,2026-03-10
2026-03-10,"VISITAS AO PERFIL - 06/03 - HA - 25,00 - FASE 1",ABERTO,A3,"Casa & Cia Centro",not_delivering,ad,1096,1188,1.08394161,"Clique de 1 dia","Visitas ao perfil do Instagram",29,23.16,0.79862069,2026-03-06,Contínuo,29,19.49494949,2026-03-10,2026-03-10
2026-03-10,"DC - FEVEREIRO/2026 / CBO F2",VV,VIDEO,"Casa & Cia Centro",not_delivering,ad,822,1081,1.31508516,"Clique de 7 dias, visualização de 1 dia ou visualização com engajamento de 1 dia","Leads no site",12,23.43,1.9525,2026-03-07,Contínuo,119,21.67437558,2026-03-10,2026-03-10
2026-03-10,"VISITAS AO PERFIL - 06/03 - HA - 25,00 - FASE 1",ABERTO,A2,"Casa & Cia Centro",not_delivering,ad,4,4,1,"Clique de 1 dia",,,0.03,,2026-03-06,Contínuo,,7.5,2026-03-10,2026-03-10
2026-03-10,"HA | ABO | ENGAJ | 9 LINKS | 06.03 - FASE 2 - 50,00","A6 - INTERESSE VIAJANTES",C,"Casa & Cia Centro",not_delivering,ad,516,636,1.23255814,"Clique de 7 dias ou visualização de 1 dia",,,11.84,,2026-03-06,Contínuo,2,18.6163522,2026-03-10,2026-03-10
2026-03-10,"DC - FEVEREIRO/2026 / CBO F2",VISITAS,P1,"Casa & Cia Centro",not_delivering,ad,3,4,1.33333333,"Clique de 7 dias, visualização de 1 dia ou visualização com engajamento de 1 dia",,,0.02,,2026-03-07,Contínuo,,5,2026-03-10,2026-03-10
2026-03-10,"DC - FEVEREIRO/2026 / ABO  - F2",SEGUIDORES,VIDEO,"Casa & Cia Centro",not_delivering,ad,1893,2521,1.33174855,"Clique de 7 dias, visualização de 1 dia ou visualização com engajamento de 1 dia","Leads no site",38,39.82,1.04789474,2026-03-07,2026-03-14,66,15.79531932,2026-03-10,2026-03-10
2026-03-10,"DC - FEVEREIRO/2026 / CBO F2 ABERTO",ENGAJAMENTO,P2,"Casa & Cia Centro",not_delivering,ad,9,11,1.22222222,"Clique de 7 dias, visualização de 1 dia ou visualização com engajamento de 1 dia","Leads no site",2,0.09,0.045,2026-03-07,Contínuo,2,8.18181818,2026-03-10,2026-03-10
2026-03-10,"DC - FEVEREIRO/2026 / CBO F2 ABERTO",ENGAJAMENTO,P1,"Casa & Cia Centro",not_delivering,ad,12,13,1.08333333,"Clique de 7 dias, visualização de 1 dia ou visualização com engajamento de 1 dia",,,0.06,,2026-03-07,Contínuo,,4.61538462,2026-03-10,2026-03-10
2026-03-10,"DC - FEVEREIRO/2026 / CBO F2",ENGAJAMENTO,P2,"Casa & Cia Centro",not_delivering,ad,134,150,1.11940299,"Clique de 7 dias, visualização de 1 dia ou visualização com engajamento de 1 dia","Leads no site",2,3.76,1.88,2026-03-07,Contínuo,7,25.06666667,2026-03-10,2026-03-10
2026-03-10,"DC - FEVEREIRO/2026 / CBO F2 ABERTO",SEGUIDORES,VIDEO,"Casa & Cia Centro",not_delivering,ad,260,285,1.09615385,"Clique de 7 dias, visualização de 1 dia ou visualização com engajamento de 1 dia","Leads no site",8,4.91,0.61375,2026-03-07,Contínuo,20,17.22807018,2026-03-10,2026-03-10
2026-03-10,"DC - FEVEREIRO/2026 / ABO  - F2",VV,P2,"Casa & Cia Centro",not_delivering,ad,3062,4031,1.31645983,"Clique de 7 dias, visualização de 1 dia ou visualização com engajamento de 1 dia","Leads no site",13,37.17,2.85923077,2026-03-07,2026-03-14,51,9.22103696,2026-03-10,2026-03-10
2026-03-09,"DC - FEVEREIRO/2026 / ABO  - F2",ENGAJAMENTO,P2,"Casa & Cia Centro",not_delivering,ad,57,63,1.10526316,"Clique de 7 dias, visualização de 1 dia ou visualização com engajamento de 1 dia",,,1.15,,2026-03-07,2026-03-14,1,18.25396825,2026-03-09,2026-03-09
2026-03-09,"VISITAS AO PERFIL - 06/03 - HA - 25,00 - FASE 1",ABERTO,A1,"Casa & Cia Centro",not_delivering,ad,3068,3417,1.11375489,"Clique de 1 dia","Visitas ao perfil do Instagram",40,9.94,0.2485,2026-03-06,Contínuo,40,2.90898449,2026-03-09,2026-03-09
2026-03-09,"DC - FEVEREIRO/2026 / ABO  - F2",VISITAS,P2,"Casa & Cia Centro",not_delivering,ad,1518,2545,1.67654809,"Clique de 7 dias, visualização de 1 dia ou visualização com engajamento de 1 dia","Leads no site",20,38.4,1.92,2026-03-07,2026-03-14,35,15.08840864,2026-03-09,2026-03-09
2026-03-09,"DC - FEVEREIRO/2026 / CBO F2",ENGAJAMENTO,VIDEO,"Casa & Cia Centro",not_delivering,ad,675,867,1.28444444,"Clique de 7 dias, visualização de 1 dia ou visualização com engajamento de 1 dia","Leads no site",16,13.62,0.85125,2026-03-07,Contínuo,49,15.70934256,2026-03-09,2026-03-09
2026-03-09,"DC - FEVEREIRO/2026 / CBO F2 ABERTO",VV,VIDEO,"Casa & Cia Centro",not_delivering,ad,204,270,1.32352941,"Clique de 7 dias, visualização de 1 dia ou visualização com engajamento de 1 dia","Leads no site",7,13.48,1.92571429,2026-03-07,Contínuo,107,49.92592593,2026-03-09,2026-03-09
2026-03-09,"DC - FEVEREIRO/2026 / CBO F2",SEGUIDORES,P2,"Casa & Cia Centro",not_delivering,ad,141,160,1.13475177,"Clique de 7 dias, visualização de 1 dia ou visualização com engajamento de 1 dia",,,2.49,,2026-03-07,Contínuo,2,15.5625,2026-03-09,2026-03-09
2026-03-09,"DC - FEVEREIRO/2026 / CBO F2 ABERTO",SEGUIDORES,P1,"Casa & Cia Centro",not_delivering,ad,5,5,1,"Clique de 7 dias, visualização de 1 dia ou visualização com engajamento de 1 dia",,,0.01,,2026-03-07,Contínuo,,2,2026-03-09,2026-03-09
2026-03-09,"DC - FEVEREIRO/2026 / CBO F2",VV,P2,"Casa & Cia Centro",inactive,ad,132,165,1.25,"Clique de 7 dias, visualização de 1 dia ou visualização com engajamento de 1 dia",,,1.81,,2026-03-07,Contínuo,4,10.96969697,2026-03-09,2026-03-09
2026-03-09,"DC - FEVEREIRO/2026 / ABO  - F2",VV,P1,"Casa & Cia Centro",inactive,ad,178,203,1.14044944,"Clique de 7 dias, visualização de 1 dia ou visualização com engajamento de 1 dia",,,1.93,,2026-03-07,2026-03-14,4,9.50738916,2026-03-09,2026-03-09
2026-03-09,"DC - FEVEREIRO/2026 / ABO  - F2",SEGUIDORES,P1,"Casa & Cia Centro",not_delivering,ad,342,403,1.17836257,"Clique de 7 dias, visualização de 1 dia ou visualização com engajamento de 1 dia","Leads no site",4,4.32,1.08,2026-03-07,2026-03-14,4,10.71960298,2026-03-09,2026-03-09
2026-03-09,"HA | ABO | ENGAJ | 9 LINKS | 06.03 - FASE 2 - 50,00 — Número 21011","A9 - INTERESSE SÓ VIAJANTES E DISNEY",C,"Casa & Cia Centro",not_delivering,ad,419,505,1.2052506,"Clique de 7 dias ou visualização de 1 dia","Conversas por mensagem iniciadas",2,12.59,6.295,2026-03-06,Contínuo,11,24.93069307,2026-03-09,2026-03-09
2026-03-09,"HA | ABO | ENGAJ | 9 LINKS | 06.03 - FASE 2 - 50,00","A9 - INTERESSE SÓ VIAJANTES E DISNEY",C,"Casa & Cia Centro",not_delivering,ad,300,339,1.13,"Clique de 7 dias ou visualização de 1 dia","Conversas por mensagem iniciadas",1,12.89,12.89,2026-03-06,Contínuo,2,38.02359882,2026-03-09,2026-03-09
2026-03-09,"DC - FEVEREIRO/2026 / ABO  - F2",VV,VIDEO,"Casa & Cia Centro",not_delivering,ad,672,977,1.45386905,"Clique de 7 dias, visualização de 1 dia ou visualização com engajamento de 1 dia","Leads no site",14,19.69,1.40642857,2026-03-07,2026-03-14,153,20.15353122,2026-03-09,2026-03-09
2026-03-09,"HA | ABO | ENGAJ | 9 LINKS | 06.03 - FASE 2 - 50,00 — Número 21011","A1 - INTERESSE",C,"Casa & Cia Centro",not_delivering,ad,261,322,1.23371648,"Clique de 7 dias ou visualização de 1 dia",,,9.33,,2026-03-06,Contínuo,4,28.97515528,2026-03-09,2026-03-09
2026-03-09,"DC - FEVEREIRO/2026 / CBO F2",SEGUIDORES,VIDEO,"Casa & Cia Centro",not_delivering,ad,276,321,1.16304348,"Clique de 7 dias, visualização de 1 dia ou visualização com engajamento de 1 dia","Leads no site",2,4.84,2.42,2026-03-07,Contínuo,14,15.07788162,2026-03-09,2026-03-09
2026-03-09,"DC - FEVEREIRO/2026 / ABO  - F2",VISITAS,P1,"Casa & Cia Centro",inactive,ad,31,35,1.12903226,"Clique de 7 dias, visualização de 1 dia ou visualização com engajamento de 1 dia",,,0.69,,2026-03-07,2026-03-14,,19.71428571,2026-03-09,2026-03-09
2026-03-09,"DC - FEVEREIRO/2026 / CBO F2 ABERTO",ENGAJAMENTO,VIDEO,"Casa & Cia Centro",not_delivering,ad,1041,1369,1.31508165,"Clique de 7 dias, visualização de 1 dia ou visualização com engajamento de 1 dia","Leads no site",50,31.56,0.6312,2026-03-07,Contínuo,179,23.05332359,2026-03-09,2026-03-09
2026-03-09,"DC - FEVEREIRO/2026 / ABO  - F2",ENGAJAMENTO,VIDEO,"Casa & Cia Centro",not_delivering,ad,1983,2954,1.48966213,"Clique de 7 dias, visualização de 1 dia ou visualização com engajamento de 1 dia","Leads no site",34,42.75,1.25735294,2026-03-07,2026-03-14,96,14.47190251,2026-03-09,2026-03-09
2026-03-09,"VISITAS AO PERFIL - 06/03 - HA - 25,00 - FASE 1",ABERTO,A3,"Casa & Cia Centro",not_delivering,ad,1541,1577,1.02336145,"Clique de 1 dia","Visitas ao perfil do Instagram",29,26.92,0.92827586,2026-03-06,Contínuo,26,17.07038681,2026-03-09,2026-03-09
2026-03-09,"DC - FEVEREIRO/2026 / CBO F2",VV,P1,"Casa & Cia Centro",inactive,ad,47,52,1.10638298,"Clique de 7 dias, visualização de 1 dia ou visualização com engajamento de 1 dia",,,0.68,,2026-03-07,Contínuo,,13.07692308,2026-03-09,2026-03-09
2026-03-09,"DC - FEVEREIRO/2026 / ABO  - F2",VV,P2,"Casa & Cia Centro",not_delivering,ad,1751,2088,1.19246145,"Clique de 7 dias, visualização de 1 dia ou visualização com engajamento de 1 dia","Leads no site",15,20.22,1.348,2026-03-07,2026-03-14,38,9.68390805,2026-03-09,2026-03-09
2026-03-09,"DC - FEVEREIRO/2026 / CBO F2 ABERTO",ENGAJAMENTO,P2,"Casa & Cia Centro",not_delivering,ad,4,4,1,"Clique de 7 dias, visualização de 1 dia ou visualização com engajamento de 1 dia",,,0.09,,2026-03-07,Contínuo,1,22.5,2026-03-09,2026-03-09
2026-03-09,"DC - FEVEREIRO/2026 / ABO  - F2",ENGAJAMENTO,P1,"Casa & Cia Centro",inactive,ad,10,13,1.3,"Clique de 7 dias, visualização de 1 dia ou visualização com engajamento de 1 dia",,,0.3,,2026-03-07,2026-03-14,,23.07692308,2026-03-09,2026-03-09
2026-03-09,"DC - FEVEREIRO/2026 / CBO F2 ABERTO",VISITAS,P2,"Casa & Cia Centro",not_delivering,ad,1,1,1,"Clique de 7 dias, visualização de 1 dia ou visualização com engajamento de 1 dia",,,0.03,,2026-03-07,Contínuo,,30,2026-03-09,2026-03-09
2026-03-09,"VISITAS AO PERFIL - 06/03 - HA - 25,00 - FASE 1",ABERTO,A2,"Casa & Cia Centro",not_delivering,ad,112,113,1.00892857,"Clique de 1 dia","Visitas ao perfil do Instagram",2,1.57,0.785,2026-03-06,Contínuo,2,13.89380531,2026-03-09,2026-03-09
2026-03-09,"HA | ABO | ENGAJ | 9 LINKS | 06.03 - FASE 2 - 50,00","A6 - INTERESSE VIAJANTES",C,"Casa & Cia Centro",not_delivering,ad,245,308,1.25714286,"Clique de 7 dias ou visualização de 1 dia",,,6.45,,2026-03-06,Contínuo,2,20.94155844,2026-03-09,2026-03-09
2026-03-09,"DC - FEVEREIRO/2026 / CBO F2 ABERTO",SEGUIDORES,P2,"Casa & Cia Centro",not_delivering,ad,184,211,1.14673913,"Clique de 7 dias, visualização de 1 dia ou visualização com engajamento de 1 dia","Leads no site",4,1.97,0.4925,2026-03-07,Contínuo,8,9.33649289,2026-03-09,2026-03-09
2026-03-09,"DC - FEVEREIRO/2026 / ABO  - F2",SEGUIDORES,VIDEO,"Casa & Cia Centro",not_delivering,ad,1707,2388,1.39894552,"Clique de 7 dias, visualização de 1 dia ou visualização com engajamento de 1 dia","Leads no site",38,33.29,0.87605263,2026-03-07,2026-03-14,85,13.94053601,2026-03-09,2026-03-09
2026-03-09,"DC - FEVEREIRO/2026 / CBO F2",VISITAS,P1,"Casa & Cia Centro",not_delivering,ad,7,7,1,"Clique de 7 dias, visualização de 1 dia ou visualização com engajamento de 1 dia",,,0.08,,2026-03-07,Contínuo,,11.42857143,2026-03-09,2026-03-09
2026-03-09,"DC - FEVEREIRO/2026 / CBO F2",VV,VIDEO,"Casa & Cia Centro",not_delivering,ad,896,1149,1.28236607,"Clique de 7 dias, visualização de 1 dia ou visualização com engajamento de 1 dia","Leads no site",12,19.56,1.63,2026-03-07,Contínuo,141,17.02349869,2026-03-09,2026-03-09
2026-03-09,"DC - FEVEREIRO/2026 / CBO F2",VISITAS,P2,"Casa & Cia Centro",inactive,ad,1,1,1,"Clique de 7 dias, visualização de 1 dia ou visualização com engajamento de 1 dia",,,0,,2026-03-07,Contínuo,,0,2026-03-09,2026-03-09
2026-03-09,"DC - FEVEREIRO/2026 / CBO F2 ABERTO",ENGAJAMENTO,P1,"Casa & Cia Centro",not_delivering,ad,41,43,1.04878049,"Clique de 7 dias, visualização de 1 dia ou visualização com engajamento de 1 dia","Leads no site",2,0.39,0.195,2026-03-07,Contínuo,1,9.06976744,2026-03-09,2026-03-09
2026-03-09,"DC - FEVEREIRO/2026 / CBO F2",ENGAJAMENTO,P2,"Casa & Cia Centro",not_delivering,ad,456,552,1.21052632,"Clique de 7 dias, visualização de 1 dia ou visualização com engajamento de 1 dia","Leads no site",11,7.46,0.67818182,2026-03-07,Contínuo,6,13.51449275,2026-03-09,2026-03-09
2026-03-09,"DC - FEVEREIRO/2026 / CBO F2 ABERTO",SEGUIDORES,VIDEO,"Casa & Cia Centro",not_delivering,ad,356,410,1.15168539,"Clique de 7 dias, visualização de 1 dia ou visualização com engajamento de 1 dia","Leads no site",12,9.94,0.82833333,2026-03-07,Contínuo,48,24.24390244,2026-03-09,2026-03-09
2026-03-09,"PM | ABO | ENGAJ | 9 LINKS | 05.03","A3 - SEMELHANTE",C,"Casa & Cia Centro",not_delivering,ad,102,113,1.10784314,"Clique de 7 dias ou visualização de 1 dia",,,4.01,,2026-03-05,Contínuo,2,35.48672566,2026-03-09,2026-03-09
2026-03-09,"DC - FEVEREIRO/2026 / CBO F2 ABERTO",VV,P2,"Casa & Cia Centro",not_delivering,ad,20,23,1.15,"Clique de 7 dias, visualização de 1 dia ou visualização com engajamento de 1 dia",,,0.47,,2026-03-07,Contínuo,,20.43478261,2026-03-09,2026-03-09
2026-03-09,"DC - FEVEREIRO/2026 / ABO  - F2",SEGUIDORES,P2,"Casa & Cia Centro",inactive,ad,36,39,1.08333333,"Clique de 7 dias, visualização de 1 dia ou visualização com engajamento de 1 dia",,,0.36,,2026-03-07,2026-03-14,,9.23076923,2026-03-09,2026-03-09
2026-03-09,"DC - FEVEREIRO/2026 / CBO F2",ENGAJAMENTO,P1,"Casa & Cia Centro",inactive,ad,9,11,1.22222222,"Clique de 7 dias, visualização de 1 dia ou visualização com engajamento de 1 dia",,,0.49,,2026-03-07,Contínuo,1,44.54545455,2026-03-09,2026-03-09
2026-03-09,"DC - FEVEREIRO/2026 / CBO F2 ABERTO",VV,P1,"Casa & Cia Centro",not_delivering,ad,13,13,1,"Clique de 7 dias, visualização de 1 dia ou visualização com engajamento de 1 dia",,,0.15,,2026-03-07,Contínuo,,11.53846154,2026-03-09,2026-03-09
2026-03-08,"DC - FEVEREIRO/2026 / ABO  - F2",ENGAJAMENTO,P2,"Casa & Cia Centro",not_delivering,ad,51,62,1.21568627,"Clique de 7 dias, visualização de 1 dia ou visualização com engajamento de 1 dia",,,0.62,,2026-03-07,2026-03-14,,10,2026-03-08,2026-03-08
2026-03-08,"VISITAS AO PERFIL - 06/03 - HA - 25,00 - FASE 1",ABERTO,A1,"Casa & Cia Centro",not_delivering,ad,3664,3968,1.08296943,"Clique de 1 dia","Visitas ao perfil do Instagram",34,12.28,0.36117647,2026-03-06,Contínuo,34,3.09475806,2026-03-08,2026-03-08
2026-03-08,"DC - FEVEREIRO/2026 / CBO F2",VV,P1,"Casa & Cia Centro",inactive,ad,82,89,1.08536585,"Clique de 7 dias, visualização de 1 dia ou visualização com engajamento de 1 dia",,,1.48,,2026-03-07,Contínuo,1,16.62921348,2026-03-08,2026-03-08
2026-03-08,"DC - FEVEREIRO/2026 / ABO  - F2",VISITAS,P2,"Casa & Cia Centro",not_delivering,ad,1341,2377,1.77255779,"Clique de 7 dias, visualização de 1 dia ou visualização com engajamento de 1 dia","Leads no site",12,35.88,2.99,2026-03-07,2026-03-14,26,15.09465713,2026-03-08,2026-03-08
2026-03-08,"DC - FEVEREIRO/2026 / CBO F2",ENGAJAMENTO,VIDEO,"Casa & Cia Centro",not_delivering,ad,785,1111,1.41528662,"Clique de 7 dias, visualização de 1 dia ou visualização com engajamento de 1 dia","Leads no site",16,18.94,1.18375,2026-03-07,Contínuo,44,17.04770477,2026-03-08,2026-03-08
2026-03-08,"DC - FEVEREIRO/2026 / CBO F2 ABERTO",VV,VIDEO,"Casa & Cia Centro",not_delivering,ad,233,340,1.45922747,"Clique de 7 dias, visualização de 1 dia ou visualização com engajamento de 1 dia","Leads no site",16,27.77,1.735625,2026-03-07,Contínuo,132,81.67647059,2026-03-08,2026-03-08
2026-03-08,"DC - FEVEREIRO/2026 / CBO F2",SEGUIDORES,P2,"Casa & Cia Centro",not_delivering,ad,31,31,1,"Clique de 7 dias, visualização de 1 dia ou visualização com engajamento de 1 dia","Leads no site",2,0.28,0.14,2026-03-07,Contínuo,1,9.03225806,2026-03-08,2026-03-08
2026-03-08,"DC - FEVEREIRO/2026 / CBO F2 ABERTO",SEGUIDORES,P1,"Casa & Cia Centro",not_delivering,ad,1,1,1,"Clique de 7 dias, visualização de 1 dia ou visualização com engajamento de 1 dia",,,0,,2026-03-07,Contínuo,,0,2026-03-08,2026-03-08
2026-03-08,"HA | ABO | ENGAJ | 9 LINKS | 06.03 - FASE 2 - 50,00 — Número 21011","A1 - INTERESSE",C,"Casa & Cia Centro",not_delivering,ad,344,383,1.11337209,"Clique de 7 dias ou visualização de 1 dia","Conversas por mensagem iniciadas",1,11.77,11.77,2026-03-06,Contínuo,4,30.7310705,2026-03-08,2026-03-08
2026-03-08,"DC - FEVEREIRO/2026 / ABO  - F2",SEGUIDORES,P1,"Casa & Cia Centro",not_delivering,ad,66,79,1.1969697,"Clique de 7 dias, visualização de 1 dia ou visualização com engajamento de 1 dia",,,1.06,,2026-03-07,2026-03-14,1,13.41772152,2026-03-08,2026-03-08
2026-03-08,"HA | ABO | ENGAJ | 9 LINKS | 06.03 - FASE 2 - 50,00 — Número 21011","A9 - INTERESSE SÓ VIAJANTES E DISNEY",C,"Casa & Cia Centro",not_delivering,ad,402,459,1.14179104,"Clique de 7 dias ou visualização de 1 dia","Conversas por mensagem iniciadas",1,12.8,12.8,2026-03-06,Contínuo,6,27.88671024,2026-03-08,2026-03-08
2026-03-08,"HA | ABO | ENGAJ | 9 LINKS | 06.03 - FASE 2 - 50,00","A9 - INTERESSE SÓ VIAJANTES E DISNEY",C,"Casa & Cia Centro",not_delivering,ad,322,361,1.12111801,"Clique de 7 dias ou visualização de 1 dia","Conversas por mensagem iniciadas",1,17.22,17.22,2026-03-06,Contínuo,7,47.70083102,2026-03-08,2026-03-08
2026-03-08,"DC - FEVEREIRO/2026 / ABO  - F2",VV,VIDEO,"Casa & Cia Centro",not_delivering,ad,1388,2298,1.6556196,"Clique de 7 dias, visualização de 1 dia ou visualização com engajamento de 1 dia","Leads no site",24,39.19,1.63291667,2026-03-07,2026-03-14,279,17.05395997,2026-03-08,2026-03-08
2026-03-08,"DC - FEVEREIRO/2026 / ABO  - F2",VV,P1,"Casa & Cia Centro",inactive,ad,104,109,1.04807692,"Clique de 7 dias, visualização de 1 dia ou visualização com engajamento de 1 dia","Leads no site",2,1.48,0.74,2026-03-07,2026-03-14,1,13.57798165,2026-03-08,2026-03-08
2026-03-08,"DC - FEVEREIRO/2026 / ABO  - F2",VISITAS,P1,"Casa & Cia Centro",inactive,ad,537,1007,1.87523277,"Clique de 7 dias, visualização de 1 dia ou visualização com engajamento de 1 dia","Leads no site",5,15.07,3.014,2026-03-07,2026-03-14,11,14.9652433,2026-03-08,2026-03-08
2026-03-08,"DC - FEVEREIRO/2026 / CBO F2 ABERTO",ENGAJAMENTO,VIDEO,"Casa & Cia Centro",not_delivering,ad,215,248,1.15348837,"Clique de 7 dias, visualização de 1 dia ou visualização com engajamento de 1 dia","Leads no site",24,15.97,0.66541667,2026-03-07,Contínuo,51,64.39516129,2026-03-08,2026-03-08
2026-03-08,"DC - FEVEREIRO/2026 / ABO  - F2",ENGAJAMENTO,VIDEO,"Casa & Cia Centro",not_delivering,ad,1682,2715,1.61414982,"Clique de 7 dias, visualização de 1 dia ou visualização com engajamento de 1 dia","Leads no site",60,51.14,0.85233333,2026-03-07,2026-03-14,106,18.83609576,2026-03-08,2026-03-08
2026-03-08,"DC - FEVEREIRO/2026 / CBO F2",SEGUIDORES,VIDEO,"Casa & Cia Centro",not_delivering,ad,418,528,1.26315789,"Clique de 7 dias, visualização de 1 dia ou visualização com engajamento de 1 dia","Leads no site",12,10.36,0.86333333,2026-03-07,Contínuo,19,19.62121212,2026-03-08,2026-03-08
2026-03-08,"VISITAS AO PERFIL - 06/03 - HA - 25,00 - FASE 1",ABERTO,A3,"Casa & Cia Centro",not_delivering,ad,1686,1797,1.0658363,"Clique de 1 dia","Visitas ao perfil do Instagram",27,17.72,0.6562963,2026-03-06,Contínuo,24,9.86087924,2026-03-08,2026-03-08
2026-03-08,"DC - FEVEREIRO/2026 / CBO F2",VV,P2,"Casa & Cia Centro",inactive,ad,7,7,1,"Clique de 7 dias, visualização de 1 dia ou visualização com engajamento de 1 dia",,,0.14,,2026-03-07,Contínuo,,20,2026-03-08,2026-03-08
2026-03-08,"DC - FEVEREIRO/2026 / ABO  - F2",VV,P2,"Casa & Cia Centro",not_delivering,ad,451,504,1.11751663,"Clique de 7 dias, visualização de 1 dia ou visualização com engajamento de 1 dia","Leads no site",2,4.33,2.165,2026-03-07,2026-03-14,12,8.59126984,2026-03-08,2026-03-08
2026-03-08,"DC - FEVEREIRO/2026 / CBO F2",VV,VIDEO,"Casa & Cia Centro",not_delivering,ad,998,1293,1.29559118,"Clique de 7 dias, visualização de 1 dia ou visualização com engajamento de 1 dia","Leads no site",12,18.32,1.52666667,2026-03-07,Contínuo,63,14.16860015,2026-03-08,2026-03-08
2026-03-08,"DC - FEVEREIRO/2026 / ABO  - F2",ENGAJAMENTO,P1,"Casa & Cia Centro",inactive,ad,25,35,1.4,"Clique de 7 dias, visualização de 1 dia ou visualização com engajamento de 1 dia","Leads no site",2,0.48,0.24,2026-03-07,2026-03-14,1,13.71428571,2026-03-08,2026-03-08
2026-03-08,"DC - FEVEREIRO/2026 / CBO F2 ABERTO",VISITAS,P2,"Casa & Cia Centro",not_delivering,ad,36,39,1.08333333,"Clique de 7 dias, visualização de 1 dia ou visualização com engajamento de 1 dia",,,0.81,,2026-03-07,Contínuo,1,20.76923077,2026-03-08,2026-03-08
2026-03-08,"VISITAS AO PERFIL - 06/03 - HA - 25,00 - FASE 1",ABERTO,A2,"Casa & Cia Centro",not_delivering,ad,579,617,1.0656304,"Clique de 1 dia","Visitas ao perfil do Instagram",9,9.02,1.00222222,2026-03-06,Contínuo,9,14.6191248,2026-03-08,2026-03-08
2026-03-08,"HA | ABO | ENGAJ | 9 LINKS | 06.03 - FASE 2 - 50,00","A6 - INTERESSE VIAJANTES",C,"Casa & Cia Centro",not_delivering,ad,323,378,1.17027864,"Clique de 7 dias ou visualização de 1 dia","Conversas por mensagem iniciadas",1,9.82,9.82,2026-03-06,Contínuo,4,25.97883598,2026-03-08,2026-03-08
2026-03-08,"DC - FEVEREIRO/2026 / CBO F2 ABERTO",SEGUIDORES,P2,"Casa & Cia Centro",not_delivering,ad,13,15,1.15384615,"Clique de 7 dias, visualização de 1 dia ou visualização com engajamento de 1 dia",,,0.1,,2026-03-07,Contínuo,,6.66666667,2026-03-08,2026-03-08
2026-03-08,"DC - FEVEREIRO/2026 / ABO  - F2",SEGUIDORES,VIDEO,"Casa & Cia Centro",not_delivering,ad,1850,2936,1.58702703,"Clique de 7 dias, visualização de 1 dia ou visualização com engajamento de 1 dia","Leads no site",50,51.01,1.0202,2026-03-07,2026-03-14,94,17.3739782,2026-03-08,2026-03-08
2026-03-08,"DC - FEVEREIRO/2026 / CBO F2 ABERTO",VISITAS,P1,"Casa & Cia Centro",not_delivering,ad,6,6,1,"Clique de 7 dias, visualização de 1 dia ou visualização com engajamento de 1 dia",,,0.05,,2026-03-07,Contínuo,,8.33333333,2026-03-08,2026-03-08
2026-03-08,"DC - FEVEREIRO/2026 / CBO F2",VISITAS,P1,"Casa & Cia Centro",not_delivering,ad,121,148,1.2231405,"Clique de 7 dias, visualização de 1 dia ou visualização com engajamento de 1 dia","Leads no site",4,2.15,0.5375,2026-03-07,Contínuo,5,14.52702703,2026-03-08,2026-03-08
2026-03-08,"DC - FEVEREIRO/2026 / CBO F2",VISITAS,P2,"Casa & Cia Centro",inactive,ad,35,36,1.02857143,"Clique de 7 dias, visualização de 1 dia ou visualização com engajamento de 1 dia",,,0.46,,2026-03-07,Contínuo,,12.77777778,2026-03-08,2026-03-08
2026-03-08,"DC - FEVEREIRO/2026 / CBO F2 ABERTO",ENGAJAMENTO,P2,"Casa & Cia Centro",not_delivering,ad,3,3,1,"Clique de 7 dias, visualização de 1 dia ou visualização com engajamento de 1 dia",,,0.02,,2026-03-07,Contínuo,,6.66666667,2026-03-08,2026-03-08
2026-03-08,"DC - FEVEREIRO/2026 / CBO F2 ABERTO",ENGAJAMENTO,P1,"Casa & Cia Centro",not_delivering,ad,10,10,1,"Clique de 7 dias, visualização de 1 dia ou visualização com engajamento de 1 dia",,,0.09,,2026-03-07,Contínuo,,9,2026-03-08,2026-03-08
2026-03-08,"DC - FEVEREIRO/2026 / CBO F2 ABERTO",VV,P1,"Casa & Cia Centro",not_delivering,ad,1,1,1,"Clique de 7 dias, visualização de 1 dia ou visualização com engajamento de 1 dia",,,0,,2026-03-07,Contínuo,,0,2026-03-08,2026-03-08
2026-03-08,"DC - FEVEREIRO/2026 / CBO F2",SEGUIDORES,P1,"Casa & Cia Centro",not_delivering,ad,3,3,1,"Clique de 7 dias, visualização de 1 dia ou visualização com engajamento de 1 dia",,,0.02,,2026-03-07,Contínuo,,6.66666667,2026-03-08,2026-03-08
2026-03-08,"DC - FEVEREIRO/2026 / CBO F2",ENGAJAMENTO,P2,"Casa & Cia Centro",not_delivering,ad,109,120,1.10091743,"Clique de 7 dias, visualização de 1 dia ou visualização com engajamento de 1 dia",,,1.84,,2026-03-07,Contínuo,1,15.33333333,2026-03-08,2026-03-08
2026-03-08,"DC - FEVEREIRO/2026 / CBO F2 ABERTO",SEGUIDORES,VIDEO,"Casa & Cia Centro",not_delivering,ad,228,264,1.15789474,"Clique de 7 dias, visualização de 1 dia ou visualização com engajamento de 1 dia","Leads no site",8,11.73,1.46625,2026-03-07,Contínuo,34,44.43181818,2026-03-08,2026-03-08
2026-03-08,"PM | ABO | ENGAJ | 9 LINKS | 05.03","A3 - SEMELHANTE",C,"Casa & Cia Centro",not_delivering,ad,280,315,1.125,"Clique de 7 dias ou visualização de 1 dia",,,6.64,,2026-03-05,Contínuo,2,21.07936508,2026-03-08,2026-03-08
2026-03-08,"DC - FEVEREIRO/2026 / ABO  - F2",SEGUIDORES,P2,"Casa & Cia Centro",inactive,ad,100,130,1.3,"Clique de 7 dias, visualização de 1 dia ou visualização com engajamento de 1 dia",,,1.93,,2026-03-07,2026-03-14,1,14.84615385,2026-03-08,2026-03-08
2026-03-08,"DC - FEVEREIRO/2026 / CBO F2",ENGAJAMENTO,P1,"Casa & Cia Centro",inactive,ad,9,9,1,"Clique de 7 dias, visualização de 1 dia ou visualização com engajamento de 1 dia",,,0.09,,2026-03-07,Contínuo,,10,2026-03-08,2026-03-08
2026-03-07,"DC - FEVEREIRO/2026 / ABO  - F2",ENGAJAMENTO,P2,"Casa & Cia Centro",not_delivering,ad,434,632,1.4562212,"Clique de 7 dias, visualização de 1 dia ou visualização com engajamento de 1 dia","Leads no site",5,12.24,2.448,2026-03-07,2026-03-14,10,19.36708861,2026-03-07,2026-03-07
2026-03-07,"VISITAS AO PERFIL - 06/03 - HA - 25,00 - FASE 1",ABERTO,A1,"Casa & Cia Centro",not_delivering,ad,144,145,1.00694444,"Clique de 1 dia",,,2.11,,2026-03-06,Contínuo,,14.55172414,2026-03-07,2026-03-07
2026-03-07,"DC - FEVEREIRO/2026 / ABO  - F2",SEGUIDORES,P1,"Casa & Cia Centro",not_delivering,ad,179,274,1.53072626,"Clique de 7 dias, visualização de 1 dia ou visualização com engajamento de 1 dia","Leads no site",6,4.54,0.75666667,2026-03-07,2026-03-14,8,16.56934307,2026-03-07,2026-03-07
2026-03-07,"VISITAS AO PERFIL - 06/03 - HA - 25,00 - FASE 1",ABERTO,A1,"Casa & Cia Centro",not_delivering,ad,1718,1777,1.03434226,"Clique de 1 dia","Visitas ao perfil do Instagram",24,7.68,0.32,2026-03-06,Contínuo,25,4.32189083,2026-03-07,2026-03-07
2026-03-07,"DC - FEVEREIRO/2026 / CBO F2 ABERTO",SEGUIDORES,P1,"Casa & Cia Centro",not_delivering,ad,18,19,1.05555556,"Clique de 7 dias, visualização de 1 dia ou visualização com engajamento de 1 dia",,,0.12,,2026-03-07,Contínuo,,6.31578947,2026-03-07,2026-03-07
2026-03-07,"DC - FEVEREIRO/2026 / ABO  - F2",VISITAS,P2,"Casa & Cia Centro",not_delivering,ad,276,465,1.68478261,"Clique de 7 dias, visualização de 1 dia ou visualização com engajamento de 1 dia",,,12.33,,2026-03-07,2026-03-14,3,26.51612903,2026-03-07,2026-03-07
2026-03-07,"HA | ABO | ENGAJ | 9 LINKS | 06.03 - FASE 2 - 50,00 — Número 21011","A6 - INTERESSE VIAJANTES",C,"Casa & Cia Centro",not_delivering,ad,66,74,1.12121212,"Clique de 7 dias ou visualização de 1 dia",,,2.33,,2026-03-06,Contínuo,1,31.48648649,2026-03-07,2026-03-07
2026-03-07,"VISITAS AO PERFIL - 06/03 - HA - 25,00 - FASE 1",ABERTO,A2,"Casa & Cia Centro",not_delivering,ad,128,130,1.015625,"Clique de 1 dia","Visitas ao perfil do Instagram",2,1.19,0.595,2026-03-06,Contínuo,2,9.15384615,2026-03-07,2026-03-07
2026-03-07,"HA | ABO | ENGAJ | 9 LINKS | 06.03 - FASE 2 - 50,00 — Número 21011","A9 - INTERESSE SÓ VIAJANTES E DISNEY",C,"Casa & Cia Centro",not_delivering,ad,335,386,1.15223881,"Clique de 7 dias ou visualização de 1 dia","Conversas por mensagem iniciadas",2,12.7,6.35,2026-03-06,Contínuo,4,32.9015544,2026-03-07,2026-03-07
2026-03-07,"HA | ABO | ENGAJ | 9 LINKS | 06.03 - FASE 2 - 50,00 — Número 21011","A1 - INTERESSE",C,"Casa & Cia Centro",not_delivering,ad,340,381,1.12058824,"Clique de 7 dias ou visualização de 1 dia","Conversas por mensagem iniciadas",1,11.9,11.9,2026-03-06,Contínuo,4,31.2335958,2026-03-07,2026-03-07
2026-03-07,"HA | ABO | ENGAJ | 9 LINKS | 06.03 - FASE 2 - 50,00","A9 - INTERESSE SÓ VIAJANTES E DISNEY",C,"Casa & Cia Centro",not_delivering,ad,312,331,1.06089744,"Clique de 7 dias ou visualização de 1 dia","Conversas por mensagem iniciadas",1,12.18,12.18,2026-03-06,Contínuo,4,36.79758308,2026-03-07,2026-03-07
2026-03-07,"HA | ABO | ENGAJ | 9 LINKS | 06.03 - FASE 2 - 50,00 — Número 21011","A3 - INTERESSE PARIS E AFINS",C,"Casa & Cia Centro",not_delivering,ad,113,123,1.08849558,"Clique de 7 dias ou visualização de 1 dia",,,4.18,,2026-03-06,Contínuo,3,33.98373984,2026-03-07,2026-03-07
2026-03-07,"DC - FEVEREIRO/2026 / ABO  - F2",VV,VIDEO,"Casa & Cia Centro",not_delivering,ad,305,333,1.09180328,"Clique de 7 dias, visualização de 1 dia ou visualização com engajamento de 1 dia","Leads no site",4,7.62,1.905,2026-03-07,2026-03-14,10,22.88288288,2026-03-07,2026-03-07
2026-03-07,"DC - FEVEREIRO/2026 / ABO  - F2",ENGAJAMENTO,VIDEO,"Casa & Cia Centro",not_delivering,ad,155,165,1.06451613,"Clique de 7 dias, visualização de 1 dia ou visualização com engajamento de 1 dia","Leads no site",3,8.77,2.92333333,2026-03-07,2026-03-14,5,53.15151515,2026-03-07,2026-03-07
2026-03-07,"VISITAS AO PERFIL - 06/03 - HA - 25,00 - FASE 1",ABERTO,A2,"Casa & Cia Centro",not_delivering,ad,10,10,1,"Clique de 1 dia","Visitas ao perfil do Instagram",1,0.21,0.21,2026-03-06,Contínuo,1,21,2026-03-07,2026-03-07
2026-03-07,"DC - FEVEREIRO/2026 / ABO  - F2",VV,P1,"Casa & Cia Centro",inactive,ad,270,321,1.18888889,"Clique de 7 dias, visualização de 1 dia ou visualização com engajamento de 1 dia",,,3.4,,2026-03-07,2026-03-14,4,10.59190031,2026-03-07,2026-03-07
2026-03-07,"DC - FEVEREIRO/2026 / ABO  - F2",VISITAS,P1,"Casa & Cia Centro",inactive,ad,406,639,1.57389163,"Clique de 7 dias, visualização de 1 dia ou visualização com engajamento de 1 dia","Leads no site",4,13.88,3.47,2026-03-07,2026-03-14,9,21.72143975,2026-03-07,2026-03-07
2026-03-07,"HA | ABO | ENGAJ | 9 LINKS | 06.03 - FASE 2 - 50,00","A3 - INTERESSE PARIS E AFINS",C,"Casa & Cia Centro",not_delivering,ad,37,37,1,"Clique de 7 dias ou visualização de 1 dia",,,1.56,,2026-03-06,Contínuo,1,42.16216216,2026-03-07,2026-03-07
2026-03-07,"VISITAS AO PERFIL - 06/03 - HA - 25,00 - FASE 1",ABERTO,A3,"Casa & Cia Centro",not_delivering,ad,57,59,1.03508772,"Clique de 1 dia","Visitas ao perfil do Instagram",1,0.73,0.73,2026-03-06,Contínuo,1,12.37288136,2026-03-07,2026-03-07
2026-03-07,"DC - FEVEREIRO/2026 / CBO F2",SEGUIDORES,VIDEO,"Casa & Cia Centro",not_delivering,ad,287,336,1.17073171,"Clique de 7 dias, visualização de 1 dia ou visualização com engajamento de 1 dia","Leads no site",8,8.4,1.05,2026-03-07,Contínuo,7,25,2026-03-07,2026-03-07
2026-03-07,"VISITAS AO PERFIL - 06/03 - HA - 25,00 - FASE 1",ABERTO,A3,"Casa & Cia Centro",not_delivering,ad,1474,1534,1.04070556,"Clique de 1 dia","Visitas ao perfil do Instagram",12,13.32,1.11,2026-03-06,Contínuo,10,8.68318123,2026-03-07,2026-03-07
2026-03-07,"HA | ABO | ENGAJ | 9 LINKS | 06.03 - FASE 2 - 50,00 — Número 21011","A5 - ABERTO",C,"Casa & Cia Centro",not_delivering,ad,124,130,1.0483871,"Clique de 7 dias ou visualização de 1 dia",,,3.88,,2026-03-06,Contínuo,1,29.84615385,2026-03-07,2026-03-07
2026-03-07,"DC - FEVEREIRO/2026 / ABO  - F2",VV,P2,"Casa & Cia Centro",not_delivering,ad,1039,1261,1.21366699,"Clique de 7 dias, visualização de 1 dia ou visualização com engajamento de 1 dia","Leads no site",12,14.77,1.23083333,2026-03-07,2026-03-14,25,11.71292625,2026-03-07,2026-03-07
2026-03-07,"DC - FEVEREIRO/2026 / CBO F2",VISITAS,P1,"Casa & Cia Centro",not_delivering,ad,28,28,1,"Clique de 7 dias, visualização de 1 dia ou visualização com engajamento de 1 dia",,,0.95,,2026-03-07,Contínuo,,33.92857143,2026-03-07,2026-03-07
2026-03-07,"DC - FEVEREIRO/2026 / ABO  - F2",ENGAJAMENTO,P1,"Casa & Cia Centro",inactive,ad,211,278,1.31753555,"Clique de 7 dias, visualização de 1 dia ou visualização com engajamento de 1 dia",,,4.94,,2026-03-07,2026-03-14,2,17.76978417,2026-03-07,2026-03-07
2026-03-07,"DC - FEVEREIRO/2026 / CBO F2",VISITAS,P2,"Casa & Cia Centro",inactive,ad,10,14,1.4,"Clique de 7 dias, visualização de 1 dia ou visualização com engajamento de 1 dia",,,0.56,,2026-03-07,Contínuo,,40,2026-03-07,2026-03-07
2026-03-07,"DC - FEVEREIRO/2026 / CBO F2 ABERTO",VISITAS,P2,"Casa & Cia Centro",not_delivering,ad,13,14,1.07692308,"Clique de 7 dias, visualização de 1 dia ou visualização com engajamento de 1 dia",,,0.24,,2026-03-07,Contínuo,1,17.14285714,2026-03-07,2026-03-07
2026-03-07,"HA | ABO | ENGAJ | 9 LINKS | 06.03 - FASE 2 - 50,00","A1 - INTERESSE",C,"Casa & Cia Centro",not_delivering,ad,46,52,1.13043478,"Clique de 7 dias ou visualização de 1 dia",,,3.22,,2026-03-06,Contínuo,,61.92307692,2026-03-07,2026-03-07
2026-03-07,"VISITAS AO PERFIL - 06/03 - HA - 25,00 - FASE 1",ABERTO,A2,"Casa & Cia Centro",not_delivering,ad,340,367,1.07941176,"Clique de 1 dia","Visitas ao perfil do Instagram",4,4.93,1.2325,2026-03-06,Contínuo,5,13.43324251,2026-03-07,2026-03-07
2026-03-07,"DC - FEVEREIRO/2026 / CBO F2 ABERTO",SEGUIDORES,P2,"Casa & Cia Centro",not_delivering,ad,50,61,1.22,"Clique de 7 dias, visualização de 1 dia ou visualização com engajamento de 1 dia","Leads no site",2,1.71,0.855,2026-03-07,Contínuo,3,28.03278689,2026-03-07,2026-03-07
2026-03-07,"DC - FEVEREIRO/2026 / ABO  - F2",SEGUIDORES,VIDEO,"Casa & Cia Centro",not_delivering,ad,229,255,1.11353712,"Clique de 7 dias, visualização de 1 dia ou visualização com engajamento de 1 dia","Leads no site",2,7.3,3.65,2026-03-07,2026-03-14,6,28.62745098,2026-03-07,2026-03-07
2026-03-07,"DC - FEVEREIRO/2026 / CBO F2 ABERTO",VISITAS,P1,"Casa & Cia Centro",not_delivering,ad,74,87,1.17567568,"Clique de 7 dias, visualização de 1 dia ou visualização com engajamento de 1 dia",,,3.44,,2026-03-07,Contínuo,5,39.54022989,2026-03-07,2026-03-07
2026-03-07,"HA | ABO | ENGAJ | 9 LINKS | 06.03 - FASE 2 - 50,00","A6 - INTERESSE VIAJANTES",C,"Casa & Cia Centro",not_delivering,ad,340,369,1.08529412,"Clique de 7 dias ou visualização de 1 dia","Conversas por mensagem iniciadas",1,10.16,10.16,2026-03-06,Contínuo,1,27.53387534,2026-03-07,2026-03-07
2026-03-07,"DC - FEVEREIRO/2026 / CBO F2",VV,VIDEO,"Casa & Cia Centro",not_delivering,ad,441,545,1.23582766,"Clique de 7 dias, visualização de 1 dia ou visualização com engajamento de 1 dia","Leads no site",12,10.6,0.88333333,2026-03-07,Contínuo,23,19.44954128,2026-03-07,2026-03-07
2026-03-07,"DC - FEVEREIRO/2026 / CBO F2 ABERTO",ENGAJAMENTO,P1,"Casa & Cia Centro",not_delivering,ad,27,35,1.2962963,"Clique de 7 dias, visualização de 1 dia ou visualização com engajamento de 1 dia","Leads no site",2,2.32,1.16,2026-03-07,Contínuo,3,66.28571429,2026-03-07,2026-03-07
2026-03-07,"DC - FEVEREIRO/2026 / CBO F2 ABERTO",VV,P1,"Casa & Cia Centro",not_delivering,ad,453,514,1.13465784,"Clique de 7 dias, visualização de 1 dia ou visualização com engajamento de 1 dia","Leads no site",10,9.69,0.969,2026-03-07,Contínuo,15,18.85214008,2026-03-07,2026-03-07
2026-03-07,"HA | ABO | ENGAJ | 9 LINKS | 06.03 - FASE 2 - 50,00","A5 - ABERTO",C,"Casa & Cia Centro",not_delivering,ad,59,61,1.03389831,"Clique de 7 dias ou visualização de 1 dia",,,2.45,,2026-03-06,Contínuo,,40.16393443,2026-03-07,2026-03-07
2026-03-07,"DC - FEVEREIRO/2026 / CBO F2",ENGAJAMENTO,P2,"Casa & Cia Centro",not_delivering,ad,141,169,1.19858156,"Clique de 7 dias, visualização de 1 dia ou visualização com engajamento de 1 dia","Leads no site",4,4.05,1.0125,2026-03-07,Contínuo,3,23.96449704,2026-03-07,2026-03-07
2026-03-07,"PM | ABO | ENGAJ | 9 LINKS | 05.03","A3 - SEMELHANTE",C,"Casa & Cia Centro",not_delivering,ad,377,426,1.12997347,"Clique de 7 dias ou visualização de 1 dia",,,8.55,,2026-03-05,Contínuo,6,20.07042254,2026-03-07,2026-03-07
2026-03-07,"DC - FEVEREIRO/2026 / CBO F2 ABERTO",VV,P2,"Casa & Cia Centro",not_delivering,ad,256,278,1.0859375,"Clique de 7 dias, visualização de 1 dia ou visualização com engajamento de 1 dia","Leads no site",6,5.79,0.965,2026-03-07,Contínuo,16,20.82733813,2026-03-07,2026-03-07
2026-03-07,"DC - FEVEREIRO/2026 / ABO  - F2",SEGUIDORES,P2,"Casa & Cia Centro",inactive,ad,642,977,1.52180685,"Clique de 7 dias, visualização de 1 dia ou visualização com engajamento de 1 dia","Leads no site",6,14.27,2.37833333,2026-03-07,2026-03-14,10,14.60593654,2026-03-07,2026-03-07
2026-03-07,"DC - FEVEREIRO/2026 / CBO F2 ABERTO",ENGAJAMENTO,P2,"Casa & Cia Centro",not_delivering,ad,60,70,1.16666667,"Clique de 7 dias, visualização de 1 dia ou visualização com engajamento de 1 dia","Leads no site",4,1.78,0.445,2026-03-07,Contínuo,2,25.42857143,2026-03-07,2026-03-07
2026-03-07,"DC - FEVEREIRO/2026 / CBO F2",ENGAJAMENTO,P1,"Casa & Cia Centro",inactive,ad,41,50,1.2195122,"Clique de 7 dias, visualização de 1 dia ou visualização com engajamento de 1 dia",,,1.28,,2026-03-07,Contínuo,3,25.6,2026-03-07,2026-03-07
2026-03-06,"PM | ABO | ENGAJ | 9 LINKS | 05.03","A8 - SEMELHANTE",H,"Casa & Cia Centro",not_delivering,ad,7,8,1.14285714,"Clique de 7 dias ou visualização de 1 dia",,,0.12,,2026-03-05,Contínuo,,15,2026-03-06,2026-03-06
2026-03-06,"PM | ABO | ENGAJ | 9 LINKS | 05.03","A6 - SEMELHANTE",F,"Casa & Cia Centro",not_delivering,ad,87,92,1.05747126,"Clique de 7 dias ou visualização de 1 dia",,,4.61,,2026-03-05,Contínuo,,50.10869565,2026-03-06,2026-03-06
2026-03-06,"HA | ABO | ENGAJ | 9 LINKS | 06.03 - FASE 2 - 50,00 — Número 21011","A9 - INTERESSE SÓ VIAJANTES E DISNEY",C,"Casa & Cia Centro",not_delivering,ad,47,52,1.10638298,"Clique de 7 dias ou visualização de 1 dia",,,1.74,,2026-03-06,Contínuo,,33.46153846,2026-03-06,2026-03-06
2026-03-06,"VISITAS AO PERFIL - 06/03 - HA - 25,00 - FASE 1",ABERTO,A2,"Casa & Cia Centro",not_delivering,ad,337,341,1.01186944,"Clique de 1 dia","Visitas ao perfil do Instagram",3,1.17,0.39,2026-03-06,Contínuo,5,3.43108504,2026-03-06,2026-03-06
2026-03-06,"HA | ABO | ENGAJ | 9 LINKS | 06.03 - FASE 2 - 50,00","A9 - INTERESSE SÓ VIAJANTES E DISNEY",C,"Casa & Cia Centro",not_delivering,ad,59,64,1.08474576,"Clique de 7 dias ou visualização de 1 dia","Conversas por mensagem iniciadas",1,1.76,1.76,2026-03-06,Contínuo,1,27.5,2026-03-06,2026-03-06
2026-03-06,"HA | ABO | ENGAJ | 9 LINKS | 06.03 - FASE 2 - 50,00","A3 - INTERESSE PARIS E AFINS",C,"Casa & Cia Centro",not_delivering,ad,60,61,1.01666667,"Clique de 7 dias ou visualização de 1 dia",,,1.64,,2026-03-06,Contínuo,1,26.8852459,2026-03-06,2026-03-06
2026-03-06,"HA | ABO | ENGAJ | 9 LINKS | 06.03 - FASE 2 - 50,00 — Número 21011","A3 - INTERESSE PARIS E AFINS",C,"Casa & Cia Centro",not_delivering,ad,42,45,1.07142857,"Clique de 7 dias ou visualização de 1 dia",,,0.79,,2026-03-06,Contínuo,1,17.55555556,2026-03-06,2026-03-06
2026-03-06,"HA | ABO | ENGAJ | 9 LINKS | 06.03 - FASE 2 - 50,00 — Número 21011","A1 - INTERESSE",C,"Casa & Cia Centro",not_delivering,ad,50,53,1.06,"Clique de 7 dias ou visualização de 1 dia",,,1.64,,2026-03-06,Contínuo,,30.94339623,2026-03-06,2026-03-06
2026-03-06,"VISITAS AO PERFIL - 06/03 - HA - 25,00 - FASE 1",ABERTO,A2,"Casa & Cia Centro",not_delivering,ad,60,61,1.01666667,"Clique de 1 dia",,,0.19,,2026-03-06,Contínuo,,3.1147541,2026-03-06,2026-03-06
2026-03-06,"VISITAS AO PERFIL - 06/03 - HA - 25,00 - FASE 1",ABERTO,A3,"Casa & Cia Centro",not_delivering,ad,221,225,1.01809955,"Clique de 1 dia","Visitas ao perfil do Instagram",1,1.9,1.9,2026-03-06,Contínuo,1,8.44444444,2026-03-06,2026-03-06
2026-03-06,"HA | ABO | ENGAJ | 9 LINKS | 06.03 - FASE 2 - 50,00 — Número 21011","A6 - INTERESSE VIAJANTES",C,"Casa & Cia Centro",not_delivering,ad,54,56,1.03703704,"Clique de 7 dias ou visualização de 1 dia",,,1.63,,2026-03-06,Contínuo,,29.10714286,2026-03-06,2026-03-06
2026-03-06,"PM | ABO | ENGAJ | 9 LINKS | 05.03","A9 - SEMELHANTE",I,"Casa & Cia Centro",not_delivering,ad,185,210,1.13513514,"Clique de 7 dias ou visualização de 1 dia","Conversas por mensagem iniciadas",1,4.43,4.43,2026-03-05,Contínuo,5,21.0952381,2026-03-06,2026-03-06
2026-03-06,"HA | ABO | ENGAJ | 9 LINKS | 06.03 - FASE 2 - 50,00","A6 - INTERESSE VIAJANTES",C,"Casa & Cia Centro",not_delivering,ad,79,82,1.03797468,"Clique de 7 dias ou visualização de 1 dia",,,1.33,,2026-03-06,Contínuo,,16.2195122,2026-03-06,2026-03-06
2026-03-06,"HA | ABO | ENGAJ | 9 LINKS | 06.03 - FASE 2 - 50,00 — Número 21011","A5 - ABERTO",C,"Casa & Cia Centro",not_delivering,ad,31,36,1.16129032,"Clique de 7 dias ou visualização de 1 dia",,,0.72,,2026-03-06,Contínuo,,20,2026-03-06,2026-03-06
2026-03-06,"VISITAS AO PERFIL - 06/03 - HA - 25,00 - FASE 1",ABERTO,A1,"Casa & Cia Centro",not_delivering,ad,180,183,1.01666667,"Clique de 1 dia","Visitas ao perfil do Instagram",4,1.26,0.315,2026-03-06,Contínuo,4,6.8852459,2026-03-06,2026-03-06
2026-03-06,"VISITAS AO PERFIL - 06/03 - HA - 25,00 - FASE 1",ABERTO,A3,"Casa & Cia Centro",not_delivering,ad,1584,1707,1.07765152,"Clique de 1 dia","Visitas ao perfil do Instagram",9,7.26,0.80666667,2026-03-06,Contínuo,9,4.25307557,2026-03-06,2026-03-06
2026-03-06,"PM | ABO | ENGAJ | 9 LINKS | 05.03","A4 - SEMELHANTE",D,"Casa & Cia Centro",not_delivering,ad,92,100,1.08695652,"Clique de 7 dias ou visualização de 1 dia","Conversas por mensagem iniciadas",1,4.13,4.13,2026-03-05,Contínuo,1,41.3,2026-03-06,2026-03-06
2026-03-06,"PM | ABO | ENGAJ | 9 LINKS | 05.03","A3 - SEMELHANTE",C,"Casa & Cia Centro",not_delivering,ad,233,260,1.11587983,"Clique de 7 dias ou visualização de 1 dia","Conversas por mensagem iniciadas",4,8.24,2.06,2026-03-05,Contínuo,9,31.69230769,2026-03-06,2026-03-06
2026-03-06,"HA | ABO | ENGAJ | 9 LINKS | 06.03 - FASE 2 - 50,00","A5 - ABERTO",C,"Casa & Cia Centro",not_delivering,ad,59,67,1.13559322,"Clique de 7 dias ou visualização de 1 dia",,,1.29,,2026-03-06,Contínuo,,19.25373134,2026-03-06,2026-03-06
2026-03-06,"PM | ABO | ENGAJ | 9 LINKS | 05.03","A1 - SEMELHANTE",A,"Casa & Cia Centro",not_delivering,ad,23,23,1,"Clique de 7 dias ou visualização de 1 dia",,,1.03,,2026-03-05,Contínuo,1,44.7826087,2026-03-06,2026-03-06
2026-03-06,"PM | ABO | ENGAJ | 9 LINKS | 05.03","A7 - SEMELHANTE",G,"Casa & Cia Centro",not_delivering,ad,9,9,1,"Clique de 7 dias ou visualização de 1 dia",,,0.34,,2026-03-05,Contínuo,1,37.77777778,2026-03-06,2026-03-06
2026-03-06,"PM | ABO | ENGAJ | 9 LINKS | 05.03","A5 - SEMELHANTE",E,"Casa & Cia Centro",not_delivering,ad,93,97,1.04301075,"Clique de 7 dias ou visualização de 1 dia","Conversas por mensagem iniciadas",1,4.84,4.84,2026-03-05,Contínuo,2,49.89690722,2026-03-06,2026-03-06
2026-03-06,"HA | ABO | ENGAJ | 9 LINKS | 06.03 - FASE 2 - 50,00","A1 - INTERESSE",C,"Casa & Cia Centro",not_delivering,ad,61,62,1.01639344,"Clique de 7 dias ou visualização de 1 dia",,,1.66,,2026-03-06,Contínuo,1,26.77419355,2026-03-06,2026-03-06
2026-03-06,"PM | ABO | ENGAJ | 9 LINKS | 05.03","A2 - SEMELHANTE",B,"Casa & Cia Centro",not_delivering,ad,17,17,1,"Clique de 7 dias ou visualização de 1 dia",,,0.66,,2026-03-05,Contínuo,,38.82352941,2026-03-06,2026-03-06
2026-03-05,"PM | ABO | ENGAJ | 9 LINKS | 05.03","A3 - SEMELHANTE",C,"Casa & Cia Centro",not_delivering,ad,135,145,1.07407407,"Clique de 7 dias ou visualização de 1 dia","Conversas por mensagem iniciadas",1,5.83,5.83,2026-03-05,Contínuo,4,40.20689655,2026-03-05,2026-03-05
2026-03-05,"PM | ABO | ENGAJ | 9 LINKS | 05.03","A9 - SEMELHANTE",I,"Casa & Cia Centro",not_delivering,ad,162,174,1.07407407,"Clique de 7 dias ou visualização de 1 dia","Conversas por mensagem iniciadas",1,4.85,4.85,2026-03-05,Contínuo,2,27.87356322,2026-03-05,2026-03-05
2026-03-05,"PM | ABO | ENGAJ | 9 LINKS | 05.03","A4 - SEMELHANTE",D,"Casa & Cia Centro",not_delivering,ad,166,177,1.06626506,"Clique de 7 dias ou visualização de 1 dia","Conversas por mensagem iniciadas",1,4.85,4.85,2026-03-05,Contínuo,2,27.40112994,2026-03-05,2026-03-05
2026-03-05,"PM | ABO | ENGAJ | 9 LINKS | 05.03","A6 - SEMELHANTE",F,"Casa & Cia Centro",not_delivering,ad,123,126,1.02439024,"Clique de 7 dias ou visualização de 1 dia","Conversas por mensagem iniciadas",2,7.35,3.675,2026-03-05,Contínuo,2,58.33333333,2026-03-05,2026-03-05
2026-03-05,"PM | ABO | ENGAJ | 9 LINKS | 05.03","A1 - SEMELHANTE",A,"Casa & Cia Centro",not_delivering,ad,162,178,1.09876543,"Clique de 7 dias ou visualização de 1 dia",,,5.66,,2026-03-05,Contínuo,3,31.79775281,2026-03-05,2026-03-05
2026-03-05,"PM | ABO | ENGAJ | 9 LINKS | 05.03","A7 - SEMELHANTE",G,"Casa & Cia Centro",not_delivering,ad,110,116,1.05454545,"Clique de 7 dias ou visualização de 1 dia",,,6.82,,2026-03-05,Contínuo,,58.79310345,2026-03-05,2026-03-05
2026-03-05,"PM | ABO | ENGAJ | 9 LINKS | 05.03","A5 - SEMELHANTE",E,"Casa & Cia Centro",not_delivering,ad,122,132,1.08196721,"Clique de 7 dias ou visualização de 1 dia",,,6.12,,2026-03-05,Contínuo,1,46.36363636,2026-03-05,2026-03-05
2026-03-05,"PM | ABO | ENGAJ | 9 LINKS | 05.03","A2 - SEMELHANTE",B,"Casa & Cia Centro",not_delivering,ad,166,201,1.21084337,"Clique de 7 dias ou visualização de 1 dia",,,5.19,,2026-03-05,Contínuo,1,25.82089552,2026-03-05,2026-03-05
2026-03-05,"PM | ABO | ENGAJ | 9 LINKS | 05.03","A8 - SEMELHANTE",H,"Casa & Cia Centro",not_delivering,ad,184,212,1.15217391,"Clique de 7 dias ou visualização de 1 dia",,,4.61,,2026-03-05,Contínuo,2,21.74528302,2026-03-05,2026-03-05
