Dia,"Nome da campanha","Nome do conjunto de anúncios","Nome do anúncio","Nome da Página","Status de veiculação","Nível de veiculação",Alcance,Impressões,Frequência,"Configuração de atribuição","Tipo de resultado",Resultados,"Valor usado (BRL)","Custo por resultado",Início,Término,"Cliques no link","CPM (custo por 1.000 impressões)","Início dos relatórios","Encerramento dos relatórios"
2026-01-31,"1000 FIOS APPEL - CENTRO Campanha","1000 FIOS APPEL - CENTRO Conjunto de anúncios","1000 FIOS APPEL - CENTRO","Casa & Cia Centro",not_delivering,ad,1432,1713,1.19622905,"Clique de 7 dias ou visualização de 1 dia","Conversas por mensagem iniciadas",15,53.81,3.58733333,2026-01-31,2026-02-07,22,31.41272621,2026-01-31,2026-01-31
2026-01-31,"1000 FIOS APPEL - PREMIUM Campanha","BUDDEMEYER - PREMIUM Conjunto de anúncios","1000 FIOS - PREMIUM","Casa e Cia",not_delivering,ad,3541,4310,1.21717029,"Clique de 7 dias ou visualização de 1 dia","Conversas por mensagem iniciadas",39,56.2,1.44102564,2026-01-31,2026-02-07,62,13.03944316,2026-01-31,2026-01-31
2026-01-31,"30% NA SEGUNDA PEÇA -  CENTRO Campanha","30% NA SEGUNDA PEÇA -  CENTRO Conjunto de anúncios","30% NA SEGUNDA PEÇA -  CENTRO","Casa & Cia Centro",not_delivering,ad,1659,2614,1.57564798,"Clique de 7 dias ou visualização de 1 dia","Conversas por mensagem iniciadas",2,95.98,47.99,2026-01-27,2026-01-31,14,36.71767406,2026-01-31,2026-01-31
2026-01-31,"30% NA SEGUNDA PEÇA -  PREMIUM Campanha","30% NA SEGUNDA PEÇA -  PREMIUM Conjunto de anúncios","30% NA SEGUNDA PEÇA -  PREMIUM","Casa e Cia",not_delivering,ad,4599,6918,1.50424005,"Clique de 7 dias ou visualização de 1 dia","Conversas por mensagem iniciadas",4,97.38,24.345,2026-01-27,2026-01-31,30,14.07632264,2026-01-31,2026-01-31
2026-01-30,"30% NA SEGUNDA PEÇA -  CENTRO Campanha","30% NA SEGUNDA PEÇA -  CENTRO Conjunto de anúncios","30% NA SEGUNDA PEÇA -  CENTRO","Casa & Cia Centro",not_delivering,ad,2125,3131,1.47341176,"Clique de 7 dias ou visualização de 1 dia","Conversas por mensagem iniciadas",4,106.32,26.58,2026-01-27,2026-01-31,17,33.95720217,2026-01-30,2026-01-30
2026-01-30,"30% NA SEGUNDA PEÇA -  PREMIUM Campanha","30% NA SEGUNDA PEÇA -  PREMIUM Conjunto de anúncios","30% NA SEGUNDA PEÇA -  PREMIUM","Casa e Cia",not_delivering,ad,2894,4428,1.5300622,"Clique de 7 dias ou visualização de 1 dia","Conversas por mensagem iniciadas",3,94.94,31.64666667,2026-01-27,2026-01-31,17,21.44083107,2026-01-30,2026-01-30
2026-01-29,"30% NA SEGUNDA PEÇA -  CENTRO Campanha","30% NA SEGUNDA PEÇA -  CENTRO Conjunto de anúncios","30% NA SEGUNDA PEÇA -  CENTRO","Casa & Cia Centro",not_delivering,ad,2415,3467,1.43561077,"Clique de 7 dias ou visualização de 1 dia","Conversas por mensagem iniciadas",7,110.39,15.77,2026-01-27,2026-01-31,21,31.84020767,2026-01-29,2026-01-29
2026-01-29,"30% NA SEGUNDA PEÇA -  PREMIUM Campanha","30% NA SEGUNDA PEÇA -  PREMIUM Conjunto de anúncios","30% NA SEGUNDA PEÇA -  PREMIUM","Casa e Cia",not_delivering,ad,3625,5446,1.50234483,"Clique de 7 dias ou visualização de 1 dia","Conversas por mensagem iniciadas",5,110.37,22.074,2026-01-27,2026-01-31,31,20.26625046,2026-01-29,2026-01-29
2026-01-28,"30% NA SEGUNDA PEÇA -  PREMIUM Campanha","30% NA SEGUNDA PEÇA -  PREMIUM Conjunto de anúncios","30% NA SEGUNDA PEÇA -  PREMIUM","Casa e Cia",not_delivering,ad,3181,5099,1.60295505,"Clique de 7 dias ou visualização de 1 dia","Conversas por mensagem iniciadas",2,76.25,38.125,2026-01-27,2026-01-31,15,14.95391253,2026-01-28,2026-01-28
2026-01-28,"30% NA SEGUNDA PEÇA -  CENTRO Campanha","30% NA SEGUNDA PEÇA -  CENTRO Conjunto de anúncios","30% NA SEGUNDA PEÇA -  CENTRO","Casa & Cia Centro",not_delivering,ad,1412,2108,1.49291785,"Clique de 7 dias ou visualização de 1 dia","Conversas por mensagem iniciadas",4,63.27,15.8175,2026-01-27,2026-01-31,11,30.0142315,2026-01-28,2026-01-28
2026-01-27,"30% NA SEGUNDA PEÇA -  CENTRO Campanha","30% NA SEGUNDA PEÇA -  CENTRO Conjunto de anúncios","30% NA SEGUNDA PEÇA -  CENTRO","Casa & Cia Centro",not_delivering,ad,1058,1261,1.19187146,"Clique de 7 dias ou visualização de 1 dia","Conversas por mensagem iniciadas",1,22.63,22.63,2026-01-27,2026-01-31,5,17.94607454,2026-01-27,2026-01-27
2026-01-27,"30% NA SEGUNDA PEÇA -  PREMIUM Campanha","30% NA SEGUNDA PEÇA -  PREMIUM Conjunto de anúncios","30% NA SEGUNDA PEÇA -  PREMIUM","Casa e Cia",not_delivering,ad,1632,2053,1.25796569,"Clique de 7 dias ou visualização de 1 dia","Conversas por mensagem iniciadas",1,20.18,20.18,2026-01-27,2026-01-31,5,9.82951778,2026-01-27,2026-01-27
2026-01-24,"OFERTA RELÂMPAGO - CENTRO - LENÇOL ALTENBURG E 1000 FIOS Campanha","OFERTA RELÂMPAGO - CENTRO - LENÇOL ALTENBURG E 1000 FIOS Conjunto de anúncios","OFERTA RELÂMPAGO - CENTRO - LENÇOL ALTENBURG E 1000 FIOS","Casa & Cia Centro",not_delivering,ad,1290,1545,1.19767442,"Clique de 7 dias ou visualização de 1 dia","Conversas por mensagem iniciadas",4,43.11,10.7775,2026-01-22,2026-01-24,11,27.90291262,2026-01-24,2026-01-24
2026-01-24,"OFERTA RELÂMPAGO - PREMIUM 1 - TAPETES 20%","OFERTA RELÂMPAGO - PREMIUM 1 Conjunto de anúncios","OFERTA RELÂMPAGO - PREMIUM 1","Casa e Cia",not_delivering,ad,1593,2070,1.29943503,"Clique de 7 dias ou visualização de 1 dia",,,43.9,,2026-01-22,2026-01-24,5,21.20772947,2026-01-24,2026-01-24
2026-01-24,"OFERTA RELÂMPAGO - CENTRO - TAPETES 20% Campanha","OFERTA RELÂMPAGO - CENTRO - TAPETES 20% Conjunto de anúncios","OFERTA RELÂMPAGO - CENTRO - TAPETES 20%","Casa & Cia Centro",not_delivering,ad,1238,1662,1.34248788,"Clique de 7 dias ou visualização de 1 dia","Conversas por mensagem iniciadas",2,41.6,20.8,2026-01-22,2026-01-24,7,25.03008424,2026-01-24,2026-01-24
2026-01-24,"OFERTA RELÂMPAGO - PREMIUM 1 - LENÇOL ALTENBURG E 1000 FIOS Campanha","OFERTA RELÂMPAGO - PREMIUM 1 - LENÇOL ALTENBURG E 1000 FIOS Conjunto de anúncios","OFERTA RELÂMPAGO - PREMIUM 1 - LENÇOL ALTENBURG E 1000 FIOS","Casa e Cia",not_delivering,ad,1753,2201,1.25556189,"Clique de 7 dias ou visualização de 1 dia","Conversas por mensagem iniciadas",3,42.21,14.07,2026-01-22,2026-01-24,8,19.17764652,2026-01-24,2026-01-24
2026-01-23,"OFERTA RELÂMPAGO - PREMIUM 1 - TAPETES 20%","OFERTA RELÂMPAGO - PREMIUM 1 Conjunto de anúncios","OFERTA RELÂMPAGO - PREMIUM 1","Casa e Cia",not_delivering,ad,1820,2347,1.28956044,"Clique de 7 dias ou visualização de 1 dia","Conversas por mensagem iniciadas",2,44.97,22.485,2026-01-22,2026-01-24,6,19.16063059,2026-01-23,2026-01-23
2026-01-23,"OFERTA RELÂMPAGO - CENTRO - TAPETES 20% Campanha","OFERTA RELÂMPAGO - CENTRO - TAPETES 20% Conjunto de anúncios","OFERTA RELÂMPAGO - CENTRO - TAPETES 20%","Casa & Cia Centro",not_delivering,ad,1456,1876,1.28846154,"Clique de 7 dias ou visualização de 1 dia","Conversas por mensagem iniciadas",5,41.99,8.398,2026-01-22,2026-01-24,11,22.38272921,2026-01-23,2026-01-23
2026-01-23,"OFERTA RELÂMPAGO - CENTRO - LENÇOL ALTENBURG E 1000 FIOS Campanha","OFERTA RELÂMPAGO - CENTRO - LENÇOL ALTENBURG E 1000 FIOS Conjunto de anúncios","OFERTA RELÂMPAGO - CENTRO - LENÇOL ALTENBURG E 1000 FIOS","Casa & Cia Centro",not_delivering,ad,1466,1934,1.31923602,"Clique de 7 dias ou visualização de 1 dia","Conversas por mensagem iniciadas",1,40.56,40.56,2026-01-22,2026-01-24,13,20.97207859,2026-01-23,2026-01-23
2026-01-23,"OFERTA RELÂMPAGO - PREMIUM 1 - LENÇOL ALTENBURG E 1000 FIOS Campanha","OFERTA RELÂMPAGO - PREMIUM 1 - LENÇOL ALTENBURG E 1000 FIOS Conjunto de anúncios","OFERTA RELÂMPAGO - PREMIUM 1 - LENÇOL ALTENBURG E 1000 FIOS","Casa e Cia",not_delivering,ad,2118,2664,1.25779037,"Clique de 7 dias ou visualização de 1 dia","Conversas por mensagem iniciadas",4,42.8,10.7,2026-01-22,2026-01-24,14,16.06606607,2026-01-23,2026-01-23
2026-01-22,"OFERTA RELÂMPAGO - CENTRO - TAPETES 20% Campanha","OFERTA RELÂMPAGO - CENTRO - TAPETES 20% Conjunto de anúncios","OFERTA RELÂMPAGO - CENTRO - TAPETES 20%","Casa & Cia Centro",not_delivering,ad,1378,1612,1.16981132,"Clique de 7 dias ou visualização de 1 dia",,,26.36,,2026-01-22,2026-01-24,7,16.35235732,2026-01-22,2026-01-22
2026-01-22,"OFERTA RELÂMPAGO - PREMIUM 1 - LENÇOL ALTENBURG E 1000 FIOS Campanha","OFERTA RELÂMPAGO - PREMIUM 1 - LENÇOL ALTENBURG E 1000 FIOS Conjunto de anúncios","OFERTA RELÂMPAGO - PREMIUM 1 - LENÇOL ALTENBURG E 1000 FIOS","Casa e Cia",not_delivering,ad,1852,2179,1.17656587,"Clique de 7 dias ou visualização de 1 dia","Conversas por mensagem iniciadas",1,27.06,27.06,2026-01-22,2026-01-24,10,12.41854061,2026-01-22,2026-01-22
2026-01-22,"OFERTA RELÂMPAGO - PREMIUM 1 - TAPETES 20%","OFERTA RELÂMPAGO - PREMIUM 1 Conjunto de anúncios","OFERTA RELÂMPAGO - PREMIUM 1","Casa e Cia",not_delivering,ad,1518,1835,1.2088274,"Clique de 7 dias ou visualização de 1 dia","Conversas por mensagem iniciadas",1,24.03,24.03,2026-01-22,2026-01-24,4,13.09536785,2026-01-22,2026-01-22
2026-01-22,"OFERTA RELÂMPAGO - CENTRO - LENÇOL ALTENBURG E 1000 FIOS Campanha","OFERTA RELÂMPAGO - CENTRO - LENÇOL ALTENBURG E 1000 FIOS Conjunto de anúncios","OFERTA RELÂMPAGO - CENTRO - LENÇOL ALTENBURG E 1000 FIOS","Casa & Cia Centro",not_delivering,ad,1512,1791,1.18452381,"Clique de 7 dias ou visualização de 1 dia",,,27.13,,2026-01-22,2026-01-24,10,15.14796203,2026-01-22,2026-01-22
2026-01-18,"DC - JANEIRO/2026 / ABO — Pós vendas — ABERTO — Videos novos — Cópia",VV,P2,"Casa e Cia",not_delivering,ad,209,217,1.03827751,"Clique de 7 dias ou visualização de 1 dia",,,2.94,,2026-01-17,2026-01-21,2,13.5483871,2026-01-18,2026-01-18
2026-01-18,"DC - JANEIRO/2026 / CBO — Pós vendas",ENGAJAMENTO,P2,"Casa e Cia",not_delivering,ad,36,41,1.13888889,"Clique de 7 dias ou visualização de 1 dia",,,0.51,,2026-01-14,2026-01-18,,12.43902439,2026-01-18,2026-01-18
2026-01-18,"DC - JANEIRO/2026 / ABO — Pós vendas — ABERTO — Videos novos — Cópia",VISITAS,VIDEO,"Casa e Cia",not_delivering,ad,2,2,1,"Clique de 7 dias ou visualização de 1 dia",,,0,,2026-01-17,2026-01-18,,0,2026-01-18,2026-01-18
2026-01-18,"DC - JANEIRO/2026 / ABO — Pós vendas — ABERTO — Videos novos — Cópia",SEGUIDORES,P2,"Casa e Cia",not_delivering,ad,628,642,1.02229299,"Clique de 7 dias ou visualização de 1 dia",,,4.84,,2026-01-17,2026-01-21,4,7.53894081,2026-01-18,2026-01-18
2026-01-18,"DC - JANEIRO/2026 / CBO — Pós vendas — Cópia",SEGUIDORES,P1,"Casa e Cia",not_delivering,ad,39,40,1.02564103,"Clique de 7 dias ou visualização de 1 dia",,,0.27,,2026-01-14,2026-01-18,,6.75,2026-01-18,2026-01-18
2026-01-18,"DC - JANEIRO/2026 / ABO — Pós vendas — ABERTO",SEGUIDORES,P2,"Casa e Cia",not_delivering,ad,7,8,1.14285714,"Clique de 7 dias ou visualização de 1 dia",,,0.18,,2026-01-14,2026-01-18,,22.5,2026-01-18,2026-01-18
2026-01-18,"DC - JANEIRO/2026 / ABO — Pós vendas — ABERTO — Videos novos — Cópia",SEGUIDORES,P1,"Casa e Cia",not_delivering,ad,33,35,1.06060606,"Clique de 7 dias ou visualização de 1 dia",,,0.35,,2026-01-17,2026-01-21,,10,2026-01-18,2026-01-18
2026-01-18,"DC - JANEIRO/2026 / CBO — Pós vendas — Cópia — Cópia",SEGUIDORES,P1,"Casa e Cia",not_delivering,ad,4,4,1,"Clique de 7 dias ou visualização de 1 dia",,,0.02,,2026-01-15,2026-01-18,,5,2026-01-18,2026-01-18
2026-01-18,"DC - JANEIRO/2026 / ABO — Pós vendas — ABERTO — Videos novos — Cópia",VISITAS,P2,"Casa e Cia",not_delivering,ad,68,71,1.04411765,"Clique de 7 dias ou visualização de 1 dia",,,0.7,,2026-01-17,2026-01-18,2,9.85915493,2026-01-18,2026-01-18
2026-01-18,"DC - JANEIRO/2026 / CBO — Pós vendas",ENGAJAMENTO,VIDEO,"Casa e Cia",not_delivering,ad,201,231,1.14925373,"Clique de 7 dias ou visualização de 1 dia",,,3.71,,2026-01-14,2026-01-18,4,16.06060606,2026-01-18,2026-01-18
2026-01-18,"DC - JANEIRO/2026 / ABO — Pós vendas — ABERTO",ENGAJAMENTO,P2,"Casa e Cia",not_delivering,ad,57,58,1.01754386,"Clique de 7 dias ou visualização de 1 dia",,,0.79,,2026-01-14,2026-01-18,1,13.62068966,2026-01-18,2026-01-18
2026-01-18,"DC - JANEIRO/2026 / ABO — Pós vendas — ABERTO",VV,P1,"Casa e Cia",not_delivering,ad,111,130,1.17117117,"Clique de 7 dias ou visualização de 1 dia",,,1.98,,2026-01-14,2026-01-18,1,15.23076923,2026-01-18,2026-01-18
2026-01-18,"DC - JANEIRO/2026 / CBO — Pós vendas — Cópia — Cópia",ENGAJAMENTO,P2,"Casa e Cia",not_delivering,ad,106,124,1.16981132,"Clique de 7 dias ou visualização de 1 dia",,,1.17,,2026-01-15,2026-01-18,3,9.43548387,2026-01-18,2026-01-18
2026-01-18,"DC - JANEIRO/2026 / ABO — Pós vendas — ABERTO — Produtos novos",SEMELHANTE,P2,"Casa e Cia",not_delivering,ad,77,80,1.03896104,"Clique de 7 dias ou visualização de 1 dia",,,1,,2026-01-17,2026-01-18,1,12.5,2026-01-18,2026-01-18
2026-01-18,"DC - JANEIRO/2026 / CBO — Pós vendas — Cópia",ENGAJAMENTO,P1,"Casa e Cia",not_delivering,ad,57,72,1.26315789,"Clique de 7 dias ou visualização de 1 dia",,,0.74,,2026-01-14,2026-01-18,1,10.27777778,2026-01-18,2026-01-18
2026-01-18,"DC - JANEIRO/2026 / CBO — Pós vendas — Cópia",VISITAS,P1,"Casa e Cia",not_delivering,ad,6,7,1.16666667,"Clique de 7 dias ou visualização de 1 dia",,,0.13,,2026-01-14,2026-01-18,,18.57142857,2026-01-18,2026-01-18
2026-01-18,"DC - JANEIRO/2026 / CBO — Pós vendas — Cópia — Cópia",SEGUIDORES,P1,"Casa e Cia",not_delivering,ad,3,3,1,"Clique de 7 dias ou visualização de 1 dia",,,0.01,,2026-01-16,2026-01-18,,3.33333333,2026-01-18,2026-01-18
2026-01-18,"DC - JANEIRO/2026 / ABO — Pós vendas — Cópia",SEGUIDORES,P2,"Casa e Cia",not_delivering,ad,20,20,1,"Clique de 7 dias ou visualização de 1 dia",,,0.14,,2026-01-14,2026-01-18,,7,2026-01-18,2026-01-18
2026-01-18,"DC - JANEIRO/2026 / CBO — Pós vendas — Cópia — Cópia",VV,P2,"Casa e Cia",not_delivering,ad,5,5,1,"Clique de 7 dias ou visualização de 1 dia",,,0,,2026-01-16,2026-01-18,,0,2026-01-18,2026-01-18
2026-01-18,"DC - JANEIRO/2026 / CBO — Pós vendas — Cópia — Cópia",ENGAJAMENTO,P1,"Casa e Cia",not_delivering,ad,4,4,1,"Clique de 7 dias ou visualização de 1 dia",,,0.03,,2026-01-16,2026-01-18,,7.5,2026-01-18,2026-01-18
2026-01-18,"DC - JANEIRO/2026 / CBO — Pós vendas — Cópia — Cópia",ENGAJAMENTO,P1,"Casa e Cia",not_delivering,ad,4,4,1,"Clique de 7 dias ou visualização de 1 dia",,,0.06,,2026-01-16,2026-01-18,1,15,2026-01-18,2026-01-18
2026-01-18,"DC - JANEIRO/2026 / CBO — Pós vendas — Cópia — Cópia",ENGAJAMENTO,P2,"Casa e Cia",not_delivering,ad,31,33,1.06451613,"Clique de 7 dias ou visualização de 1 dia",,,0.45,,2026-01-16,2026-01-18,,13.63636364,2026-01-18,2026-01-18
2026-01-18,"DC - JANEIRO/2026 / CBO — Pós vendas — Cópia — Cópia",SEGUIDORES,P1,"Casa e Cia",not_delivering,ad,5,5,1,"Clique de 7 dias ou visualização de 1 dia",,,0.02,,2026-01-16,2026-01-18,,4,2026-01-18,2026-01-18
2026-01-18,"DC - JANEIRO/2026 / CBO — Pós vendas — Cópia — Cópia",ENGAJAMENTO,P2,"Casa e Cia",not_delivering,ad,61,63,1.03278689,"Clique de 7 dias ou visualização de 1 dia",,,0.67,,2026-01-16,2026-01-18,1,10.63492063,2026-01-18,2026-01-18
2026-01-18,"DC - JANEIRO/2026 / ABO — Pós vendas — ABERTO — Produtos novos",ENGAJAMENTO,P1,"Casa e Cia",not_delivering,ad,54,61,1.12962963,"Clique de 7 dias ou visualização de 1 dia",,,0.58,,2026-01-17,2026-01-18,,9.50819672,2026-01-18,2026-01-18
2026-01-18,"DC - JANEIRO/2026 / CBO — Pós vendas — Cópia — Cópia",VV,VIDEO,"Casa e Cia",not_delivering,ad,34,34,1,"Clique de 7 dias ou visualização de 1 dia",,,0.26,,2026-01-16,2026-01-18,,7.64705882,2026-01-18,2026-01-18
2026-01-18,"DC - JANEIRO/2026 / ABO — Pós vendas — ABERTO — Produtos novos",ENGAJAMENTO,P2,"Casa e Cia",not_delivering,ad,4,4,1,"Clique de 7 dias ou visualização de 1 dia",,,0,,2026-01-17,2026-01-18,1,0,2026-01-18,2026-01-18
2026-01-18,"DC - JANEIRO/2026 / CBO — Pós vendas — Cópia — Cópia",ENGAJAMENTO,VIDEO,"Casa e Cia",not_delivering,ad,33,35,1.06060606,"Clique de 7 dias ou visualização de 1 dia",,,0.62,,2026-01-16,2026-01-18,,17.71428571,2026-01-18,2026-01-18
2026-01-18,"DC - JANEIRO/2026 / CBO — Pós vendas — Cópia — Cópia",VV,P1,"Casa e Cia",not_delivering,ad,27,27,1,"Clique de 7 dias ou visualização de 1 dia",,,0.18,,2026-01-16,2026-01-18,,6.66666667,2026-01-18,2026-01-18
2026-01-18,"DC - JANEIRO/2026 / CBO — Pós vendas — Cópia — Cópia",VISITAS,VIDEO,"Casa e Cia",not_delivering,ad,1,1,1,"Clique de 7 dias ou visualização de 1 dia",,,0,,2026-01-16,2026-01-18,,0,2026-01-18,2026-01-18
2026-01-18,"DC - JANEIRO/2026 / CBO — Pós vendas — Cópia — Cópia",SEGUIDORES,P1,"Casa e Cia",not_delivering,ad,5,5,1,"Clique de 7 dias ou visualização de 1 dia",,,0.01,,2026-01-16,2026-01-18,,2,2026-01-18,2026-01-18
2026-01-18,"DC - JANEIRO/2026 / CBO — Pós vendas — Cópia — Cópia",SEGUIDORES,VIDEO,"Casa e Cia",not_delivering,ad,1,1,1,"Clique de 7 dias ou visualização de 1 dia",,,0.01,,2026-01-16,2026-01-18,,10,2026-01-18,2026-01-18
2026-01-18,"DC - JANEIRO/2026 / ABO — Pós vendas — Cópia",VV,P2,"Casa e Cia",not_delivering,ad,72,73,1.01388889,"Clique de 7 dias ou visualização de 1 dia",,,1.05,,2026-01-14,2026-01-18,,14.38356164,2026-01-18,2026-01-18
2026-01-18,"DC - JANEIRO/2026 / ABO — Pós vendas — Cópia",ENGAJAMENTO,P2,"Casa e Cia",not_delivering,ad,52,58,1.11538462,"Clique de 7 dias ou visualização de 1 dia",,,0.77,,2026-01-14,2026-01-18,,13.27586207,2026-01-18,2026-01-18
2026-01-18,"DC - JANEIRO/2026 / CBO — Pós vendas — Cópia — Cópia",VV,VIDEO,"Casa e Cia",not_delivering,ad,57,57,1,"Clique de 7 dias ou visualização de 1 dia",,,0.5,,2026-01-16,2026-01-18,,8.77192982,2026-01-18,2026-01-18
2026-01-18,"DC - JANEIRO/2026 / ABO — Pós vendas — Cópia",VV,P1,"Casa e Cia",not_delivering,ad,75,77,1.02666667,"Clique de 7 dias ou visualização de 1 dia",,,0.63,,2026-01-14,2026-01-18,,8.18181818,2026-01-18,2026-01-18
2026-01-18,"DC - JANEIRO/2026 / ABO — Pós vendas — Cópia",VISITAS,VIDEO,"Casa e Cia",not_delivering,ad,34,39,1.14705882,"Clique de 7 dias ou visualização de 1 dia",,,0.84,,2026-01-14,2026-01-18,,21.53846154,2026-01-18,2026-01-18
2026-01-18,"DC - JANEIRO/2026 / ABO — Pós vendas — Cópia",VISITAS,P1,"Casa e Cia",not_delivering,ad,1,1,1,"Clique de 7 dias ou visualização de 1 dia",,,0.02,,2026-01-14,2026-01-18,,20,2026-01-18,2026-01-18
2026-01-18,"DC - JANEIRO/2026 / CBO — Pós vendas — Cópia — Cópia",VISITAS,P2,"Casa e Cia",not_delivering,ad,1,1,1,"Clique de 7 dias ou visualização de 1 dia",,,0.01,,2026-01-15,2026-01-18,,10,2026-01-18,2026-01-18
2026-01-18,"DC - JANEIRO/2026 / CBO — Pós vendas — Cópia",VV,P1,"Casa e Cia",not_delivering,ad,177,186,1.05084746,"Clique de 7 dias ou visualização de 1 dia",,,1.77,,2026-01-14,2026-01-18,2,9.51612903,2026-01-18,2026-01-18
2026-01-18,"DC - JANEIRO/2026 / CBO — Pós vendas",VISITAS,P1,"Casa e Cia",not_delivering,ad,8,8,1,"Clique de 7 dias ou visualização de 1 dia",,,0.03,,2026-01-14,2026-01-18,,3.75,2026-01-18,2026-01-18
2026-01-18,"DC - JANEIRO/2026 / ABO — Pós vendas — ABERTO — Videos novos — Cópia",ENGAJAMENTO,P1,"Casa e Cia",not_delivering,ad,361,407,1.12742382,"Clique de 7 dias ou visualização de 1 dia","Conversas por mensagem iniciadas",1,4.24,4.24,2026-01-17,2026-01-21,3,10.41769042,2026-01-18,2026-01-18
2026-01-18,"DC - JANEIRO/2026 / ABO — Pós vendas — ABERTO — Produtos novos",VV,P2,"Casa e Cia",not_delivering,ad,82,87,1.06097561,"Clique de 7 dias ou visualização de 1 dia",,,0.77,,2026-01-17,2026-01-18,,8.85057471,2026-01-18,2026-01-18
2026-01-18,"DC - JANEIRO/2026 / ABO — Pós vendas — ABERTO",VISITAS,P1,"Casa e Cia",not_delivering,ad,2,2,1,"Clique de 7 dias ou visualização de 1 dia",,,0.01,,2026-01-14,2026-01-18,,5,2026-01-18,2026-01-18
2026-01-18,"DC - JANEIRO/2026 / ABO — Pós vendas — ABERTO",SEGUIDORES,P1,"Casa e Cia",not_delivering,ad,128,135,1.0546875,"Clique de 7 dias ou visualização de 1 dia","Conversas por mensagem iniciadas",1,2.54,2.54,2026-01-14,2026-01-18,5,18.81481481,2026-01-18,2026-01-18
2026-01-18,"DC - JANEIRO/2026 / CBO — Pós vendas",VV,VIDEO,"Casa e Cia",not_delivering,ad,227,250,1.10132159,"Clique de 7 dias ou visualização de 1 dia",,,2.43,,2026-01-14,2026-01-18,1,9.72,2026-01-18,2026-01-18
2026-01-18,"DC - JANEIRO/2026 / ABO — Pós vendas — ABERTO — Videos novos — Cópia",SEMELHANTE,P1,"Casa e Cia",not_delivering,ad,83,86,1.03614458,"Clique de 7 dias ou visualização de 1 dia",,,0.61,,2026-01-17,2026-01-21,,7.09302326,2026-01-18,2026-01-18
2026-01-18,"DC - JANEIRO/2026 / ABO — Pós vendas — ABERTO — Videos novos — Cópia",ENGAJAMENTO,P2,"Casa e Cia",not_delivering,ad,119,126,1.05882353,"Clique de 7 dias ou visualização de 1 dia","Conversas por mensagem iniciadas",1,0.66,0.66,2026-01-17,2026-01-21,4,5.23809524,2026-01-18,2026-01-18
2026-01-18,"DC - JANEIRO/2026 / CBO — Pós vendas",SEGUIDORES,P1,"Casa e Cia",not_delivering,ad,110,121,1.1,"Clique de 7 dias ou visualização de 1 dia",,,1.25,,2026-01-14,2026-01-18,2,10.33057851,2026-01-18,2026-01-18
2026-01-18,"DC - JANEIRO/2026 / ABO — Pós vendas — ABERTO — Videos novos — Cópia",VV,P1,"Casa e Cia",not_delivering,ad,133,153,1.15037594,"Clique de 7 dias ou visualização de 1 dia","Conversas por mensagem iniciadas",2,2.37,1.185,2026-01-17,2026-01-21,7,15.49019608,2026-01-18,2026-01-18
2026-01-18,"DC - JANEIRO/2026 / ABO — Pós vendas — Cópia",VISITAS,P2,"Casa e Cia",not_delivering,ad,3,4,1.33333333,"Clique de 7 dias ou visualização de 1 dia",,,0.11,,2026-01-14,2026-01-18,,27.5,2026-01-18,2026-01-18
2026-01-18,"DC - JANEIRO/2026 / CBO — Pós vendas — Cópia — Cópia",VV,P2,"Casa e Cia",not_delivering,ad,18,19,1.05555556,"Clique de 7 dias ou visualização de 1 dia",,,0.06,,2026-01-15,2026-01-18,,3.15789474,2026-01-18,2026-01-18
2026-01-18,"DC - JANEIRO/2026 / CBO — Pós vendas — Cópia",ENGAJAMENTO,VIDEO,"Casa e Cia",not_delivering,ad,233,268,1.15021459,"Clique de 7 dias ou visualização de 1 dia","Conversas por mensagem iniciadas",3,6.85,2.28333333,2026-01-14,2026-01-18,4,25.55970149,2026-01-18,2026-01-18
2026-01-18,"DC - JANEIRO/2026 / ABO — Pós vendas — ABERTO — Produtos novos",SEGUIDORES,P1,"Casa e Cia",not_delivering,ad,16,16,1,"Clique de 7 dias ou visualização de 1 dia",,,0.07,,2026-01-17,2026-01-18,,4.375,2026-01-18,2026-01-18
2026-01-18,"DC - JANEIRO/2026 / ABO — Pós vendas — ABERTO",VISITAS,VIDEO,"Casa e Cia",not_delivering,ad,33,34,1.03030303,"Clique de 7 dias ou visualização de 1 dia",,,1.25,,2026-01-14,2026-01-18,,36.76470588,2026-01-18,2026-01-18
2026-01-18,"DC - JANEIRO/2026 / ABO — Pós vendas — ABERTO — Videos novos — Cópia",VISITAS,P1,"Casa e Cia",not_delivering,ad,440,473,1.075,"Clique de 7 dias ou visualização de 1 dia","Conversas por mensagem iniciadas",2,4.58,2.29,2026-01-17,2026-01-18,6,9.68287526,2026-01-18,2026-01-18
2026-01-18,"DC - JANEIRO/2026 / ABO — Pós vendas — ABERTO — Produtos novos",SEMELHANTE,P1,"Casa e Cia",not_delivering,ad,24,26,1.08333333,"Clique de 7 dias ou visualização de 1 dia",,,0.13,,2026-01-17,2026-01-18,,5,2026-01-18,2026-01-18
2026-01-18,"DC - JANEIRO/2026 / ABO — Pós vendas — ABERTO",VV,P2,"Casa e Cia",not_delivering,ad,10,10,1,"Clique de 7 dias ou visualização de 1 dia",,,0.23,,2026-01-14,2026-01-18,,23,2026-01-18,2026-01-18
2026-01-18,"DC - JANEIRO/2026 / ABO — Pós vendas — ABERTO — Produtos novos",VISITAS,P1,"Casa e Cia",not_delivering,ad,228,253,1.10964912,"Clique de 7 dias ou visualização de 1 dia",,,2.92,,2026-01-17,2026-01-18,5,11.54150198,2026-01-18,2026-01-18
2026-01-18,"DC - JANEIRO/2026 / ABO — Pós vendas — ABERTO",VISITAS,P2,"Casa e Cia",not_delivering,ad,8,8,1,"Clique de 7 dias ou visualização de 1 dia",,,0.13,,2026-01-14,2026-01-18,,16.25,2026-01-18,2026-01-18
2026-01-18,"DC - JANEIRO/2026 / ABO — Pós vendas — ABERTO — Produtos novos",VISITAS,P2,"Casa e Cia",not_delivering,ad,44,49,1.11363636,"Clique de 7 dias ou visualização de 1 dia",,,0.56,,2026-01-17,2026-01-18,,11.42857143,2026-01-18,2026-01-18
2026-01-18,"DC - JANEIRO/2026 / ABO — Pós vendas — Cópia",ENGAJAMENTO,P1,"Casa e Cia",not_delivering,ad,4,4,1,"Clique de 7 dias ou visualização de 1 dia",,,0.01,,2026-01-14,2026-01-18,,2.5,2026-01-18,2026-01-18
2026-01-18,"DC - JANEIRO/2026 / ABO — Pós vendas — Cópia",SEGUIDORES,P1,"Casa e Cia",not_delivering,ad,30,32,1.06666667,"Clique de 7 dias ou visualização de 1 dia",,,0.16,,2026-01-14,2026-01-18,1,5,2026-01-18,2026-01-18
2026-01-18,"DC - JANEIRO/2026 / CBO — Pós vendas — Cópia — Cópia",VV,P1,"Casa e Cia",not_delivering,ad,243,258,1.0617284,"Clique de 7 dias ou visualização de 1 dia",,,2.01,,2026-01-15,2026-01-18,3,7.79069767,2026-01-18,2026-01-18
2026-01-18,"DC - JANEIRO/2026 / ABO — Pós vendas — ABERTO — Videos novos — Cópia",SEMELHANTE,VIDEO,"Casa e Cia",not_delivering,ad,60,61,1.01666667,"Clique de 7 dias ou visualização de 1 dia",,,0.87,,2026-01-17,2026-01-21,,14.26229508,2026-01-18,2026-01-18
2026-01-18,"DC - JANEIRO/2026 / CBO — Pós vendas — Cópia",ENGAJAMENTO,P2,"Casa e Cia",not_delivering,ad,263,312,1.18631179,"Clique de 7 dias ou visualização de 1 dia",,,4.11,,2026-01-14,2026-01-18,3,13.17307692,2026-01-18,2026-01-18
2026-01-18,"DC - JANEIRO/2026 / ABO — Pós vendas — ABERTO — Produtos novos",VV,P1,"Casa e Cia",not_delivering,ad,237,277,1.16877637,"Clique de 7 dias ou visualização de 1 dia","Conversas por mensagem iniciadas",1,4.03,4.03,2026-01-17,2026-01-18,7,14.54873646,2026-01-18,2026-01-18
2026-01-18,"DC - JANEIRO/2026 / ABO — Pós vendas — ABERTO — Videos novos — Cópia",SEMELHANTE,P2,"Casa e Cia",not_delivering,ad,395,414,1.04810127,"Clique de 7 dias ou visualização de 1 dia",,,3.39,,2026-01-17,2026-01-21,3,8.1884058,2026-01-18,2026-01-18
2026-01-18,"DC - JANEIRO/2026 / ABO — Pós vendas — ABERTO",SEMELHANTE,P2,"Casa e Cia",not_delivering,ad,68,68,1,"Clique de 7 dias ou visualização de 1 dia",,,1.26,,2026-01-14,2026-01-18,1,18.52941176,2026-01-18,2026-01-18
2026-01-18,"DC - JANEIRO/2026 / ABO — Pós vendas — ABERTO — Produtos novos",SEGUIDORES,P2,"Casa e Cia",not_delivering,ad,314,327,1.04140127,"Clique de 7 dias ou visualização de 1 dia","Conversas por mensagem iniciadas",1,3.47,3.47,2026-01-17,2026-01-18,6,10.6116208,2026-01-18,2026-01-18
2026-01-18,"DC - JANEIRO/2026 / ABO — Pós vendas — ABERTO — Videos novos — Cópia",SEGUIDORES,VIDEO,"Casa e Cia",not_delivering,ad,7,7,1,"Clique de 7 dias ou visualização de 1 dia",,,0.04,,2026-01-17,2026-01-21,,5.71428571,2026-01-18,2026-01-18
2026-01-17,"DC - JANEIRO/2026 / CBO — Pós vendas",ENGAJAMENTO,P2,"Casa e Cia",not_delivering,ad,736,855,1.16168478,"Clique de 7 dias ou visualização de 1 dia",,,10.13,,2026-01-14,2026-01-18,6,11.84795322,2026-01-17,2026-01-17
2026-01-17,"DC - JANEIRO/2026 / CBO — Pós vendas — Cópia",VISITAS,P1,"Casa e Cia",not_delivering,ad,16,17,1.0625,"Clique de 7 dias ou visualização de 1 dia",,,0.23,,2026-01-14,2026-01-18,,13.52941176,2026-01-17,2026-01-17
2026-01-17,"DC - JANEIRO/2026 / ABO — Pós vendas — Cópia",VV,P2,"Casa e Cia",not_delivering,ad,886,1114,1.25733634,"Clique de 7 dias ou visualização de 1 dia",,,13.79,,2026-01-14,2026-01-18,4,12.37881508,2026-01-17,2026-01-17
2026-01-17,"DC - JANEIRO/2026 / CBO — Pós vendas",SEGUIDORES,P2,"Casa e Cia",not_delivering,ad,1,1,1,"Clique de 7 dias ou visualização de 1 dia",,,0.01,,2026-01-14,2026-01-18,,10,2026-01-17,2026-01-17
2026-01-17,"DC - JANEIRO/2026 / CBO — Pós vendas — Cópia",VV,VIDEO,"Casa e Cia",not_delivering,ad,3,3,1,"Clique de 7 dias ou visualização de 1 dia",,,0.03,,2026-01-14,2026-01-18,,10,2026-01-17,2026-01-17
2026-01-17,"DC - JANEIRO/2026 / CBO — Pós vendas — Cópia — Cópia",SEGUIDORES,VIDEO,"Casa e Cia",not_delivering,ad,9,9,1,"Clique de 7 dias ou visualização de 1 dia",,,0.02,,2026-01-16,2026-01-18,,2.22222222,2026-01-17,2026-01-17
2026-01-17,"DC - JANEIRO/2026 / CBO — Pós vendas — Cópia — Cópia",SEGUIDORES,P2,"Casa e Cia",not_delivering,ad,15,19,1.26666667,"Clique de 7 dias ou visualização de 1 dia",,,0.1,,2026-01-16,2026-01-18,,5.26315789,2026-01-17,2026-01-17
2026-01-17,"DC - JANEIRO/2026 / CBO — Pós vendas — Cópia — Cópia",VISITAS,P2,"Casa e Cia",not_delivering,ad,6,6,1,"Clique de 7 dias ou visualização de 1 dia",,,0.08,,2026-01-16,2026-01-18,,13.33333333,2026-01-17,2026-01-17
2026-01-17,"DC - JANEIRO/2026 / CBO — Pós vendas — Cópia — Cópia",SEGUIDORES,P1,"Casa e Cia",not_delivering,ad,60,66,1.1,"Clique de 7 dias ou visualização de 1 dia",,,0.84,,2026-01-16,2026-01-18,,12.72727273,2026-01-17,2026-01-17
2026-01-17,"DC - JANEIRO/2026 / CBO — Pós vendas — Cópia — Cópia",VV,P1,"Casa e Cia",not_delivering,ad,64,68,1.0625,"Clique de 7 dias ou visualização de 1 dia",,,0.72,,2026-01-16,2026-01-18,,10.58823529,2026-01-17,2026-01-17
2026-01-17,"DC - JANEIRO/2026 / CBO — Pós vendas — Cópia — Cópia",VV,P2,"Casa e Cia",not_delivering,ad,20,20,1,"Clique de 7 dias ou visualização de 1 dia",,,0.28,,2026-01-16,2026-01-18,,14,2026-01-17,2026-01-17
2026-01-17,"DC - JANEIRO/2026 / CBO — Pós vendas — Cópia — Cópia",VV,P1,"Casa e Cia",not_delivering,ad,110,113,1.02727273,"Clique de 7 dias ou visualização de 1 dia",,,1.19,,2026-01-16,2026-01-18,,10.53097345,2026-01-17,2026-01-17
2026-01-17,"DC - JANEIRO/2026 / CBO — Pós vendas — Cópia — Cópia",ENGAJAMENTO,P2,"Casa e Cia",not_delivering,ad,298,342,1.14765101,"Clique de 7 dias ou visualização de 1 dia","Conversas por mensagem iniciadas",1,5.4,5.4,2026-01-16,2026-01-18,7,15.78947368,2026-01-17,2026-01-17
2026-01-17,"DC - JANEIRO/2026 / CBO — Pós vendas — Cópia — Cópia",ENGAJAMENTO,P1,"Casa e Cia",not_delivering,ad,4,5,1.25,"Clique de 7 dias ou visualização de 1 dia",,,0.18,,2026-01-16,2026-01-18,,36,2026-01-17,2026-01-17
2026-01-17,"DC - JANEIRO/2026 / CBO — Pós vendas — Cópia — Cópia",ENGAJAMENTO,P1,"Casa e Cia",not_delivering,ad,5,9,1.8,"Clique de 7 dias ou visualização de 1 dia",,,0.22,,2026-01-16,2026-01-18,,24.44444444,2026-01-17,2026-01-17
2026-01-17,"DC - JANEIRO/2026 / CBO — Pós vendas — Cópia — Cópia",VV,VIDEO,"Casa e Cia",not_delivering,ad,21,21,1,"Clique de 7 dias ou visualização de 1 dia",,,0.1,,2026-01-16,2026-01-18,,4.76190476,2026-01-17,2026-01-17
2026-01-17,"DC - JANEIRO/2026 / CBO — Pós vendas — Cópia — Cópia",VISITAS,P1,"Casa e Cia",not_delivering,ad,1,1,1,"Clique de 7 dias ou visualização de 1 dia",,,0.03,,2026-01-16,2026-01-18,,30,2026-01-17,2026-01-17
2026-01-17,"DC - JANEIRO/2026 / CBO — Pós vendas — Cópia — Cópia",SEGUIDORES,P1,"Casa e Cia",not_delivering,ad,3,3,1,"Clique de 7 dias ou visualização de 1 dia",,,0.01,,2026-01-16,2026-01-18,,3.33333333,2026-01-17,2026-01-17
2026-01-17,"DC - JANEIRO/2026 / CBO — Pós vendas — Cópia — Cópia",SEGUIDORES,P2,"Casa e Cia",not_delivering,ad,12,12,1,"Clique de 7 dias ou visualização de 1 dia",,,0.11,,2026-01-16,2026-01-18,,9.16666667,2026-01-17,2026-01-17
2026-01-17,"DC - JANEIRO/2026 / CBO — Pós vendas — Cópia — Cópia",ENGAJAMENTO,VIDEO,"Casa e Cia",not_delivering,ad,20,20,1,"Clique de 7 dias ou visualização de 1 dia",,,0.31,,2026-01-16,2026-01-18,,15.5,2026-01-17,2026-01-17
2026-01-17,"DC - JANEIRO/2026 / CBO — Pós vendas — Cópia — Cópia",VISITAS,P2,"Casa e Cia",not_delivering,ad,1,1,1,"Clique de 7 dias ou visualização de 1 dia",,,0,,2026-01-16,2026-01-18,,0,2026-01-17,2026-01-17
2026-01-17,"DC - JANEIRO/2026 / CBO — Pós vendas — Cópia — Cópia",ENGAJAMENTO,VIDEO,"Casa e Cia",not_delivering,ad,150,170,1.13333333,"Clique de 7 dias ou visualização de 1 dia","Conversas por mensagem iniciadas",2,3.99,1.995,2026-01-16,2026-01-18,1,23.47058824,2026-01-17,2026-01-17
2026-01-17,"DC - JANEIRO/2026 / CBO — Pós vendas — Cópia — Cópia",VV,P2,"Casa e Cia",not_delivering,ad,65,71,1.09230769,"Clique de 7 dias ou visualização de 1 dia","Conversas por mensagem iniciadas",1,1.31,1.31,2026-01-16,2026-01-18,2,18.45070423,2026-01-17,2026-01-17
2026-01-17,"DC - JANEIRO/2026 / CBO — Pós vendas — Cópia — Cópia",ENGAJAMENTO,P2,"Casa e Cia",not_delivering,ad,408,473,1.15931373,"Clique de 7 dias ou visualização de 1 dia",,,5.92,,2026-01-16,2026-01-18,2,12.51585624,2026-01-17,2026-01-17
2026-01-17,"DC - JANEIRO/2026 / ABO — Pós vendas — ABERTO",SEGUIDORES,P2,"Casa e Cia",not_delivering,ad,16,16,1,"Clique de 7 dias ou visualização de 1 dia",,,0.17,,2026-01-14,2026-01-18,1,10.625,2026-01-17,2026-01-17
2026-01-17,"DC - JANEIRO/2026 / CBO — Pós vendas — Cópia — Cópia",VISITAS,VIDEO,"Casa e Cia",not_delivering,ad,1,1,1,"Clique de 7 dias ou visualização de 1 dia",,,0.02,,2026-01-16,2026-01-18,,20,2026-01-17,2026-01-17
2026-01-17,"DC - JANEIRO/2026 / CBO — Pós vendas — Cópia — Cópia",VV,P2,"Casa e Cia",not_delivering,ad,27,28,1.03703704,"Clique de 7 dias ou visualização de 1 dia",,,0.27,,2026-01-16,2026-01-18,1,9.64285714,2026-01-17,2026-01-17
2026-01-17,"DC - JANEIRO/2026 / CBO — Pós vendas — Cópia — Cópia",VISITAS,P2,"Casa e Cia",not_delivering,ad,6,7,1.16666667,"Clique de 7 dias ou visualização de 1 dia",,,0.22,,2026-01-16,2026-01-18,,31.42857143,2026-01-17,2026-01-17
2026-01-17,"DC - JANEIRO/2026 / CBO — Pós vendas — Cópia — Cópia",VV,P1,"Casa e Cia",not_delivering,ad,64,66,1.03125,"Clique de 7 dias ou visualização de 1 dia",,,1.01,,2026-01-16,2026-01-18,,15.3030303,2026-01-17,2026-01-17
2026-01-17,"DC - JANEIRO/2026 / CBO — Pós vendas — Cópia — Cópia",SEGUIDORES,VIDEO,"Casa e Cia",not_delivering,ad,29,30,1.03448276,"Clique de 7 dias ou visualização de 1 dia",,,0.43,,2026-01-16,2026-01-18,,14.33333333,2026-01-17,2026-01-17
2026-01-17,"DC - JANEIRO/2026 / CBO — Pós vendas — Cópia — Cópia",ENGAJAMENTO,P1,"Casa e Cia",not_delivering,ad,13,15,1.15384615,"Clique de 7 dias ou visualização de 1 dia",,,0.05,,2026-01-16,2026-01-18,1,3.33333333,2026-01-17,2026-01-17
2026-01-17,"DC - JANEIRO/2026 / CBO — Pós vendas — Cópia — Cópia",VISITAS,P1,"Casa e Cia",not_delivering,ad,5,5,1,"Clique de 7 dias ou visualização de 1 dia",,,0.02,,2026-01-16,2026-01-18,,4,2026-01-17,2026-01-17
2026-01-17,"DC - JANEIRO/2026 / CBO — Pós vendas — Cópia — Cópia",SEGUIDORES,P1,"Casa e Cia",not_delivering,ad,28,33,1.17857143,"Clique de 7 dias ou visualização de 1 dia",,,0.22,,2026-01-16,2026-01-18,1,6.66666667,2026-01-17,2026-01-17
2026-01-17,"DC - JANEIRO/2026 / CBO — Pós vendas — Cópia — Cópia",ENGAJAMENTO,P2,"Casa e Cia",not_delivering,ad,73,80,1.09589041,"Clique de 7 dias ou visualização de 1 dia",,,1.18,,2026-01-16,2026-01-18,2,14.75,2026-01-17,2026-01-17
2026-01-17,"DC - JANEIRO/2026 / ABO — Pós vendas — ABERTO — Videos novos — Cópia",VV,P2,"Casa e Cia",not_delivering,ad,8,8,1,"Clique de 7 dias ou visualização de 1 dia",,,0.02,,2026-01-17,2026-01-21,,2.5,2026-01-17,2026-01-17
2026-01-17,"DC - JANEIRO/2026 / ABO — Pós vendas — Cópia",SEGUIDORES,P1,"Casa e Cia",not_delivering,ad,493,626,1.26977688,"Clique de 7 dias ou visualização de 1 dia",,,6.05,,2026-01-14,2026-01-18,1,9.66453674,2026-01-17,2026-01-17
2026-01-17,"DC - JANEIRO/2026 / ABO — Pós vendas — ABERTO — Videos novos — Cópia",SEGUIDORES,P2,"Casa e Cia",not_delivering,ad,29,33,1.13793103,"Clique de 7 dias ou visualização de 1 dia",,,0.28,,2026-01-17,2026-01-21,,8.48484848,2026-01-17,2026-01-17
2026-01-17,"DC - JANEIRO/2026 / CBO — Pós vendas — Cópia",VV,P1,"Casa e Cia",not_delivering,ad,144,152,1.05555556,"Clique de 7 dias ou visualização de 1 dia",,,1.54,,2026-01-14,2026-01-18,1,10.13157895,2026-01-17,2026-01-17
2026-01-17,"DC - JANEIRO/2026 / ABO — Pós vendas — ABERTO — Videos novos — Cópia",SEMELHANTE,P2,"Casa e Cia",not_delivering,ad,6,6,1,"Clique de 7 dias ou visualização de 1 dia",,,0.08,,2026-01-17,2026-01-21,,13.33333333,2026-01-17,2026-01-17
2026-01-17,"DC - JANEIRO/2026 / ABO — Pós vendas — ABERTO",SEMELHANTE,P2,"Casa e Cia",not_delivering,ad,1756,1896,1.07972665,"Clique de 7 dias ou visualização de 1 dia","Conversas por mensagem iniciadas",3,20.67,6.89,2026-01-14,2026-01-18,16,10.90189873,2026-01-17,2026-01-17
2026-01-17,"DC - JANEIRO/2026 / ABO — Pós vendas — ABERTO — Videos novos — Cópia",SEGUIDORES,VIDEO,"Casa e Cia",not_delivering,ad,4,6,1.5,"Clique de 7 dias ou visualização de 1 dia",,,0.15,,2026-01-17,2026-01-21,,25,2026-01-17,2026-01-17
2026-01-17,"DC - JANEIRO/2026 / ABO — Pós vendas — ABERTO — Produtos novos",VV,VIDEO,"Casa e Cia",not_delivering,ad,377,404,1.07161804,"Clique de 7 dias ou visualização de 1 dia",,,10.59,,2026-01-17,2026-01-18,2,26.21287129,2026-01-17,2026-01-17
2026-01-17,"DC - JANEIRO/2026 / ABO — Pós vendas — ABERTO — Videos novos — Cópia",VISITAS,P1,"Casa e Cia",not_delivering,ad,39,42,1.07692308,"Clique de 7 dias ou visualização de 1 dia",,,0.43,,2026-01-17,2026-01-18,,10.23809524,2026-01-17,2026-01-17
2026-01-17,"DC - JANEIRO/2026 / ABO — Pós vendas — ABERTO — Videos novos — Cópia",SEMELHANTE,VIDEO,"Casa e Cia",not_delivering,ad,9,10,1.11111111,"Clique de 7 dias ou visualização de 1 dia",,,0.08,,2026-01-17,2026-01-21,,8,2026-01-17,2026-01-17
2026-01-17,"DC - JANEIRO/2026 / ABO — Pós vendas — ABERTO",SEGUIDORES,P1,"Casa e Cia",not_delivering,ad,1189,1280,1.0765349,"Clique de 7 dias ou visualização de 1 dia",,,12.68,,2026-01-14,2026-01-18,8,9.90625,2026-01-17,2026-01-17
2026-01-17,"DC - JANEIRO/2026 / CBO — Pós vendas — Cópia",ENGAJAMENTO,VIDEO,"Casa e Cia",not_delivering,ad,892,1083,1.21412556,"Clique de 7 dias ou visualização de 1 dia","Conversas por mensagem iniciadas",1,24.8,24.8,2026-01-14,2026-01-18,5,22.89935365,2026-01-17,2026-01-17
2026-01-17,"DC - JANEIRO/2026 / ABO — Pós vendas — ABERTO — Produtos novos",SEMELHANTE,VIDEO,"Casa e Cia",not_delivering,ad,423,445,1.05200946,"Clique de 7 dias ou visualização de 1 dia",,,8.73,,2026-01-17,2026-01-18,3,19.61797753,2026-01-17,2026-01-17
2026-01-17,"DC - JANEIRO/2026 / CBO — Pós vendas",SEGUIDORES,P1,"Casa e Cia",not_delivering,ad,166,181,1.09036145,"Clique de 7 dias ou visualização de 1 dia",,,1.26,,2026-01-14,2026-01-18,,6.96132597,2026-01-17,2026-01-17
2026-01-17,"DC - JANEIRO/2026 / CBO — Pós vendas — Cópia",ENGAJAMENTO,P2,"Casa e Cia",not_delivering,ad,141,157,1.11347518,"Clique de 7 dias ou visualização de 1 dia","Conversas por mensagem iniciadas",1,1.67,1.67,2026-01-14,2026-01-18,1,10.63694268,2026-01-17,2026-01-17
2026-01-17,"DC - JANEIRO/2026 / ABO — Pós vendas — Cópia",VISITAS,P1,"Casa e Cia",not_delivering,ad,100,142,1.42,"Clique de 7 dias ou visualização de 1 dia",,,1.84,,2026-01-14,2026-01-18,2,12.95774648,2026-01-17,2026-01-17
2026-01-17,"DC - JANEIRO/2026 / CBO — Pós vendas",VV,VIDEO,"Casa e Cia",not_delivering,ad,178,195,1.09550562,"Clique de 7 dias ou visualização de 1 dia",,,2.59,,2026-01-14,2026-01-18,1,13.28205128,2026-01-17,2026-01-17
2026-01-17,"DC - JANEIRO/2026 / ABO — Pós vendas — ABERTO — Videos novos — Cópia",ENGAJAMENTO,P2,"Casa e Cia",not_delivering,ad,1,1,1,"Clique de 7 dias ou visualização de 1 dia",,,0.09,,2026-01-17,2026-01-21,,90,2026-01-17,2026-01-17
2026-01-17,"DC - JANEIRO/2026 / CBO — Pós vendas",VISITAS,P1,"Casa e Cia",not_delivering,ad,12,12,1,"Clique de 7 dias ou visualização de 1 dia",,,0.19,,2026-01-14,2026-01-18,,15.83333333,2026-01-17,2026-01-17
2026-01-17,"DC - JANEIRO/2026 / ABO — Pós vendas — ABERTO",VISITAS,P1,"Casa e Cia",not_delivering,ad,97,119,1.22680412,"Clique de 7 dias ou visualização de 1 dia",,,1.56,,2026-01-14,2026-01-18,,13.1092437,2026-01-17,2026-01-17
2026-01-17,"DC - JANEIRO/2026 / ABO — Pós vendas — ABERTO — Videos novos — Cópia",SEMELHANTE,P1,"Casa e Cia",not_delivering,ad,14,14,1,"Clique de 7 dias ou visualização de 1 dia",,,0.19,,2026-01-17,2026-01-21,,13.57142857,2026-01-17,2026-01-17
2026-01-17,"DC - JANEIRO/2026 / ABO — Pós vendas — ABERTO — Produtos novos",ENGAJAMENTO,VIDEO,"Casa e Cia",not_delivering,ad,471,489,1.03821656,"Clique de 7 dias ou visualização de 1 dia","Conversas por mensagem iniciadas",2,9.81,4.905,2026-01-17,2026-01-18,3,20.06134969,2026-01-17,2026-01-17
2026-01-17,"DC - JANEIRO/2026 / ABO — Pós vendas — ABERTO — Videos novos — Cópia",ENGAJAMENTO,P1,"Casa e Cia",not_delivering,ad,18,18,1,"Clique de 7 dias ou visualização de 1 dia",,,0.23,,2026-01-17,2026-01-21,,12.77777778,2026-01-17,2026-01-17
2026-01-17,"DC - JANEIRO/2026 / CBO — Pós vendas — Cópia — Cópia",VV,P2,"Casa e Cia",not_delivering,ad,111,116,1.04504505,"Clique de 7 dias ou visualização de 1 dia",,,1.85,,2026-01-15,2026-01-18,,15.94827586,2026-01-17,2026-01-17
2026-01-17,"DC - JANEIRO/2026 / ABO — Pós vendas — ABERTO — Videos novos — Cópia",VV,VIDEO,"Casa e Cia",not_delivering,ad,10,11,1.1,"Clique de 7 dias ou visualização de 1 dia",,,0.06,,2026-01-17,2026-01-21,,5.45454545,2026-01-17,2026-01-17
2026-01-17,"DC - JANEIRO/2026 / ABO — Pós vendas — Cópia",ENGAJAMENTO,P1,"Casa e Cia",not_delivering,ad,5,6,1.2,"Clique de 7 dias ou visualização de 1 dia",,,0.16,,2026-01-14,2026-01-18,,26.66666667,2026-01-17,2026-01-17
2026-01-17,"DC - JANEIRO/2026 / CBO — Pós vendas — Cópia — Cópia",ENGAJAMENTO,VIDEO,"Casa e Cia",not_delivering,ad,67,71,1.05970149,"Clique de 7 dias ou visualização de 1 dia","Conversas por mensagem iniciadas",1,1.39,1.39,2026-01-15,2026-01-18,1,19.57746479,2026-01-17,2026-01-17
2026-01-17,"DC - JANEIRO/2026 / CBO — Pós vendas — Cópia — Cópia",VISITAS,P2,"Casa e Cia",not_delivering,ad,19,24,1.26315789,"Clique de 7 dias ou visualização de 1 dia",,,0.65,,2026-01-15,2026-01-18,,27.08333333,2026-01-17,2026-01-17
2026-01-17,"DC - JANEIRO/2026 / CBO — Pós vendas — Cópia — Cópia",ENGAJAMENTO,P2,"Casa e Cia",not_delivering,ad,1011,1234,1.22057369,"Clique de 7 dias ou visualização de 1 dia",,,17.7,,2026-01-15,2026-01-18,2,14.34359806,2026-01-17,2026-01-17
2026-01-17,"DC - JANEIRO/2026 / ABO — Pós vendas — Cópia",SEGUIDORES,P2,"Casa e Cia",not_delivering,ad,396,525,1.32575758,"Clique de 7 dias ou visualização de 1 dia","Conversas por mensagem iniciadas",2,8.78,4.39,2026-01-14,2026-01-18,5,16.72380952,2026-01-17,2026-01-17
2026-01-17,"DC - JANEIRO/2026 / CBO — Pós vendas — Cópia — Cópia",SEGUIDORES,P1,"Casa e Cia",not_delivering,ad,186,214,1.15053763,"Clique de 7 dias ou visualização de 1 dia",,,2.65,,2026-01-15,2026-01-18,4,12.38317757,2026-01-17,2026-01-17
2026-01-17,"DC - JANEIRO/2026 / CBO — Pós vendas — Cópia — Cópia",VV,P1,"Casa e Cia",not_delivering,ad,422,472,1.11848341,"Clique de 7 dias ou visualização de 1 dia",,,4.47,,2026-01-15,2026-01-18,3,9.47033898,2026-01-17,2026-01-17
2026-01-17,"DC - JANEIRO/2026 / CBO — Pós vendas — Cópia",ENGAJAMENTO,P1,"Casa e Cia",not_delivering,ad,1,1,1,"Clique de 7 dias ou visualização de 1 dia",,,0.01,,2026-01-14,2026-01-18,,10,2026-01-17,2026-01-17
2026-01-17,"DC - JANEIRO/2026 / ABO — Pós vendas — ABERTO — Videos novos — Cópia",VISITAS,P2,"Casa e Cia",not_delivering,ad,2,2,1,"Clique de 7 dias ou visualização de 1 dia",,,0,,2026-01-17,2026-01-18,,0,2026-01-17,2026-01-17
2026-01-17,"DC - JANEIRO/2026 / ABO — Pós vendas — ABERTO",VISITAS,P2,"Casa e Cia",not_delivering,ad,697,820,1.17647059,"Clique de 7 dias ou visualização de 1 dia","Conversas por mensagem iniciadas",1,15.05,15.05,2026-01-14,2026-01-18,9,18.35365854,2026-01-17,2026-01-17
2026-01-17,"DC - JANEIRO/2026 / ABO — Pós vendas — ABERTO",ENGAJAMENTO,P2,"Casa e Cia",not_delivering,ad,1945,1985,1.02056555,"Clique de 7 dias ou visualização de 1 dia","Conversas por mensagem iniciadas",6,21.04,3.50666667,2026-01-14,2026-01-18,19,10.59949622,2026-01-17,2026-01-17
2026-01-17,"DC - JANEIRO/2026 / ABO — Pós vendas — ABERTO — Videos novos — Cópia",ENGAJAMENTO,VIDEO,"Casa e Cia",not_delivering,ad,3,3,1,"Clique de 7 dias ou visualização de 1 dia","Conversas por mensagem iniciadas",1,0.03,0.03,2026-01-17,2026-01-21,1,10,2026-01-17,2026-01-17
2026-01-17,"DC - JANEIRO/2026 / CBO — Pós vendas",VV,P2,"Casa e Cia",not_delivering,ad,4,4,1,"Clique de 7 dias ou visualização de 1 dia",,,0.01,,2026-01-14,2026-01-18,,2.5,2026-01-17,2026-01-17
2026-01-17,"DC - JANEIRO/2026 / ABO — Pós vendas — ABERTO",VV,P1,"Casa e Cia",not_delivering,ad,1024,1112,1.0859375,"Clique de 7 dias ou visualização de 1 dia","Conversas por mensagem iniciadas",3,12.09,4.03,2026-01-14,2026-01-18,17,10.87230216,2026-01-17,2026-01-17
2026-01-17,"DC - JANEIRO/2026 / CBO — Pós vendas",VV,P1,"Casa e Cia",not_delivering,ad,2,2,1,"Clique de 7 dias ou visualização de 1 dia",,,0.03,,2026-01-14,2026-01-18,,15,2026-01-17,2026-01-17
2026-01-17,"DC - JANEIRO/2026 / CBO — Pós vendas — Cópia — Cópia",VV,VIDEO,"Casa e Cia",not_delivering,ad,94,99,1.05319149,"Clique de 7 dias ou visualização de 1 dia",,,1.26,,2026-01-15,2026-01-18,,12.72727273,2026-01-17,2026-01-17
2026-01-17,"DC - JANEIRO/2026 / CBO — Pós vendas — Cópia",SEGUIDORES,P1,"Casa e Cia",not_delivering,ad,138,149,1.07971014,"Clique de 7 dias ou visualização de 1 dia",,,1.02,,2026-01-14,2026-01-18,1,6.84563758,2026-01-17,2026-01-17
2026-01-17,"DC - JANEIRO/2026 / ABO — Pós vendas — Cópia",ENGAJAMENTO,P2,"Casa e Cia",not_delivering,ad,953,1166,1.22350472,"Clique de 7 dias ou visualização de 1 dia","Conversas por mensagem iniciadas",2,15.44,7.72,2026-01-14,2026-01-18,11,13.24185249,2026-01-17,2026-01-17
2026-01-17,"DC - JANEIRO/2026 / ABO — Pós vendas — Cópia",VISITAS,P2,"Casa e Cia",not_delivering,ad,290,452,1.55862069,"Clique de 7 dias ou visualização de 1 dia",,,11.04,,2026-01-14,2026-01-18,5,24.42477876,2026-01-17,2026-01-17
2026-01-17,"DC - JANEIRO/2026 / ABO — Pós vendas — ABERTO — Videos novos — Cópia",VV,P1,"Casa e Cia",not_delivering,ad,20,21,1.05,"Clique de 7 dias ou visualização de 1 dia",,,0.69,,2026-01-17,2026-01-21,,32.85714286,2026-01-17,2026-01-17
2026-01-17,"DC - JANEIRO/2026 / ABO — Pós vendas — ABERTO — Produtos novos",VISITAS,VIDEO,"Casa e Cia",not_delivering,ad,548,580,1.05839416,"Clique de 7 dias ou visualização de 1 dia",,,9.1,,2026-01-17,2026-01-18,3,15.68965517,2026-01-17,2026-01-17
2026-01-17,"DC - JANEIRO/2026 / ABO — Pós vendas — ABERTO — Produtos novos",SEGUIDORES,VIDEO,"Casa e Cia",not_delivering,ad,450,454,1.00888889,"Clique de 7 dias ou visualização de 1 dia",,,8.58,,2026-01-17,2026-01-18,,18.89867841,2026-01-17,2026-01-17
2026-01-17,"DC - JANEIRO/2026 / CBO — Pós vendas — Cópia — Cópia",SEGUIDORES,P2,"Casa e Cia",not_delivering,ad,42,43,1.02380952,"Clique de 7 dias ou visualização de 1 dia",,,0.91,,2026-01-15,2026-01-18,1,21.1627907,2026-01-17,2026-01-17
2026-01-17,"DC - JANEIRO/2026 / CBO — Pós vendas",ENGAJAMENTO,VIDEO,"Casa e Cia",not_delivering,ad,68,71,1.04411765,"Clique de 7 dias ou visualização de 1 dia",,,1.3,,2026-01-14,2026-01-18,,18.30985915,2026-01-17,2026-01-17
2026-01-17,"DC - JANEIRO/2026 / ABO — Pós vendas — ABERTO",VV,P2,"Casa e Cia",not_delivering,ad,74,76,1.02702703,"Clique de 7 dias ou visualização de 1 dia",,,1.94,,2026-01-14,2026-01-18,,25.52631579,2026-01-17,2026-01-17
2026-01-17,"DC - JANEIRO/2026 / ABO — Pós vendas — Cópia",VV,P1,"Casa e Cia",not_delivering,ad,726,884,1.21763085,"Clique de 7 dias ou visualização de 1 dia",,,7.18,,2026-01-14,2026-01-18,6,8.12217195,2026-01-17,2026-01-17
2026-01-16,"DC - JANEIRO/2026 / CBO — Pós vendas — Cópia — Cópia",SEGUIDORES,P2,"Casa e Cia",not_delivering,ad,22,23,1.04545455,"Clique de 7 dias ou visualização de 1 dia",,,0.35,,2026-01-16,2026-01-18,,15.2173913,2026-01-16,2026-01-16
2026-01-16,"DC - JANEIRO/2026 / CBO — Pós vendas — Cópia — Cópia",VV,VIDEO,"Casa e Cia",not_delivering,ad,303,324,1.06930693,"Clique de 7 dias ou visualização de 1 dia",,,3.94,,2026-01-16,2026-01-18,1,12.16049383,2026-01-16,2026-01-16
2026-01-16,"DC - JANEIRO/2026 / CBO — Pós vendas — Cópia — Cópia",SEGUIDORES,P1,"Casa e Cia",not_delivering,ad,86,95,1.10465116,"Clique de 7 dias ou visualização de 1 dia",,,1.4,,2026-01-16,2026-01-18,2,14.73684211,2026-01-16,2026-01-16
2026-01-16,"DC - JANEIRO/2026 / CBO — Pós vendas — Cópia — Cópia",ENGAJAMENTO,VIDEO,"Casa e Cia",not_delivering,ad,184,201,1.0923913,"Clique de 7 dias ou visualização de 1 dia",,,4.32,,2026-01-16,2026-01-18,,21.49253731,2026-01-16,2026-01-16
2026-01-16,"DC - JANEIRO/2026 / CBO — Pós vendas — Cópia — Cópia",SEGUIDORES,P2,"Casa e Cia",not_delivering,ad,18,19,1.05555556,"Clique de 7 dias ou visualização de 1 dia",,,0.57,,2026-01-16,2026-01-18,,30,2026-01-16,2026-01-16
2026-01-16,"DC - JANEIRO/2026 / CBO — Pós vendas — Cópia — Cópia",VISITAS,VIDEO,"Casa e Cia",not_delivering,ad,25,25,1,"Clique de 7 dias ou visualização de 1 dia",,,0.57,,2026-01-16,2026-01-18,,22.8,2026-01-16,2026-01-16
2026-01-16,"DC - JANEIRO/2026 / CBO — Pós vendas — Cópia — Cópia",VV,P1,"Casa e Cia",not_delivering,ad,38,39,1.02631579,"Clique de 7 dias ou visualização de 1 dia",,,0.23,,2026-01-16,2026-01-18,,5.8974359,2026-01-16,2026-01-16
2026-01-16,"DC - JANEIRO/2026 / CBO — Pós vendas — Cópia — Cópia",VISITAS,VIDEO,"Casa e Cia",not_delivering,ad,36,40,1.11111111,"Clique de 7 dias ou visualização de 1 dia",,,1.08,,2026-01-16,2026-01-18,,27,2026-01-16,2026-01-16
2026-01-16,"DC - JANEIRO/2026 / CBO — Pós vendas — Cópia — Cópia",ENGAJAMENTO,P2,"Casa e Cia",not_delivering,ad,65,70,1.07692308,"Clique de 7 dias ou visualização de 1 dia","Conversas por mensagem iniciadas",1,1.74,1.74,2026-01-16,2026-01-18,2,24.85714286,2026-01-16,2026-01-16
2026-01-16,"DC - JANEIRO/2026 / CBO — Pós vendas — Cópia — Cópia",ENGAJAMENTO,P1,"Casa e Cia",not_delivering,ad,17,20,1.17647059,"Clique de 7 dias ou visualização de 1 dia",,,0.31,,2026-01-16,2026-01-18,,15.5,2026-01-16,2026-01-16
2026-01-16,"DC - JANEIRO/2026 / CBO — Pós vendas — Cópia — Cópia",VISITAS,VIDEO,"Casa e Cia",not_delivering,ad,18,20,1.11111111,"Clique de 7 dias ou visualização de 1 dia",,,0.35,,2026-01-16,2026-01-18,,17.5,2026-01-16,2026-01-16
2026-01-16,"DC - JANEIRO/2026 / CBO — Pós vendas — Cópia — Cópia",SEGUIDORES,P1,"Casa e Cia",not_delivering,ad,101,109,1.07920792,"Clique de 7 dias ou visualização de 1 dia",,,1.7,,2026-01-16,2026-01-18,1,15.59633028,2026-01-16,2026-01-16
2026-01-16,"DC - JANEIRO/2026 / CBO — Pós vendas — Cópia — Cópia",ENGAJAMENTO,P2,"Casa e Cia",not_delivering,ad,87,103,1.18390805,"Clique de 7 dias ou visualização de 1 dia","Conversas por mensagem iniciadas",1,2.42,2.42,2026-01-16,2026-01-18,1,23.49514563,2026-01-16,2026-01-16
2026-01-16,"DC - JANEIRO/2026 / CBO — Pós vendas — Cópia — Cópia",VV,P2,"Casa e Cia",not_delivering,ad,59,68,1.15254237,"Clique de 7 dias ou visualização de 1 dia",,,1.68,,2026-01-16,2026-01-18,,24.70588235,2026-01-16,2026-01-16
2026-01-16,"Post campeão pós",l,"P2 — Cópia","Casa e Cia",not_delivering,ad,101,118,1.16831683,"Clique de 7 dias ou visualização de 1 dia",,,2.3,,2026-01-15,2026-01-18,1,19.49152542,2026-01-16,2026-01-16
2026-01-16,"DC - JANEIRO/2026 / CBO — Pós vendas — Cópia — Cópia",VV,VIDEO,"Casa e Cia",not_delivering,ad,258,291,1.12790698,"Clique de 7 dias ou visualização de 1 dia",,,4.35,,2026-01-16,2026-01-18,3,14.94845361,2026-01-16,2026-01-16
2026-01-16,"DC - JANEIRO/2026 / CBO — Pós vendas — Cópia — Cópia",ENGAJAMENTO,P1,"Casa e Cia",not_delivering,ad,25,27,1.08,"Clique de 7 dias ou visualização de 1 dia",,,0.28,,2026-01-16,2026-01-18,,10.37037037,2026-01-16,2026-01-16
2026-01-16,"DC - JANEIRO/2026 / CBO — Pós vendas — Cópia — Cópia",SEGUIDORES,VIDEO,"Casa e Cia",not_delivering,ad,26,29,1.11538462,"Clique de 7 dias ou visualização de 1 dia",,,0.19,,2026-01-16,2026-01-18,,6.55172414,2026-01-16,2026-01-16
2026-01-16,"DC - JANEIRO/2026 / CBO — Pós vendas",SEGUIDORES,P2,"Casa e Cia",not_delivering,ad,7,9,1.28571429,"Clique de 7 dias ou visualização de 1 dia",,,0.09,,2026-01-14,2026-01-18,,10,2026-01-16,2026-01-16
2026-01-16,"DC - JANEIRO/2026 / ABO — Pós vendas — Cópia",SEGUIDORES,P2,"Casa e Cia",not_delivering,ad,357,435,1.21848739,"Clique de 7 dias ou visualização de 1 dia","Conversas por mensagem iniciadas",1,7.77,7.77,2026-01-14,2026-01-18,3,17.86206897,2026-01-16,2026-01-16
2026-01-16,"DC - JANEIRO/2026 / CBO — Pós vendas — Cópia — Cópia",ENGAJAMENTO,P2,"Casa e Cia",not_delivering,ad,357,426,1.19327731,"Clique de 7 dias ou visualização de 1 dia","Conversas por mensagem iniciadas",2,5.59,2.795,2026-01-15,2026-01-18,3,13.12206573,2026-01-16,2026-01-16
2026-01-16,"DC - JANEIRO/2026 / CBO — Pós vendas — Cópia",SEGUIDORES,P1,"Casa e Cia",not_delivering,ad,185,201,1.08648649,"Clique de 7 dias ou visualização de 1 dia",,,1.93,,2026-01-14,2026-01-18,,9.60199005,2026-01-16,2026-01-16
2026-01-16,"DC - JANEIRO/2026 / ABO — Pós vendas — ABERTO",ENGAJAMENTO,P2,"Casa e Cia",not_delivering,ad,1571,1707,1.08656906,"Clique de 7 dias ou visualização de 1 dia","Conversas por mensagem iniciadas",4,16.96,4.24,2026-01-14,2026-01-18,21,9.93555946,2026-01-16,2026-01-16
2026-01-16,"DC - JANEIRO/2026 / CBO — Pós vendas — Cópia — Cópia",SEGUIDORES,P1,"Casa e Cia",not_delivering,ad,392,444,1.13265306,"Clique de 7 dias ou visualização de 1 dia",,,6.23,,2026-01-15,2026-01-18,6,14.03153153,2026-01-16,2026-01-16
2026-01-16,"DC - JANEIRO/2026 / CBO — Pós vendas",ENGAJAMENTO,VIDEO,"Casa e Cia",not_delivering,ad,3,3,1,"Clique de 7 dias ou visualização de 1 dia",,,0.01,,2026-01-14,2026-01-18,,3.33333333,2026-01-16,2026-01-16
2026-01-16,"DC - JANEIRO/2026 / ABO — Pós vendas — ABERTO",VV,P2,"Casa e Cia",not_delivering,ad,208,219,1.05288462,"Clique de 7 dias ou visualização de 1 dia","Conversas por mensagem iniciadas",1,5.99,5.99,2026-01-14,2026-01-18,3,27.35159817,2026-01-16,2026-01-16
2026-01-16,"DC - JANEIRO/2026 / ABO — Pós vendas — Cópia",VV,P1,"Casa e Cia",not_delivering,ad,795,953,1.19874214,"Clique de 7 dias ou visualização de 1 dia","Conversas por mensagem iniciadas",2,9.91,4.955,2026-01-14,2026-01-18,7,10.39874082,2026-01-16,2026-01-16
2026-01-16,"DC - JANEIRO/2026 / ABO — Pós vendas — ABERTO",SEMELHANTE,P1,"Casa e Cia",not_delivering,ad,1,1,1,"Clique de 7 dias ou visualização de 1 dia",,,0.01,,2026-01-14,2026-01-18,,10,2026-01-16,2026-01-16
2026-01-16,"DC - JANEIRO/2026 / ABO — Pós vendas — ABERTO",VV,P1,"Casa e Cia",not_delivering,ad,685,774,1.12992701,"Clique de 7 dias ou visualização de 1 dia","Conversas por mensagem iniciadas",1,11.86,11.86,2026-01-14,2026-01-18,10,15.32299742,2026-01-16,2026-01-16
2026-01-16,"DC - JANEIRO/2026 / CBO — Pós vendas — Cópia",SEGUIDORES,P2,"Casa e Cia",not_delivering,ad,5,5,1,"Clique de 7 dias ou visualização de 1 dia",,,0.65,,2026-01-14,2026-01-18,,130,2026-01-16,2026-01-16
2026-01-16,"DC - JANEIRO/2026 / ABO — Pós vendas — Cópia",ENGAJAMENTO,P2,"Casa e Cia",not_delivering,ad,609,785,1.28899836,"Clique de 7 dias ou visualização de 1 dia",,,12.31,,2026-01-14,2026-01-18,6,15.68152866,2026-01-16,2026-01-16
2026-01-16,"DC - JANEIRO/2026 / ABO — Pós vendas — ABERTO",VISITAS,P2,"Casa e Cia",not_delivering,ad,486,544,1.11934156,"Clique de 7 dias ou visualização de 1 dia","Conversas por mensagem iniciadas",2,14.19,7.095,2026-01-14,2026-01-18,9,26.08455882,2026-01-16,2026-01-16
2026-01-16,"DC - JANEIRO/2026 / CBO — Pós vendas — Cópia",VV,VIDEO,"Casa e Cia",not_delivering,ad,52,53,1.01923077,"Clique de 7 dias ou visualização de 1 dia",,,0.47,,2026-01-14,2026-01-18,,8.86792453,2026-01-16,2026-01-16
2026-01-16,"DC - JANEIRO/2026 / CBO — Pós vendas — Cópia — Cópia",SEGUIDORES,P2,"Casa e Cia",not_delivering,ad,53,66,1.24528302,"Clique de 7 dias ou visualização de 1 dia",,,1.07,,2026-01-15,2026-01-18,1,16.21212121,2026-01-16,2026-01-16
2026-01-16,"DC - JANEIRO/2026 / CBO — Pós vendas",ENGAJAMENTO,P2,"Casa e Cia",not_delivering,ad,645,799,1.23875969,"Clique de 7 dias ou visualização de 1 dia","Conversas por mensagem iniciadas",1,11.72,11.72,2026-01-14,2026-01-18,7,14.66833542,2026-01-16,2026-01-16
2026-01-16,"DC - JANEIRO/2026 / CBO — Pós vendas — Cópia",VISITAS,P1,"Casa e Cia",not_delivering,ad,14,14,1,"Clique de 7 dias ou visualização de 1 dia",,,0.29,,2026-01-14,2026-01-18,,20.71428571,2026-01-16,2026-01-16
2026-01-16,"DC - JANEIRO/2026 / CBO — Pós vendas — Cópia — Cópia",VISITAS,P1,"Casa e Cia",not_delivering,ad,13,16,1.23076923,"Clique de 7 dias ou visualização de 1 dia",,,0.26,,2026-01-15,2026-01-18,,16.25,2026-01-16,2026-01-16
2026-01-16,"DC - JANEIRO/2026 / ABO — Pós vendas — Cópia",VV,P2,"Casa e Cia",not_delivering,ad,906,1124,1.2406181,"Clique de 7 dias ou visualização de 1 dia","Conversas por mensagem iniciadas",2,13.04,6.52,2026-01-14,2026-01-18,9,11.60142349,2026-01-16,2026-01-16
2026-01-16,"DC - JANEIRO/2026 / CBO — Pós vendas — Cópia",VISITAS,P2,"Casa e Cia",not_delivering,ad,2,2,1,"Clique de 7 dias ou visualização de 1 dia",,,0.02,,2026-01-14,2026-01-18,,10,2026-01-16,2026-01-16
2026-01-16,"DC - JANEIRO/2026 / ABO — Pós vendas — ABERTO",SEGUIDORES,P2,"Casa e Cia",not_delivering,ad,53,56,1.05660377,"Clique de 7 dias ou visualização de 1 dia",,,1.67,,2026-01-14,2026-01-18,,29.82142857,2026-01-16,2026-01-16
2026-01-16,"DC - JANEIRO/2026 / ABO — Pós vendas — ABERTO",VISITAS,P1,"Casa e Cia",not_delivering,ad,336,372,1.10714286,"Clique de 7 dias ou visualização de 1 dia",,,5.03,,2026-01-14,2026-01-18,1,13.52150538,2026-01-16,2026-01-16
2026-01-16,"DC - JANEIRO/2026 / CBO — Pós vendas — Cópia — Cópia",VV,P2,"Casa e Cia",not_delivering,ad,356,425,1.19382022,"Clique de 7 dias ou visualização de 1 dia",,,6.04,,2026-01-15,2026-01-18,2,14.21176471,2026-01-16,2026-01-16
2026-01-16,"DC - JANEIRO/2026 / ABO — Pós vendas — Cópia",SEGUIDORES,P1,"Casa e Cia",not_delivering,ad,668,852,1.2754491,"Clique de 7 dias ou visualização de 1 dia","Conversas por mensagem iniciadas",2,9.85,4.925,2026-01-14,2026-01-18,3,11.56103286,2026-01-16,2026-01-16
2026-01-16,"DC - JANEIRO/2026 / CBO — Pós vendas — Cópia — Cópia",VV,P1,"Casa e Cia",not_delivering,ad,917,1115,1.21592148,"Clique de 7 dias ou visualização de 1 dia",,,10.94,,2026-01-15,2026-01-18,9,9.81165919,2026-01-16,2026-01-16
2026-01-16,"DC - JANEIRO/2026 / ABO — Pós vendas — Cópia",VISITAS,P2,"Casa e Cia",not_delivering,ad,312,446,1.42948718,"Clique de 7 dias ou visualização de 1 dia","Conversas por mensagem iniciadas",2,12.27,6.135,2026-01-14,2026-01-18,5,27.51121076,2026-01-16,2026-01-16
2026-01-16,"DC - JANEIRO/2026 / CBO — Pós vendas",SEGUIDORES,P1,"Casa e Cia",not_delivering,ad,534,635,1.18913858,"Clique de 7 dias ou visualização de 1 dia","Conversas por mensagem iniciadas",1,7.96,7.96,2026-01-14,2026-01-18,5,12.53543307,2026-01-16,2026-01-16
2026-01-16,"DC - JANEIRO/2026 / CBO — Pós vendas",VV,VIDEO,"Casa e Cia",not_delivering,ad,608,733,1.20559211,"Clique de 7 dias ou visualização de 1 dia","Conversas por mensagem iniciadas",1,9.34,9.34,2026-01-14,2026-01-18,1,12.74215553,2026-01-16,2026-01-16
2026-01-16,"DC - JANEIRO/2026 / CBO — Pós vendas",VISITAS,P1,"Casa e Cia",not_delivering,ad,46,52,1.13043478,"Clique de 7 dias ou visualização de 1 dia",,,0.82,,2026-01-14,2026-01-18,,15.76923077,2026-01-16,2026-01-16
2026-01-16,"DC - JANEIRO/2026 / CBO — Pós vendas",ENGAJAMENTO,P1,"Casa e Cia",not_delivering,ad,11,11,1,"Clique de 7 dias ou visualização de 1 dia",,,0.25,,2026-01-14,2026-01-18,,22.72727273,2026-01-16,2026-01-16
2026-01-16,"DC - JANEIRO/2026 / ABO — Pós vendas — Cópia",ENGAJAMENTO,P1,"Casa e Cia",not_delivering,ad,139,183,1.31654676,"Clique de 7 dias ou visualização de 1 dia",,,3.37,,2026-01-14,2026-01-18,1,18.41530055,2026-01-16,2026-01-16
2026-01-16,"DC - JANEIRO/2026 / ABO — Pós vendas — Cópia",VISITAS,P1,"Casa e Cia",not_delivering,ad,263,372,1.41444867,"Clique de 7 dias ou visualização de 1 dia",,,6.07,,2026-01-14,2026-01-18,1,16.3172043,2026-01-16,2026-01-16
2026-01-16,"DC - JANEIRO/2026 / CBO — Pós vendas — Cópia",ENGAJAMENTO,VIDEO,"Casa e Cia",not_delivering,ad,1249,1686,1.3498799,"Clique de 7 dias ou visualização de 1 dia","Conversas por mensagem iniciadas",2,32.41,16.205,2026-01-14,2026-01-18,13,19.22301305,2026-01-16,2026-01-16
2026-01-16,"DC - JANEIRO/2026 / ABO — Pós vendas — ABERTO",SEGUIDORES,P1,"Casa e Cia",not_delivering,ad,873,972,1.11340206,"Clique de 7 dias ou visualização de 1 dia","Conversas por mensagem iniciadas",1,13.07,13.07,2026-01-14,2026-01-18,13,13.44650206,2026-01-16,2026-01-16
2026-01-16,"DC - JANEIRO/2026 / CBO — Pós vendas — Cópia — Cópia",ENGAJAMENTO,P1,"Casa e Cia",not_delivering,ad,58,70,1.20689655,"Clique de 7 dias ou visualização de 1 dia",,,1.24,,2026-01-15,2026-01-18,,17.71428571,2026-01-16,2026-01-16
2026-01-16,"DC - JANEIRO/2026 / ABO — Pós vendas — ABERTO",SEMELHANTE,P2,"Casa e Cia",not_delivering,ad,1408,1494,1.06107955,"Clique de 7 dias ou visualização de 1 dia","Conversas por mensagem iniciadas",4,16.53,4.1325,2026-01-14,2026-01-18,18,11.06425703,2026-01-16,2026-01-16
2026-01-16,"DC - JANEIRO/2026 / CBO — Pós vendas — Cópia — Cópia",VISITAS,P2,"Casa e Cia",not_delivering,ad,32,36,1.125,"Clique de 7 dias ou visualização de 1 dia",,,0.77,,2026-01-15,2026-01-18,,21.38888889,2026-01-16,2026-01-16
2026-01-16,"DC - JANEIRO/2026 / CBO — Pós vendas — Cópia",VV,P1,"Casa e Cia",not_delivering,ad,68,69,1.01470588,"Clique de 7 dias ou visualização de 1 dia",,,1.03,,2026-01-14,2026-01-18,2,14.92753623,2026-01-16,2026-01-16
2026-01-15,"DC - JANEIRO/2026 / CBO — Pós vendas — Cópia",ENGAJAMENTO,P1,"Casa e Cia",not_delivering,ad,12,14,1.16666667,"Clique de 7 dias ou visualização de 1 dia",,,0.1,,2026-01-14,2026-01-18,,7.14285714,2026-01-15,2026-01-15
2026-01-15,"DC - JANEIRO/2026 / ABO — Pós vendas",ENGAJAMENTO,P1,"Casa e Cia",not_delivering,ad,9,10,1.11111111,"Clique de 7 dias ou visualização de 1 dia",,,0.05,,2026-01-14,2026-01-18,,5,2026-01-15,2026-01-15
2026-01-15,"DC - JANEIRO/2026 / CBO — Pós vendas — Cópia",SEGUIDORES,P2,"Casa e Cia",not_delivering,ad,24,26,1.08333333,"Clique de 7 dias ou visualização de 1 dia",,,0.3,,2026-01-14,2026-01-18,,11.53846154,2026-01-15,2026-01-15
2026-01-15,"DC - JANEIRO/2026 / ABO — Pós vendas — Cópia",VISITAS,P1,"Casa e Cia",not_delivering,ad,384,558,1.453125,"Clique de 7 dias ou visualização de 1 dia",,,7.54,,2026-01-14,2026-01-18,1,13.5125448,2026-01-15,2026-01-15
2026-01-15,"DC - JANEIRO/2026 / ABO — Pós vendas — ABERTO",SEGUIDORES,P2,"Casa e Cia",not_delivering,ad,81,89,1.09876543,"Clique de 7 dias ou visualização de 1 dia",,,1.77,,2026-01-14,2026-01-18,1,19.88764045,2026-01-15,2026-01-15
2026-01-15,"DC - JANEIRO/2026 / CBO — Pós vendas — Cópia",SEGUIDORES,P1,"Casa e Cia",not_delivering,ad,12,13,1.08333333,"Clique de 7 dias ou visualização de 1 dia",,,0.07,,2026-01-14,2026-01-18,,5.38461538,2026-01-15,2026-01-15
2026-01-15,"Post campeão pós",l,"P2 — Cópia","Casa e Cia",not_delivering,ad,306,414,1.35294118,"Clique de 7 dias ou visualização de 1 dia",,,11.41,,2026-01-15,2026-01-18,1,27.56038647,2026-01-15,2026-01-15
2026-01-15,"DC - JANEIRO/2026 / CBO — Pós vendas — Cópia",VV,P1,"Casa e Cia",not_delivering,ad,7,7,1,"Clique de 7 dias ou visualização de 1 dia",,,0.05,,2026-01-14,2026-01-18,,7.14285714,2026-01-15,2026-01-15
2026-01-15,"DC - JANEIRO/2026 / CBO — Pós vendas — Cópia",ENGAJAMENTO,VIDEO,"Casa e Cia",not_delivering,ad,1,1,1,"Clique de 7 dias ou visualização de 1 dia",,,0,,2026-01-14,2026-01-18,,0,2026-01-15,2026-01-15
2026-01-15,"DC - JANEIRO/2026 / CBO — Pós vendas — Cópia",VV,P2,"Casa e Cia",not_delivering,ad,7,7,1,"Clique de 7 dias ou visualização de 1 dia",,,0.04,,2026-01-14,2026-01-18,,5.71428571,2026-01-15,2026-01-15
2026-01-15,"DC - JANEIRO/2026 / CBO — Pós vendas — Cópia",VISITAS,P1,"Casa e Cia",not_delivering,ad,2,2,1,"Clique de 7 dias ou visualização de 1 dia",,,0,,2026-01-14,2026-01-18,,0,2026-01-15,2026-01-15
2026-01-15,"DC - JANEIRO/2026 / CBO — Pós vendas — Cópia",SEGUIDORES,P2,"Casa e Cia",not_delivering,ad,1,1,1,"Clique de 7 dias ou visualização de 1 dia",,,0,,2026-01-14,2026-01-18,,0,2026-01-15,2026-01-15
2026-01-15,"DC - JANEIRO/2026 / CBO — Pós vendas — Cópia",VISITAS,P2,"Casa e Cia",not_delivering,ad,2,2,1,"Clique de 7 dias ou visualização de 1 dia",,,0.02,,2026-01-14,2026-01-18,,10,2026-01-15,2026-01-15
2026-01-15,"DC - JANEIRO/2026 / CBO — Pós vendas — Cópia",VV,VIDEO,"Casa e Cia",not_delivering,ad,6,6,1,"Clique de 7 dias ou visualização de 1 dia",,,0.01,,2026-01-14,2026-01-18,,1.66666667,2026-01-15,2026-01-15
2026-01-15,"DC - JANEIRO/2026 / CBO — Pós vendas",ENGAJAMENTO,P1,"Casa e Cia",not_delivering,ad,8,8,1,"Clique de 7 dias ou visualização de 1 dia",,,0.12,,2026-01-14,2026-01-18,,15,2026-01-15,2026-01-15
2026-01-15,"DC - JANEIRO/2026 / ABO — Pós vendas — Cópia",ENGAJAMENTO,P2,"Casa e Cia",not_delivering,ad,75,81,1.08,"Clique de 7 dias ou visualização de 1 dia",,,1.69,,2026-01-14,2026-01-18,,20.86419753,2026-01-15,2026-01-15
2026-01-15,"DC - JANEIRO/2026 / CBO — Pós vendas — Cópia — Cópia",ENGAJAMENTO,P1,"Casa e Cia",not_delivering,ad,256,320,1.25,"Clique de 7 dias ou visualização de 1 dia",,,6.15,,2026-01-15,2026-01-18,3,19.21875,2026-01-15,2026-01-15
2026-01-15,"DC - JANEIRO/2026 / CBO — Pós vendas",VISITAS,P2,"Casa e Cia",not_delivering,ad,7,14,2,"Clique de 7 dias ou visualização de 1 dia",,,0.19,,2026-01-14,2026-01-18,,13.57142857,2026-01-15,2026-01-15
2026-01-15,"DC - JANEIRO/2026 / CBO — Pós vendas — Cópia — Cópia",VV,P1,"Casa e Cia",not_delivering,ad,206,233,1.13106796,"Clique de 7 dias ou visualização de 1 dia",,,3,,2026-01-15,2026-01-18,,12.87553648,2026-01-15,2026-01-15
2026-01-15,"DC - JANEIRO/2026 / CBO — Pós vendas — Cópia",ENGAJAMENTO,VIDEO,"Casa e Cia",not_delivering,ad,381,450,1.18110236,"Clique de 7 dias ou visualização de 1 dia","Conversas por mensagem iniciadas",1,10.47,10.47,2026-01-14,2026-01-18,4,23.26666667,2026-01-15,2026-01-15
2026-01-15,"DC - JANEIRO/2026 / ABO — Pós vendas — Cópia",SEGUIDORES,P2,"Casa e Cia",not_delivering,ad,31,32,1.03225806,"Clique de 7 dias ou visualização de 1 dia",,,0.37,,2026-01-14,2026-01-18,1,11.5625,2026-01-15,2026-01-15
2026-01-15,"DC - JANEIRO/2026 / ABO — Pós vendas — ABERTO",VISITAS,P1,"Casa e Cia",not_delivering,ad,587,672,1.14480409,"Clique de 7 dias ou visualização de 1 dia","Conversas por mensagem iniciadas",1,9.23,9.23,2026-01-14,2026-01-18,8,13.73511905,2026-01-15,2026-01-15
2026-01-15,"DC - JANEIRO/2026 / ABO — Pós vendas",VV,VIDEO,"Casa e Cia",not_delivering,ad,285,302,1.05964912,"Clique de 7 dias ou visualização de 1 dia",,,3.75,,2026-01-14,2026-01-18,,12.41721854,2026-01-15,2026-01-15
2026-01-15,"DC - JANEIRO/2026 / ABO — Pós vendas — ABERTO",SEMELHANTE,VIDEO,"Casa e Cia",not_delivering,ad,191,204,1.06806283,"Clique de 7 dias ou visualização de 1 dia",,,3.43,,2026-01-14,2026-01-18,4,16.81372549,2026-01-15,2026-01-15
2026-01-15,"DC - JANEIRO/2026 / ABO — Pós vendas — Cópia",VISITAS,VIDEO,"Casa e Cia",not_delivering,ad,180,220,1.22222222,"Clique de 7 dias ou visualização de 1 dia",,,5.03,,2026-01-14,2026-01-18,,22.86363636,2026-01-15,2026-01-15
2026-01-15,"DC - JANEIRO/2026 / ABO — Pós vendas",VISITAS,P1,"Casa e Cia",not_delivering,ad,14,17,1.21428571,"Clique de 7 dias ou visualização de 1 dia",,,0.53,,2026-01-14,2026-01-18,,31.17647059,2026-01-15,2026-01-15
2026-01-15,"DC - JANEIRO/2026 / ABO — Pós vendas — Cópia",VISITAS,P2,"Casa e Cia",not_delivering,ad,187,256,1.36898396,"Clique de 7 dias ou visualização de 1 dia",,,7.48,,2026-01-14,2026-01-18,2,29.21875,2026-01-15,2026-01-15
2026-01-15,"DC - JANEIRO/2026 / CBO — Pós vendas — Cópia — Cópia",VV,P2,"Casa e Cia",not_delivering,ad,82,96,1.17073171,"Clique de 7 dias ou visualização de 1 dia","Conversas por mensagem iniciadas",1,1.95,1.95,2026-01-15,2026-01-18,2,20.3125,2026-01-15,2026-01-15
2026-01-15,"DC - JANEIRO/2026 / ABO — Pós vendas",VV,P1,"Casa e Cia",not_delivering,ad,1,1,1,"Clique de 7 dias ou visualização de 1 dia",,,0,,2026-01-14,2026-01-18,,0,2026-01-15,2026-01-15
2026-01-15,"DC - JANEIRO/2026 / CBO — Pós vendas",VISITAS,P1,"Casa e Cia",not_delivering,ad,18,19,1.05555556,"Clique de 7 dias ou visualização de 1 dia",,,0.67,,2026-01-14,2026-01-18,,35.26315789,2026-01-15,2026-01-15
2026-01-15,"DC - JANEIRO/2026 / ABO — Pós vendas — Cópia",VISITAS,P2,"Casa e Cia",not_delivering,ad,10,10,1,"Clique de 7 dias ou visualização de 1 dia",,,0.14,,2026-01-14,2026-01-18,,14,2026-01-15,2026-01-15
2026-01-15,"DC - JANEIRO/2026 / CBO — Pós vendas",VV,VIDEO,"Casa e Cia",not_delivering,ad,221,235,1.06334842,"Clique de 7 dias ou visualização de 1 dia",,,3.62,,2026-01-14,2026-01-18,1,15.40425532,2026-01-15,2026-01-15
2026-01-15,"DC - JANEIRO/2026 / CBO — Pós vendas",SEGUIDORES,P1,"Casa e Cia",not_delivering,ad,373,484,1.29758713,"Clique de 7 dias ou visualização de 1 dia",,,6.56,,2026-01-14,2026-01-18,2,13.55371901,2026-01-15,2026-01-15
2026-01-15,"DC - JANEIRO/2026 / CBO — Pós vendas — Cópia",ENGAJAMENTO,P2,"Casa e Cia",not_delivering,ad,72,80,1.11111111,"Clique de 7 dias ou visualização de 1 dia","Conversas por mensagem iniciadas",2,1.74,0.87,2026-01-14,2026-01-18,4,21.75,2026-01-15,2026-01-15
2026-01-15,"DC - JANEIRO/2026 / ABO — Pós vendas — ABERTO",ENGAJAMENTO,VIDEO,"Casa e Cia",not_delivering,ad,255,270,1.05882353,"Clique de 7 dias ou visualização de 1 dia",,,4.33,,2026-01-14,2026-01-18,,16.03703704,2026-01-15,2026-01-15
2026-01-15,"DC - JANEIRO/2026 / ABO — Pós vendas — ABERTO",ENGAJAMENTO,P2,"Casa e Cia",not_delivering,ad,378,407,1.07671958,"Clique de 7 dias ou visualização de 1 dia","Conversas por mensagem iniciadas",1,6.1,6.1,2026-01-14,2026-01-18,4,14.98771499,2026-01-15,2026-01-15
2026-01-15,"DC - JANEIRO/2026 / ABO — Pós vendas — ABERTO",VV,VIDEO,"Casa e Cia",not_delivering,ad,126,134,1.06349206,"Clique de 7 dias ou visualização de 1 dia",,,1.7,,2026-01-14,2026-01-18,,12.68656716,2026-01-15,2026-01-15
2026-01-15,"DC - JANEIRO/2026 / ABO — Pós vendas — ABERTO",SEGUIDORES,P1,"Casa e Cia",not_delivering,ad,1081,1196,1.10638298,"Clique de 7 dias ou visualização de 1 dia","Conversas por mensagem iniciadas",2,16.22,8.11,2026-01-14,2026-01-18,7,13.56187291,2026-01-15,2026-01-15
2026-01-15,"DC - JANEIRO/2026 / ABO — Pós vendas — Cópia",SEGUIDORES,VIDEO,"Casa e Cia",not_delivering,ad,92,99,1.07608696,"Clique de 7 dias ou visualização de 1 dia",,,2.36,,2026-01-14,2026-01-18,,23.83838384,2026-01-15,2026-01-15
2026-01-15,"DC - JANEIRO/2026 / CBO — Pós vendas — Cópia",SEGUIDORES,P1,"Casa e Cia",not_delivering,ad,140,172,1.22857143,"Clique de 7 dias ou visualização de 1 dia","Conversas por mensagem iniciadas",1,1.76,1.76,2026-01-14,2026-01-18,2,10.23255814,2026-01-15,2026-01-15
2026-01-15,"DC - JANEIRO/2026 / ABO — Pós vendas — Cópia",SEGUIDORES,P1,"Casa e Cia",not_delivering,ad,685,846,1.2350365,"Clique de 7 dias ou visualização de 1 dia",,,10.31,,2026-01-14,2026-01-18,5,12.18676123,2026-01-15,2026-01-15
2026-01-15,"DC - JANEIRO/2026 / CBO — Pós vendas — Cópia — Cópia",SEGUIDORES,P1,"Casa e Cia",not_delivering,ad,2,2,1,"Clique de 7 dias ou visualização de 1 dia",,,0.04,,2026-01-15,2026-01-18,,20,2026-01-15,2026-01-15
2026-01-15,"DC - JANEIRO/2026 / CBO — Pós vendas — Cópia — Cópia",VISITAS,VIDEO,"Casa e Cia",not_delivering,ad,59,67,1.13559322,"Clique de 7 dias ou visualização de 1 dia","Conversas por mensagem iniciadas",1,0.76,0.76,2026-01-15,2026-01-18,1,11.34328358,2026-01-15,2026-01-15
2026-01-15,"DC - JANEIRO/2026 / ABO — Pós vendas — ABERTO",VV,P1,"Casa e Cia",not_delivering,ad,571,653,1.14360771,"Clique de 7 dias ou visualização de 1 dia",,,9.61,,2026-01-14,2026-01-18,7,14.71669219,2026-01-15,2026-01-15
2026-01-15,"DC - JANEIRO/2026 / CBO — Pós vendas — Cópia — Cópia",ENGAJAMENTO,P2,"Casa e Cia",not_delivering,ad,249,300,1.20481928,"Clique de 7 dias ou visualização de 1 dia","Conversas por mensagem iniciadas",4,6.04,1.51,2026-01-15,2026-01-18,5,20.13333333,2026-01-15,2026-01-15
2026-01-15,"DC - JANEIRO/2026 / CBO —F3  — PRODUTOS — Cópia",seguidores,P1,"Casa e Cia",not_delivering,ad,0,0,0,"Clique de 7 dias ou visualização de 1 dia","Conversas por mensagem iniciadas",1,0,0,2026-01-08,2026-01-11,,,2026-01-15,2026-01-15
2026-01-15,"DC - JANEIRO/2026 / CBO — Pós vendas — Cópia — Cópia",VV,P1,"Casa e Cia",not_delivering,ad,212,240,1.13207547,"Clique de 7 dias ou visualização de 1 dia",,,3.42,,2026-01-15,2026-01-18,1,14.25,2026-01-15,2026-01-15
2026-01-15,"DC - JANEIRO/2026 / CBO — Pós vendas — Cópia — Cópia",ENGAJAMENTO,P2,"Casa e Cia",not_delivering,ad,5,5,1,"Clique de 7 dias ou visualização de 1 dia",,,0.11,,2026-01-15,2026-01-18,,22,2026-01-15,2026-01-15
2026-01-15,"DC - JANEIRO/2026 / CBO — Pós vendas — Cópia",ENGAJAMENTO,P1,"Casa e Cia",not_delivering,ad,103,124,1.2038835,"Clique de 7 dias ou visualização de 1 dia",,,1.52,,2026-01-14,2026-01-18,,12.25806452,2026-01-15,2026-01-15
2026-01-15,"DC - JANEIRO/2026 / CBO — Pós vendas — Cópia — Cópia",SEGUIDORES,P1,"Casa e Cia",not_delivering,ad,320,407,1.271875,"Clique de 7 dias ou visualização de 1 dia",,,7.09,,2026-01-15,2026-01-18,2,17.42014742,2026-01-15,2026-01-15
2026-01-15,"DC - JANEIRO/2026 / ABO — Pós vendas — Cópia",ENGAJAMENTO,P2,"Casa e Cia",not_delivering,ad,537,667,1.24208566,"Clique de 7 dias ou visualização de 1 dia","Conversas por mensagem iniciadas",2,11.91,5.955,2026-01-14,2026-01-18,8,17.85607196,2026-01-15,2026-01-15
2026-01-15,"DC - JANEIRO/2026 / ABO — Pós vendas — Cópia",VV,P1,"Casa e Cia",not_delivering,ad,240,262,1.09166667,"Clique de 7 dias ou visualização de 1 dia",,,2.93,,2026-01-14,2026-01-18,2,11.18320611,2026-01-15,2026-01-15
2026-01-15,"DC - JANEIRO/2026 / ABO — Pós vendas",ENGAJAMENTO,P2,"Casa e Cia",not_delivering,ad,62,65,1.0483871,"Clique de 7 dias ou visualização de 1 dia",,,0.93,,2026-01-14,2026-01-18,1,14.30769231,2026-01-15,2026-01-15
2026-01-15,"DC - JANEIRO/2026 / CBO — Pós vendas — Cópia — Cópia",VV,VIDEO,"Casa e Cia",not_delivering,ad,3,3,1,"Clique de 7 dias ou visualização de 1 dia",,,0.04,,2026-01-15,2026-01-18,,13.33333333,2026-01-15,2026-01-15
2026-01-15,"DC - JANEIRO/2026 / CBO — Pós vendas — Cópia — Cópia",ENGAJAMENTO,P1,"Casa e Cia",not_delivering,ad,277,347,1.25270758,"Clique de 7 dias ou visualização de 1 dia","Conversas por mensagem iniciadas",1,5.73,5.73,2026-01-15,2026-01-18,5,16.5129683,2026-01-15,2026-01-15
2026-01-15,"DC - JANEIRO/2026 / ABO — Pós vendas — ABERTO",SEMELHANTE,P1,"Casa e Cia",not_delivering,ad,46,48,1.04347826,"Clique de 7 dias ou visualização de 1 dia",,,0.47,,2026-01-14,2026-01-18,,9.79166667,2026-01-15,2026-01-15
2026-01-15,"DC - JANEIRO/2026 / CBO — Pós vendas — Cópia",ENGAJAMENTO,P2,"Casa e Cia",not_delivering,ad,113,130,1.15044248,"Clique de 7 dias ou visualização de 1 dia","Conversas por mensagem iniciadas",2,1.92,0.96,2026-01-14,2026-01-18,2,14.76923077,2026-01-15,2026-01-15
2026-01-15,"DC - JANEIRO/2026 / CBO — Pós vendas — Cópia",VV,P2,"Casa e Cia",not_delivering,ad,32,34,1.0625,"Clique de 7 dias ou visualização de 1 dia",,,0.45,,2026-01-14,2026-01-18,,13.23529412,2026-01-15,2026-01-15
2026-01-15,"DC - JANEIRO/2026 / CBO — Pós vendas — Cópia — Cópia",VV,P1,"Casa e Cia",not_delivering,ad,613,710,1.15823817,"Clique de 7 dias ou visualização de 1 dia",,,8,,2026-01-15,2026-01-18,3,11.26760563,2026-01-15,2026-01-15
2026-01-15,"DC - JANEIRO/2026 / ABO — Pós vendas — Cópia",SEGUIDORES,P1,"Casa e Cia",not_delivering,ad,102,111,1.08823529,"Clique de 7 dias ou visualização de 1 dia",,,1.21,,2026-01-14,2026-01-18,3,10.9009009,2026-01-15,2026-01-15
2026-01-15,"DC - JANEIRO/2026 / CBO — Pós vendas",VISITAS,VIDEO,"Casa e Cia",not_delivering,ad,19,21,1.10526316,"Clique de 7 dias ou visualização de 1 dia","Conversas por mensagem iniciadas",1,0.31,0.31,2026-01-14,2026-01-18,,14.76190476,2026-01-15,2026-01-15
2026-01-15,"DC - JANEIRO/2026 / CBO — Pós vendas — Cópia",VV,P1,"Casa e Cia",not_delivering,ad,114,133,1.16666667,"Clique de 7 dias ou visualização de 1 dia","Conversas por mensagem iniciadas",1,1.46,1.46,2026-01-14,2026-01-18,1,10.97744361,2026-01-15,2026-01-15
2026-01-15,"DC - JANEIRO/2026 / CBO — Pós vendas — Cópia — Cópia",VISITAS,P1,"Casa e Cia",not_delivering,ad,23,28,1.2173913,"Clique de 7 dias ou visualização de 1 dia",,,0.4,,2026-01-15,2026-01-18,1,14.28571429,2026-01-15,2026-01-15
2026-01-15,"DC - JANEIRO/2026 / CBO — Pós vendas — Cópia — Cópia",VISITAS,P1,"Casa e Cia",not_delivering,ad,32,36,1.125,"Clique de 7 dias ou visualização de 1 dia",,,0.47,,2026-01-15,2026-01-18,,13.05555556,2026-01-15,2026-01-15
2026-01-15,"DC - JANEIRO/2026 / CBO — Pós vendas — Cópia — Cópia",VISITAS,P2,"Casa e Cia",not_delivering,ad,9,10,1.11111111,"Clique de 7 dias ou visualização de 1 dia",,,0.16,,2026-01-15,2026-01-18,,16,2026-01-15,2026-01-15
2026-01-15,"DC - JANEIRO/2026 / CBO — Pós vendas — Cópia — Cópia",SEGUIDORES,VIDEO,"Casa e Cia",not_delivering,ad,40,43,1.075,"Clique de 7 dias ou visualização de 1 dia",,,0.57,,2026-01-15,2026-01-18,1,13.25581395,2026-01-15,2026-01-15
2026-01-15,"DC - JANEIRO/2026 / ABO — Pós vendas — Cópia",ENGAJAMENTO,P1,"Casa e Cia",not_delivering,ad,270,339,1.25555556,"Clique de 7 dias ou visualização de 1 dia","Conversas por mensagem iniciadas",1,4.58,4.58,2026-01-14,2026-01-18,3,13.51032448,2026-01-15,2026-01-15
2026-01-15,"DC - JANEIRO/2026 / CBO — Pós vendas",SEGUIDORES,VIDEO,"Casa e Cia",not_delivering,ad,2,2,1,"Clique de 7 dias ou visualização de 1 dia",,,0,,2026-01-14,2026-01-18,,0,2026-01-15,2026-01-15
2026-01-15,"DC - JANEIRO/2026 / CBO — Pós vendas — Cópia — Cópia",ENGAJAMENTO,P1,"Casa e Cia",not_delivering,ad,1,1,1,"Clique de 7 dias ou visualização de 1 dia",,,0,,2026-01-15,2026-01-18,,0,2026-01-15,2026-01-15
2026-01-15,"DC - JANEIRO/2026 / ABO — Pós vendas",VISITAS,P2,"Casa e Cia",not_delivering,ad,27,29,1.07407407,"Clique de 7 dias ou visualização de 1 dia",,,0.5,,2026-01-14,2026-01-18,1,17.24137931,2026-01-15,2026-01-15
2026-01-15,"DC - JANEIRO/2026 / ABO — Pós vendas — ABERTO",SEGUIDORES,VIDEO,"Casa e Cia",not_delivering,ad,80,83,1.0375,"Clique de 7 dias ou visualização de 1 dia",,,2,,2026-01-14,2026-01-18,,24.09638554,2026-01-15,2026-01-15
2026-01-15,"DC - JANEIRO/2026 / ABO — Pós vendas — ABERTO",SEMELHANTE,P2,"Casa e Cia",not_delivering,ad,585,631,1.07863248,"Clique de 7 dias ou visualização de 1 dia","Conversas por mensagem iniciadas",1,9.08,9.08,2026-01-14,2026-01-18,4,14.38985737,2026-01-15,2026-01-15
2026-01-15,"DC - JANEIRO/2026 / CBO — Pós vendas — Cópia — Cópia",SEGUIDORES,P1,"Casa e Cia",not_delivering,ad,259,300,1.15830116,"Clique de 7 dias ou visualização de 1 dia",,,3.75,,2026-01-15,2026-01-18,1,12.5,2026-01-15,2026-01-15
2026-01-15,"DC - JANEIRO/2026 / CBO — Pós vendas — Cópia — Cópia",SEGUIDORES,P2,"Casa e Cia",not_delivering,ad,51,59,1.15686275,"Clique de 7 dias ou visualização de 1 dia",,,1.3,,2026-01-15,2026-01-18,,22.03389831,2026-01-15,2026-01-15
2026-01-15,"DC - JANEIRO/2026 / ABO — Pós vendas",SEGUIDORES,P1,"Casa e Cia",not_delivering,ad,236,266,1.12711864,"Clique de 7 dias ou visualização de 1 dia",,,2.71,,2026-01-14,2026-01-18,3,10.18796992,2026-01-15,2026-01-15
2026-01-15,"DC - JANEIRO/2026 / CBO — Pós vendas — Cópia",VISITAS,P1,"Casa e Cia",not_delivering,ad,36,43,1.19444444,"Clique de 7 dias ou visualização de 1 dia",,,0.6,,2026-01-14,2026-01-18,,13.95348837,2026-01-15,2026-01-15
2026-01-15,"DC - JANEIRO/2026 / ABO — Pós vendas — Cópia",VV,P2,"Casa e Cia",not_delivering,ad,240,263,1.09583333,"Clique de 7 dias ou visualização de 1 dia",,,4.44,,2026-01-14,2026-01-18,1,16.88212928,2026-01-15,2026-01-15
2026-01-15,"DC - JANEIRO/2026 / ABO — Pós vendas — Cópia",VV,P2,"Casa e Cia",not_delivering,ad,127,132,1.03937008,"Clique de 7 dias ou visualização de 1 dia","Conversas por mensagem iniciadas",1,1.8,1.8,2026-01-14,2026-01-18,2,13.63636364,2026-01-15,2026-01-15
2026-01-15,"DC - JANEIRO/2026 / CBO — Pós vendas — Cópia — Cópia",SEGUIDORES,P2,"Casa e Cia",not_delivering,ad,39,52,1.33333333,"Clique de 7 dias ou visualização de 1 dia",,,0.89,,2026-01-15,2026-01-18,,17.11538462,2026-01-15,2026-01-15
2026-01-15,"DC - JANEIRO/2026 / ABO — Pós vendas — ABERTO",ENGAJAMENTO,P1,"Casa e Cia",not_delivering,ad,22,24,1.09090909,"Clique de 7 dias ou visualização de 1 dia",,,0.4,,2026-01-14,2026-01-18,1,16.66666667,2026-01-15,2026-01-15
2026-01-15,"DC - JANEIRO/2026 / ABO —F3 — ABERTO — VIDEOS NOVOS","ENGAJAMENTO — Cópia",P1,"Casa e Cia",not_delivering,ad,0,0,0,"Clique de 7 dias ou visualização de 1 dia","Conversas por mensagem iniciadas",1,0,0,2026-01-09,2026-01-12,,,2026-01-15,2026-01-15
2026-01-15,"DC - JANEIRO/2026 / ABO — Pós vendas",VISITAS,VIDEO,"Casa e Cia",not_delivering,ad,49,55,1.12244898,"Clique de 7 dias ou visualização de 1 dia",,,1.15,,2026-01-14,2026-01-18,,20.90909091,2026-01-15,2026-01-15
2026-01-15,"DC - JANEIRO/2026 / ABO — Pós vendas — ABERTO",VISITAS,P2,"Casa e Cia",not_delivering,ad,127,139,1.09448819,"Clique de 7 dias ou visualização de 1 dia",,,4.5,,2026-01-14,2026-01-18,,32.37410072,2026-01-15,2026-01-15
2026-01-15,"DC - JANEIRO/2026 / ABO — Pós vendas — Cópia",VV,VIDEO,"Casa e Cia",not_delivering,ad,329,348,1.05775076,"Clique de 7 dias ou visualização de 1 dia",,,5.33,,2026-01-14,2026-01-18,2,15.31609195,2026-01-15,2026-01-15
2026-01-15,"DC - JANEIRO/2026 / CBO — Pós vendas — Cópia — Cópia",VV,P2,"Casa e Cia",not_delivering,ad,105,119,1.13333333,"Clique de 7 dias ou visualização de 1 dia","Conversas por mensagem iniciadas",1,2.5,2.5,2026-01-15,2026-01-18,2,21.00840336,2026-01-15,2026-01-15
2026-01-15,"DC - JANEIRO/2026 / ABO — Pós vendas — Cópia",SEGUIDORES,P2,"Casa e Cia",not_delivering,ad,163,184,1.12883436,"Clique de 7 dias ou visualização de 1 dia",,,4.19,,2026-01-14,2026-01-18,2,22.77173913,2026-01-15,2026-01-15
2026-01-15,"DC - JANEIRO/2026 / CBO — Pós vendas — Cópia — Cópia",ENGAJAMENTO,P2,"Casa e Cia",not_delivering,ad,292,343,1.17465753,"Clique de 7 dias ou visualização de 1 dia",,,6.64,,2026-01-15,2026-01-18,4,19.35860058,2026-01-15,2026-01-15
2026-01-15,"DC - JANEIRO/2026 / CBO — Pós vendas — Cópia",VISITAS,VIDEO,"Casa e Cia",not_delivering,ad,5,7,1.4,"Clique de 7 dias ou visualização de 1 dia",,,0.07,,2026-01-14,2026-01-18,,10,2026-01-15,2026-01-15
2026-01-15,"DC - JANEIRO/2026 / CBO — Pós vendas",ENGAJAMENTO,P2,"Casa e Cia",not_delivering,ad,25,26,1.04,"Clique de 7 dias ou visualização de 1 dia",,,0.33,,2026-01-14,2026-01-18,,12.69230769,2026-01-15,2026-01-15
2026-01-15,"DC - JANEIRO/2026 / ABO — Pós vendas — Cópia",SEGUIDORES,VIDEO,"Casa e Cia",not_delivering,ad,12,12,1,"Clique de 7 dias ou visualização de 1 dia",,,0.36,,2026-01-14,2026-01-18,,30,2026-01-15,2026-01-15
2026-01-15,"DC - JANEIRO/2026 / CBO — Pós vendas",SEGUIDORES,P2,"Casa e Cia",not_delivering,ad,50,60,1.2,"Clique de 7 dias ou visualização de 1 dia",,,0.69,,2026-01-14,2026-01-18,,11.5,2026-01-15,2026-01-15
2026-01-15,"DC - JANEIRO/2026 / CBO — Pós vendas — Cópia — Cópia",ENGAJAMENTO,VIDEO,"Casa e Cia",not_delivering,ad,1,1,1,"Clique de 7 dias ou visualização de 1 dia",,,0.26,,2026-01-15,2026-01-18,,260,2026-01-15,2026-01-15
2026-01-15,"DC - JANEIRO/2026 / CBO — Pós vendas",ENGAJAMENTO,VIDEO,"Casa e Cia",not_delivering,ad,176,196,1.11363636,"Clique de 7 dias ou visualização de 1 dia",,,3.36,,2026-01-14,2026-01-18,2,17.14285714,2026-01-15,2026-01-15
2026-01-15,"DC - JANEIRO/2026 / ABO — Pós vendas — Cópia",ENGAJAMENTO,P1,"Casa e Cia",not_delivering,ad,13,13,1,"Clique de 7 dias ou visualização de 1 dia",,,0.09,,2026-01-14,2026-01-18,,6.92307692,2026-01-15,2026-01-15
2026-01-15,"DC - JANEIRO/2026 / ABO — Pós vendas — Cópia",VV,P1,"Casa e Cia",not_delivering,ad,494,639,1.29352227,"Clique de 7 dias ou visualização de 1 dia",,,9.6,,2026-01-14,2026-01-18,5,15.02347418,2026-01-15,2026-01-15
2026-01-15,"DC - JANEIRO/2026 / CBO — Pós vendas — Cópia",VISITAS,P2,"Casa e Cia",not_delivering,ad,8,8,1,"Clique de 7 dias ou visualização de 1 dia",,,0.13,,2026-01-14,2026-01-18,,16.25,2026-01-15,2026-01-15
2026-01-15,"DC - JANEIRO/2026 / ABO — Pós vendas — ABERTO",VV,P2,"Casa e Cia",not_delivering,ad,93,102,1.09677419,"Clique de 7 dias ou visualização de 1 dia",,,2,,2026-01-14,2026-01-18,1,19.60784314,2026-01-15,2026-01-15
2026-01-15,"DC - JANEIRO/2026 / ABO — Pós vendas",SEGUIDORES,P2,"Casa e Cia",not_delivering,ad,49,54,1.10204082,"Clique de 7 dias ou visualização de 1 dia",,,0.97,,2026-01-14,2026-01-18,,17.96296296,2026-01-15,2026-01-15
2026-01-15,"DC - JANEIRO/2026 / CBO — Pós vendas — Cópia",SEGUIDORES,VIDEO,"Casa e Cia",not_delivering,ad,55,64,1.16363636,"Clique de 7 dias ou visualização de 1 dia",,,1.04,,2026-01-14,2026-01-18,,16.25,2026-01-15,2026-01-15
2026-01-15,"DC - JANEIRO/2026 / ABO — Pós vendas",SEGUIDORES,VIDEO,"Casa e Cia",not_delivering,ad,1,1,1,"Clique de 7 dias ou visualização de 1 dia",,,0,,2026-01-14,2026-01-18,,0,2026-01-15,2026-01-15
2026-01-15,"DC - JANEIRO/2026 / CBO — Pós vendas — Cópia — Cópia",VISITAS,P2,"Casa e Cia",not_delivering,ad,4,4,1,"Clique de 7 dias ou visualização de 1 dia",,,0.16,,2026-01-15,2026-01-18,,40,2026-01-15,2026-01-15
2026-01-15,"DC - JANEIRO/2026 / CBO — Pós vendas",VV,P2,"Casa e Cia",not_delivering,ad,53,55,1.03773585,"Clique de 7 dias ou visualização de 1 dia",,,0.55,,2026-01-14,2026-01-18,,10,2026-01-15,2026-01-15
2026-01-15,"DC - JANEIRO/2026 / CBO — Pós vendas — Cópia — Cópia",VV,P2,"Casa e Cia",not_delivering,ad,124,132,1.06451613,"Clique de 7 dias ou visualização de 1 dia",,,1.75,,2026-01-15,2026-01-18,1,13.25757576,2026-01-15,2026-01-15
2026-01-15,"DC - JANEIRO/2026 / ABO — Pós vendas — Cópia",VISITAS,P1,"Casa e Cia",not_delivering,ad,6,6,1,"Clique de 7 dias ou visualização de 1 dia",,,0.04,,2026-01-14,2026-01-18,,6.66666667,2026-01-15,2026-01-15
2026-01-15,"DC - JANEIRO/2026 / CBO — Pós vendas — Cópia — Cópia",ENGAJAMENTO,VIDEO,"Casa e Cia",not_delivering,ad,417,492,1.17985612,"Clique de 7 dias ou visualização de 1 dia","Conversas por mensagem iniciadas",1,12.06,12.06,2026-01-15,2026-01-18,2,24.51219512,2026-01-15,2026-01-15
2026-01-15,"DC - JANEIRO/2026 / CBO — Pós vendas — Cópia",VV,VIDEO,"Casa e Cia",not_delivering,ad,67,73,1.08955224,"Clique de 7 dias ou visualização de 1 dia",,,1.06,,2026-01-14,2026-01-18,,14.52054795,2026-01-15,2026-01-15
2026-01-15,"DC - JANEIRO/2026 / CBO — Pós vendas",VV,P1,"Casa e Cia",not_delivering,ad,71,77,1.08450704,"Clique de 7 dias ou visualização de 1 dia",,,0.72,,2026-01-14,2026-01-18,,9.35064935,2026-01-15,2026-01-15
2026-01-14,"DC - JANEIRO/2026 / CBO — Pós vendas — Cópia",VV,P2,"Casa e Cia",not_delivering,ad,36,40,1.11111111,"Clique de 7 dias ou visualização de 1 dia",,,0.52,,2026-01-14,2026-01-18,1,13,2026-01-14,2026-01-14
2026-01-14,"DC - JANEIRO/2026 / CBO — Pós vendas — Cópia",VISITAS,P1,"Casa e Cia",not_delivering,ad,2,2,1,"Clique de 7 dias ou visualização de 1 dia",,,0.01,,2026-01-14,2026-01-18,,5,2026-01-14,2026-01-14
2026-01-14,"DC - JANEIRO/2026 / CBO — Pós vendas — Cópia",ENGAJAMENTO,P2,"Casa e Cia",not_delivering,ad,444,527,1.18693694,"Clique de 7 dias ou visualização de 1 dia","Conversas por mensagem iniciadas",1,11.62,11.62,2026-01-14,2026-01-18,3,22.04933586,2026-01-14,2026-01-14
2026-01-14,"DC - JANEIRO/2026 / CBO — Pós vendas — Cópia",VV,P1,"Casa e Cia",not_delivering,ad,45,52,1.15555556,"Clique de 7 dias ou visualização de 1 dia",,,0.42,,2026-01-14,2026-01-18,,8.07692308,2026-01-14,2026-01-14
2026-01-14,"DC - JANEIRO/2026 / CBO — Pós vendas — Cópia",SEGUIDORES,P1,"Casa e Cia",not_delivering,ad,3,3,1,"Clique de 7 dias ou visualização de 1 dia",,,0,,2026-01-14,2026-01-18,,0,2026-01-14,2026-01-14
2026-01-14,"DC - JANEIRO/2026 / CBO — Pós vendas — Cópia",SEGUIDORES,P2,"Casa e Cia",not_delivering,ad,2,2,1,"Clique de 7 dias ou visualização de 1 dia",,,0,,2026-01-14,2026-01-18,,0,2026-01-14,2026-01-14
2026-01-14,"DC - JANEIRO/2026 / CBO — Pós vendas — Cópia",VISITAS,P2,"Casa e Cia",not_delivering,ad,1,1,1,"Clique de 7 dias ou visualização de 1 dia",,,0.02,,2026-01-14,2026-01-18,,20,2026-01-14,2026-01-14
2026-01-14,"DC - JANEIRO/2026 / CBO — Pós vendas — Cópia",ENGAJAMENTO,P1,"Casa e Cia",not_delivering,ad,19,20,1.05263158,"Clique de 7 dias ou visualização de 1 dia",,,0.21,,2026-01-14,2026-01-18,,10.5,2026-01-14,2026-01-14
2026-01-14,"DC - JANEIRO/2026 / ABO — Pós vendas — ABERTO",VV,P1,"Casa e Cia",not_delivering,ad,516,546,1.05813953,"Clique de 7 dias ou visualização de 1 dia",,,5.47,,2026-01-14,2026-01-18,2,10.01831502,2026-01-14,2026-01-14
2026-01-14,"DC - JANEIRO/2026 / ABO — Pós vendas",SEGUIDORES,P1,"Casa e Cia",not_delivering,ad,208,277,1.33173077,"Clique de 7 dias ou visualização de 1 dia","Conversas por mensagem iniciadas",1,2.99,2.99,2026-01-14,2026-01-18,2,10.79422383,2026-01-14,2026-01-14
2026-01-14,"DC - JANEIRO/2026 / ABO — Pós vendas",SEGUIDORES,VIDEO,"Casa e Cia",not_delivering,ad,35,38,1.08571429,"Clique de 7 dias ou visualização de 1 dia",,,0.5,,2026-01-14,2026-01-18,,13.15789474,2026-01-14,2026-01-14
2026-01-14,"DC - JANEIRO/2026 / ABO —F3 — ABERTO — PRODUTOS — Cópia",ENGAJAMENTO,"P1 — Cópia","Casa e Cia",not_delivering,ad,932,1008,1.08154506,"Clique de 7 dias ou visualização de 1 dia","Conversas por mensagem iniciadas",1,7.56,7.56,2026-01-08,2026-01-17,7,7.5,2026-01-14,2026-01-14
2026-01-14,"DC - JANEIRO/2026 / CBO — Pós vendas",ENGAJAMENTO,VIDEO,"Casa e Cia",not_delivering,ad,1,2,2,"Clique de 7 dias ou visualização de 1 dia",,,0.16,,2026-01-14,2026-01-18,,80,2026-01-14,2026-01-14
2026-01-14,"DC - JANEIRO/2026 / ABO — Pós vendas",SEGUIDORES,P2,"Casa e Cia",not_delivering,ad,242,277,1.1446281,"Clique de 7 dias ou visualização de 1 dia",,,5.36,,2026-01-14,2026-01-18,,19.35018051,2026-01-14,2026-01-14
2026-01-14,"DC - JANEIRO/2026 / ABO — Pós vendas — ABERTO",VV,P2,"Casa e Cia",not_delivering,ad,60,64,1.06666667,"Clique de 7 dias ou visualização de 1 dia",,,1.15,,2026-01-14,2026-01-18,1,17.96875,2026-01-14,2026-01-14
2026-01-14,"DC - JANEIRO/2026 / ABO — Pós vendas — Cópia",VV,P1,"Casa e Cia",not_delivering,ad,270,348,1.28888889,"Clique de 7 dias ou visualização de 1 dia","Conversas por mensagem iniciadas",2,4.07,2.035,2026-01-14,2026-01-18,1,11.6954023,2026-01-14,2026-01-14
2026-01-14,"DC - JANEIRO/2026 / CBO — Pós vendas",VV,P2,"Casa e Cia",not_delivering,ad,45,51,1.13333333,"Clique de 7 dias ou visualização de 1 dia",,,0.34,,2026-01-14,2026-01-18,,6.66666667,2026-01-14,2026-01-14
2026-01-14,"DC - JANEIRO/2026 / ABO —F3 — ABERTO — PRODUTOS — Cópia — Cópia",ENGAJAMENTO,P1,"Casa e Cia",not_delivering,ad,303,314,1.03630363,"Clique de 7 dias ou visualização de 1 dia",,,5.75,,2026-01-12,2026-01-17,1,18.31210191,2026-01-14,2026-01-14
2026-01-14,"DC - JANEIRO/2026 / ABO — Pós vendas — ABERTO",SEMELHANTE,P1,"Casa e Cia",not_delivering,ad,30,32,1.06666667,"Clique de 7 dias ou visualização de 1 dia",,,0.39,,2026-01-14,2026-01-18,,12.1875,2026-01-14,2026-01-14
2026-01-14,"DC - JANEIRO/2026 / ABO —F3 — ABERTO — PRODUTOS — Cópia",ENGAJAMENTO,P1,"Casa e Cia",not_delivering,ad,2393,2564,1.07145842,"Clique de 7 dias ou visualização de 1 dia","Conversas por mensagem iniciadas",4,26.04,6.51,2026-01-08,2026-01-17,8,10.15600624,2026-01-14,2026-01-14
2026-01-14,"DC - JANEIRO/2026 / ABO — Pós vendas — Cópia",VV,P1,"Casa e Cia",not_delivering,ad,209,249,1.19138756,"Clique de 7 dias ou visualização de 1 dia",,,3.18,,2026-01-14,2026-01-18,2,12.77108434,2026-01-14,2026-01-14
2026-01-14,"DC - JANEIRO/2026 / CBO — Pós vendas — Cópia",ENGAJAMENTO,P1,"Casa e Cia",not_delivering,ad,49,61,1.24489796,"Clique de 7 dias ou visualização de 1 dia",,,0.84,,2026-01-14,2026-01-18,,13.7704918,2026-01-14,2026-01-14
2026-01-14,"DC - JANEIRO/2026 / ABO — Pós vendas — ABERTO",VV,VIDEO,"Casa e Cia",not_delivering,ad,5,5,1,"Clique de 7 dias ou visualização de 1 dia",,,0.04,,2026-01-14,2026-01-18,,8,2026-01-14,2026-01-14
2026-01-14,"DC - JANEIRO/2026 / CBO — Pós vendas — Cópia",VV,P1,"Casa e Cia",not_delivering,ad,63,74,1.17460317,"Clique de 7 dias ou visualização de 1 dia",,,0.72,,2026-01-14,2026-01-18,,9.72972973,2026-01-14,2026-01-14
2026-01-14,"DC - JANEIRO/2026 / CBO — Pós vendas — Cópia",VISITAS,P2,"Casa e Cia",not_delivering,ad,3,3,1,"Clique de 7 dias ou visualização de 1 dia",,,0.15,,2026-01-14,2026-01-18,,50,2026-01-14,2026-01-14
2026-01-14,"DC - JANEIRO/2026 / CBO — Pós vendas — Cópia",VISITAS,P1,"Casa e Cia",not_delivering,ad,4,4,1,"Clique de 7 dias ou visualização de 1 dia",,,0.04,,2026-01-14,2026-01-18,,10,2026-01-14,2026-01-14
2026-01-14,"DC - JANEIRO/2026 / ABO — Pós vendas",ENGAJAMENTO,P2,"Casa e Cia",not_delivering,ad,87,95,1.09195402,"Clique de 7 dias ou visualização de 1 dia",,,1.43,,2026-01-14,2026-01-18,1,15.05263158,2026-01-14,2026-01-14
2026-01-14,"DC - JANEIRO/2026 / ABO — Pós vendas — Cópia",SEGUIDORES,P2,"Casa e Cia",not_delivering,ad,190,224,1.17894737,"Clique de 7 dias ou visualização de 1 dia",,,4.36,,2026-01-14,2026-01-18,3,19.46428571,2026-01-14,2026-01-14
2026-01-14,"DC - JANEIRO/2026 / ABO — Pós vendas — ABERTO",VISITAS,P2,"Casa e Cia",not_delivering,ad,5,5,1,"Clique de 7 dias ou visualização de 1 dia",,,0.08,,2026-01-14,2026-01-18,1,16,2026-01-14,2026-01-14
2026-01-14,"DC - JANEIRO/2026 / ABO — Pós vendas — ABERTO",ENGAJAMENTO,P1,"Casa e Cia",not_delivering,ad,4,4,1,"Clique de 7 dias ou visualização de 1 dia",,,0,,2026-01-14,2026-01-18,,0,2026-01-14,2026-01-14
2026-01-14,"DC - JANEIRO/2026 / ABO —F3 — ABERTO — PRODUTOS — Cópia — Cópia",ENGAJAMENTO,P1,"Casa e Cia",not_delivering,ad,497,525,1.05633803,"Clique de 7 dias ou visualização de 1 dia",,,10.03,,2026-01-12,2026-01-17,1,19.1047619,2026-01-14,2026-01-14
2026-01-14,"DC - JANEIRO/2026 / ABO —F3 — ABERTO — PRODUTOS — Cópia — Cópia",ENGAJAMENTO,"P1 — Cópia","Casa e Cia",archived,ad,792,820,1.03535354,"Clique de 7 dias ou visualização de 1 dia",,,6.11,,2026-01-12,2026-01-17,9,7.45121951,2026-01-14,2026-01-14
2026-01-14,"DC - JANEIRO/2026 / ABO —F3 — ABERTO — PRODUTOS — Cópia — Cópia",ENGAJAMENTO,P1,"Casa e Cia",archived,ad,608,643,1.05756579,"Clique de 7 dias ou visualização de 1 dia","Conversas por mensagem iniciadas",1,10.86,10.86,2026-01-12,2026-01-17,3,16.88958009,2026-01-14,2026-01-14
2026-01-14,"DC - JANEIRO/2026 / ABO — Pós vendas — Cópia",VV,P2,"Casa e Cia",not_delivering,ad,185,204,1.1027027,"Clique de 7 dias ou visualização de 1 dia",,,2.74,,2026-01-14,2026-01-18,,13.43137255,2026-01-14,2026-01-14
2026-01-14,"DC - JANEIRO/2026 / CBO — Pós vendas",ENGAJAMENTO,P2,"Casa e Cia",not_delivering,ad,229,277,1.20960699,"Clique de 7 dias ou visualização de 1 dia","Conversas por mensagem iniciadas",1,5.53,5.53,2026-01-14,2026-01-18,5,19.96389892,2026-01-14,2026-01-14
2026-01-14,"DC - JANEIRO/2026 / ABO — Pós vendas — ABERTO",ENGAJAMENTO,P2,"Casa e Cia",not_delivering,ad,473,496,1.04862579,"Clique de 7 dias ou visualização de 1 dia","Conversas por mensagem iniciadas",1,6.8,6.8,2026-01-14,2026-01-18,6,13.70967742,2026-01-14,2026-01-14
2026-01-14,"DC - JANEIRO/2026 / ABO — Pós vendas — Cópia",VISITAS,VIDEO,"Casa e Cia",not_delivering,ad,315,406,1.28888889,"Clique de 7 dias ou visualização de 1 dia",,,8.54,,2026-01-14,2026-01-18,1,21.03448276,2026-01-14,2026-01-14
2026-01-14,"DC - JANEIRO/2026 / ABO — Pós vendas — Cópia",VV,P2,"Casa e Cia",not_delivering,ad,284,317,1.11619718,"Clique de 7 dias ou visualização de 1 dia","Conversas por mensagem iniciadas",1,5.38,5.38,2026-01-14,2026-01-18,3,16.97160883,2026-01-14,2026-01-14
2026-01-14,"DC - JANEIRO/2026 / CBO — Pós vendas",SEGUIDORES,P2,"Casa e Cia",not_delivering,ad,12,13,1.08333333,"Clique de 7 dias ou visualização de 1 dia",,,0.2,,2026-01-14,2026-01-18,,15.38461538,2026-01-14,2026-01-14
2026-01-14,"DC - JANEIRO/2026 / ABO — Pós vendas — Cópia",ENGAJAMENTO,P1,"Casa e Cia",not_delivering,ad,13,15,1.15384615,"Clique de 7 dias ou visualização de 1 dia",,,0.15,,2026-01-14,2026-01-18,,10,2026-01-14,2026-01-14
2026-01-14,"DC - JANEIRO/2026 / CBO — Pós vendas — Cópia",SEGUIDORES,P1,"Casa e Cia",not_delivering,ad,17,18,1.05882353,"Clique de 7 dias ou visualização de 1 dia",,,0.19,,2026-01-14,2026-01-18,,10.55555556,2026-01-14,2026-01-14
2026-01-14,"DC - JANEIRO/2026 / ABO — Pós vendas — ABERTO",SEGUIDORES,P2,"Casa e Cia",not_delivering,ad,100,109,1.09,"Clique de 7 dias ou visualização de 1 dia",,,2.86,,2026-01-14,2026-01-18,1,26.23853211,2026-01-14,2026-01-14
2026-01-14,"DC - JANEIRO/2026 / ABO —F3 — ABERTO — PRODUTOS — Cópia — Cópia",ENGAJAMENTO,"P1 — Cópia","Casa e Cia",not_delivering,ad,478,482,1.0083682,"Clique de 7 dias ou visualização de 1 dia",,,4.9,,2026-01-12,2026-01-17,2,10.1659751,2026-01-14,2026-01-14
2026-01-14,"DC - JANEIRO/2026 / CBO — Pós vendas — Cópia",SEGUIDORES,P2,"Casa e Cia",not_delivering,ad,8,9,1.125,"Clique de 7 dias ou visualização de 1 dia",,,0.05,,2026-01-14,2026-01-18,,5.55555556,2026-01-14,2026-01-14
2026-01-14,"DC - JANEIRO/2026 / CBO — Pós vendas",VV,P1,"Casa e Cia",not_delivering,ad,102,114,1.11764706,"Clique de 7 dias ou visualização de 1 dia",,,1.09,,2026-01-14,2026-01-18,,9.56140351,2026-01-14,2026-01-14
2026-01-14,"DC - JANEIRO/2026 / ABO — Pós vendas",VV,P1,"Casa e Cia",not_delivering,ad,398,488,1.22613065,"Clique de 7 dias ou visualização de 1 dia",,,5.04,,2026-01-14,2026-01-18,1,10.32786885,2026-01-14,2026-01-14
2026-01-14,"DC - JANEIRO/2026 / ABO —F3 — ABERTO — PRODUTOS — Cópia — Cópia",ENGAJAMENTO,"P1 — Cópia — Cópia","Casa e Cia",not_delivering,ad,792,862,1.08838384,"Clique de 7 dias ou visualização de 1 dia","Conversas por mensagem iniciadas",1,11.93,11.93,2026-01-12,2026-01-17,12,13.83990719,2026-01-14,2026-01-14
2026-01-14,"DC - JANEIRO/2026 / ABO — Pós vendas — Cópia",SEGUIDORES,P1,"Casa e Cia",not_delivering,ad,208,278,1.33653846,"Clique de 7 dias ou visualização de 1 dia",,,2.89,,2026-01-14,2026-01-18,3,10.39568345,2026-01-14,2026-01-14
2026-01-14,"DC - JANEIRO/2026 / CBO — Pós vendas",ENGAJAMENTO,P1,"Casa e Cia",not_delivering,ad,14,19,1.35714286,"Clique de 7 dias ou visualização de 1 dia",,,0.47,,2026-01-14,2026-01-18,,24.73684211,2026-01-14,2026-01-14
2026-01-14,"DC - JANEIRO/2026 / ABO — Pós vendas — Cópia",VISITAS,P2,"Casa e Cia",not_delivering,ad,182,237,1.3021978,"Clique de 7 dias ou visualização de 1 dia","Conversas por mensagem iniciadas",2,5.63,2.815,2026-01-14,2026-01-18,2,23.75527426,2026-01-14,2026-01-14
2026-01-14,"DC - JANEIRO/2026 / CBO — Pós vendas",SEGUIDORES,P1,"Casa e Cia",not_delivering,ad,12,13,1.08333333,"Clique de 7 dias ou visualização de 1 dia",,,0.13,,2026-01-14,2026-01-18,,10,2026-01-14,2026-01-14
2026-01-14,"DC - JANEIRO/2026 / ABO — Pós vendas",ENGAJAMENTO,VIDEO,"Casa e Cia",not_delivering,ad,292,337,1.15410959,"Clique de 7 dias ou visualização de 1 dia","Conversas por mensagem iniciadas",1,6.88,6.88,2026-01-14,2026-01-18,2,20.41543027,2026-01-14,2026-01-14
2026-01-14,"DC - JANEIRO/2026 / CBO — Pós vendas",VISITAS,P2,"Casa e Cia",not_delivering,ad,9,9,1,"Clique de 7 dias ou visualização de 1 dia",,,0.19,,2026-01-14,2026-01-18,,21.11111111,2026-01-14,2026-01-14
2026-01-14,"DC - JANEIRO/2026 / ABO —F3 — ABERTO — PRODUTOS — Cópia — Cópia",ENGAJAMENTO,"P1 — Cópia — Cópia","Casa e Cia",archived,ad,433,471,1.08775982,"Clique de 7 dias ou visualização de 1 dia",,,6.34,,2026-01-12,2026-01-17,3,13.46072187,2026-01-14,2026-01-14
2026-01-14,"DC - JANEIRO/2026 / ABO — Pós vendas — Cópia",SEGUIDORES,P2,"Casa e Cia",not_delivering,ad,165,194,1.17575758,"Clique de 7 dias ou visualização de 1 dia",,,3.03,,2026-01-14,2026-01-18,3,15.6185567,2026-01-14,2026-01-14
2026-01-14,"DC - JANEIRO/2026 / ABO — Pós vendas — ABERTO",VISITAS,P1,"Casa e Cia",not_delivering,ad,5,5,1,"Clique de 7 dias ou visualização de 1 dia",,,0.08,,2026-01-14,2026-01-18,,16,2026-01-14,2026-01-14
2026-01-14,"DC - JANEIRO/2026 / ABO — Pós vendas",VV,P2,"Casa e Cia",not_delivering,ad,203,234,1.15270936,"Clique de 7 dias ou visualização de 1 dia",,,3.72,,2026-01-14,2026-01-18,2,15.8974359,2026-01-14,2026-01-14
2026-01-14,"DC - JANEIRO/2026 / ABO —F3 — ABERTO — PRODUTOS — Cópia — Cópia",ENGAJAMENTO,"P1 — Cópia","Casa e Cia",not_delivering,ad,411,428,1.04136253,"Clique de 7 dias ou visualização de 1 dia","Conversas por mensagem iniciadas",1,4.06,4.06,2026-01-12,2026-01-17,5,9.48598131,2026-01-14,2026-01-14
2026-01-14,"DC - JANEIRO/2026 / ABO — Pós vendas",VISITAS,P1,"Casa e Cia",not_delivering,ad,77,109,1.41558442,"Clique de 7 dias ou visualização de 1 dia",,,2.39,,2026-01-14,2026-01-18,,21.9266055,2026-01-14,2026-01-14
2026-01-14,"DC - JANEIRO/2026 / CBO — Pós vendas",VISITAS,P1,"Casa e Cia",not_delivering,ad,7,7,1,"Clique de 7 dias ou visualização de 1 dia",,,0.02,,2026-01-14,2026-01-18,,2.85714286,2026-01-14,2026-01-14
2026-01-14,"DC - JANEIRO/2026 / ABO — Pós vendas — Cópia",VISITAS,P1,"Casa e Cia",not_delivering,ad,95,151,1.58947368,"Clique de 7 dias ou visualização de 1 dia",,,2.32,,2026-01-14,2026-01-18,,15.36423841,2026-01-14,2026-01-14
2026-01-14,"DC - JANEIRO/2026 / ABO — Pós vendas — ABERTO",SEGUIDORES,P1,"Casa e Cia",not_delivering,ad,401,443,1.10473815,"Clique de 7 dias ou visualização de 1 dia","Conversas por mensagem iniciadas",1,4.78,4.78,2026-01-14,2026-01-18,5,10.79006772,2026-01-14,2026-01-14
2026-01-14,"DC - JANEIRO/2026 / CBO — Pós vendas — Cópia",ENGAJAMENTO,P2,"Casa e Cia",not_delivering,ad,406,490,1.20689655,"Clique de 7 dias ou visualização de 1 dia","Conversas por mensagem iniciadas",3,10.91,3.63666667,2026-01-14,2026-01-18,5,22.26530612,2026-01-14,2026-01-14
2026-01-14,"DC - JANEIRO/2026 / ABO — Pós vendas",VISITAS,P2,"Casa e Cia",not_delivering,ad,241,331,1.37344398,"Clique de 7 dias ou visualização de 1 dia","Conversas por mensagem iniciadas",1,6.94,6.94,2026-01-14,2026-01-18,2,20.96676737,2026-01-14,2026-01-14
2026-01-14,"DC - JANEIRO/2026 / ABO —F3 — ABERTO — PRODUTOS — Cópia — Cópia",ENGAJAMENTO,"P1 — Cópia — Cópia","Casa e Cia",not_delivering,ad,291,322,1.10652921,"Clique de 7 dias ou visualização de 1 dia","Conversas por mensagem iniciadas",2,4.6,2.3,2026-01-12,2026-01-17,4,14.28571429,2026-01-14,2026-01-14
2026-01-14,"DC - JANEIRO/2026 / ABO — Pós vendas — ABERTO",VISITAS,VIDEO,"Casa e Cia",not_delivering,ad,415,457,1.10120482,"Clique de 7 dias ou visualização de 1 dia",,,6.85,,2026-01-14,2026-01-18,1,14.98905908,2026-01-14,2026-01-14
2026-01-14,"DC - JANEIRO/2026 / ABO — Pós vendas — Cópia",ENGAJAMENTO,VIDEO,"Casa e Cia",not_delivering,ad,260,306,1.17692308,"Clique de 7 dias ou visualização de 1 dia","Conversas por mensagem iniciadas",1,6.26,6.26,2026-01-14,2026-01-18,3,20.45751634,2026-01-14,2026-01-14
2026-01-14,"DC - JANEIRO/2026 / ABO — Pós vendas — ABERTO",SEMELHANTE,P2,"Casa e Cia",not_delivering,ad,609,652,1.07060755,"Clique de 7 dias ou visualização de 1 dia","Conversas por mensagem iniciadas",2,7.83,3.915,2026-01-14,2026-01-18,5,12.00920245,2026-01-14,2026-01-14
2026-01-14,"DC - JANEIRO/2026 / ABO —F3 — ABERTO — PRODUTOS — Cópia — Cópia",ENGAJAMENTO,"P1 — Cópia — Cópia","Casa e Cia",not_delivering,ad,446,479,1.07399103,"Clique de 7 dias ou visualização de 1 dia",,,7.83,,2026-01-12,2026-01-17,2,16.34655532,2026-01-14,2026-01-14
2026-01-14,"DC - JANEIRO/2026 / ABO —F3 — ABERTO — PRODUTOS — Cópia — Cópia",ENGAJAMENTO,P1,"Casa e Cia",not_delivering,ad,214,219,1.02336449,"Clique de 7 dias ou visualização de 1 dia",,,2.87,,2026-01-12,2026-01-17,,13.10502283,2026-01-14,2026-01-14
2026-01-14,"DC - JANEIRO/2026 / CBO — Pós vendas — Cópia",VV,P2,"Casa e Cia",not_delivering,ad,8,8,1,"Clique de 7 dias ou visualização de 1 dia",,,0.08,,2026-01-14,2026-01-18,,10,2026-01-14,2026-01-14
2026-01-14,"DC - JANEIRO/2026 / ABO — Pós vendas — Cópia",VV,VIDEO,"Casa e Cia",not_delivering,ad,73,82,1.12328767,"Clique de 7 dias ou visualização de 1 dia",,,1.64,,2026-01-14,2026-01-18,,20,2026-01-14,2026-01-14
2026-01-14,"DC - JANEIRO/2026 / ABO — Pós vendas — Cópia",ENGAJAMENTO,P1,"Casa e Cia",not_delivering,ad,62,71,1.14516129,"Clique de 7 dias ou visualização de 1 dia",,,1.13,,2026-01-14,2026-01-18,,15.91549296,2026-01-14,2026-01-14
2026-01-14,"DC - JANEIRO/2026 / ABO —F3 — ABERTO — PRODUTOS — Cópia",ENGAJAMENTO,"P1 — Cópia — Cópia","Casa e Cia",not_delivering,ad,581,659,1.13425129,"Clique de 7 dias ou visualização de 1 dia","Conversas por mensagem iniciadas",2,8.42,4.21,2026-01-08,2026-01-17,7,12.77693475,2026-01-14,2026-01-14
2026-01-14,"DC - JANEIRO/2026 / ABO — Pós vendas — ABERTO",ENGAJAMENTO,VIDEO,"Casa e Cia",not_delivering,ad,24,24,1,"Clique de 7 dias ou visualização de 1 dia",,,0.28,,2026-01-14,2026-01-18,,11.66666667,2026-01-14,2026-01-14
2026-01-14,"DC - JANEIRO/2026 / CBO — Pós vendas",VISITAS,VIDEO,"Casa e Cia",not_delivering,ad,2,2,1,"Clique de 7 dias ou visualização de 1 dia",,,0,,2026-01-14,2026-01-18,,0,2026-01-14,2026-01-14
2026-01-14,"DC - JANEIRO/2026 / ABO — Pós vendas — Cópia",SEGUIDORES,P1,"Casa e Cia",not_delivering,ad,354,470,1.32768362,"Clique de 7 dias ou visualização de 1 dia",,,5.28,,2026-01-14,2026-01-18,3,11.23404255,2026-01-14,2026-01-14
2026-01-14,"DC - JANEIRO/2026 / ABO — Pós vendas — Cópia",ENGAJAMENTO,VIDEO,"Casa e Cia",not_delivering,ad,307,366,1.19218241,"Clique de 7 dias ou visualização de 1 dia","Conversas por mensagem iniciadas",1,8.73,8.73,2026-01-14,2026-01-18,3,23.85245902,2026-01-14,2026-01-14
2026-01-14,"DC - JANEIRO/2026 / ABO —F3 — ABERTO — PRODUTOS — Cópia — Cópia",ENGAJAMENTO,"P1 — Cópia","Casa e Cia",not_delivering,ad,219,228,1.04109589,"Clique de 7 dias ou visualização de 1 dia",,,2.08,,2026-01-12,2026-01-17,,9.12280702,2026-01-14,2026-01-14
2026-01-13,"DC - JANEIRO/2026 / ABO —F3 — ABERTO — PRODUTOS — Cópia — Cópia",ENGAJAMENTO,"P1 — Cópia — Cópia","Casa e Cia",not_delivering,ad,757,865,1.14266843,"Clique de 7 dias ou visualização de 1 dia",,,16.54,,2026-01-12,2026-01-17,6,19.12138728,2026-01-13,2026-01-13
2026-01-13,"DC - JANEIRO/2026 / ABO —F3 — ABERTO — PRODUTOS — Cópia — Cópia",ENGAJAMENTO,"P1 — Cópia","Casa e Cia",not_delivering,ad,1029,1143,1.11078717,"Clique de 7 dias ou visualização de 1 dia","Conversas por mensagem iniciadas",3,17.85,5.95,2026-01-12,2026-01-17,11,15.6167979,2026-01-13,2026-01-13
2026-01-13,"DC - JANEIRO/2026 / ABO —F3 — ABERTO — PRODUTOS — Cópia — Cópia",ENGAJAMENTO,"P1 — Cópia — Cópia","Casa e Cia",not_delivering,ad,1242,1439,1.15861514,"Clique de 7 dias ou visualização de 1 dia",,,24.7,,2026-01-12,2026-01-17,14,17.16469771,2026-01-13,2026-01-13
2026-01-13,"DC - JANEIRO/2026 / ABO —F3 — ABERTO — PRODUTOS — Cópia — Cópia",ENGAJAMENTO,"P1 — Cópia","Casa e Cia",not_delivering,ad,689,770,1.11756168,"Clique de 7 dias ou visualização de 1 dia",,,13.02,,2026-01-12,2026-01-17,3,16.90909091,2026-01-13,2026-01-13
2026-01-13,"DC - JANEIRO/2026 / ABO —F3 — ABERTO — PRODUTOS — Cópia — Cópia",ENGAJAMENTO,P1,"Casa e Cia",not_delivering,ad,636,693,1.08962264,"Clique de 7 dias ou visualização de 1 dia","Conversas por mensagem iniciadas",1,15.17,15.17,2026-01-12,2026-01-17,8,21.89033189,2026-01-13,2026-01-13
2026-01-13,"DC - JANEIRO/2026 / ABO —F3 — ABERTO — PRODUTOS — Cópia — Cópia",ENGAJAMENTO,"P1 — Cópia — Cópia","Casa e Cia",archived,ad,589,673,1.1426146,"Clique de 7 dias ou visualização de 1 dia","Conversas por mensagem iniciadas",1,11.88,11.88,2026-01-12,2026-01-17,6,17.65230312,2026-01-13,2026-01-13
2026-01-13,"DC - JANEIRO/2026 / ABO —F3 — ABERTO — PRODUTOS — Cópia",ENGAJAMENTO,"P1 — Cópia — Cópia","Casa e Cia",not_delivering,ad,355,407,1.14647887,"Clique de 7 dias ou visualização de 1 dia","Conversas por mensagem iniciadas",3,7.15,2.38333333,2026-01-08,2026-01-17,6,17.56756757,2026-01-13,2026-01-13
2026-01-13,"DC - JANEIRO/2026 / ABO —F3 — ABERTO — PRODUTOS — Cópia — Cópia",ENGAJAMENTO,"P1 — Cópia — Cópia","Casa e Cia",not_delivering,ad,920,1051,1.1423913,"Clique de 7 dias ou visualização de 1 dia","Conversas por mensagem iniciadas",2,20.82,10.41,2026-01-12,2026-01-17,8,19.80970504,2026-01-13,2026-01-13
2026-01-13,"DC - JANEIRO/2026 / ABO —F3 — ABERTO — PRODUTOS — Cópia — Cópia",ENGAJAMENTO,"P1 — Cópia","Casa e Cia",archived,ad,1883,2082,1.10568242,"Clique de 7 dias ou visualização de 1 dia","Conversas por mensagem iniciadas",2,28.65,14.325,2026-01-12,2026-01-17,18,13.76080692,2026-01-13,2026-01-13
2026-01-13,"DC - JANEIRO/2026 / ABO —F3 — ABERTO — PRODUTOS — Cópia — Cópia",ENGAJAMENTO,P1,"Casa e Cia",not_delivering,ad,947,1063,1.12249208,"Clique de 7 dias ou visualização de 1 dia","Conversas por mensagem iniciadas",2,30.94,15.47,2026-01-12,2026-01-17,13,29.10630292,2026-01-13,2026-01-13
2026-01-13,"DC - JANEIRO/2026 / ABO —F3 — ABERTO — PRODUTOS — Cópia — Cópia",ENGAJAMENTO,P1,"Casa e Cia",not_delivering,ad,741,813,1.09716599,"Clique de 7 dias ou visualização de 1 dia","Conversas por mensagem iniciadas",1,23.79,23.79,2026-01-12,2026-01-17,9,29.26199262,2026-01-13,2026-01-13
2026-01-13,"DC - JANEIRO/2026 / ABO —F3 — ABERTO — PRODUTOS — Cópia — Cópia",ENGAJAMENTO,"P1 — Cópia","Casa e Cia",not_delivering,ad,1194,1318,1.1038526,"Clique de 7 dias ou visualização de 1 dia","Conversas por mensagem iniciadas",1,19.92,19.92,2026-01-12,2026-01-17,13,15.1138088,2026-01-13,2026-01-13
2026-01-13,"DC - JANEIRO/2026 / ABO —F3 — ABERTO — PRODUTOS — Cópia",ENGAJAMENTO,P1,"Casa e Cia",not_delivering,ad,917,964,1.05125409,"Clique de 7 dias ou visualização de 1 dia","Conversas por mensagem iniciadas",1,18.86,18.86,2026-01-08,2026-01-17,4,19.56431535,2026-01-13,2026-01-13
2026-01-13,"DC - JANEIRO/2026 / ABO —F3 — ABERTO — PRODUTOS — Cópia",ENGAJAMENTO,"P1 — Cópia","Casa e Cia",not_delivering,ad,2096,2305,1.09971374,"Clique de 7 dias ou visualização de 1 dia","Conversas por mensagem iniciadas",1,27.77,27.77,2026-01-08,2026-01-17,12,12.04772234,2026-01-13,2026-01-13
2026-01-13,"DC - JANEIRO/2026 / ABO —F3 — ABERTO — PRODUTOS — Cópia — Cópia",ENGAJAMENTO,P1,"Casa e Cia",archived,ad,917,1023,1.11559433,"Clique de 7 dias ou visualização de 1 dia","Conversas por mensagem iniciadas",2,23.59,11.795,2026-01-12,2026-01-17,17,23.05962854,2026-01-13,2026-01-13
2026-01-12,"DC - JANEIRO/2026 / ABO —F3 — ABERTO DOMINGO",ENGAJAMENTO,P1,"Casa e Cia",not_delivering,ad,647,798,1.23338485,"Clique de 7 dias ou visualização de 1 dia",,,8.25,,2026-01-10,2026-01-13,2,10.33834586,2026-01-12,2026-01-12
2026-01-12,"DC - JANEIRO/2026 / ABO —F3 — ABERTO — PRODUTOS — Cópia — Cópia",ENGAJAMENTO,"P1 — Cópia","Casa e Cia",not_delivering,ad,1815,2154,1.18677686,"Clique de 7 dias ou visualização de 1 dia","Conversas por mensagem iniciadas",5,25.39,5.078,2026-01-12,2026-01-17,17,11.78737233,2026-01-12,2026-01-12
2026-01-12,"DC - JANEIRO/2026 / CBO —F2",SEGUIDORES,P1,"Casa e Cia",not_delivering,ad,2,2,1,"Clique de 7 dias, visualização de 1 dia ou visualização com engajamento de 1 dia",,,0.02,,2026-01-01,2026-01-12,,10,2026-01-12,2026-01-12
2026-01-12,"DC - JANEIRO/2026 / CBO —F2",VV,P2,"Casa e Cia",not_delivering,ad,2911,3481,1.195809,"Clique de 7 dias, visualização de 1 dia ou visualização com engajamento de 1 dia","Leads no site",4,32.46,8.115,2026-01-01,2026-01-12,34,9.32490664,2026-01-12,2026-01-12
2026-01-12,"DC - JANEIRO/2026 / ABO —F3 — ABERTO — PRODUTOS — Cópia — Cópia",ENGAJAMENTO,"P1 — Cópia","Casa e Cia",not_delivering,ad,480,565,1.17708333,"Clique de 7 dias ou visualização de 1 dia","Conversas por mensagem iniciadas",2,6.44,3.22,2026-01-12,2026-01-17,5,11.39823009,2026-01-12,2026-01-12
2026-01-12,"DC - JANEIRO/2026 / CBO —F2",SEGUIDORES,P2,"Casa e Cia",not_delivering,ad,217,226,1.04147465,"Clique de 7 dias, visualização de 1 dia ou visualização com engajamento de 1 dia",,,2.18,,2026-01-01,2026-01-12,1,9.6460177,2026-01-12,2026-01-12
2026-01-12,"DC - JANEIRO/2026 / ABO —F3 — ABERTO — PRODUTOS — Cópia — Cópia",ENGAJAMENTO,"P1 — Cópia — Cópia","Casa e Cia",not_delivering,ad,1891,2339,1.23691169,"Clique de 7 dias ou visualização de 1 dia",,,38.23,,2026-01-12,2026-01-17,13,16.34459171,2026-01-12,2026-01-12
2026-01-12,"DC - JANEIRO/2026 / CBO — Pós vendas",VV,P2,"Casa e Cia",not_delivering,ad,429,471,1.0979021,"Clique de 7 dias, visualização de 1 dia ou visualização com engajamento de 1 dia","Leads no site",2,4.52,2.26,2026-01-09,2026-01-12,7,9.59660297,2026-01-12,2026-01-12
2026-01-12,"DC - JANEIRO/2026 / ABO —F3 — ABERTO — PRODUTOS — Cópia — Cópia",ENGAJAMENTO,"P1 — Cópia — Cópia","Casa e Cia",not_delivering,ad,43,52,1.20930233,"Clique de 7 dias ou visualização de 1 dia","Conversas por mensagem iniciadas",2,0.81,0.405,2026-01-12,2026-01-17,2,15.57692308,2026-01-12,2026-01-12
2026-01-12,"DC - JANEIRO/2026 / ABO —F3 — ABERTO — PRODUTOS — Cópia — Cópia",ENGAJAMENTO,P1,"Casa e Cia",not_delivering,ad,20,28,1.4,"Clique de 7 dias ou visualização de 1 dia",,,0.32,,2026-01-12,2026-01-17,,11.42857143,2026-01-12,2026-01-12
2026-01-12,"DC - JANEIRO/2026 / CBO —F2",VV,VIDEO,"Casa e Cia",not_delivering,ad,1207,1354,1.12178956,"Clique de 7 dias, visualização de 1 dia ou visualização com engajamento de 1 dia","Leads no site",5,22.67,4.534,2026-01-01,2026-01-12,29,16.74298375,2026-01-12,2026-01-12
2026-01-12,"DC - JANEIRO/2026 / ABO —F3 — ABERTO — PRODUTOS — Cópia",ENGAJAMENTO,"P1 — Cópia — Cópia","Casa e Cia",not_delivering,ad,17,18,1.05882353,"Clique de 7 dias ou visualização de 1 dia",,,0.11,,2026-01-08,2026-01-17,,6.11111111,2026-01-12,2026-01-12
2026-01-12,"DC - JANEIRO/2026 / ABO —F3 — ABERTO — PRODUTOS — Cópia",ENGAJAMENTO,P1,"Casa e Cia",not_delivering,ad,40,42,1.05,"Clique de 7 dias ou visualização de 1 dia",,,0.61,,2026-01-08,2026-01-17,1,14.52380952,2026-01-12,2026-01-12
2026-01-12,"DC - JANEIRO/2026 / CBO — Pós vendas",VV,P1,"Casa e Cia",not_delivering,ad,456,499,1.09429825,"Clique de 7 dias, visualização de 1 dia ou visualização com engajamento de 1 dia",,,6.27,,2026-01-09,2026-01-12,2,12.56513026,2026-01-12,2026-01-12
2026-01-12,"DC - JANEIRO/2026 / CBO — Pós vendas",ENGAJAMENTO,VIDEO,"Casa e Cia",not_delivering,ad,794,927,1.1675063,"Clique de 7 dias, visualização de 1 dia ou visualização com engajamento de 1 dia",,,15.31,,2026-01-09,2026-01-12,13,16.51564186,2026-01-12,2026-01-12
2026-01-12,"DC - JANEIRO/2026 / CBO —F2",VISITAS,VIDEO,"Casa e Cia",not_delivering,ad,3,3,1,"Clique de 7 dias, visualização de 1 dia ou visualização com engajamento de 1 dia",,,0.04,,2026-01-01,2026-01-12,,13.33333333,2026-01-12,2026-01-12
2026-01-12,"DC - JANEIRO/2026 / ABO —F3 — ABERTO — PRODUTOS — Cópia — Cópia",ENGAJAMENTO,P1,"Casa e Cia",archived,ad,448,470,1.04910714,"Clique de 7 dias ou visualização de 1 dia","Conversas por mensagem iniciadas",2,7.87,3.935,2026-01-12,2026-01-17,6,16.74468085,2026-01-12,2026-01-12
2026-01-12,"DC - JANEIRO/2026 / ABO —F3 — ABERTO — PRODUTOS — Cópia",ENGAJAMENTO,"P1 — Cópia","Casa e Cia",not_delivering,ad,30,35,1.16666667,"Clique de 7 dias ou visualização de 1 dia",,,0.21,,2026-01-08,2026-01-17,1,6,2026-01-12,2026-01-12
2026-01-12,"DC - JANEIRO/2026 / CBO — Pós vendas",SEGUIDORES,VIDEO,"Casa e Cia",not_delivering,ad,621,716,1.15297907,"Clique de 7 dias, visualização de 1 dia ou visualização com engajamento de 1 dia",,,10,,2026-01-09,2026-01-12,7,13.96648045,2026-01-12,2026-01-12
2026-01-12,"DC - JANEIRO/2026 / CBO —F2",ENGAJAMENTO,P1,"Casa e Cia",not_delivering,ad,555,627,1.12972973,"Clique de 7 dias, visualização de 1 dia ou visualização com engajamento de 1 dia",,,10.65,,2026-01-01,2026-01-12,3,16.98564593,2026-01-12,2026-01-12
2026-01-12,"DC - JANEIRO/2026 / ABO —F3 — ABERTO — PRODUTOS — Cópia — Cópia",ENGAJAMENTO,"P1 — Cópia","Casa e Cia",not_delivering,ad,2428,2833,1.16680395,"Clique de 7 dias ou visualização de 1 dia","Conversas por mensagem iniciadas",3,32.59,10.86333333,2026-01-12,2026-01-17,20,11.50370632,2026-01-12,2026-01-12
2026-01-12,"DC - JANEIRO/2026 / ABO —F3 — ABERTO — PRODUTOS — Cópia — Cópia",ENGAJAMENTO,P1,"Casa e Cia",not_delivering,ad,269,289,1.07434944,"Clique de 7 dias ou visualização de 1 dia",,,5.92,,2026-01-12,2026-01-17,4,20.48442907,2026-01-12,2026-01-12
2026-01-12,"DC - JANEIRO/2026 / ABO —F3 — ABERTO — PRODUTOS — Cópia — Cópia",ENGAJAMENTO,P1,"Casa e Cia",not_delivering,ad,589,662,1.12393888,"Clique de 7 dias ou visualização de 1 dia","Conversas por mensagem iniciadas",1,14.73,14.73,2026-01-12,2026-01-17,4,22.25075529,2026-01-12,2026-01-12
2026-01-12,"DC - JANEIRO/2026 / ABO —F3 — ABERTO — PRODUTOS — Cópia — Cópia",ENGAJAMENTO,"P1 — Cópia","Casa e Cia",archived,ad,2401,2930,1.22032486,"Clique de 7 dias ou visualização de 1 dia","Conversas por mensagem iniciadas",10,32.15,3.215,2026-01-12,2026-01-17,31,10.97269625,2026-01-12,2026-01-12
2026-01-12,"DC - JANEIRO/2026 / CBO —F2",VISITAS,P1,"Casa e Cia",not_delivering,ad,537,659,1.22718808,"Clique de 7 dias, visualização de 1 dia ou visualização com engajamento de 1 dia",,,9.58,,2026-01-01,2026-01-12,,14.53717754,2026-01-12,2026-01-12
2026-01-11,"DC - JANEIRO/2026 / CBO —F3  — PRODUTOS — Cópia",ENGAJAMENTO,P1,"Casa e Cia",not_delivering,ad,1023,1108,1.08308895,"Clique de 7 dias ou visualização de 1 dia","Conversas por mensagem iniciadas",1,12.11,12.11,2026-01-08,2026-01-11,22,10.92960289,2026-01-11,2026-01-11
2026-01-11,"DC - JANEIRO/2026 / CBO —F2",SEGUIDORES,P1,"Casa e Cia",not_delivering,ad,32,34,1.0625,"Clique de 7 dias, visualização de 1 dia ou visualização com engajamento de 1 dia",,,0.26,,2026-01-01,2026-01-12,,7.64705882,2026-01-11,2026-01-11
2026-01-11,"DC - JANEIRO/2026 / CBO — Pós vendas",VV,P1,"Casa e Cia",not_delivering,ad,479,576,1.20250522,"Clique de 7 dias, visualização de 1 dia ou visualização com engajamento de 1 dia","Leads no site",4,5.55,1.3875,2026-01-09,2026-01-12,7,9.63541667,2026-01-11,2026-01-11
2026-01-11,"DC - JANEIRO/2026 / CBO —F3  — PRODUTOS — Cópia",vv,P1,"Casa e Cia",not_delivering,ad,779,831,1.06675225,"Clique de 7 dias ou visualização de 1 dia",,,6.78,,2026-01-08,2026-01-11,8,8.15884477,2026-01-11,2026-01-11
2026-01-11,"DC - JANEIRO/2026 / CBO — Pós vendas",SEGUIDORES,P1,"Casa e Cia",not_delivering,ad,112,114,1.01785714,"Clique de 7 dias, visualização de 1 dia ou visualização com engajamento de 1 dia",,,0.85,,2026-01-09,2026-01-12,3,7.45614035,2026-01-11,2026-01-11
2026-01-11,"DC - JANEIRO/2026 / CBO —F2",SEGUIDORES,P2,"Casa e Cia",not_delivering,ad,324,359,1.10802469,"Clique de 7 dias, visualização de 1 dia ou visualização com engajamento de 1 dia","Leads no site",1,3.11,3.11,2026-01-01,2026-01-12,4,8.66295265,2026-01-11,2026-01-11
2026-01-11,"DC - JANEIRO/2026 / ABO —F3 — ABERTO — VIDEOS NOVOS",ENGAJAMENTO,P1,"Casa e Cia",not_delivering,ad,423,476,1.12529551,"Clique de 7 dias ou visualização de 1 dia","Conversas por mensagem iniciadas",1,11.29,11.29,2026-01-09,2026-01-12,3,23.71848739,2026-01-11,2026-01-11
2026-01-11,"DC - JANEIRO/2026 / CBO —F3  — PRODUTOS — Cópia",seguidores,P1,"Casa e Cia",not_delivering,ad,1212,1387,1.14438944,"Clique de 7 dias ou visualização de 1 dia","Conversas por mensagem iniciadas",1,15.78,15.78,2026-01-08,2026-01-11,9,11.37707282,2026-01-11,2026-01-11
2026-01-11,"DC - JANEIRO/2026 / CBO —F2",VV,VIDEO,"Casa e Cia",not_delivering,ad,2116,2729,1.28969754,"Clique de 7 dias, visualização de 1 dia ou visualização com engajamento de 1 dia","Leads no site",6,31.63,5.27166667,2026-01-01,2026-01-12,51,11.59032613,2026-01-11,2026-01-11
2026-01-11,"DC - JANEIRO/2026 / ABO —F3  — AVISOS — ABERTO",visitas,P1,"Casa e Cia",not_delivering,ad,699,748,1.07010014,"Clique de 7 dias ou visualização de 1 dia",,,9.95,,2026-01-08,2026-01-11,7,13.30213904,2026-01-11,2026-01-11
2026-01-11,"DC - JANEIRO/2026 / CBO —F2",VISITAS,VIDEO,"Casa e Cia",not_delivering,ad,94,106,1.12765957,"Clique de 7 dias, visualização de 1 dia ou visualização com engajamento de 1 dia","Leads no site",2,1.65,0.825,2026-01-01,2026-01-12,1,15.56603774,2026-01-11,2026-01-11
2026-01-11,"DC - JANEIRO/2026 / CBO —F2",ENGAJAMENTO,VIDEO,"Casa e Cia",not_delivering,ad,379,427,1.12664908,"Clique de 7 dias, visualização de 1 dia ou visualização com engajamento de 1 dia",,,5.55,,2026-01-01,2026-01-12,4,12.99765808,2026-01-11,2026-01-11
2026-01-11,"DC - JANEIRO/2026 / CBO — Pós vendas",VV,P2,"Casa e Cia",not_delivering,ad,873,1013,1.16036655,"Clique de 7 dias, visualização de 1 dia ou visualização com engajamento de 1 dia","Leads no site",2,8.86,4.43,2026-01-09,2026-01-12,11,8.74629812,2026-01-11,2026-01-11
2026-01-11,"DC - JANEIRO/2026 / CBO —F2",VISITAS,P1,"Casa e Cia",not_delivering,ad,45,48,1.06666667,"Clique de 7 dias, visualização de 1 dia ou visualização com engajamento de 1 dia",,,0.52,,2026-01-01,2026-01-12,1,10.83333333,2026-01-11,2026-01-11
2026-01-11,"DC - JANEIRO/2026 / ABO —F3  — AVISOS — ABERTO",seguidores,P1,"Casa e Cia",not_delivering,ad,584,661,1.13184932,"Clique de 7 dias ou visualização de 1 dia",,,10.42,,2026-01-08,2026-01-11,6,15.76399395,2026-01-11,2026-01-11
2026-01-11,"DC - JANEIRO/2026 / ABO —F3  — PRODUTOS",seguidores,P1,"Casa e Cia",not_delivering,ad,798,900,1.12781955,"Clique de 7 dias ou visualização de 1 dia","Conversas por mensagem iniciadas",2,10.92,5.46,2026-01-08,2026-01-11,6,12.13333333,2026-01-11,2026-01-11
2026-01-11,"DC - JANEIRO/2026 / ABO —F3 — ABERTO — VIDEOS NOVOS","ENGAJAMENTO — Cópia",P1,"Casa e Cia",not_delivering,ad,469,540,1.15138593,"Clique de 7 dias ou visualização de 1 dia","Conversas por mensagem iniciadas",3,11.5,3.83333333,2026-01-09,2026-01-12,8,21.2962963,2026-01-11,2026-01-11
2026-01-11,"DC - JANEIRO/2026 / ABO —F3  — PRODUTOS",vv,P1,"Casa e Cia",not_delivering,ad,1054,1164,1.10436433,"Clique de 7 dias ou visualização de 1 dia",,,10.46,,2026-01-08,2026-01-11,11,8.9862543,2026-01-11,2026-01-11
2026-01-11,"DC - JANEIRO/2026 / CBO — Pós vendas",SEGUIDORES,VIDEO,"Casa e Cia",not_delivering,ad,158,176,1.11392405,"Clique de 7 dias, visualização de 1 dia ou visualização com engajamento de 1 dia",,,2.17,,2026-01-09,2026-01-12,4,12.32954545,2026-01-11,2026-01-11
2026-01-11,"DC - JANEIRO/2026 / ABO —F3  — PRODUTOS",ENGAJAMENTO,P1,"Casa e Cia",not_delivering,ad,895,993,1.10949721,"Clique de 7 dias ou visualização de 1 dia","Conversas por mensagem iniciadas",1,11.08,11.08,2026-01-08,2026-01-11,12,11.15810675,2026-01-11,2026-01-11
2026-01-11,"DC - JANEIRO/2026 / CBO —F2",ENGAJAMENTO,P1,"Casa e Cia",not_delivering,ad,186,203,1.09139785,"Clique de 7 dias, visualização de 1 dia ou visualização com engajamento de 1 dia",,,3.02,,2026-01-01,2026-01-12,7,14.87684729,2026-01-11,2026-01-11
2026-01-11,"DC - JANEIRO/2026 / CBO — Pós vendas",ENGAJAMENTO,VIDEO,"Casa e Cia",not_delivering,ad,537,620,1.15456238,"Clique de 7 dias, visualização de 1 dia ou visualização com engajamento de 1 dia","Leads no site",2,9.23,4.615,2026-01-09,2026-01-12,15,14.88709677,2026-01-11,2026-01-11
2026-01-11,"DC - JANEIRO/2026 / ABO —F3 — ABERTO — PRODUTOS — Cópia",ENGAJAMENTO,P1,"Casa e Cia",not_delivering,ad,1945,2250,1.15681234,"Clique de 7 dias ou visualização de 1 dia","Conversas por mensagem iniciadas",2,38.53,19.265,2026-01-08,2026-01-17,24,17.12444444,2026-01-11,2026-01-11
2026-01-11,"DC - JANEIRO/2026 / CBO — Pós vendas",SEGUIDORES,P2,"Casa e Cia",not_delivering,ad,32,35,1.09375,"Clique de 7 dias, visualização de 1 dia ou visualização com engajamento de 1 dia",,,0.36,,2026-01-09,2026-01-12,,10.28571429,2026-01-11,2026-01-11
2026-01-11,"DC - JANEIRO/2026 / ABO —F3 — ABERTO DOMINGO",ENGAJAMENTO,P1,"Casa e Cia",not_delivering,ad,1406,1656,1.17780939,"Clique de 7 dias ou visualização de 1 dia","Conversas por mensagem iniciadas",2,15.7,7.85,2026-01-10,2026-01-13,16,9.48067633,2026-01-11,2026-01-11
2026-01-11,"DC - JANEIRO/2026 / ABO —F3  — AVISOS — ABERTO",ENGAJAMENTO,P1,"Casa e Cia",not_delivering,ad,415,484,1.16626506,"Clique de 7 dias ou visualização de 1 dia","Conversas por mensagem iniciadas",4,9.22,2.305,2026-01-08,2026-01-11,7,19.04958678,2026-01-11,2026-01-11
2026-01-11,"DC - JANEIRO/2026 / CBO —F3  — PRODUTOS — Cópia",visitas,P1,"Casa e Cia",not_delivering,ad,1105,1224,1.10769231,"Clique de 7 dias ou visualização de 1 dia",,,13.96,,2026-01-08,2026-01-11,8,11.40522876,2026-01-11,2026-01-11
2026-01-11,"DC - JANEIRO/2026 / ABO —F3  — PRODUTOS",visitas,P1,"Casa e Cia",not_delivering,ad,869,934,1.07479862,"Clique de 7 dias ou visualização de 1 dia",,,10.62,,2026-01-08,2026-01-11,9,11.37044968,2026-01-11,2026-01-11
2026-01-11,"DC - JANEIRO/2026 / ABO —F3 — ABERTO — VIDEOS NOVOS","ENGAJAMENTO — Cópia — Cópia",P1,"Casa e Cia",not_delivering,ad,275,321,1.16727273,"Clique de 7 dias ou visualização de 1 dia","Conversas por mensagem iniciadas",2,9.13,4.565,2026-01-09,2026-01-12,5,28.4423676,2026-01-11,2026-01-11
2026-01-11,"DC - JANEIRO/2026 / ABO —F3  — AVISOS — ABERTO",vv,P1,"Casa e Cia",not_delivering,ad,493,583,1.18255578,"Clique de 7 dias ou visualização de 1 dia","Conversas por mensagem iniciadas",2,9.4,4.7,2026-01-08,2026-01-11,12,16.12349914,2026-01-11,2026-01-11
2026-01-10,"DC - JANEIRO/2026 / CBO —F3  — PRODUTOS — Cópia",seguidores,P1,"Casa e Cia",not_delivering,ad,628,657,1.04617834,"Clique de 7 dias ou visualização de 1 dia","Conversas por mensagem iniciadas",2,9.93,4.965,2026-01-08,2026-01-11,5,15.11415525,2026-01-10,2026-01-10
2026-01-10,"DC - JANEIRO/2026 / ABO —F3  — AVISOS — ABERTO",vv,P1,"Casa e Cia",not_delivering,ad,1034,1073,1.0377176,"Clique de 7 dias ou visualização de 1 dia",,,17.44,,2026-01-08,2026-01-11,12,16.25349487,2026-01-10,2026-01-10
2026-01-10,"DC - JANEIRO/2026 / CBO —F2",VV,P2,"Casa e Cia",not_delivering,ad,131,136,1.03816794,"Clique de 7 dias, visualização de 1 dia ou visualização com engajamento de 1 dia","Leads no site",2,1.53,0.765,2026-01-01,2026-01-12,1,11.25,2026-01-10,2026-01-10
2026-01-10,"DC - JANEIRO/2026 / CBO — Pós vendas",SEGUIDORES,P2,"Casa e Cia",not_delivering,ad,115,125,1.08695652,"Clique de 7 dias, visualização de 1 dia ou visualização com engajamento de 1 dia",,,0.9,,2026-01-09,2026-01-12,,7.2,2026-01-10,2026-01-10
2026-01-10,"DC - JANEIRO/2026 / CBO — Pós vendas",VV,P2,"Casa e Cia",not_delivering,ad,124,129,1.04032258,"Clique de 7 dias, visualização de 1 dia ou visualização com engajamento de 1 dia","Leads no site",2,1.05,0.525,2026-01-09,2026-01-12,1,8.13953488,2026-01-10,2026-01-10
2026-01-10,"DC - JANEIRO/2026 / CBO — Pós vendas",VV,P1,"Casa e Cia",not_delivering,ad,456,496,1.0877193,"Clique de 7 dias, visualização de 1 dia ou visualização com engajamento de 1 dia","Leads no site",2,5.84,2.92,2026-01-09,2026-01-12,5,11.77419355,2026-01-10,2026-01-10
2026-01-10,"DC - JANEIRO/2026 / CBO —F2",VV,VIDEO,"Casa e Cia",not_delivering,ad,2083,2451,1.17666827,"Clique de 7 dias, visualização de 1 dia ou visualização com engajamento de 1 dia","Leads no site",12,36.26,3.02166667,2026-01-01,2026-01-12,58,14.79396165,2026-01-10,2026-01-10
2026-01-10,"DC - JANEIRO/2026 / ABO —F3 — ABERTO — VIDEOS NOVOS",ENGAJAMENTO,P1,"Casa e Cia",not_delivering,ad,506,586,1.15810277,"Clique de 7 dias ou visualização de 1 dia","Conversas por mensagem iniciadas",1,12.24,12.24,2026-01-09,2026-01-12,4,20.88737201,2026-01-10,2026-01-10
2026-01-10,"DC - JANEIRO/2026 / CBO — Pós vendas",SEGUIDORES,P1,"Casa e Cia",not_delivering,ad,317,336,1.05993691,"Clique de 7 dias, visualização de 1 dia ou visualização com engajamento de 1 dia",,,3.9,,2026-01-09,2026-01-12,4,11.60714286,2026-01-10,2026-01-10
2026-01-10,"DC - JANEIRO/2026 / CBO —F3  — PRODUTOS — Cópia",ENGAJAMENTO,P1,"Casa e Cia",not_delivering,ad,518,558,1.07722008,"Clique de 7 dias ou visualização de 1 dia","Conversas por mensagem iniciadas",1,7.15,7.15,2026-01-08,2026-01-11,6,12.81362007,2026-01-10,2026-01-10
2026-01-10,"DC - JANEIRO/2026 / CBO — Pós vendas",VV,VIDEO,"Casa e Cia",not_delivering,ad,237,250,1.05485232,"Clique de 7 dias, visualização de 1 dia ou visualização com engajamento de 1 dia",,,3.6,,2026-01-09,2026-01-12,2,14.4,2026-01-10,2026-01-10
2026-01-10,"DC - JANEIRO/2026 / CBO —F2",VISITAS,P2,"Casa e Cia",not_delivering,ad,19,19,1,"Clique de 7 dias, visualização de 1 dia ou visualização com engajamento de 1 dia",,,0.12,,2026-01-01,2026-01-12,,6.31578947,2026-01-10,2026-01-10
2026-01-10,"DC - JANEIRO/2026 / CBO —F2",SEGUIDORES,P2,"Casa e Cia",not_delivering,ad,367,391,1.0653951,"Clique de 7 dias, visualização de 1 dia ou visualização com engajamento de 1 dia",,,3.93,,2026-01-01,2026-01-12,3,10.0511509,2026-01-10,2026-01-10
2026-01-10,"DC - JANEIRO/2026 / CBO —F2",VV,P1,"Casa e Cia",not_delivering,ad,10,10,1,"Clique de 7 dias, visualização de 1 dia ou visualização com engajamento de 1 dia",,,0.07,,2026-01-01,2026-01-12,,7,2026-01-10,2026-01-10
2026-01-10,"DC - JANEIRO/2026 / ABO —F3  — AVISOS — ABERTO",ENGAJAMENTO,P1,"Casa e Cia",not_delivering,ad,1036,1061,1.02413127,"Clique de 7 dias ou visualização de 1 dia","Conversas por mensagem iniciadas",1,18.58,18.58,2026-01-08,2026-01-11,11,17.51178134,2026-01-10,2026-01-10
2026-01-10,"DC - JANEIRO/2026 / CBO —F3  — PRODUTOS — Cópia",vv,P1,"Casa e Cia",not_delivering,ad,423,431,1.01891253,"Clique de 7 dias ou visualização de 1 dia",,,4.69,,2026-01-08,2026-01-11,5,10.88167053,2026-01-10,2026-01-10
2026-01-10,"DC - JANEIRO/2026 / ABO —F3  — AVISOS — ABERTO",visitas,P1,"Casa e Cia",not_delivering,ad,1159,1242,1.07161346,"Clique de 7 dias ou visualização de 1 dia","Conversas por mensagem iniciadas",1,18.11,18.11,2026-01-08,2026-01-11,12,14.58132045,2026-01-10,2026-01-10
2026-01-10,"DC - JANEIRO/2026 / ABO —F3 — ABERTO — VIDEOS NOVOS","ENGAJAMENTO — Cópia — Cópia",P1,"Casa e Cia",not_delivering,ad,651,723,1.11059908,"Clique de 7 dias ou visualização de 1 dia","Conversas por mensagem iniciadas",2,13.59,6.795,2026-01-09,2026-01-12,8,18.7966805,2026-01-10,2026-01-10
2026-01-10,"DC - JANEIRO/2026 / ABO —F3  — PRODUTOS",vv,P1,"Casa e Cia",not_delivering,ad,1203,1286,1.06899418,"Clique de 7 dias ou visualização de 1 dia","Conversas por mensagem iniciadas",2,15,7.5,2026-01-08,2026-01-11,18,11.66407465,2026-01-10,2026-01-10
2026-01-10,"DC - JANEIRO/2026 / CBO —F3  — PRODUTOS — Cópia",visitas,P1,"Casa e Cia",not_delivering,ad,792,816,1.03030303,"Clique de 7 dias ou visualização de 1 dia","Conversas por mensagem iniciadas",3,11.2,3.73333333,2026-01-08,2026-01-11,9,13.7254902,2026-01-10,2026-01-10
2026-01-10,"DC - JANEIRO/2026 / ABO —F3 — ABERTO — PRODUTOS — Cópia",ENGAJAMENTO,P1,"Casa e Cia",not_delivering,ad,2093,2373,1.13377926,"Clique de 7 dias ou visualização de 1 dia","Conversas por mensagem iniciadas",7,36.49,5.21285714,2026-01-08,2026-01-17,39,15.37715971,2026-01-10,2026-01-10
2026-01-10,"DC - JANEIRO/2026 / ABO —F3  — PRODUTOS",visitas,P1,"Casa e Cia",not_delivering,ad,934,998,1.06852248,"Clique de 7 dias ou visualização de 1 dia",,,15.3,,2026-01-08,2026-01-11,8,15.33066132,2026-01-10,2026-01-10
2026-01-10,"DC - JANEIRO/2026 / CBO —F2",VISITAS,VIDEO,"Casa e Cia",not_delivering,ad,39,41,1.05128205,"Clique de 7 dias, visualização de 1 dia ou visualização com engajamento de 1 dia",,,0.83,,2026-01-01,2026-01-12,,20.24390244,2026-01-10,2026-01-10
2026-01-10,"DC - JANEIRO/2026 / CBO —F2",ENGAJAMENTO,VIDEO,"Casa e Cia",not_delivering,ad,436,484,1.11009174,"Clique de 7 dias, visualização de 1 dia ou visualização com engajamento de 1 dia","Leads no site",2,9.57,4.785,2026-01-01,2026-01-12,16,19.77272727,2026-01-10,2026-01-10
2026-01-10,"DC - JANEIRO/2026 / ABO —F3 — ABERTO — VIDEOS NOVOS","ENGAJAMENTO — Cópia",P1,"Casa e Cia",not_delivering,ad,653,727,1.11332312,"Clique de 7 dias ou visualização de 1 dia","Conversas por mensagem iniciadas",4,15.35,3.8375,2026-01-09,2026-01-12,9,21.11416781,2026-01-10,2026-01-10
2026-01-10,"DC - JANEIRO/2026 / ABO —F3  — PRODUTOS",seguidores,P1,"Casa e Cia",not_delivering,ad,1056,1140,1.07954545,"Clique de 7 dias ou visualização de 1 dia","Conversas por mensagem iniciadas",1,17.73,17.73,2026-01-08,2026-01-11,8,15.55263158,2026-01-10,2026-01-10
2026-01-10,"DC - JANEIRO/2026 / ABO —F3  — AVISOS — ABERTO",seguidores,P1,"Casa e Cia",not_delivering,ad,992,1104,1.11290323,"Clique de 7 dias ou visualização de 1 dia","Conversas por mensagem iniciadas",2,17.11,8.555,2026-01-08,2026-01-11,12,15.49818841,2026-01-10,2026-01-10
2026-01-10,"DC - JANEIRO/2026 / ABO —F3  — AVISOS",seguidores,P1,"Casa e Cia",not_delivering,ad,0,0,0,"Clique de 7 dias ou visualização de 1 dia","Conversas por mensagem iniciadas",1,0,0,2026-01-08,2026-01-11,,,2026-01-10,2026-01-10
2026-01-10,"DC - JANEIRO/2026 / ABO —F3  — PRODUTOS",ENGAJAMENTO,P1,"Casa e Cia",not_delivering,ad,1066,1111,1.04221388,"Clique de 7 dias ou visualização de 1 dia","Conversas por mensagem iniciadas",1,17.55,17.55,2026-01-08,2026-01-11,11,15.79657966,2026-01-10,2026-01-10
2026-01-10,"DC - JANEIRO/2026 / CBO — Pós vendas",ENGAJAMENTO,VIDEO,"Casa e Cia",not_delivering,ad,925,1072,1.15891892,"Clique de 7 dias, visualização de 1 dia ou visualização com engajamento de 1 dia","Leads no site",8,19.57,2.44625,2026-01-09,2026-01-12,27,18.25559701,2026-01-10,2026-01-10
2026-01-09,"DC - JANEIRO/2026 / CBO —F3  — PRODUTOS — Cópia",visitas,P1,"Casa e Cia",not_delivering,ad,806,902,1.1191067,"Clique de 7 dias ou visualização de 1 dia","Conversas por mensagem iniciadas",3,10.69,3.56333333,2026-01-08,2026-01-11,13,11.85144124,2026-01-09,2026-01-09
2026-01-09,"DC - JANEIRO/2026 / CBO —F2",SEGUIDORES,P2,"Casa e Cia",not_delivering,ad,33,33,1,"Clique de 7 dias, visualização de 1 dia ou visualização com engajamento de 1 dia",,,0.41,,2026-01-01,2026-01-12,,12.42424242,2026-01-09,2026-01-09
2026-01-09,"DC - JANEIRO/2026 / ABO —F3  — PRODUTOS",ENGAJAMENTO,P1,"Casa e Cia",not_delivering,ad,1187,1313,1.10614996,"Clique de 7 dias ou visualização de 1 dia","Conversas por mensagem iniciadas",1,16.86,16.86,2026-01-08,2026-01-11,23,12.84082254,2026-01-09,2026-01-09
2026-01-09,"DC - JANEIRO/2026 / ABO —F3  — AVISOS",seguidores,P1,"Casa e Cia",not_delivering,ad,567,632,1.11463845,"Clique de 7 dias ou visualização de 1 dia","Conversas por mensagem iniciadas",1,10.06,10.06,2026-01-08,2026-01-11,4,15.91772152,2026-01-09,2026-01-09
2026-01-09,"DC - JANEIRO/2026 / ABO —F3  — AVISOS — ABERTO",seguidores,P1,"Casa e Cia",not_delivering,ad,931,1072,1.15145005,"Clique de 7 dias ou visualização de 1 dia","Conversas por mensagem iniciadas",1,17.21,17.21,2026-01-08,2026-01-11,8,16.05410448,2026-01-09,2026-01-09
2026-01-09,"DC - JANEIRO/2026 / ABO —F3  — PRODUTOS",seguidores,P1,"Casa e Cia",not_delivering,ad,875,1016,1.16114286,"Clique de 7 dias ou visualização de 1 dia","Conversas por mensagem iniciadas",3,16.33,5.44333333,2026-01-08,2026-01-11,10,16.07283465,2026-01-09,2026-01-09
2026-01-09,"DC - JANEIRO/2026 / CBO —F3  — AVISOS",vv,P1,"Casa e Cia",not_delivering,ad,204,217,1.06372549,"Clique de 7 dias ou visualização de 1 dia",,,3.49,,2026-01-08,2026-01-11,1,16.08294931,2026-01-09,2026-01-09
2026-01-09,"DC - JANEIRO/2026 / CBO —F2",ENGAJAMENTO,VIDEO,"Casa e Cia",not_delivering,ad,78,83,1.06410256,"Clique de 7 dias, visualização de 1 dia ou visualização com engajamento de 1 dia","Leads no site",2,1.89,0.945,2026-01-01,2026-01-12,3,22.77108434,2026-01-09,2026-01-09
2026-01-09,"DC - JANEIRO/2026 / ABO —F3  — PRODUTOS",vv,P1,"Casa e Cia",not_delivering,ad,1347,1485,1.10244989,"Clique de 7 dias ou visualização de 1 dia","Conversas por mensagem iniciadas",1,16.63,16.63,2026-01-08,2026-01-11,19,11.1986532,2026-01-09,2026-01-09
2026-01-09,"DC - JANEIRO/2026 / CBO —F3  — AVISOS",visitas,P1,"Casa e Cia",not_delivering,ad,716,814,1.13687151,"Clique de 7 dias ou visualização de 1 dia","Conversas por mensagem iniciadas",1,10.89,10.89,2026-01-08,2026-01-11,8,13.37837838,2026-01-09,2026-01-09
2026-01-09,"DC - JANEIRO/2026 / CBO — Pós vendas",ENGAJAMENTO,P1,"Casa e Cia",not_delivering,ad,57,61,1.07017544,"Clique de 7 dias, visualização de 1 dia ou visualização com engajamento de 1 dia",,,0.78,,2026-01-09,2026-01-12,,12.78688525,2026-01-09,2026-01-09
2026-01-09,"DC - JANEIRO/2026 / CBO —F3  — PRODUTOS — Cópia",ENGAJAMENTO,P1,"Casa e Cia",not_delivering,ad,625,667,1.0672,"Clique de 7 dias ou visualização de 1 dia","Conversas por mensagem iniciadas",2,8.48,4.24,2026-01-08,2026-01-11,9,12.71364318,2026-01-09,2026-01-09
2026-01-09,"DC - JANEIRO/2026 / CBO —F3  — AVISOS",ENGAJAMENTO,P1,"Casa e Cia",not_delivering,ad,241,271,1.12448133,"Clique de 7 dias ou visualização de 1 dia",,,4.79,,2026-01-08,2026-01-11,4,17.67527675,2026-01-09,2026-01-09
2026-01-09,"DC - JANEIRO/2026 / ABO —F3  — AVISOS — ABERTO",ENGAJAMENTO,P1,"Casa e Cia",not_delivering,ad,843,954,1.1316726,"Clique de 7 dias ou visualização de 1 dia",,,16.78,,2026-01-08,2026-01-11,7,17.58909853,2026-01-09,2026-01-09
2026-01-09,"DC - JANEIRO/2026 / CBO —F2",VV,P1,"Casa e Cia",not_delivering,ad,5,5,1,"Clique de 7 dias, visualização de 1 dia ou visualização com engajamento de 1 dia",,,0.05,,2026-01-01,2026-01-12,,10,2026-01-09,2026-01-09
2026-01-09,"DC - JANEIRO/2026 / ABO —F3  — AVISOS — ABERTO",visitas,P1,"Casa e Cia",not_delivering,ad,1297,1437,1.1079414,"Clique de 7 dias ou visualização de 1 dia","Conversas por mensagem iniciadas",2,17.46,8.73,2026-01-08,2026-01-11,20,12.15031315,2026-01-09,2026-01-09
2026-01-09,"DC - JANEIRO/2026 / CBO —F3  — PRODUTOS — Cópia",vv,P1,"Casa e Cia",not_delivering,ad,713,766,1.0743338,"Clique de 7 dias ou visualização de 1 dia","Conversas por mensagem iniciadas",1,7.81,7.81,2026-01-08,2026-01-11,14,10.19582245,2026-01-09,2026-01-09
2026-01-09,"DC - JANEIRO/2026 / ABO —F3  — AVISOS",visitas,P1,"Casa e Cia",not_delivering,ad,417,634,1.52038369,"Clique de 7 dias ou visualização de 1 dia",,,11.93,,2026-01-08,2026-01-11,7,18.8170347,2026-01-09,2026-01-09
2026-01-09,"DC - JANEIRO/2026 / CBO — Pós vendas",VV,P2,"Casa e Cia",not_delivering,ad,74,81,1.09459459,"Clique de 7 dias, visualização de 1 dia ou visualização com engajamento de 1 dia",,,1.05,,2026-01-09,2026-01-12,,12.96296296,2026-01-09,2026-01-09
2026-01-09,"DC - JANEIRO/2026 / CBO — Pós vendas",VV,P1,"Casa e Cia",not_delivering,ad,46,48,1.04347826,"Clique de 7 dias, visualização de 1 dia ou visualização com engajamento de 1 dia",,,0.78,,2026-01-09,2026-01-12,,16.25,2026-01-09,2026-01-09
2026-01-09,"DC - JANEIRO/2026 / CBO —F2",SEGUIDORES,P1,"Casa e Cia",not_delivering,ad,4,4,1,"Clique de 7 dias, visualização de 1 dia ou visualização com engajamento de 1 dia",,,0.07,,2026-01-01,2026-01-12,1,17.5,2026-01-09,2026-01-09
2026-01-09,"DC - JANEIRO/2026 / CBO —F3  — PRODUTOS — Cópia",seguidores,P1,"Casa e Cia",not_delivering,ad,726,785,1.08126722,"Clique de 7 dias ou visualização de 1 dia",,,10.53,,2026-01-08,2026-01-11,13,13.41401274,2026-01-09,2026-01-09
2026-01-09,"DC - JANEIRO/2026 / ABO —F3  — AVISOS",ENGAJAMENTO,P1,"Casa e Cia",not_delivering,ad,671,760,1.13263785,"Clique de 7 dias ou visualização de 1 dia","Conversas por mensagem iniciadas",1,12.85,12.85,2026-01-08,2026-01-11,9,16.90789474,2026-01-09,2026-01-09
2026-01-09,"DC - JANEIRO/2026 / ABO —F3 — ABERTO — PRODUTOS — Cópia",ENGAJAMENTO,P1,"Casa e Cia",not_delivering,ad,1936,2293,1.18440083,"Clique de 7 dias ou visualização de 1 dia","Conversas por mensagem iniciadas",9,33.89,3.76555556,2026-01-08,2026-01-17,31,14.7797645,2026-01-09,2026-01-09
2026-01-09,"DC - JANEIRO/2026 / CBO —F2",VV,VIDEO,"Casa e Cia",not_delivering,ad,252,279,1.10714286,"Clique de 7 dias, visualização de 1 dia ou visualização com engajamento de 1 dia","Leads no site",2,5.06,2.53,2026-01-01,2026-01-12,8,18.13620072,2026-01-09,2026-01-09
2026-01-09,"DC - JANEIRO/2026 / ABO —F3  — AVISOS",vv,P1,"Casa e Cia",not_delivering,ad,772,856,1.10880829,"Clique de 7 dias ou visualização de 1 dia","Conversas por mensagem iniciadas",1,13.49,13.49,2026-01-08,2026-01-11,13,15.75934579,2026-01-09,2026-01-09
2026-01-09,"DC - JANEIRO/2026 / CBO —F2",VV,P2,"Casa e Cia",not_delivering,ad,63,67,1.06349206,"Clique de 7 dias, visualização de 1 dia ou visualização com engajamento de 1 dia",,,0.73,,2026-01-01,2026-01-12,,10.89552239,2026-01-09,2026-01-09
2026-01-09,"DC - JANEIRO/2026 / CBO —F2",VISITAS,VIDEO,"Casa e Cia",not_delivering,ad,14,15,1.07142857,"Clique de 7 dias, visualização de 1 dia ou visualização com engajamento de 1 dia",,,0.32,,2026-01-01,2026-01-12,1,21.33333333,2026-01-09,2026-01-09
2026-01-09,"DC - JANEIRO/2026 / CBO — Pós vendas",SEGUIDORES,P2,"Casa e Cia",not_delivering,ad,14,15,1.07142857,"Clique de 7 dias, visualização de 1 dia ou visualização com engajamento de 1 dia",,,0.1,,2026-01-09,2026-01-12,,6.66666667,2026-01-09,2026-01-09
2026-01-09,"DC - JANEIRO/2026 / ABO —F3  — PRODUTOS",visitas,P1,"Casa e Cia",not_delivering,ad,1169,1351,1.15568862,"Clique de 7 dias ou visualização de 1 dia","Conversas por mensagem iniciadas",3,16.56,5.52,2026-01-08,2026-01-11,19,12.25758697,2026-01-09,2026-01-09
2026-01-09,"DC - JANEIRO/2026 / CBO — Pós vendas",SEGUIDORES,VIDEO,"Casa e Cia",not_delivering,ad,75,80,1.06666667,"Clique de 7 dias, visualização de 1 dia ou visualização com engajamento de 1 dia","Leads no site",2,2.26,1.13,2026-01-09,2026-01-12,3,28.25,2026-01-09,2026-01-09
2026-01-09,"DC - JANEIRO/2026 / ABO —F3  — AVISOS — ABERTO",vv,P1,"Casa e Cia",not_delivering,ad,1026,1157,1.12768031,"Clique de 7 dias ou visualização de 1 dia","Conversas por mensagem iniciadas",2,18.11,9.055,2026-01-08,2026-01-11,10,15.6525497,2026-01-09,2026-01-09
2026-01-09,"DC - JANEIRO/2026 / CBO —F3  — AVISOS",seguidores,P1,"Casa e Cia",not_delivering,ad,826,1032,1.24939467,"Clique de 7 dias ou visualização de 1 dia",,,17.75,,2026-01-08,2026-01-11,10,17.1996124,2026-01-09,2026-01-09
2026-01-08,"DC - JANEIRO/2026 / CBO —F2 — Cópia",ENGAJAMENTO,VIDEO,"Casa e Cia",not_delivering,ad,150,172,1.14666667,"Clique de 7 dias, visualização de 1 dia ou visualização com engajamento de 1 dia",,,4.63,,2026-01-04,2026-01-08,2,26.91860465,2026-01-08,2026-01-08
2026-01-08,"DC - JANEIRO/2026 / ABO —F2 — ABERTO — Cópia",ENGAJAMENTO,VIDEO,"Casa e Cia",not_delivering,ad,177,185,1.04519774,"Clique de 7 dias, visualização de 1 dia ou visualização com engajamento de 1 dia","Leads no site",7,11.08,1.58285714,2026-01-03,2026-01-08,41,59.89189189,2026-01-08,2026-01-08
2026-01-08,"DC - JANEIRO/2026 / ABO —F2 — ABERTO — Cópia",VISITAS,P1,"Casa e Cia",not_delivering,ad,778,804,1.03341902,"Clique de 7 dias, visualização de 1 dia ou visualização com engajamento de 1 dia","Leads no site",4,7.19,1.7975,2026-01-03,2026-01-08,9,8.94278607,2026-01-08,2026-01-08
2026-01-08,"DC - JANEIRO/2026 / ABO —F2",VV,P2,"Casa e Cia",not_delivering,ad,375,411,1.096,"Clique de 7 dias, visualização de 1 dia ou visualização com engajamento de 1 dia","Leads no site",4,4.42,1.105,2026-01-01,2026-01-08,3,10.75425791,2026-01-08,2026-01-08
2026-01-08,"DC - JANEIRO/2026 / ABO —F2 — ABERTO — Cópia",VV,VIDEO,"Casa e Cia",not_delivering,ad,96,105,1.09375,"Clique de 7 dias, visualização de 1 dia ou visualização com engajamento de 1 dia","Leads no site",6,9.68,1.61333333,2026-01-03,2026-01-08,27,92.19047619,2026-01-08,2026-01-08
2026-01-08,"DC - JANEIRO/2026 / ABO —F2 — ABERTO — Cópia",ENGAJAMENTO,P2,"Casa e Cia",not_delivering,ad,1,1,1,"Clique de 7 dias, visualização de 1 dia ou visualização com engajamento de 1 dia",,,0,,2026-01-03,2026-01-08,,0,2026-01-08,2026-01-08
2026-01-08,"DC - JANEIRO/2026 / CBO —F2 — Cópia",SEGUIDORES,P2,"Casa e Cia",not_delivering,ad,107,114,1.06542056,"Clique de 7 dias, visualização de 1 dia ou visualização com engajamento de 1 dia","Leads no site",2,1.19,0.595,2026-01-04,2026-01-08,1,10.43859649,2026-01-08,2026-01-08
2026-01-08,"DC - JANEIRO/2026 / ABO —F2 — ABERTO — Cópia",ENGAJAMENTO,P1,"Casa e Cia",not_delivering,ad,34,35,1.02941176,"Clique de 7 dias, visualização de 1 dia ou visualização com engajamento de 1 dia",,,1.02,,2026-01-03,2026-01-08,1,29.14285714,2026-01-08,2026-01-08
2026-01-08,"DC - JANEIRO/2026 / ABO —F2 — ABERTO",SEGUIDORES,P2,"Casa e Cia",not_delivering,ad,267,278,1.0411985,"Clique de 7 dias, visualização de 1 dia ou visualização com engajamento de 1 dia",,,5.02,,2026-01-01,2026-01-08,4,18.05755396,2026-01-08,2026-01-08
2026-01-08,"DC - JANEIRO/2026 / CBO —F2",VV,VIDEO,"Casa e Cia",not_delivering,ad,1341,1476,1.10067114,"Clique de 7 dias, visualização de 1 dia ou visualização com engajamento de 1 dia","Leads no site",15,28.39,1.89266667,2026-01-01,2026-01-12,40,19.23441734,2026-01-08,2026-01-08
2026-01-08,"DC - JANEIRO/2026 / CBO —F2 — Cópia",VV,P2,"Casa e Cia",not_delivering,ad,238,249,1.04621849,"Clique de 7 dias, visualização de 1 dia ou visualização com engajamento de 1 dia",,,2.48,,2026-01-04,2026-01-08,2,9.95983936,2026-01-08,2026-01-08
2026-01-08,"DC - JANEIRO/2026 / CBO —F2 — Cópia",VV,VIDEO,"Casa e Cia",not_delivering,ad,64,66,1.03125,"Clique de 7 dias, visualização de 1 dia ou visualização com engajamento de 1 dia",,,1.54,,2026-01-04,2026-01-08,,23.33333333,2026-01-08,2026-01-08
2026-01-08,"DC - JANEIRO/2026 / ABO —F2 — ABERTO — Cópia",ENGAJAMENTO,P1,"Casa e Cia",not_delivering,ad,43,43,1,"Clique de 7 dias, visualização de 1 dia ou visualização com engajamento de 1 dia",,,0.77,,2026-01-03,2026-01-08,1,17.90697674,2026-01-08,2026-01-08
2026-01-08,"DC - JANEIRO/2026 / ABO —F2 — ABERTO",VV,VIDEO,"Casa e Cia",not_delivering,ad,128,143,1.1171875,"Clique de 7 dias, visualização de 1 dia ou visualização com engajamento de 1 dia","Leads no site",4,13.09,3.2725,2026-01-01,2026-01-08,41,91.53846154,2026-01-08,2026-01-08
2026-01-08,"DC - JANEIRO/2026 / ABO —F3  — AVISOS",vv,P1,"Casa e Cia",not_delivering,ad,9,9,1,"Clique de 7 dias ou visualização de 1 dia",,,0.24,,2026-01-08,2026-01-11,,26.66666667,2026-01-08,2026-01-08
2026-01-08,"DC - JANEIRO/2026 / ABO —F2 — ABERTO — Cópia",ENGAJAMENTO,P1,"Casa e Cia",not_delivering,ad,350,370,1.05714286,"Clique de 7 dias, visualização de 1 dia ou visualização com engajamento de 1 dia","Leads no site",4,7.24,1.81,2026-01-03,2026-01-08,7,19.56756757,2026-01-08,2026-01-08
2026-01-08,"DC - JANEIRO/2026 / CBO —F3  — AVISOS",seguidores,P1,"Casa e Cia",not_delivering,ad,4,4,1,"Clique de 7 dias ou visualização de 1 dia",,,0.03,,2026-01-08,2026-01-11,,7.5,2026-01-08,2026-01-08
2026-01-08,"DC - JANEIRO/2026 / ABO —F2 — ABERTO",ENGAJAMENTO,P2,"Casa e Cia",not_delivering,ad,342,367,1.07309942,"Clique de 7 dias, visualização de 1 dia ou visualização com engajamento de 1 dia","Leads no site",1,8.16,8.16,2026-01-01,2026-01-08,11,22.23433243,2026-01-08,2026-01-08
2026-01-08,"DC - JANEIRO/2026 / ABO —F2 — ABERTO — Cópia",SEGUIDORES,VIDEO,"Casa e Cia",not_delivering,ad,145,158,1.08965517,"Clique de 7 dias, visualização de 1 dia ou visualização com engajamento de 1 dia","Leads no site",11,11.2,1.01818182,2026-01-03,2026-01-08,29,70.88607595,2026-01-08,2026-01-08
2026-01-08,"DC - JANEIRO/2026 / CBO —F2 — Cópia",VV,VIDEO,"Casa e Cia",not_delivering,ad,503,563,1.11928429,"Clique de 7 dias, visualização de 1 dia ou visualização com engajamento de 1 dia","Leads no site",6,10.52,1.75333333,2026-01-04,2026-01-08,15,18.68561279,2026-01-08,2026-01-08
2026-01-08,"DC - JANEIRO/2026 / CBO —F2 — Cópia",VV,P2,"Casa e Cia",not_delivering,ad,126,130,1.03174603,"Clique de 7 dias, visualização de 1 dia ou visualização com engajamento de 1 dia",,,1.27,,2026-01-04,2026-01-08,,9.76923077,2026-01-08,2026-01-08
2026-01-08,"DC - JANEIRO/2026 / ABO —F2 — ABERTO — Cópia",SEGUIDORES,P2,"Casa e Cia",not_delivering,ad,667,676,1.01349325,"Clique de 7 dias, visualização de 1 dia ou visualização com engajamento de 1 dia","Leads no site",6,9.42,1.57,2026-01-03,2026-01-08,20,13.93491124,2026-01-08,2026-01-08
2026-01-08,"DC - JANEIRO/2026 / CBO —F2 — Cópia",SEGUIDORES,VIDEO,"Casa e Cia",not_delivering,ad,32,33,1.03125,"Clique de 7 dias, visualização de 1 dia ou visualização com engajamento de 1 dia",,,0.66,,2026-01-04,2026-01-08,,20,2026-01-08,2026-01-08
2026-01-08,"DC - JANEIRO/2026 / CBO —F2",SEGUIDORES,P1,"Casa e Cia",not_delivering,ad,3,3,1,"Clique de 7 dias, visualização de 1 dia ou visualização com engajamento de 1 dia",,,0.04,,2026-01-01,2026-01-12,,13.33333333,2026-01-08,2026-01-08
2026-01-08,"DC - JANEIRO/2026 / CBO —F3  — PRODUTOS — Cópia",ENGAJAMENTO,P1,"Casa e Cia",not_delivering,ad,13,14,1.07692308,"Clique de 7 dias ou visualização de 1 dia",,,0.21,,2026-01-08,2026-01-11,1,15,2026-01-08,2026-01-08
2026-01-08,"DC - JANEIRO/2026 / CBO —F3  — PRODUTOS — Cópia",vv,P1,"Casa e Cia",not_delivering,ad,14,15,1.07142857,"Clique de 7 dias ou visualização de 1 dia",,,0.2,,2026-01-08,2026-01-11,1,13.33333333,2026-01-08,2026-01-08
2026-01-08,"DC - JANEIRO/2026 / ABO —F2 — ABERTO — Cópia",VISITAS,P1,"Casa e Cia",not_delivering,ad,512,537,1.04882812,"Clique de 7 dias, visualização de 1 dia ou visualização com engajamento de 1 dia","Leads no site",4,6.77,1.6925,2026-01-03,2026-01-08,17,12.60707635,2026-01-08,2026-01-08
2026-01-08,"DC - JANEIRO/2026 / ABO —F2 — ABERTO — Cópia",VV,VIDEO,"Casa e Cia",not_delivering,ad,146,155,1.06164384,"Clique de 7 dias, visualização de 1 dia ou visualização com engajamento de 1 dia","Leads no site",8,9.62,1.2025,2026-01-03,2026-01-08,35,62.06451613,2026-01-08,2026-01-08
2026-01-08,"DC - JANEIRO/2026 / CBO —F2 — Cópia",ENGAJAMENTO,P2,"Casa e Cia",not_delivering,ad,15,15,1,"Clique de 7 dias, visualização de 1 dia ou visualização com engajamento de 1 dia",,,0.19,,2026-01-04,2026-01-08,,12.66666667,2026-01-08,2026-01-08
2026-01-08,"DC - JANEIRO/2026 / CBO —F2",VV,P2,"Casa e Cia",not_delivering,ad,953,1049,1.10073452,"Clique de 7 dias, visualização de 1 dia ou visualização com engajamento de 1 dia","Leads no site",4,10.92,2.73,2026-01-01,2026-01-12,17,10.4099142,2026-01-08,2026-01-08
2026-01-08,"DC - JANEIRO/2026 / CBO —F3  — PRODUTOS — Cópia",seguidores,P1,"Casa e Cia",not_delivering,ad,18,18,1,"Clique de 7 dias ou visualização de 1 dia",,,0.16,,2026-01-08,2026-01-11,,8.88888889,2026-01-08,2026-01-08
2026-01-08,"DC - JANEIRO/2026 / ABO —F3  — AVISOS — ABERTO",visitas,P1,"Casa e Cia",not_delivering,ad,7,8,1.14285714,"Clique de 7 dias ou visualização de 1 dia",,,0.07,,2026-01-08,2026-01-11,,8.75,2026-01-08,2026-01-08
2026-01-08,"DC - JANEIRO/2026 / ABO —F2",ENGAJAMENTO,P1,"Casa e Cia",not_delivering,ad,200,217,1.085,"Clique de 7 dias, visualização de 1 dia ou visualização com engajamento de 1 dia","Leads no site",2,4.09,2.045,2026-01-01,2026-01-08,3,18.84792627,2026-01-08,2026-01-08
2026-01-08,"DC - JANEIRO/2026 / ABO —F2",VV,P1,"Casa e Cia",not_delivering,ad,248,272,1.09677419,"Clique de 7 dias, visualização de 1 dia ou visualização com engajamento de 1 dia","Leads no site",2,3.23,1.615,2026-01-01,2026-01-08,5,11.875,2026-01-08,2026-01-08
2026-01-08,"DC - JANEIRO/2026 / CBO —F2",VV,P1,"Casa e Cia",not_delivering,ad,276,311,1.12681159,"Clique de 7 dias, visualização de 1 dia ou visualização com engajamento de 1 dia",,,3.84,,2026-01-01,2026-01-12,4,12.34726688,2026-01-08,2026-01-08
2026-01-08,"DC - JANEIRO/2026 / ABO —F3  — AVISOS — ABERTO",ENGAJAMENTO,P1,"Casa e Cia",not_delivering,ad,7,7,1,"Clique de 7 dias ou visualização de 1 dia",,,0.1,,2026-01-08,2026-01-11,,14.28571429,2026-01-08,2026-01-08
2026-01-08,"DC - JANEIRO/2026 / CBO —F3  — AVISOS",ENGAJAMENTO,P1,"Casa e Cia",not_delivering,ad,3,3,1,"Clique de 7 dias ou visualização de 1 dia",,,0.05,,2026-01-08,2026-01-11,,16.66666667,2026-01-08,2026-01-08
2026-01-08,"DC - JANEIRO/2026 / ABO —F3  — AVISOS",ENGAJAMENTO,P1,"Casa e Cia",not_delivering,ad,19,20,1.05263158,"Clique de 7 dias ou visualização de 1 dia",,,0.35,,2026-01-08,2026-01-11,,17.5,2026-01-08,2026-01-08
2026-01-08,"DC - JANEIRO/2026 / ABO —F2",VISITAS,P1,"Casa e Cia",not_delivering,ad,383,453,1.18276762,"Clique de 7 dias, visualização de 1 dia ou visualização com engajamento de 1 dia","Leads no site",2,7.7,3.85,2026-01-01,2026-01-08,4,16.99779249,2026-01-08,2026-01-08
2026-01-08,"DC - JANEIRO/2026 / CBO —F2 — Cópia",VISITAS,P1,"Casa e Cia",not_delivering,ad,151,168,1.11258278,"Clique de 7 dias, visualização de 1 dia ou visualização com engajamento de 1 dia",,,3.24,,2026-01-04,2026-01-08,2,19.28571429,2026-01-08,2026-01-08
2026-01-08,"DC - JANEIRO/2026 / ABO —F2 — ABERTO",SEGUIDORES,P1,"Casa e Cia",not_delivering,ad,43,57,1.3255814,"Clique de 7 dias, visualização de 1 dia ou visualização com engajamento de 1 dia","Leads no site",2,1.86,0.93,2026-01-01,2026-01-08,2,32.63157895,2026-01-08,2026-01-08
2026-01-08,"DC - JANEIRO/2026 / CBO —F2 — Cópia",SEGUIDORES,P1,"Casa e Cia",not_delivering,ad,4,5,1.25,"Clique de 7 dias, visualização de 1 dia ou visualização com engajamento de 1 dia",,,0.02,,2026-01-04,2026-01-08,,4,2026-01-08,2026-01-08
2026-01-08,"DC - JANEIRO/2026 / ABO —F3  — AVISOS — ABERTO",seguidores,P1,"Casa e Cia",not_delivering,ad,6,6,1,"Clique de 7 dias ou visualização de 1 dia",,,0.12,,2026-01-08,2026-01-11,,20,2026-01-08,2026-01-08
2026-01-08,"DC - JANEIRO/2026 / CBO —F2 — Cópia",VISITAS,P1,"Casa e Cia",not_delivering,ad,60,64,1.06666667,"Clique de 7 dias, visualização de 1 dia ou visualização com engajamento de 1 dia",,,0.77,,2026-01-04,2026-01-08,,12.03125,2026-01-08,2026-01-08
2026-01-08,"DC - JANEIRO/2026 / ABO —F3  — PRODUTOS",ENGAJAMENTO,P1,"Casa e Cia",not_delivering,ad,147,153,1.04081633,"Clique de 7 dias ou visualização de 1 dia",,,1.79,,2026-01-08,2026-01-11,1,11.69934641,2026-01-08,2026-01-08
2026-01-08,"DC - JANEIRO/2026 / ABO —F2",SEGUIDORES,VIDEO,"Casa e Cia",not_delivering,ad,368,409,1.11141304,"Clique de 7 dias, visualização de 1 dia ou visualização com engajamento de 1 dia",,,6.86,,2026-01-01,2026-01-08,1,16.77261614,2026-01-08,2026-01-08
2026-01-08,"DC - JANEIRO/2026 / ABO —F3  — AVISOS",seguidores,P1,"Casa e Cia",not_delivering,ad,6,8,1.33333333,"Clique de 7 dias ou visualização de 1 dia",,,0.04,,2026-01-08,2026-01-11,,5,2026-01-08,2026-01-08
2026-01-08,"DC - JANEIRO/2026 / ABO —F2 — ABERTO — Cópia",VV,P2,"Casa e Cia",not_delivering,ad,292,297,1.01712329,"Clique de 7 dias, visualização de 1 dia ou visualização com engajamento de 1 dia",,,5.88,,2026-01-03,2026-01-08,5,19.7979798,2026-01-08,2026-01-08
2026-01-08,"DC - JANEIRO/2026 / CBO —F2 — Cópia",SEGUIDORES,VIDEO,"Casa e Cia",not_delivering,ad,389,428,1.10025707,"Clique de 7 dias, visualização de 1 dia ou visualização com engajamento de 1 dia",,,6.07,,2026-01-04,2026-01-08,2,14.18224299,2026-01-08,2026-01-08
2026-01-08,"DC - JANEIRO/2026 / CBO —F3  — PRODUTOS — Cópia",visitas,P1,"Casa e Cia",not_delivering,ad,7,7,1,"Clique de 7 dias ou visualização de 1 dia",,,0.01,,2026-01-08,2026-01-11,,1.42857143,2026-01-08,2026-01-08
2026-01-08,"DC - JANEIRO/2026 / ABO —F2 — ABERTO — Cópia",SEGUIDORES,VIDEO,"Casa e Cia",not_delivering,ad,123,137,1.11382114,"Clique de 7 dias, visualização de 1 dia ou visualização com engajamento de 1 dia",,,7.96,,2026-01-03,2026-01-08,21,58.10218978,2026-01-08,2026-01-08
2026-01-08,"DC - JANEIRO/2026 / CBO —F2 — Cópia",VISITAS,P1,"Casa e Cia",not_delivering,ad,62,67,1.08064516,"Clique de 7 dias, visualização de 1 dia ou visualização com engajamento de 1 dia","Leads no site",2,0.8,0.4,2026-01-04,2026-01-08,2,11.94029851,2026-01-08,2026-01-08
2026-01-08,"DC - JANEIRO/2026 / CBO —F2 — Cópia",VV,P1,"Casa e Cia",not_delivering,ad,115,124,1.07826087,"Clique de 7 dias, visualização de 1 dia ou visualização com engajamento de 1 dia","Leads no site",2,1.53,0.765,2026-01-04,2026-01-08,2,12.33870968,2026-01-08,2026-01-08
2026-01-08,"DC - JANEIRO/2026 / ABO —F3  — PRODUTOS",seguidores,P1,"Casa e Cia",not_delivering,ad,131,142,1.08396947,"Clique de 7 dias ou visualização de 1 dia","Conversas por mensagem iniciadas",2,1.55,0.775,2026-01-08,2026-01-11,3,10.91549296,2026-01-08,2026-01-08
2026-01-08,"DC - JANEIRO/2026 / ABO —F2 — ABERTO — Cópia",VISITAS,P1,"Casa e Cia",not_delivering,ad,344,347,1.00872093,"Clique de 7 dias, visualização de 1 dia ou visualização com engajamento de 1 dia","Leads no site",4,6.06,1.515,2026-01-03,2026-01-08,12,17.46397695,2026-01-08,2026-01-08
2026-01-08,"DC - JANEIRO/2026 / CBO —F2",SEGUIDORES,VIDEO,"Casa e Cia",not_delivering,ad,4,4,1,"Clique de 7 dias, visualização de 1 dia ou visualização com engajamento de 1 dia",,,0.03,,2026-01-01,2026-01-12,,7.5,2026-01-08,2026-01-08
2026-01-08,"DC - JANEIRO/2026 / CBO —F3  — AVISOS",vv,P1,"Casa e Cia",not_delivering,ad,4,4,1,"Clique de 7 dias ou visualização de 1 dia",,,0.01,,2026-01-08,2026-01-11,,2.5,2026-01-08,2026-01-08
2026-01-08,"DC - JANEIRO/2026 / ABO —F2 — ABERTO — Cópia",VISITAS,P1,"Casa e Cia",not_delivering,ad,636,645,1.01415094,"Clique de 7 dias, visualização de 1 dia ou visualização com engajamento de 1 dia","Leads no site",12,7.38,0.615,2026-01-03,2026-01-08,15,11.44186047,2026-01-08,2026-01-08
2026-01-08,"DC - JANEIRO/2026 / ABO —F2 — ABERTO — Cópia",SEGUIDORES,P2,"Casa e Cia",not_delivering,ad,464,490,1.05603448,"Clique de 7 dias, visualização de 1 dia ou visualização com engajamento de 1 dia",,,11.35,,2026-01-03,2026-01-08,13,23.16326531,2026-01-08,2026-01-08
2026-01-08,"DC - JANEIRO/2026 / CBO —F2 — Cópia",SEGUIDORES,P1,"Casa e Cia",not_delivering,ad,56,60,1.07142857,"Clique de 7 dias, visualização de 1 dia ou visualização com engajamento de 1 dia",,,0.65,,2026-01-04,2026-01-08,1,10.83333333,2026-01-08,2026-01-08
2026-01-08,"DC - JANEIRO/2026 / CBO —F2",SEGUIDORES,P2,"Casa e Cia",not_delivering,ad,50,50,1,"Clique de 7 dias, visualização de 1 dia ou visualização com engajamento de 1 dia",,,0.71,,2026-01-01,2026-01-12,1,14.2,2026-01-08,2026-01-08
2026-01-08,"DC - JANEIRO/2026 / ABO —F3  — PRODUTOS",visitas,P1,"Casa e Cia",not_delivering,ad,105,111,1.05714286,"Clique de 7 dias ou visualização de 1 dia",,,1.1,,2026-01-08,2026-01-11,,9.90990991,2026-01-08,2026-01-08
2026-01-08,"DC - JANEIRO/2026 / CBO —F2 — Cópia",ENGAJAMENTO,VIDEO,"Casa e Cia",not_delivering,ad,239,266,1.11297071,"Clique de 7 dias, visualização de 1 dia ou visualização com engajamento de 1 dia","Leads no site",2,6.21,3.105,2026-01-04,2026-01-08,4,23.34586466,2026-01-08,2026-01-08
2026-01-08,"DC - JANEIRO/2026 / ABO —F3 — ABERTO — PRODUTOS — Cópia",ENGAJAMENTO,P1,"Casa e Cia",not_delivering,ad,307,365,1.18892508,"Clique de 7 dias ou visualização de 1 dia","Conversas por mensagem iniciadas",2,4.33,2.165,2026-01-08,2026-01-17,6,11.8630137,2026-01-08,2026-01-08
2026-01-08,"DC - JANEIRO/2026 / ABO —F2 — ABERTO",SEGUIDORES,VIDEO,"Casa e Cia",not_delivering,ad,0,0,0,"Clique de 7 dias, visualização de 1 dia ou visualização com engajamento de 1 dia","Leads no site",1,0,0,2026-01-01,2026-01-08,,,2026-01-08,2026-01-08
2026-01-08,"DC - JANEIRO/2026 / CBO —F2",ENGAJAMENTO,VIDEO,"Casa e Cia",not_delivering,ad,178,197,1.10674157,"Clique de 7 dias, visualização de 1 dia ou visualização com engajamento de 1 dia","Leads no site",6,5.08,0.84666667,2026-01-01,2026-01-12,6,25.78680203,2026-01-08,2026-01-08
2026-01-08,"DC - JANEIRO/2026 / ABO —F2 — ABERTO",VISITAS,P1,"Casa e Cia",not_delivering,ad,567,590,1.04056437,"Clique de 7 dias, visualização de 1 dia ou visualização com engajamento de 1 dia","Leads no site",6,8.12,1.35333333,2026-01-01,2026-01-08,11,13.76271186,2026-01-08,2026-01-08
2026-01-08,"DC - JANEIRO/2026 / ABO —F3  — PRODUTOS",vv,P1,"Casa e Cia",not_delivering,ad,11,11,1,"Clique de 7 dias ou visualização de 1 dia",,,0.08,,2026-01-08,2026-01-11,,7.27272727,2026-01-08,2026-01-08
2026-01-08,"DC - JANEIRO/2026 / ABO —F2 — ABERTO — Cópia",ENGAJAMENTO,VIDEO,"Casa e Cia",not_delivering,ad,27,34,1.25925926,"Clique de 7 dias, visualização de 1 dia ou visualização com engajamento de 1 dia","Leads no site",5,6.16,1.232,2026-01-03,2026-01-08,13,181.17647059,2026-01-08,2026-01-08
2026-01-08,"DC - JANEIRO/2026 / CBO —F2 — Cópia",ENGAJAMENTO,P2,"Casa e Cia",not_delivering,ad,33,33,1,"Clique de 7 dias, visualização de 1 dia ou visualização com engajamento de 1 dia",,,0.52,,2026-01-04,2026-01-08,,15.75757576,2026-01-08,2026-01-08
2026-01-08,"DC - JANEIRO/2026 / CBO —F2 — Cópia",VISITAS,P2,"Casa e Cia",not_delivering,ad,3,3,1,"Clique de 7 dias, visualização de 1 dia ou visualização com engajamento de 1 dia",,,0.03,,2026-01-04,2026-01-08,,10,2026-01-08,2026-01-08
2026-01-08,"DC - JANEIRO/2026 / CBO —F2 — Cópia",SEGUIDORES,VIDEO,"Casa e Cia",not_delivering,ad,256,275,1.07421875,"Clique de 7 dias, visualização de 1 dia ou visualização com engajamento de 1 dia","Leads no site",2,5.26,2.63,2026-01-04,2026-01-08,6,19.12727273,2026-01-08,2026-01-08
2026-01-08,"DC - JANEIRO/2026 / ABO —F2 — ABERTO",ENGAJAMENTO,P1,"Casa e Cia",not_delivering,ad,148,151,1.02027027,"Clique de 7 dias, visualização de 1 dia ou visualização com engajamento de 1 dia",,,2.22,,2026-01-01,2026-01-08,2,14.70198675,2026-01-08,2026-01-08
2026-01-08,"DC - JANEIRO/2026 / CBO —F3  — AVISOS",visitas,P1,"Casa e Cia",not_delivering,ad,2,2,1,"Clique de 7 dias ou visualização de 1 dia",,,0.02,,2026-01-08,2026-01-11,,10,2026-01-08,2026-01-08
2026-01-08,"DC - JANEIRO/2026 / ABO —F3  — AVISOS",visitas,P1,"Casa e Cia",not_delivering,ad,40,59,1.475,"Clique de 7 dias ou visualização de 1 dia",,,0.99,,2026-01-08,2026-01-11,,16.77966102,2026-01-08,2026-01-08
2026-01-08,"DC - JANEIRO/2026 / ABO —F3  — AVISOS — ABERTO",vv,P1,"Casa e Cia",not_delivering,ad,3,3,1,"Clique de 7 dias ou visualização de 1 dia",,,0.02,,2026-01-08,2026-01-11,,6.66666667,2026-01-08,2026-01-08
2026-01-08,"DC - JANEIRO/2026 / ABO —F2 — ABERTO — Cópia",VV,VIDEO,"Casa e Cia",not_delivering,ad,122,135,1.10655738,"Clique de 7 dias, visualização de 1 dia ou visualização com engajamento de 1 dia","Leads no site",6,10.75,1.79166667,2026-01-03,2026-01-08,37,79.62962963,2026-01-08,2026-01-08
2026-01-08,"DC - JANEIRO/2026 / ABO —F2",ENGAJAMENTO,P2,"Casa e Cia",not_delivering,ad,124,145,1.16935484,"Clique de 7 dias, visualização de 1 dia ou visualização com engajamento de 1 dia",,,3.21,,2026-01-01,2026-01-08,6,22.13793103,2026-01-08,2026-01-08
2026-01-08,"DC - JANEIRO/2026 / CBO —F2 — Cópia",ENGAJAMENTO,VIDEO,"Casa e Cia",not_delivering,ad,27,29,1.07407407,"Clique de 7 dias, visualização de 1 dia ou visualização com engajamento de 1 dia",,,0.4,,2026-01-04,2026-01-08,1,13.79310345,2026-01-08,2026-01-08
2026-01-07,"DC - JANEIRO/2026 / CBO —F2",VISITAS,VIDEO,"Casa e Cia",not_delivering,ad,12,15,1.25,"Clique de 7 dias, visualização de 1 dia ou visualização com engajamento de 1 dia",,,0.15,,2026-01-01,2026-01-12,,10,2026-01-07,2026-01-07
2026-01-07,"DC - JANEIRO/2026 / CBO —F2 — Cópia",SEGUIDORES,P2,"Casa e Cia",not_delivering,ad,155,166,1.07096774,"Clique de 7 dias, visualização de 1 dia ou visualização com engajamento de 1 dia","Leads no site",2,1.76,0.88,2026-01-04,2026-01-08,2,10.60240964,2026-01-07,2026-01-07
2026-01-07,"DC - JANEIRO/2026 / CBO —F2 — Cópia",VV,VIDEO,"Casa e Cia",not_delivering,ad,290,308,1.06206897,"Clique de 7 dias, visualização de 1 dia ou visualização com engajamento de 1 dia","Leads no site",4,4.63,1.1575,2026-01-04,2026-01-08,8,15.03246753,2026-01-07,2026-01-07
2026-01-07,"DC - JANEIRO/2026 / ABO —F2",VV,P2,"Casa e Cia",not_delivering,ad,601,664,1.10482529,"Clique de 7 dias, visualização de 1 dia ou visualização com engajamento de 1 dia","Leads no site",2,6,3,2026-01-01,2026-01-08,8,9.03614458,2026-01-07,2026-01-07
2026-01-07,"DC - JANEIRO/2026 / ABO —F2 — ABERTO — Cópia",SEGUIDORES,VIDEO,"Casa e Cia",not_delivering,ad,127,129,1.01574803,"Clique de 7 dias, visualização de 1 dia ou visualização com engajamento de 1 dia","Leads no site",2,4.22,2.11,2026-01-03,2026-01-08,15,32.71317829,2026-01-07,2026-01-07
2026-01-07,"DC - JANEIRO/2026 / ABO —F2 — ABERTO — Cópia",VV,VIDEO,"Casa e Cia",not_delivering,ad,178,184,1.03370787,"Clique de 7 dias, visualização de 1 dia ou visualização com engajamento de 1 dia","Leads no site",3,5.53,1.84333333,2026-01-03,2026-01-08,9,30.05434783,2026-01-07,2026-01-07
2026-01-07,"DC - JANEIRO/2026 / CBO —F2 — Cópia",SEGUIDORES,P2,"Casa e Cia",not_delivering,ad,133,148,1.11278195,"Clique de 7 dias, visualização de 1 dia ou visualização com engajamento de 1 dia","Leads no site",2,1.82,0.91,2026-01-04,2026-01-08,3,12.2972973,2026-01-07,2026-01-07
2026-01-07,"DC - JANEIRO/2026 / ABO —F2 — ABERTO — Cópia",SEGUIDORES,VIDEO,"Casa e Cia",not_delivering,ad,1,1,1,"Clique de 7 dias, visualização de 1 dia ou visualização com engajamento de 1 dia",,,0.01,,2026-01-03,2026-01-08,,10,2026-01-07,2026-01-07
2026-01-07,"DC - JANEIRO/2026 / ABO —F2 — ABERTO — Cópia",ENGAJAMENTO,P1,"Casa e Cia",not_delivering,ad,3,5,1.66666667,"Clique de 7 dias, visualização de 1 dia ou visualização com engajamento de 1 dia",,,0.05,,2026-01-03,2026-01-08,,10,2026-01-07,2026-01-07
2026-01-07,"DC - JANEIRO/2026 / ABO —F2 — ABERTO",SEGUIDORES,P2,"Casa e Cia",not_delivering,ad,525,562,1.07047619,"Clique de 7 dias, visualização de 1 dia ou visualização com engajamento de 1 dia","Leads no site",6,8.66,1.44333333,2026-01-01,2026-01-08,10,15.40925267,2026-01-07,2026-01-07
2026-01-07,"DC - JANEIRO/2026 / ABO —F2",VISITAS,P1,"Casa e Cia",not_delivering,ad,476,609,1.27941176,"Clique de 7 dias, visualização de 1 dia ou visualização com engajamento de 1 dia","Leads no site",8,8.36,1.045,2026-01-01,2026-01-08,6,13.727422,2026-01-07,2026-01-07
2026-01-07,"DC - JANEIRO/2026 / ABO —F2 — ABERTO — Cópia",VV,P1,"Casa e Cia",not_delivering,ad,2,2,1,"Clique de 7 dias, visualização de 1 dia ou visualização com engajamento de 1 dia",,,0.01,,2026-01-03,2026-01-08,,5,2026-01-07,2026-01-07
2026-01-07,"DC - JANEIRO/2026 / ABO —F2 — ABERTO — Cópia",SEGUIDORES,VIDEO,"Casa e Cia",not_delivering,ad,202,212,1.04950495,"Clique de 7 dias, visualização de 1 dia ou visualização com engajamento de 1 dia","Leads no site",3,8.43,2.81,2026-01-03,2026-01-08,17,39.76415094,2026-01-07,2026-01-07
2026-01-07,"DC - JANEIRO/2026 / CBO —F2",VV,VIDEO,"Casa e Cia",not_delivering,ad,1271,1362,1.07159717,"Clique de 7 dias, visualização de 1 dia ou visualização com engajamento de 1 dia","Leads no site",10,18.95,1.895,2026-01-01,2026-01-12,24,13.9133627,2026-01-07,2026-01-07
2026-01-07,"DC - JANEIRO/2026 / ABO —F2 — ABERTO",VV,VIDEO,"Casa e Cia",not_delivering,ad,249,256,1.02811245,"Clique de 7 dias, visualização de 1 dia ou visualização com engajamento de 1 dia","Leads no site",4,7.2,1.8,2026-01-01,2026-01-08,11,28.125,2026-01-07,2026-01-07
2026-01-07,"DC - JANEIRO/2026 / CBO —F2 — Cópia",VV,VIDEO,"Casa e Cia",not_delivering,ad,572,613,1.07167832,"Clique de 7 dias, visualização de 1 dia ou visualização com engajamento de 1 dia","Leads no site",8,10.66,1.3325,2026-01-04,2026-01-08,18,17.38988581,2026-01-07,2026-01-07
2026-01-07,"DC - JANEIRO/2026 / ABO —F2 — ABERTO — Cópia",VISITAS,P2,"Casa e Cia",not_delivering,ad,1,1,1,"Clique de 7 dias, visualização de 1 dia ou visualização com engajamento de 1 dia",,,0.01,,2026-01-03,2026-01-08,,10,2026-01-07,2026-01-07
2026-01-07,"DC - JANEIRO/2026 / ABO —F2 — ABERTO",ENGAJAMENTO,P2,"Casa e Cia",not_delivering,ad,278,295,1.06115108,"Clique de 7 dias, visualização de 1 dia ou visualização com engajamento de 1 dia","Leads no site",2,6.02,3.01,2026-01-01,2026-01-08,5,20.40677966,2026-01-07,2026-01-07
2026-01-07,"DC - JANEIRO/2026 / CBO —F2 — Cópia",VISITAS,P1,"Casa e Cia",not_delivering,ad,106,123,1.16037736,"Clique de 7 dias, visualização de 1 dia ou visualização com engajamento de 1 dia",,,1.46,,2026-01-04,2026-01-08,2,11.8699187,2026-01-07,2026-01-07
2026-01-07,"DC - JANEIRO/2026 / ABO —F2 — ABERTO — Cópia",ENGAJAMENTO,P1,"Casa e Cia",not_delivering,ad,113,115,1.01769912,"Clique de 7 dias, visualização de 1 dia ou visualização com engajamento de 1 dia",,,1.66,,2026-01-03,2026-01-08,2,14.43478261,2026-01-07,2026-01-07
2026-01-07,"DC - JANEIRO/2026 / ABO —F2 — ABERTO — Cópia",VISITAS,VIDEO,"Casa e Cia",not_delivering,ad,13,14,1.07692308,"Clique de 7 dias, visualização de 1 dia ou visualização com engajamento de 1 dia",,,0.13,,2026-01-03,2026-01-08,2,9.28571429,2026-01-07,2026-01-07
2026-01-07,"DC - JANEIRO/2026 / ABO —F2",VV,P1,"Casa e Cia",not_delivering,ad,277,308,1.11191336,"Clique de 7 dias, visualização de 1 dia ou visualização com engajamento de 1 dia","Leads no site",2,3.78,1.89,2026-01-01,2026-01-08,9,12.27272727,2026-01-07,2026-01-07
2026-01-07,"DC - JANEIRO/2026 / CBO —F2 — Cópia",VV,P1,"Casa e Cia",not_delivering,ad,110,114,1.03636364,"Clique de 7 dias, visualização de 1 dia ou visualização com engajamento de 1 dia",,,1.36,,2026-01-04,2026-01-08,,11.92982456,2026-01-07,2026-01-07
2026-01-07,"DC - JANEIRO/2026 / ABO —F2 — ABERTO — Cópia",VISITAS,P1,"Casa e Cia",not_delivering,ad,499,522,1.04609218,"Clique de 7 dias, visualização de 1 dia ou visualização com engajamento de 1 dia","Leads no site",4,5,1.25,2026-01-03,2026-01-08,5,9.57854406,2026-01-07,2026-01-07
2026-01-07,"DC - JANEIRO/2026 / ABO —F2 — ABERTO — Cópia",SEGUIDORES,P2,"Casa e Cia",not_delivering,ad,6,7,1.16666667,"Clique de 7 dias, visualização de 1 dia ou visualização com engajamento de 1 dia",,,0.14,,2026-01-03,2026-01-08,,20,2026-01-07,2026-01-07
2026-01-07,"DC - JANEIRO/2026 / ABO —F2 — ABERTO — Cópia",VISITAS,P1,"Casa e Cia",not_delivering,ad,175,179,1.02285714,"Clique de 7 dias, visualização de 1 dia ou visualização com engajamento de 1 dia","Leads no site",6,1.79,0.29833333,2026-01-03,2026-01-08,5,10,2026-01-07,2026-01-07
2026-01-07,"DC - JANEIRO/2026 / CBO —F2 — Cópia",ENGAJAMENTO,P2,"Casa e Cia",not_delivering,ad,2,2,1,"Clique de 7 dias, visualização de 1 dia ou visualização com engajamento de 1 dia",,,0.08,,2026-01-04,2026-01-08,,40,2026-01-07,2026-01-07
2026-01-07,"DC - JANEIRO/2026 / ABO —F2 — ABERTO — Cópia",VV,VIDEO,"Casa e Cia",not_delivering,ad,215,226,1.05116279,"Clique de 7 dias, visualização de 1 dia ou visualização com engajamento de 1 dia","Leads no site",5,5.78,1.156,2026-01-03,2026-01-08,17,25.57522124,2026-01-07,2026-01-07
2026-01-07,"DC - JANEIRO/2026 / ABO —F2 — ABERTO — Cópia",SEGUIDORES,P2,"Casa e Cia",not_delivering,ad,525,550,1.04761905,"Clique de 7 dias, visualização de 1 dia ou visualização com engajamento de 1 dia","Leads no site",2,6.39,3.195,2026-01-03,2026-01-08,10,11.61818182,2026-01-07,2026-01-07
2026-01-07,"DC - JANEIRO/2026 / CBO —F2 — Cópia",VV,VIDEO,"Casa e Cia",not_delivering,ad,47,48,1.0212766,"Clique de 7 dias, visualização de 1 dia ou visualização com engajamento de 1 dia",,,1.03,,2026-01-04,2026-01-08,1,21.45833333,2026-01-07,2026-01-07
2026-01-07,"DC - JANEIRO/2026 / CBO —F2 — Cópia",VV,P2,"Casa e Cia",not_delivering,ad,111,113,1.01801802,"Clique de 7 dias, visualização de 1 dia ou visualização com engajamento de 1 dia","Leads no site",2,1,0.5,2026-01-04,2026-01-08,2,8.84955752,2026-01-07,2026-01-07
2026-01-07,"DC - JANEIRO/2026 / CBO —F2 — Cópia",VV,P2,"Casa e Cia",not_delivering,ad,69,74,1.07246377,"Clique de 7 dias, visualização de 1 dia ou visualização com engajamento de 1 dia",,,0.52,,2026-01-04,2026-01-08,1,7.02702703,2026-01-07,2026-01-07
2026-01-07,"DC - JANEIRO/2026 / ABO —F2 — ABERTO — Cópia",VV,VIDEO,"Casa e Cia",not_delivering,ad,211,217,1.02843602,"Clique de 7 dias, visualização de 1 dia ou visualização com engajamento de 1 dia","Leads no site",5,4.98,0.996,2026-01-03,2026-01-08,13,22.94930876,2026-01-07,2026-01-07
2026-01-07,"DC - JANEIRO/2026 / CBO —F2",VV,P1,"Casa e Cia",not_delivering,ad,316,332,1.05063291,"Clique de 7 dias, visualização de 1 dia ou visualização com engajamento de 1 dia","Leads no site",2,4.08,2.04,2026-01-01,2026-01-12,5,12.28915663,2026-01-07,2026-01-07
2026-01-07,"DC - JANEIRO/2026 / CBO —F2",VV,P2,"Casa e Cia",not_delivering,ad,1582,1807,1.14222503,"Clique de 7 dias, visualização de 1 dia ou visualização com engajamento de 1 dia","Leads no site",10,19.82,1.982,2026-01-01,2026-01-12,32,10.968456,2026-01-07,2026-01-07
2026-01-07,"DC - JANEIRO/2026 / CBO —F2 — Cópia",ENGAJAMENTO,VIDEO,"Casa e Cia",not_delivering,ad,161,171,1.0621118,"Clique de 7 dias, visualização de 1 dia ou visualização com engajamento de 1 dia","Leads no site",4,3,0.75,2026-01-04,2026-01-08,4,17.54385965,2026-01-07,2026-01-07
2026-01-07,"DC - JANEIRO/2026 / CBO —F2 — Cópia",VV,VIDEO,"Casa e Cia",not_delivering,ad,398,411,1.03266332,"Clique de 7 dias, visualização de 1 dia ou visualização com engajamento de 1 dia",,,7.01,,2026-01-04,2026-01-08,9,17.05596107,2026-01-07,2026-01-07
2026-01-07,"DC - JANEIRO/2026 / ABO —F2",ENGAJAMENTO,P1,"Casa e Cia",not_delivering,ad,340,393,1.15588235,"Clique de 7 dias, visualização de 1 dia ou visualização com engajamento de 1 dia","Leads no site",2,6.09,3.045,2026-01-01,2026-01-08,3,15.49618321,2026-01-07,2026-01-07
2026-01-07,"DC - JANEIRO/2026 / ABO —F2 — ABERTO — Cópia",VISITAS,P1,"Casa e Cia",not_delivering,ad,500,526,1.052,"Clique de 7 dias, visualização de 1 dia ou visualização com engajamento de 1 dia","Leads no site",2,4.07,2.035,2026-01-03,2026-01-08,4,7.73764259,2026-01-07,2026-01-07
2026-01-07,"DC - JANEIRO/2026 / ABO —F2 — ABERTO — Cópia",VISITAS,P2,"Casa e Cia",not_delivering,ad,1,1,1,"Clique de 7 dias, visualização de 1 dia ou visualização com engajamento de 1 dia",,,0.02,,2026-01-03,2026-01-08,,20,2026-01-07,2026-01-07
2026-01-07,"DC - JANEIRO/2026 / CBO —F2 — Cópia",ENGAJAMENTO,VIDEO,"Casa e Cia",not_delivering,ad,231,247,1.06926407,"Clique de 7 dias, visualização de 1 dia ou visualização com engajamento de 1 dia","Leads no site",2,7.56,3.78,2026-01-04,2026-01-08,8,30.60728745,2026-01-07,2026-01-07
2026-01-07,"DC - JANEIRO/2026 / ABO —F2 — ABERTO — Cópia",ENGAJAMENTO,VIDEO,"Casa e Cia",not_delivering,ad,386,398,1.03108808,"Clique de 7 dias, visualização de 1 dia ou visualização com engajamento de 1 dia","Leads no site",5,9.51,1.902,2026-01-03,2026-01-08,18,23.89447236,2026-01-07,2026-01-07
2026-01-07,"DC - JANEIRO/2026 / ABO —F2 — ABERTO — Cópia",ENGAJAMENTO,VIDEO,"Casa e Cia",not_delivering,ad,23,23,1,"Clique de 7 dias, visualização de 1 dia ou visualização com engajamento de 1 dia",,,0.75,,2026-01-03,2026-01-08,1,32.60869565,2026-01-07,2026-01-07
2026-01-07,"DC - JANEIRO/2026 / ABO —F2",SEGUIDORES,VIDEO,"Casa e Cia",not_delivering,ad,546,609,1.11538462,"Clique de 7 dias, visualização de 1 dia ou visualização com engajamento de 1 dia","Leads no site",3,8.84,2.94666667,2026-01-01,2026-01-08,11,14.51559934,2026-01-07,2026-01-07
2026-01-07,"DC - JANEIRO/2026 / ABO —F2 — ABERTO",VV,P2,"Casa e Cia",not_delivering,ad,1,1,1,"Clique de 7 dias, visualização de 1 dia ou visualização com engajamento de 1 dia",,,0,,2026-01-01,2026-01-08,,0,2026-01-07,2026-01-07
2026-01-07,"DC - JANEIRO/2026 / CBO —F2",VISITAS,P1,"Casa e Cia",not_delivering,ad,2,2,1,"Clique de 7 dias, visualização de 1 dia ou visualização com engajamento de 1 dia",,,0,,2026-01-01,2026-01-12,,0,2026-01-07,2026-01-07
2026-01-07,"DC - JANEIRO/2026 / CBO —F2 — Cópia",SEGUIDORES,VIDEO,"Casa e Cia",not_delivering,ad,331,379,1.14501511,"Clique de 7 dias, visualização de 1 dia ou visualização com engajamento de 1 dia","Leads no site",4,5.07,1.2675,2026-01-04,2026-01-08,5,13.37730871,2026-01-07,2026-01-07
2026-01-07,"DC - JANEIRO/2026 / CBO —F2 — Cópia",VISITAS,P1,"Casa e Cia",not_delivering,ad,92,105,1.14130435,"Clique de 7 dias, visualização de 1 dia ou visualização com engajamento de 1 dia",,,1.08,,2026-01-04,2026-01-08,2,10.28571429,2026-01-07,2026-01-07
2026-01-07,"DC - JANEIRO/2026 / ABO —F2 — ABERTO — Cópia",VV,P2,"Casa e Cia",not_delivering,ad,285,293,1.02807018,"Clique de 7 dias, visualização de 1 dia ou visualização com engajamento de 1 dia","Leads no site",4,3.66,0.915,2026-01-03,2026-01-08,3,12.49146758,2026-01-07,2026-01-07
2026-01-07,"DC - JANEIRO/2026 / ABO —F2 — ABERTO — Cópia",SEGUIDORES,VIDEO,"Casa e Cia",not_delivering,ad,20,20,1,"Clique de 7 dias, visualização de 1 dia ou visualização com engajamento de 1 dia","Leads no site",2,0.43,0.215,2026-01-03,2026-01-08,2,21.5,2026-01-07,2026-01-07
2026-01-07,"DC - JANEIRO/2026 / ABO —F2 — ABERTO — Cópia",VISITAS,P1,"Casa e Cia",not_delivering,ad,341,349,1.02346041,"Clique de 7 dias, visualização de 1 dia ou visualização com engajamento de 1 dia",,,4.02,,2026-01-03,2026-01-08,1,11.51862464,2026-01-07,2026-01-07
2026-01-07,"DC - JANEIRO/2026 / CBO —F2",SEGUIDORES,VIDEO,"Casa e Cia",not_delivering,ad,95,100,1.05263158,"Clique de 7 dias, visualização de 1 dia ou visualização com engajamento de 1 dia",,,1.13,,2026-01-01,2026-01-12,,11.3,2026-01-07,2026-01-07
2026-01-07,"DC - JANEIRO/2026 / ABO —F2 — ABERTO — Cópia",VISITAS,P1,"Casa e Cia",not_delivering,ad,502,525,1.04581673,"Clique de 7 dias, visualização de 1 dia ou visualização com engajamento de 1 dia","Leads no site",2,5.88,2.94,2026-01-03,2026-01-08,8,11.2,2026-01-07,2026-01-07
2026-01-07,"DC - JANEIRO/2026 / ABO —F2 — ABERTO",SEGUIDORES,P1,"Casa e Cia",not_delivering,ad,126,127,1.00793651,"Clique de 7 dias, visualização de 1 dia ou visualização com engajamento de 1 dia",,,2.97,,2026-01-01,2026-01-08,1,23.38582677,2026-01-07,2026-01-07
2026-01-07,"DC - JANEIRO/2026 / CBO —F2 — Cópia",VISITAS,P1,"Casa e Cia",not_delivering,ad,64,71,1.109375,"Clique de 7 dias, visualização de 1 dia ou visualização com engajamento de 1 dia",,,0.85,,2026-01-04,2026-01-08,1,11.97183099,2026-01-07,2026-01-07
2026-01-07,"DC - JANEIRO/2026 / ABO —F2 — ABERTO — Cópia",SEGUIDORES,P2,"Casa e Cia",not_delivering,ad,218,222,1.01834862,"Clique de 7 dias, visualização de 1 dia ou visualização com engajamento de 1 dia","Leads no site",2,3.52,1.76,2026-01-03,2026-01-08,3,15.85585586,2026-01-07,2026-01-07
2026-01-07,"DC - JANEIRO/2026 / ABO —F2 — ABERTO",ENGAJAMENTO,P1,"Casa e Cia",not_delivering,ad,265,272,1.02641509,"Clique de 7 dias, visualização de 1 dia ou visualização com engajamento de 1 dia","Leads no site",4,5.26,1.315,2026-01-01,2026-01-08,11,19.33823529,2026-01-07,2026-01-07
2026-01-07,"DC - JANEIRO/2026 / CBO —F2 — Cópia",ENGAJAMENTO,VIDEO,"Casa e Cia",not_delivering,ad,333,365,1.0960961,"Clique de 7 dias, visualização de 1 dia ou visualização com engajamento de 1 dia",,,6.22,,2026-01-04,2026-01-08,1,17.04109589,2026-01-07,2026-01-07
2026-01-07,"DC - JANEIRO/2026 / CBO —F2 — Cópia",SEGUIDORES,P1,"Casa e Cia",not_delivering,ad,172,192,1.11627907,"Clique de 7 dias, visualização de 1 dia ou visualização com engajamento de 1 dia",,,2.97,,2026-01-04,2026-01-08,1,15.46875,2026-01-07,2026-01-07
2026-01-07,"DC - JANEIRO/2026 / CBO —F2 — Cópia",SEGUIDORES,VIDEO,"Casa e Cia",not_delivering,ad,284,317,1.11619718,"Clique de 7 dias, visualização de 1 dia ou visualização com engajamento de 1 dia","Leads no site",6,5.43,0.905,2026-01-04,2026-01-08,8,17.12933754,2026-01-07,2026-01-07
2026-01-07,"DC - JANEIRO/2026 / ABO —F2 — ABERTO — Cópia",VV,VIDEO,"Casa e Cia",not_delivering,ad,223,234,1.04932735,"Clique de 7 dias, visualização de 1 dia ou visualização com engajamento de 1 dia","Leads no site",12,8.59,0.71583333,2026-01-03,2026-01-08,20,36.70940171,2026-01-07,2026-01-07
2026-01-07,"DC - JANEIRO/2026 / ABO —F2 — ABERTO",VISITAS,P1,"Casa e Cia",not_delivering,ad,717,730,1.0181311,"Clique de 7 dias, visualização de 1 dia ou visualização com engajamento de 1 dia","Leads no site",6,7.17,1.195,2026-01-01,2026-01-08,9,9.82191781,2026-01-07,2026-01-07
2026-01-07,"DC - JANEIRO/2026 / CBO —F2 — Cópia",SEGUIDORES,P2,"Casa e Cia",not_delivering,ad,191,198,1.03664921,"Clique de 7 dias, visualização de 1 dia ou visualização com engajamento de 1 dia","Leads no site",2,1.98,0.99,2026-01-04,2026-01-08,2,10,2026-01-07,2026-01-07
2026-01-07,"DC - JANEIRO/2026 / ABO —F2 — ABERTO — Cópia",VV,VIDEO,"Casa e Cia",not_delivering,ad,1,1,1,"Clique de 7 dias, visualização de 1 dia ou visualização com engajamento de 1 dia",,,0.03,,2026-01-03,2026-01-08,,30,2026-01-07,2026-01-07
2026-01-07,"DC - JANEIRO/2026 / ABO —F2 — ABERTO — Cópia",ENGAJAMENTO,VIDEO,"Casa e Cia",not_delivering,ad,186,191,1.02688172,"Clique de 7 dias, visualização de 1 dia ou visualização com engajamento de 1 dia","Leads no site",9,8.82,0.98,2026-01-03,2026-01-08,19,46.17801047,2026-01-07,2026-01-07
2026-01-07,"DC - JANEIRO/2026 / CBO —F2 — Cópia",VISITAS,P1,"Casa e Cia",not_delivering,ad,129,150,1.1627907,"Clique de 7 dias, visualização de 1 dia ou visualização com engajamento de 1 dia","Leads no site",2,2.06,1.03,2026-01-04,2026-01-08,2,13.73333333,2026-01-07,2026-01-07
2026-01-07,"DC - JANEIRO/2026 / CBO —F2 — Cópia",VISITAS,P1,"Casa e Cia",not_delivering,ad,112,130,1.16071429,"Clique de 7 dias, visualização de 1 dia ou visualização com engajamento de 1 dia",,,1.43,,2026-01-04,2026-01-08,4,11,2026-01-07,2026-01-07
2026-01-07,"DC - JANEIRO/2026 / CBO —F2",ENGAJAMENTO,VIDEO,"Casa e Cia",not_delivering,ad,257,295,1.14785992,"Clique de 7 dias, visualização de 1 dia ou visualização com engajamento de 1 dia","Leads no site",2,4.87,2.435,2026-01-01,2026-01-12,9,16.50847458,2026-01-07,2026-01-07
2026-01-07,"DC - JANEIRO/2026 / CBO —F2 — Cópia",ENGAJAMENTO,P1,"Casa e Cia",not_delivering,ad,61,66,1.08196721,"Clique de 7 dias, visualização de 1 dia ou visualização com engajamento de 1 dia",,,1.14,,2026-01-04,2026-01-08,,17.27272727,2026-01-07,2026-01-07
2026-01-07,"DC - JANEIRO/2026 / ABO —F2",ENGAJAMENTO,P2,"Casa e Cia",not_delivering,ad,186,225,1.20967742,"Clique de 7 dias, visualização de 1 dia ou visualização com engajamento de 1 dia","Leads no site",2,3.54,1.77,2026-01-01,2026-01-08,4,15.73333333,2026-01-07,2026-01-07
2026-01-07,"DC - JANEIRO/2026 / CBO —F2 — Cópia",ENGAJAMENTO,VIDEO,"Casa e Cia",not_delivering,ad,218,230,1.05504587,"Clique de 7 dias, visualização de 1 dia ou visualização com engajamento de 1 dia","Leads no site",2,3.73,1.865,2026-01-04,2026-01-08,5,16.2173913,2026-01-07,2026-01-07
2026-01-07,"DC - JANEIRO/2026 / CBO —F2 — Cópia",SEGUIDORES,P1,"Casa e Cia",not_delivering,ad,66,70,1.06060606,"Clique de 7 dias, visualização de 1 dia ou visualização com engajamento de 1 dia",,,1.1,,2026-01-04,2026-01-08,,15.71428571,2026-01-07,2026-01-07
2026-01-07,"DC - JANEIRO/2026 / ABO —F2 — ABERTO — Cópia",ENGAJAMENTO,VIDEO,"Casa e Cia",not_delivering,ad,221,229,1.0361991,"Clique de 7 dias, visualização de 1 dia ou visualização com engajamento de 1 dia","Leads no site",2,7.7,3.85,2026-01-03,2026-01-08,14,33.62445415,2026-01-07,2026-01-07
2026-01-07,"DC - JANEIRO/2026 / ABO —F2 — ABERTO — Cópia",SEGUIDORES,VIDEO,"Casa e Cia",not_delivering,ad,166,174,1.04819277,"Clique de 7 dias, visualização de 1 dia ou visualização com engajamento de 1 dia","Leads no site",3,5.5,1.83333333,2026-01-03,2026-01-08,16,31.6091954,2026-01-07,2026-01-07
2026-01-07,"DC - JANEIRO/2026 / CBO —F2 — Cópia",SEGUIDORES,P1,"Casa e Cia",not_delivering,ad,163,177,1.08588957,"Clique de 7 dias, visualização de 1 dia ou visualização com engajamento de 1 dia",,,2.3,,2026-01-04,2026-01-08,,12.99435028,2026-01-07,2026-01-07
2026-01-07,"DC - JANEIRO/2026 / CBO —F2 — Cópia",ENGAJAMENTO,P2,"Casa e Cia",not_delivering,ad,115,126,1.09565217,"Clique de 7 dias, visualização de 1 dia ou visualização com engajamento de 1 dia","Leads no site",2,1.97,0.985,2026-01-04,2026-01-08,1,15.63492063,2026-01-07,2026-01-07
2026-01-07,"DC - JANEIRO/2026 / CBO —F2 — Cópia",VV,VIDEO,"Casa e Cia",not_delivering,ad,37,37,1,"Clique de 7 dias, visualização de 1 dia ou visualização com engajamento de 1 dia","Leads no site",2,0.28,0.14,2026-01-04,2026-01-08,2,7.56756757,2026-01-07,2026-01-07
2026-01-06,"DC - JANEIRO/2026 / ABO —F2 — ABERTO — Cópia",VISITAS,P1,"Casa e Cia",not_delivering,ad,651,694,1.06605223,"Clique de 7 dias, visualização de 1 dia ou visualização com engajamento de 1 dia","Leads no site",4,7.74,1.935,2026-01-03,2026-01-08,17,11.15273775,2026-01-06,2026-01-06
2026-01-06,"DC - JANEIRO/2026 / ABO —F2 — ABERTO — Cópia",VV,P1,"Casa e Cia",not_delivering,ad,1,1,1,"Clique de 7 dias, visualização de 1 dia ou visualização com engajamento de 1 dia",,,0.01,,2026-01-03,2026-01-08,1,10,2026-01-06,2026-01-06
2026-01-06,"DC - JANEIRO/2026 / ABO —F2",VV,P1,"Casa e Cia",not_delivering,ad,178,190,1.06741573,"Clique de 7 dias, visualização de 1 dia ou visualização com engajamento de 1 dia","Leads no site",4,2.9,0.725,2026-01-01,2026-01-08,4,15.26315789,2026-01-06,2026-01-06
2026-01-06,"DC - JANEIRO/2026 / CBO —F2",SEGUIDORES,P1,"Casa e Cia",not_delivering,ad,20,20,1,"Clique de 7 dias, visualização de 1 dia ou visualização com engajamento de 1 dia",,,0.17,,2026-01-01,2026-01-12,2,8.5,2026-01-06,2026-01-06
2026-01-06,"DC - JANEIRO/2026 / ABO —F2 — ABERTO — Cópia",SEGUIDORES,P2,"Casa e Cia",not_delivering,ad,177,181,1.02259887,"Clique de 7 dias, visualização de 1 dia ou visualização com engajamento de 1 dia","Leads no site",5,2.84,0.568,2026-01-03,2026-01-08,7,15.69060773,2026-01-06,2026-01-06
2026-01-06,"DC - JANEIRO/2026 / CBO —F2 — Cópia",VV,VIDEO,"Casa e Cia",not_delivering,ad,436,467,1.07110092,"Clique de 7 dias, visualização de 1 dia ou visualização com engajamento de 1 dia","Leads no site",10,6.61,0.661,2026-01-04,2026-01-08,16,14.15417559,2026-01-06,2026-01-06
2026-01-06,"DC - JANEIRO/2026 / CBO —F2",VV,VIDEO,"Casa e Cia",not_delivering,ad,1756,1991,1.13382688,"Clique de 7 dias, visualização de 1 dia ou visualização com engajamento de 1 dia","Leads no site",16,26.82,1.67625,2026-01-01,2026-01-12,32,13.47061778,2026-01-06,2026-01-06
2026-01-06,"DC - JANEIRO/2026 / CBO —F2 — Cópia",SEGUIDORES,P2,"Casa e Cia",not_delivering,ad,127,142,1.11811024,"Clique de 7 dias, visualização de 1 dia ou visualização com engajamento de 1 dia",,,1.3,,2026-01-04,2026-01-08,2,9.15492958,2026-01-06,2026-01-06
2026-01-06,"DC - JANEIRO/2026 / ABO —F2 — ABERTO — Cópia",SEGUIDORES,VIDEO,"Casa e Cia",not_delivering,ad,142,148,1.04225352,"Clique de 7 dias, visualização de 1 dia ou visualização com engajamento de 1 dia","Leads no site",5,5.39,1.078,2026-01-03,2026-01-08,17,36.41891892,2026-01-06,2026-01-06
2026-01-06,"DC - JANEIRO/2026 / ABO —F2 — ABERTO — Cópia",ENGAJAMENTO,P1,"Casa e Cia",not_delivering,ad,2,2,1,"Clique de 7 dias, visualização de 1 dia ou visualização com engajamento de 1 dia",,,0.01,,2026-01-03,2026-01-08,,5,2026-01-06,2026-01-06
2026-01-06,"DC - JANEIRO/2026 / ABO —F2 — ABERTO",SEGUIDORES,P2,"Casa e Cia",not_delivering,ad,280,296,1.05714286,"Clique de 7 dias, visualização de 1 dia ou visualização com engajamento de 1 dia",,,3.81,,2026-01-01,2026-01-08,3,12.87162162,2026-01-06,2026-01-06
2026-01-06,"DC - JANEIRO/2026 / ABO —F2 — ABERTO — Cópia",VISITAS,P1,"Casa e Cia",not_delivering,ad,625,644,1.0304,"Clique de 7 dias, visualização de 1 dia ou visualização com engajamento de 1 dia","Leads no site",6,6.35,1.05833333,2026-01-03,2026-01-08,10,9.86024845,2026-01-06,2026-01-06
2026-01-06,"DC - JANEIRO/2026 / ABO —F2 — ABERTO — Cópia",VISITAS,VIDEO,"Casa e Cia",not_delivering,ad,122,127,1.04098361,"Clique de 7 dias, visualização de 1 dia ou visualização com engajamento de 1 dia","Leads no site",2,1.63,0.815,2026-01-03,2026-01-08,3,12.83464567,2026-01-06,2026-01-06
2026-01-06,"DC - JANEIRO/2026 / CBO —F2 — Cópia",VV,P2,"Casa e Cia",not_delivering,ad,1,1,1,"Clique de 7 dias, visualização de 1 dia ou visualização com engajamento de 1 dia",,,0.02,,2026-01-04,2026-01-08,,20,2026-01-06,2026-01-06
2026-01-06,"DC - JANEIRO/2026 / CBO —F2 — Cópia",SEGUIDORES,P2,"Casa e Cia",not_delivering,ad,4,4,1,"Clique de 7 dias, visualização de 1 dia ou visualização com engajamento de 1 dia",,,0.05,,2026-01-04,2026-01-08,,12.5,2026-01-06,2026-01-06
2026-01-06,"DC - JANEIRO/2026 / ABO —F2 — ABERTO — Cópia",SEGUIDORES,VIDEO,"Casa e Cia",not_delivering,ad,41,46,1.12195122,"Clique de 7 dias, visualização de 1 dia ou visualização com engajamento de 1 dia",,,3.2,,2026-01-03,2026-01-08,10,69.56521739,2026-01-06,2026-01-06
2026-01-06,"DC - JANEIRO/2026 / ABO —F2 — ABERTO",VV,P1,"Casa e Cia",not_delivering,ad,4,6,1.5,"Clique de 7 dias, visualização de 1 dia ou visualização com engajamento de 1 dia",,,0.11,,2026-01-01,2026-01-08,,18.33333333,2026-01-06,2026-01-06
2026-01-06,"DC - JANEIRO/2026 / CBO —F2 — Cópia",VV,VIDEO,"Casa e Cia",not_delivering,ad,620,652,1.0516129,"Clique de 7 dias, visualização de 1 dia ou visualização com engajamento de 1 dia","Leads no site",10,9.58,0.958,2026-01-04,2026-01-08,17,14.69325153,2026-01-06,2026-01-06
2026-01-06,"DC - JANEIRO/2026 / CBO —F2 — Cópia",VISITAS,P2,"Casa e Cia",not_delivering,ad,1,2,2,"Clique de 7 dias, visualização de 1 dia ou visualização com engajamento de 1 dia",,,0,,2026-01-04,2026-01-08,,0,2026-01-06,2026-01-06
2026-01-06,"DC - JANEIRO/2026 / ABO —F2 — ABERTO",ENGAJAMENTO,P2,"Casa e Cia",not_delivering,ad,152,164,1.07894737,"Clique de 7 dias, visualização de 1 dia ou visualização com engajamento de 1 dia",,,2.42,,2026-01-01,2026-01-08,2,14.75609756,2026-01-06,2026-01-06
2026-01-06,"DC - JANEIRO/2026 / CBO —F2 — Cópia",ENGAJAMENTO,P1,"Casa e Cia",not_delivering,ad,10,10,1,"Clique de 7 dias, visualização de 1 dia ou visualização com engajamento de 1 dia",,,0.12,,2026-01-04,2026-01-08,,12,2026-01-06,2026-01-06
2026-01-06,"DC - JANEIRO/2026 / ABO —F2",VISITAS,P1,"Casa e Cia",not_delivering,ad,317,401,1.26498423,"Clique de 7 dias, visualização de 1 dia ou visualização com engajamento de 1 dia","Leads no site",2,5.41,2.705,2026-01-01,2026-01-08,4,13.49127182,2026-01-06,2026-01-06
2026-01-06,"DC - JANEIRO/2026 / CBO —F2 — Cópia",ENGAJAMENTO,VIDEO,"Casa e Cia",not_delivering,ad,406,456,1.12315271,"Clique de 7 dias, visualização de 1 dia ou visualização com engajamento de 1 dia","Leads no site",10,11.33,1.133,2026-01-04,2026-01-08,12,24.84649123,2026-01-06,2026-01-06
2026-01-06,"DC - JANEIRO/2026 / ABO —F2 — ABERTO — Cópia",VV,VIDEO,"Casa e Cia",not_delivering,ad,165,170,1.03030303,"Clique de 7 dias, visualização de 1 dia ou visualização com engajamento de 1 dia","Leads no site",2,7.65,3.825,2026-01-03,2026-01-08,13,45,2026-01-06,2026-01-06
2026-01-06,"DC - JANEIRO/2026 / CBO —F2 — Cópia",VISITAS,P2,"Casa e Cia",not_delivering,ad,5,6,1.2,"Clique de 7 dias, visualização de 1 dia ou visualização com engajamento de 1 dia",,,0.02,,2026-01-04,2026-01-08,,3.33333333,2026-01-06,2026-01-06
2026-01-06,"DC - JANEIRO/2026 / ABO —F2 — ABERTO — Cópia",ENGAJAMENTO,VIDEO,"Casa e Cia",not_delivering,ad,253,270,1.06719368,"Clique de 7 dias, visualização de 1 dia ou visualização com engajamento de 1 dia","Leads no site",5,6.26,1.252,2026-01-03,2026-01-08,14,23.18518519,2026-01-06,2026-01-06
2026-01-06,"DC - JANEIRO/2026 / CBO —F2",VV,P2,"Casa e Cia",not_delivering,ad,1454,1577,1.08459422,"Clique de 7 dias, visualização de 1 dia ou visualização com engajamento de 1 dia","Leads no site",6,14.7,2.45,2026-01-01,2026-01-12,17,9.32149651,2026-01-06,2026-01-06
2026-01-06,"DC - JANEIRO/2026 / ABO —F2 — ABERTO — Cópia",VV,P2,"Casa e Cia",not_delivering,ad,8,10,1.25,"Clique de 7 dias, visualização de 1 dia ou visualização com engajamento de 1 dia","Leads no site",2,0.14,0.07,2026-01-03,2026-01-08,3,14,2026-01-06,2026-01-06
2026-01-06,"DC - JANEIRO/2026 / CBO —F2 — Cópia",ENGAJAMENTO,P2,"Casa e Cia",not_delivering,ad,2,2,1,"Clique de 7 dias, visualização de 1 dia ou visualização com engajamento de 1 dia",,,0.03,,2026-01-04,2026-01-08,,15,2026-01-06,2026-01-06
2026-01-06,"DC - JANEIRO/2026 / ABO —F2 — ABERTO — Cópia",VV,VIDEO,"Casa e Cia",not_delivering,ad,88,90,1.02272727,"Clique de 7 dias, visualização de 1 dia ou visualização com engajamento de 1 dia","Leads no site",8,4.61,0.57625,2026-01-03,2026-01-08,14,51.22222222,2026-01-06,2026-01-06
2026-01-06,"DC - JANEIRO/2026 / ABO —F2",ENGAJAMENTO,P1,"Casa e Cia",not_delivering,ad,461,521,1.13015184,"Clique de 7 dias, visualização de 1 dia ou visualização com engajamento de 1 dia","Leads no site",2,8.42,4.21,2026-01-01,2026-01-08,7,16.16122841,2026-01-06,2026-01-06
2026-01-06,"DC - JANEIRO/2026 / CBO —F2 — Cópia",SEGUIDORES,P2,"Casa e Cia",not_delivering,ad,140,152,1.08571429,"Clique de 7 dias, visualização de 1 dia ou visualização com engajamento de 1 dia","Leads no site",2,1.29,0.645,2026-01-04,2026-01-08,2,8.48684211,2026-01-06,2026-01-06
2026-01-06,"DC - JANEIRO/2026 / ABO —F2 — ABERTO — Cópia",VV,VIDEO,"Casa e Cia",not_delivering,ad,178,181,1.01685393,"Clique de 7 dias, visualização de 1 dia ou visualização com engajamento de 1 dia","Leads no site",6,4.49,0.74833333,2026-01-03,2026-01-08,10,24.80662983,2026-01-06,2026-01-06
2026-01-06,"DC - JANEIRO/2026 / CBO —F2",VV,P1,"Casa e Cia",not_delivering,ad,197,218,1.10659898,"Clique de 7 dias, visualização de 1 dia ou visualização com engajamento de 1 dia",,,2.55,,2026-01-01,2026-01-12,4,11.69724771,2026-01-06,2026-01-06
2026-01-06,"DC - JANEIRO/2026 / CBO —F2 — Cópia",ENGAJAMENTO,VIDEO,"Casa e Cia",not_delivering,ad,129,139,1.07751938,"Clique de 7 dias, visualização de 1 dia ou visualização com engajamento de 1 dia",,,2.7,,2026-01-04,2026-01-08,2,19.42446043,2026-01-06,2026-01-06
2026-01-06,"DC - JANEIRO/2026 / ABO —F2 — ABERTO — Cópia",VV,P1,"Casa e Cia",not_delivering,ad,1,1,1,"Clique de 7 dias, visualização de 1 dia ou visualização com engajamento de 1 dia",,,0,,2026-01-03,2026-01-08,,0,2026-01-06,2026-01-06
2026-01-06,"DC - JANEIRO/2026 / CBO —F2 — Cópia",VV,VIDEO,"Casa e Cia",not_delivering,ad,453,489,1.0794702,"Clique de 7 dias, visualização de 1 dia ou visualização com engajamento de 1 dia","Leads no site",8,7.25,0.90625,2026-01-04,2026-01-08,8,14.82617587,2026-01-06,2026-01-06
2026-01-06,"DC - JANEIRO/2026 / CBO —F2 — Cópia",VISITAS,P1,"Casa e Cia",not_delivering,ad,248,302,1.21774194,"Clique de 7 dias, visualização de 1 dia ou visualização com engajamento de 1 dia","Leads no site",2,4.35,2.175,2026-01-04,2026-01-08,7,14.40397351,2026-01-06,2026-01-06
2026-01-06,"DC - JANEIRO/2026 / CBO —F2 — Cópia",SEGUIDORES,P1,"Casa e Cia",not_delivering,ad,237,259,1.092827,"Clique de 7 dias, visualização de 1 dia ou visualização com engajamento de 1 dia",,,3.02,,2026-01-04,2026-01-08,,11.66023166,2026-01-06,2026-01-06
2026-01-06,"DC - JANEIRO/2026 / CBO —F2 — Cópia",ENGAJAMENTO,VIDEO,"Casa e Cia",not_delivering,ad,361,380,1.05263158,"Clique de 7 dias, visualização de 1 dia ou visualização com engajamento de 1 dia","Leads no site",8,7.14,0.8925,2026-01-04,2026-01-08,6,18.78947368,2026-01-06,2026-01-06
2026-01-06,"DC - JANEIRO/2026 / CBO —F2 — Cópia",VV,VIDEO,"Casa e Cia",not_delivering,ad,272,296,1.08823529,"Clique de 7 dias, visualização de 1 dia ou visualização com engajamento de 1 dia",,,4.83,,2026-01-04,2026-01-08,4,16.31756757,2026-01-06,2026-01-06
2026-01-06,"DC - JANEIRO/2026 / CBO —F2 — Cópia",ENGAJAMENTO,P1,"Casa e Cia",not_delivering,ad,73,77,1.05479452,"Clique de 7 dias, visualização de 1 dia ou visualização com engajamento de 1 dia","Leads no site",2,1.16,0.58,2026-01-04,2026-01-08,1,15.06493506,2026-01-06,2026-01-06
2026-01-06,"DC - JANEIRO/2026 / ABO —F2",VV,P2,"Casa e Cia",not_delivering,ad,756,826,1.09259259,"Clique de 7 dias, visualização de 1 dia ou visualização com engajamento de 1 dia",,,7.7,,2026-01-01,2026-01-08,9,9.3220339,2026-01-06,2026-01-06
2026-01-06,"DC - JANEIRO/2026 / CBO —F2 — Cópia",VV,VIDEO,"Casa e Cia",not_delivering,ad,268,291,1.0858209,"Clique de 7 dias, visualização de 1 dia ou visualização com engajamento de 1 dia","Leads no site",4,4.13,1.0325,2026-01-04,2026-01-08,4,14.19243986,2026-01-06,2026-01-06
2026-01-06,"DC - JANEIRO/2026 / CBO —F2 — Cópia",SEGUIDORES,VIDEO,"Casa e Cia",not_delivering,ad,331,352,1.06344411,"Clique de 7 dias, visualização de 1 dia ou visualização com engajamento de 1 dia","Leads no site",4,5.13,1.2825,2026-01-04,2026-01-08,9,14.57386364,2026-01-06,2026-01-06
2026-01-06,"DC - JANEIRO/2026 / ABO —F2 — ABERTO — Cópia",ENGAJAMENTO,P1,"Casa e Cia",not_delivering,ad,56,58,1.03571429,"Clique de 7 dias, visualização de 1 dia ou visualização com engajamento de 1 dia","Leads no site",2,0.77,0.385,2026-01-03,2026-01-08,2,13.27586207,2026-01-06,2026-01-06
2026-01-06,"DC - JANEIRO/2026 / CBO —F2 — Cópia",ENGAJAMENTO,P1,"Casa e Cia",not_delivering,ad,231,260,1.12554113,"Clique de 7 dias, visualização de 1 dia ou visualização com engajamento de 1 dia","Leads no site",6,3.27,0.545,2026-01-04,2026-01-08,4,12.57692308,2026-01-06,2026-01-06
2026-01-06,"DC - JANEIRO/2026 / ABO —F2 — ABERTO — Cópia",ENGAJAMENTO,VIDEO,"Casa e Cia",not_delivering,ad,258,269,1.04263566,"Clique de 7 dias, visualização de 1 dia ou visualização com engajamento de 1 dia","Leads no site",12,9.78,0.815,2026-01-03,2026-01-08,26,36.35687732,2026-01-06,2026-01-06
2026-01-06,"DC - JANEIRO/2026 / CBO —F2 — Cópia",VV,P1,"Casa e Cia",not_delivering,ad,2,2,1,"Clique de 7 dias, visualização de 1 dia ou visualização com engajamento de 1 dia",,,0.02,,2026-01-04,2026-01-08,,10,2026-01-06,2026-01-06
2026-01-06,"DC - JANEIRO/2026 / ABO —F2 — ABERTO — Cópia",VISITAS,P1,"Casa e Cia",not_delivering,ad,411,411,1,"Clique de 7 dias, visualização de 1 dia ou visualização com engajamento de 1 dia","Leads no site",3,5.51,1.83666667,2026-01-03,2026-01-08,10,13.40632603,2026-01-06,2026-01-06
2026-01-06,"DC - JANEIRO/2026 / ABO —F2 — ABERTO",SEGUIDORES,VIDEO,"Casa e Cia",not_delivering,ad,110,116,1.05454545,"Clique de 7 dias, visualização de 1 dia ou visualização com engajamento de 1 dia","Leads no site",3,4.77,1.59,2026-01-01,2026-01-08,14,41.12068966,2026-01-06,2026-01-06
2026-01-06,"DC - JANEIRO/2026 / ABO —F2 — ABERTO",VV,P2,"Casa e Cia",not_delivering,ad,149,159,1.06711409,"Clique de 7 dias, visualização de 1 dia ou visualização com engajamento de 1 dia",,,1.92,,2026-01-01,2026-01-08,2,12.0754717,2026-01-06,2026-01-06
2026-01-06,"DC - JANEIRO/2026 / ABO —F2 — ABERTO — Cópia",VV,P2,"Casa e Cia",not_delivering,ad,14,14,1,"Clique de 7 dias, visualização de 1 dia ou visualização com engajamento de 1 dia",,,0.29,,2026-01-03,2026-01-08,,20.71428571,2026-01-06,2026-01-06
2026-01-06,"DC - JANEIRO/2026 / CBO —F2",VISITAS,P1,"Casa e Cia",not_delivering,ad,69,81,1.17391304,"Clique de 7 dias, visualização de 1 dia ou visualização com engajamento de 1 dia",,,1.66,,2026-01-01,2026-01-12,2,20.49382716,2026-01-06,2026-01-06
2026-01-06,"DC - JANEIRO/2026 / CBO —F2 — Cópia",VISITAS,P1,"Casa e Cia",not_delivering,ad,139,162,1.16546763,"Clique de 7 dias, visualização de 1 dia ou visualização com engajamento de 1 dia",,,1.92,,2026-01-04,2026-01-08,2,11.85185185,2026-01-06,2026-01-06
2026-01-06,"DC - JANEIRO/2026 / CBO —F2 — Cópia",SEGUIDORES,P2,"Casa e Cia",not_delivering,ad,128,142,1.109375,"Clique de 7 dias, visualização de 1 dia ou visualização com engajamento de 1 dia","Leads no site",4,1.34,0.335,2026-01-04,2026-01-08,2,9.43661972,2026-01-06,2026-01-06
2026-01-06,"DC - JANEIRO/2026 / ABO —F2 — ABERTO",VISITAS,P1,"Casa e Cia",not_delivering,ad,615,659,1.07154472,"Clique de 7 dias, visualização de 1 dia ou visualização com engajamento de 1 dia","Leads no site",4,6.37,1.5925,2026-01-01,2026-01-08,7,9.66616085,2026-01-06,2026-01-06
2026-01-06,"DC - JANEIRO/2026 / CBO —F2",SEGUIDORES,VIDEO,"Casa e Cia",not_delivering,ad,42,46,1.0952381,"Clique de 7 dias, visualização de 1 dia ou visualização com engajamento de 1 dia","Leads no site",2,0.48,0.24,2026-01-01,2026-01-12,2,10.43478261,2026-01-06,2026-01-06
2026-01-06,"DC - JANEIRO/2026 / ABO —F2 — ABERTO — Cópia",VV,P1,"Casa e Cia",not_delivering,ad,2,2,1,"Clique de 7 dias, visualização de 1 dia ou visualização com engajamento de 1 dia",,,0.01,,2026-01-03,2026-01-08,,5,2026-01-06,2026-01-06
2026-01-06,"DC - JANEIRO/2026 / ABO —F2 — ABERTO — Cópia",VISITAS,VIDEO,"Casa e Cia",not_delivering,ad,12,13,1.08333333,"Clique de 7 dias, visualização de 1 dia ou visualização com engajamento de 1 dia",,,0.15,,2026-01-03,2026-01-08,,11.53846154,2026-01-06,2026-01-06
2026-01-06,"DC - JANEIRO/2026 / ABO —F2 — ABERTO",SEGUIDORES,P1,"Casa e Cia",not_delivering,ad,109,114,1.04587156,"Clique de 7 dias, visualização de 1 dia ou visualização com engajamento de 1 dia","Leads no site",2,1.71,0.855,2026-01-01,2026-01-08,1,15,2026-01-06,2026-01-06
2026-01-06,"DC - JANEIRO/2026 / CBO —F2 — Cópia",VISITAS,P1,"Casa e Cia",not_delivering,ad,177,206,1.16384181,"Clique de 7 dias, visualização de 1 dia ou visualização com engajamento de 1 dia",,,3.45,,2026-01-04,2026-01-08,1,16.74757282,2026-01-06,2026-01-06
2026-01-06,"DC - JANEIRO/2026 / ABO —F2 — ABERTO",ENGAJAMENTO,P1,"Casa e Cia",not_delivering,ad,374,385,1.02941176,"Clique de 7 dias, visualização de 1 dia ou visualização com engajamento de 1 dia","Leads no site",2,6.04,3.02,2026-01-01,2026-01-08,2,15.68831169,2026-01-06,2026-01-06
2026-01-06,"DC - JANEIRO/2026 / CBO —F2 — Cópia",SEGUIDORES,P1,"Casa e Cia",not_delivering,ad,178,187,1.0505618,"Clique de 7 dias, visualização de 1 dia ou visualização com engajamento de 1 dia","Leads no site",4,2.31,0.5775,2026-01-04,2026-01-08,4,12.35294118,2026-01-06,2026-01-06
2026-01-06,"DC - JANEIRO/2026 / ABO —F2 — ABERTO — Cópia",SEGUIDORES,VIDEO,"Casa e Cia",not_delivering,ad,27,29,1.07407407,"Clique de 7 dias, visualização de 1 dia ou visualização com engajamento de 1 dia",,,2.57,,2026-01-03,2026-01-08,5,88.62068966,2026-01-06,2026-01-06
2026-01-06,"DC - JANEIRO/2026 / ABO —F2 — ABERTO — Cópia",SEGUIDORES,P1,"Casa e Cia",not_delivering,ad,28,28,1,"Clique de 7 dias, visualização de 1 dia ou visualização com engajamento de 1 dia",,,0.49,,2026-01-03,2026-01-08,1,17.5,2026-01-06,2026-01-06
2026-01-06,"DC - JANEIRO/2026 / ABO —F2 — ABERTO — Cópia",VISITAS,P1,"Casa e Cia",not_delivering,ad,433,450,1.03926097,"Clique de 7 dias, visualização de 1 dia ou visualização com engajamento de 1 dia",,,5.35,,2026-01-03,2026-01-08,5,11.88888889,2026-01-06,2026-01-06
2026-01-06,"DC - JANEIRO/2026 / ABO —F2 — ABERTO — Cópia",SEGUIDORES,VIDEO,"Casa e Cia",not_delivering,ad,97,104,1.07216495,"Clique de 7 dias, visualização de 1 dia ou visualização com engajamento de 1 dia","Leads no site",6,7.71,1.285,2026-01-03,2026-01-08,19,74.13461538,2026-01-06,2026-01-06
2026-01-06,"DC - JANEIRO/2026 / CBO —F2 — Cópia",ENGAJAMENTO,P2,"Casa e Cia",not_delivering,ad,30,32,1.06666667,"Clique de 7 dias, visualização de 1 dia ou visualização com engajamento de 1 dia",,,0.65,,2026-01-04,2026-01-08,,20.3125,2026-01-06,2026-01-06
2026-01-06,"DC - JANEIRO/2026 / ABO —F2 — ABERTO — Cópia",VV,VIDEO,"Casa e Cia",not_delivering,ad,10,10,1,"Clique de 7 dias, visualização de 1 dia ou visualização com engajamento de 1 dia",,,0.32,,2026-01-03,2026-01-08,,32,2026-01-06,2026-01-06
2026-01-06,"DC - JANEIRO/2026 / ABO —F2 — ABERTO — Cópia",ENGAJAMENTO,VIDEO,"Casa e Cia",not_delivering,ad,150,156,1.04,"Clique de 7 dias, visualização de 1 dia ou visualização com engajamento de 1 dia","Leads no site",3,4.46,1.48666667,2026-01-03,2026-01-08,8,28.58974359,2026-01-06,2026-01-06
2026-01-06,"DC - JANEIRO/2026 / ABO —F2 — ABERTO — Cópia",ENGAJAMENTO,VIDEO,"Casa e Cia",not_delivering,ad,39,39,1,"Clique de 7 dias, visualização de 1 dia ou visualização com engajamento de 1 dia","Leads no site",2,0.89,0.445,2026-01-03,2026-01-08,1,22.82051282,2026-01-06,2026-01-06
2026-01-06,"DC - JANEIRO/2026 / CBO —F2 — Cópia",VISITAS,P1,"Casa e Cia",not_delivering,ad,178,207,1.16292135,"Clique de 7 dias, visualização de 1 dia ou visualização com engajamento de 1 dia","Leads no site",2,2.89,1.445,2026-01-04,2026-01-08,2,13.96135266,2026-01-06,2026-01-06
2026-01-06,"DC - JANEIRO/2026 / CBO —F2 — Cópia",VISITAS,P1,"Casa e Cia",not_delivering,ad,177,205,1.15819209,"Clique de 7 dias, visualização de 1 dia ou visualização com engajamento de 1 dia",,,2.22,,2026-01-04,2026-01-08,3,10.82926829,2026-01-06,2026-01-06
2026-01-06,"DC - JANEIRO/2026 / CBO —F2 — Cópia",ENGAJAMENTO,P2,"Casa e Cia",not_delivering,ad,17,18,1.05882353,"Clique de 7 dias, visualização de 1 dia ou visualização com engajamento de 1 dia",,,0.23,,2026-01-04,2026-01-08,,12.77777778,2026-01-06,2026-01-06
2026-01-06,"DC - JANEIRO/2026 / CBO —F2 — Cópia",SEGUIDORES,VIDEO,"Casa e Cia",not_delivering,ad,140,145,1.03571429,"Clique de 7 dias, visualização de 1 dia ou visualização com engajamento de 1 dia",,,1.82,,2026-01-04,2026-01-08,3,12.55172414,2026-01-06,2026-01-06
2026-01-06,"DC - JANEIRO/2026 / CBO —F2",ENGAJAMENTO,P1,"Casa e Cia",not_delivering,ad,1,1,1,"Clique de 7 dias, visualização de 1 dia ou visualização com engajamento de 1 dia",,,0.03,,2026-01-01,2026-01-12,,30,2026-01-06,2026-01-06
2026-01-06,"DC - JANEIRO/2026 / CBO —F2",ENGAJAMENTO,VIDEO,"Casa e Cia",not_delivering,ad,106,109,1.02830189,"Clique de 7 dias, visualização de 1 dia ou visualização com engajamento de 1 dia",,,1.97,,2026-01-01,2026-01-12,3,18.0733945,2026-01-06,2026-01-06
2026-01-06,"DC - JANEIRO/2026 / CBO —F2 — Cópia",SEGUIDORES,P1,"Casa e Cia",not_delivering,ad,131,138,1.05343511,"Clique de 7 dias, visualização de 1 dia ou visualização com engajamento de 1 dia",,,1.91,,2026-01-04,2026-01-08,2,13.84057971,2026-01-06,2026-01-06
2026-01-06,"DC - JANEIRO/2026 / ABO —F2",SEGUIDORES,VIDEO,"Casa e Cia",not_delivering,ad,552,591,1.07065217,"Clique de 7 dias, visualização de 1 dia ou visualização com engajamento de 1 dia","Leads no site",10,9.34,0.934,2026-01-01,2026-01-08,8,15.8037225,2026-01-06,2026-01-06
2026-01-06,"DC - JANEIRO/2026 / ABO —F2 — ABERTO — Cópia",VV,VIDEO,"Casa e Cia",not_delivering,ad,112,114,1.01785714,"Clique de 7 dias, visualização de 1 dia ou visualização com engajamento de 1 dia","Leads no site",9,5.78,0.64222222,2026-01-03,2026-01-08,15,50.70175439,2026-01-06,2026-01-06
2026-01-06,"DC - JANEIRO/2026 / ABO —F2",ENGAJAMENTO,P2,"Casa e Cia",not_delivering,ad,72,79,1.09722222,"Clique de 7 dias, visualização de 1 dia ou visualização com engajamento de 1 dia",,,1.07,,2026-01-01,2026-01-08,,13.5443038,2026-01-06,2026-01-06
2026-01-06,"DC - JANEIRO/2026 / CBO —F2 — Cópia",ENGAJAMENTO,VIDEO,"Casa e Cia",not_delivering,ad,62,65,1.0483871,"Clique de 7 dias, visualização de 1 dia ou visualização com engajamento de 1 dia","Leads no site",2,1.64,0.82,2026-01-04,2026-01-08,4,25.23076923,2026-01-06,2026-01-06
2026-01-06,"DC - JANEIRO/2026 / ABO —F2 — ABERTO — Cópia",VV,P2,"Casa e Cia",not_delivering,ad,6,6,1,"Clique de 7 dias, visualização de 1 dia ou visualização com engajamento de 1 dia",,,0.11,,2026-01-03,2026-01-08,,18.33333333,2026-01-06,2026-01-06
2026-01-06,"DC - JANEIRO/2026 / CBO —F2 — Cópia",VISITAS,P2,"Casa e Cia",not_delivering,ad,8,8,1,"Clique de 7 dias, visualização de 1 dia ou visualização com engajamento de 1 dia",,,0.06,,2026-01-04,2026-01-08,,7.5,2026-01-06,2026-01-06
2026-01-05,"DC - JANEIRO/2026 / CBO —F2",VISITAS,P1,"Casa e Cia",not_delivering,ad,92,106,1.15217391,"Clique de 7 dias, visualização de 1 dia ou visualização com engajamento de 1 dia",,,1.61,,2026-01-01,2026-01-12,,15.18867925,2026-01-05,2026-01-05
2026-01-05,"DC - JANEIRO/2026 / CBO —F2 — Cópia",SEGUIDORES,P1,"Casa e Cia",not_delivering,ad,35,36,1.02857143,"Clique de 7 dias, visualização de 1 dia ou visualização com engajamento de 1 dia",,,0.25,,2026-01-04,2026-01-08,,6.94444444,2026-01-05,2026-01-05
2026-01-05,"DC - JANEIRO/2026 / CBO —F2 — Cópia",SEGUIDORES,P2,"Casa e Cia",not_delivering,ad,8,8,1,"Clique de 7 dias, visualização de 1 dia ou visualização com engajamento de 1 dia",,,0.06,,2026-01-04,2026-01-08,,7.5,2026-01-05,2026-01-05
2026-01-05,"DC - JANEIRO/2026 / ABO —F2",SEGUIDORES,VIDEO,"Casa e Cia",not_delivering,ad,430,501,1.16511628,"Clique de 7 dias, visualização de 1 dia ou visualização com engajamento de 1 dia","Leads no site",6,6.46,1.07666667,2026-01-01,2026-01-08,10,12.89421158,2026-01-05,2026-01-05
2026-01-05,"DC - JANEIRO/2026 / ABO —F2 — ABERTO — Cópia",VV,P2,"Casa e Cia",not_delivering,ad,118,127,1.07627119,"Clique de 7 dias, visualização de 1 dia ou visualização com engajamento de 1 dia","Leads no site",2,1.27,0.635,2026-01-03,2026-01-08,3,10,2026-01-05,2026-01-05
2026-01-05,"DC - JANEIRO/2026 / ABO —F2 — ABERTO",VV,P2,"Casa e Cia",not_delivering,ad,873,910,1.04238259,"Clique de 7 dias, visualização de 1 dia ou visualização com engajamento de 1 dia","Leads no site",10,7.81,0.781,2026-01-01,2026-01-08,14,8.58241758,2026-01-05,2026-01-05
2026-01-05,"DC - JANEIRO/2026 / ABO —F2 — ABERTO — Cópia",ENGAJAMENTO,VIDEO,"Casa e Cia",not_delivering,ad,145,156,1.07586207,"Clique de 7 dias, visualização de 1 dia ou visualização com engajamento de 1 dia","Leads no site",4,5.23,1.3075,2026-01-03,2026-01-08,21,33.52564103,2026-01-05,2026-01-05
2026-01-05,"DC - JANEIRO/2026 / CBO —F2 — Cópia",VISITAS,P1,"Casa e Cia",not_delivering,ad,158,190,1.20253165,"Clique de 7 dias, visualização de 1 dia ou visualização com engajamento de 1 dia",,,3.05,,2026-01-04,2026-01-08,2,16.05263158,2026-01-05,2026-01-05
2026-01-05,"DC - JANEIRO/2026 / CBO —F2 — Cópia",ENGAJAMENTO,VIDEO,"Casa e Cia",not_delivering,ad,201,216,1.07462687,"Clique de 7 dias, visualização de 1 dia ou visualização com engajamento de 1 dia",,,3.4,,2026-01-04,2026-01-08,3,15.74074074,2026-01-05,2026-01-05
2026-01-05,"DC - JANEIRO/2026 / ABO —F2 — ABERTO — Cópia",VISITAS,P1,"Casa e Cia",not_delivering,ad,838,880,1.05011933,"Clique de 7 dias, visualização de 1 dia ou visualização com engajamento de 1 dia","Leads no site",2,8.99,4.495,2026-01-03,2026-01-08,13,10.21590909,2026-01-05,2026-01-05
2026-01-05,"DC - JANEIRO/2026 / ABO —F2 — ABERTO — Cópia",VISITAS,VIDEO,"Casa e Cia",not_delivering,ad,39,39,1,"Clique de 7 dias, visualização de 1 dia ou visualização com engajamento de 1 dia",,,0.82,,2026-01-03,2026-01-08,1,21.02564103,2026-01-05,2026-01-05
2026-01-05,"DC - JANEIRO/2026 / ABO —F2 — ABERTO",SEGUIDORES,P1,"Casa e Cia",not_delivering,ad,77,79,1.02597403,"Clique de 7 dias, visualização de 1 dia ou visualização com engajamento de 1 dia","Leads no site",2,1.01,0.505,2026-01-01,2026-01-08,1,12.78481013,2026-01-05,2026-01-05
2026-01-05,"DC - JANEIRO/2026 / ABO —F2 — ABERTO — Cópia",VISITAS,VIDEO,"Casa e Cia",not_delivering,ad,223,233,1.04484305,"Clique de 7 dias, visualização de 1 dia ou visualização com engajamento de 1 dia","Leads no site",2,3.24,1.62,2026-01-03,2026-01-08,4,13.9055794,2026-01-05,2026-01-05
2026-01-05,"DC - JANEIRO/2026 / CBO —F2 — Cópia",SEGUIDORES,P2,"Casa e Cia",not_delivering,ad,16,18,1.125,"Clique de 7 dias, visualização de 1 dia ou visualização com engajamento de 1 dia",,,0.08,,2026-01-04,2026-01-08,1,4.44444444,2026-01-05,2026-01-05
2026-01-05,"DC - JANEIRO/2026 / CBO —F2 — Cópia",VISITAS,P2,"Casa e Cia",not_delivering,ad,2,2,1,"Clique de 7 dias, visualização de 1 dia ou visualização com engajamento de 1 dia",,,0,,2026-01-04,2026-01-08,,0,2026-01-05,2026-01-05
2026-01-05,"DC - JANEIRO/2026 / CBO —F2 — Cópia",VV,P1,"Casa e Cia",not_delivering,ad,7,7,1,"Clique de 7 dias, visualização de 1 dia ou visualização com engajamento de 1 dia",,,0.07,,2026-01-04,2026-01-08,,10,2026-01-05,2026-01-05
2026-01-05,"DC - JANEIRO/2026 / CBO —F2",SEGUIDORES,VIDEO,"Casa e Cia",not_delivering,ad,63,64,1.01587302,"Clique de 7 dias, visualização de 1 dia ou visualização com engajamento de 1 dia",,,1.19,,2026-01-01,2026-01-12,1,18.59375,2026-01-05,2026-01-05
2026-01-05,"DC - JANEIRO/2026 / ABO —F2 — ABERTO — Cópia",ENGAJAMENTO,VIDEO,"Casa e Cia",not_delivering,ad,153,161,1.05228758,"Clique de 7 dias, visualização de 1 dia ou visualização com engajamento de 1 dia","Leads no site",6,6.49,1.08166667,2026-01-03,2026-01-08,22,40.31055901,2026-01-05,2026-01-05
2026-01-05,"DC - JANEIRO/2026 / CBO —F2 — Cópia",VISITAS,P1,"Casa e Cia",not_delivering,ad,26,30,1.15384615,"Clique de 7 dias, visualização de 1 dia ou visualização com engajamento de 1 dia",,,0.35,,2026-01-04,2026-01-08,,11.66666667,2026-01-05,2026-01-05
2026-01-05,"DC - JANEIRO/2026 / ABO —F2 — ABERTO — Cópia",VV,P1,"Casa e Cia",not_delivering,ad,1,1,1,"Clique de 7 dias, visualização de 1 dia ou visualização com engajamento de 1 dia",,,0.01,,2026-01-03,2026-01-08,,10,2026-01-05,2026-01-05
2026-01-05,"DC - JANEIRO/2026 / ABO —F2 — ABERTO — Cópia",VISITAS,P1,"Casa e Cia",not_delivering,ad,28,30,1.07142857,"Clique de 7 dias, visualização de 1 dia ou visualização com engajamento de 1 dia",,,0.26,,2026-01-03,2026-01-08,1,8.66666667,2026-01-05,2026-01-05
2026-01-05,"DC - JANEIRO/2026 / CBO —F2 — Cópia",SEGUIDORES,P1,"Casa e Cia",not_delivering,ad,189,208,1.1005291,"Clique de 7 dias, visualização de 1 dia ou visualização com engajamento de 1 dia",,,2.44,,2026-01-04,2026-01-08,,11.73076923,2026-01-05,2026-01-05
2026-01-05,"DC - JANEIRO/2026 / CBO —F2 — Cópia",ENGAJAMENTO,VIDEO,"Casa e Cia",not_delivering,ad,240,262,1.09166667,"Clique de 7 dias, visualização de 1 dia ou visualização com engajamento de 1 dia","Leads no site",12,4.98,0.415,2026-01-04,2026-01-08,9,19.00763359,2026-01-05,2026-01-05
2026-01-05,"DC - JANEIRO/2026 / ABO —F2 — ABERTO — Cópia",ENGAJAMENTO,VIDEO,"Casa e Cia",not_delivering,ad,101,107,1.05940594,"Clique de 7 dias, visualização de 1 dia ou visualização com engajamento de 1 dia","Leads no site",3,4.7,1.56666667,2026-01-03,2026-01-08,8,43.92523364,2026-01-05,2026-01-05
2026-01-05,"DC - JANEIRO/2026 / ABO —F2",VISITAS,P2,"Casa e Cia",inactive,ad,1,1,1,"Clique de 7 dias, visualização de 1 dia ou visualização com engajamento de 1 dia",,,0.01,,2026-01-01,2026-01-08,,10,2026-01-05,2026-01-05
2026-01-05,"DC - JANEIRO/2026 / ABO —F2 — ABERTO — Cópia",SEGUIDORES,VIDEO,"Casa e Cia",not_delivering,ad,140,151,1.07857143,"Clique de 7 dias, visualização de 1 dia ou visualização com engajamento de 1 dia","Leads no site",5,7.11,1.422,2026-01-03,2026-01-08,21,47.08609272,2026-01-05,2026-01-05
2026-01-05,"DC - JANEIRO/2026 / ABO —F2 — ABERTO — Cópia",SEGUIDORES,VIDEO,"Casa e Cia",not_delivering,ad,3,3,1,"Clique de 7 dias, visualização de 1 dia ou visualização com engajamento de 1 dia",,,0.05,,2026-01-03,2026-01-08,1,16.66666667,2026-01-05,2026-01-05
2026-01-05,"DC - JANEIRO/2026 / ABO —F2 — ABERTO — Cópia",SEGUIDORES,P1,"Casa e Cia",not_delivering,ad,15,15,1,"Clique de 7 dias, visualização de 1 dia ou visualização com engajamento de 1 dia","Leads no site",2,0.23,0.115,2026-01-03,2026-01-08,1,15.33333333,2026-01-05,2026-01-05
2026-01-05,"DC - JANEIRO/2026 / ABO —F2 — ABERTO — Cópia",VV,P1,"Casa e Cia",not_delivering,ad,12,14,1.16666667,"Clique de 7 dias, visualização de 1 dia ou visualização com engajamento de 1 dia",,,0.3,,2026-01-03,2026-01-08,1,21.42857143,2026-01-05,2026-01-05
2026-01-05,"DC - JANEIRO/2026 / CBO —F2 — Cópia",ENGAJAMENTO,P2,"Casa e Cia",not_delivering,ad,1,1,1,"Clique de 7 dias, visualização de 1 dia ou visualização com engajamento de 1 dia",,,0,,2026-01-04,2026-01-08,,0,2026-01-05,2026-01-05
2026-01-05,"DC - JANEIRO/2026 / CBO —F2 — Cópia",VISITAS,VIDEO,"Casa e Cia",not_delivering,ad,9,9,1,"Clique de 7 dias, visualização de 1 dia ou visualização com engajamento de 1 dia",,,0.06,,2026-01-04,2026-01-08,,6.66666667,2026-01-05,2026-01-05
2026-01-05,"DC - JANEIRO/2026 / ABO —F2 — ABERTO — Cópia",ENGAJAMENTO,VIDEO,"Casa e Cia",not_delivering,ad,33,33,1,"Clique de 7 dias, visualização de 1 dia ou visualização com engajamento de 1 dia",,,1.05,,2026-01-03,2026-01-08,1,31.81818182,2026-01-05,2026-01-05
2026-01-05,"DC - JANEIRO/2026 / CBO —F2 — Cópia",ENGAJAMENTO,P1,"Casa e Cia",not_delivering,ad,172,194,1.12790698,"Clique de 7 dias, visualização de 1 dia ou visualização com engajamento de 1 dia","Leads no site",3,2.69,0.89666667,2026-01-04,2026-01-08,3,13.86597938,2026-01-05,2026-01-05
2026-01-05,"DC - JANEIRO/2026 / ABO —F2 — ABERTO — Cópia",VISITAS,P1,"Casa e Cia",not_delivering,ad,193,202,1.04663212,"Clique de 7 dias, visualização de 1 dia ou visualização com engajamento de 1 dia","Leads no site",4,2.05,0.5125,2026-01-03,2026-01-08,5,10.14851485,2026-01-05,2026-01-05
2026-01-05,"DC - JANEIRO/2026 / ABO —F2 — ABERTO — Cópia",ENGAJAMENTO,P1,"Casa e Cia",not_delivering,ad,1078,1134,1.05194805,"Clique de 7 dias, visualização de 1 dia ou visualização com engajamento de 1 dia","Leads no site",6,13.05,2.175,2026-01-03,2026-01-08,17,11.50793651,2026-01-05,2026-01-05
2026-01-05,"DC - JANEIRO/2026 / CBO —F2 — Cópia",VV,P1,"Casa e Cia",not_delivering,ad,2,2,1,"Clique de 7 dias, visualização de 1 dia ou visualização com engajamento de 1 dia",,,0.02,,2026-01-04,2026-01-08,,10,2026-01-05,2026-01-05
2026-01-05,"DC - JANEIRO/2026 / ABO —F2 — ABERTO — Cópia",ENGAJAMENTO,P2,"Casa e Cia",not_delivering,ad,56,64,1.14285714,"Clique de 7 dias, visualização de 1 dia ou visualização com engajamento de 1 dia",,,1.86,,2026-01-03,2026-01-08,3,29.0625,2026-01-05,2026-01-05
2026-01-05,"DC - JANEIRO/2026 / CBO —F2 — Cópia",ENGAJAMENTO,VIDEO,"Casa e Cia",not_delivering,ad,16,16,1,"Clique de 7 dias, visualização de 1 dia ou visualização com engajamento de 1 dia",,,0.21,,2026-01-04,2026-01-08,,13.125,2026-01-05,2026-01-05
2026-01-05,"DC - JANEIRO/2026 / ABO —F2 — ABERTO — Cópia",SEGUIDORES,P2,"Casa e Cia",not_delivering,ad,37,37,1,"Clique de 7 dias, visualização de 1 dia ou visualização com engajamento de 1 dia",,,0.36,,2026-01-03,2026-01-08,2,9.72972973,2026-01-05,2026-01-05
2026-01-05,"DC - JANEIRO/2026 / CBO —F2 — Cópia",SEGUIDORES,P2,"Casa e Cia",not_delivering,ad,271,307,1.13284133,"Clique de 7 dias, visualização de 1 dia ou visualização com engajamento de 1 dia",,,2.49,,2026-01-04,2026-01-08,1,8.11074919,2026-01-05,2026-01-05
2026-01-05,"DC - JANEIRO/2026 / ABO —F2 — ABERTO — Cópia",ENGAJAMENTO,P2,"Casa e Cia",not_delivering,ad,9,9,1,"Clique de 7 dias, visualização de 1 dia ou visualização com engajamento de 1 dia",,,0.16,,2026-01-03,2026-01-08,1,17.77777778,2026-01-05,2026-01-05
2026-01-05,"DC - JANEIRO/2026 / ABO —F2 — ABERTO — Cópia",VV,VIDEO,"Casa e Cia",not_delivering,ad,81,83,1.02469136,"Clique de 7 dias, visualização de 1 dia ou visualização com engajamento de 1 dia","Leads no site",9,4.4,0.48888889,2026-01-03,2026-01-08,15,53.01204819,2026-01-05,2026-01-05
2026-01-05,"DC - JANEIRO/2026 / ABO —F2 — ABERTO",VISITAS,P2,"Casa e Cia",inactive,ad,4,4,1,"Clique de 7 dias, visualização de 1 dia ou visualização com engajamento de 1 dia",,,0.08,,2026-01-01,2026-01-08,,20,2026-01-05,2026-01-05
2026-01-05,"DC - JANEIRO/2026 / ABO —F2",VV,P2,"Casa e Cia",not_delivering,ad,706,787,1.11473088,"Clique de 7 dias, visualização de 1 dia ou visualização com engajamento de 1 dia","Leads no site",10,6.66,0.666,2026-01-01,2026-01-08,13,8.46251588,2026-01-05,2026-01-05
2026-01-05,"DC - JANEIRO/2026 / ABO —F2 — ABERTO — Cópia",VV,P1,"Casa e Cia",not_delivering,ad,3,3,1,"Clique de 7 dias, visualização de 1 dia ou visualização com engajamento de 1 dia",,,0.02,,2026-01-03,2026-01-08,,6.66666667,2026-01-05,2026-01-05
2026-01-05,"DC - JANEIRO/2026 / CBO —F2",VV,P1,"Casa e Cia",not_delivering,ad,172,189,1.09883721,"Clique de 7 dias, visualização de 1 dia ou visualização com engajamento de 1 dia",,,1.88,,2026-01-01,2026-01-12,,9.94708995,2026-01-05,2026-01-05
2026-01-05,"DC - JANEIRO/2026 / ABO —F2 — ABERTO",SEGUIDORES,P2,"Casa e Cia",not_delivering,ad,326,340,1.04294479,"Clique de 7 dias, visualização de 1 dia ou visualização com engajamento de 1 dia","Leads no site",6,4.23,0.705,2026-01-01,2026-01-08,7,12.44117647,2026-01-05,2026-01-05
2026-01-05,"DC - JANEIRO/2026 / ABO —F2",VISITAS,P1,"Casa e Cia",not_delivering,ad,214,262,1.22429907,"Clique de 7 dias, visualização de 1 dia ou visualização com engajamento de 1 dia",,,2.82,,2026-01-01,2026-01-08,2,10.76335878,2026-01-05,2026-01-05
2026-01-05,"DC - JANEIRO/2026 / CBO —F2",VV,VIDEO,"Casa e Cia",not_delivering,ad,1604,1842,1.14837905,"Clique de 7 dias, visualização de 1 dia ou visualização com engajamento de 1 dia","Leads no site",10,22.16,2.216,2026-01-01,2026-01-12,32,12.03040174,2026-01-05,2026-01-05
2026-01-05,"DC - JANEIRO/2026 / ABO —F2 — ABERTO — Cópia",ENGAJAMENTO,P1,"Casa e Cia",not_delivering,ad,107,112,1.04672897,"Clique de 7 dias, visualização de 1 dia ou visualização com engajamento de 1 dia",,,1.19,,2026-01-03,2026-01-08,1,10.625,2026-01-05,2026-01-05
2026-01-05,"DC - JANEIRO/2026 / CBO —F2 — Cópia",VV,P2,"Casa e Cia",not_delivering,ad,516,563,1.09108527,"Clique de 7 dias, visualização de 1 dia ou visualização com engajamento de 1 dia","Leads no site",4,5.41,1.3525,2026-01-04,2026-01-08,5,9.60923623,2026-01-05,2026-01-05
2026-01-05,"DC - JANEIRO/2026 / CBO —F2",ENGAJAMENTO,VIDEO,"Casa e Cia",not_delivering,ad,22,23,1.04545455,"Clique de 7 dias, visualização de 1 dia ou visualização com engajamento de 1 dia",,,0.69,,2026-01-01,2026-01-12,,30,2026-01-05,2026-01-05
2026-01-05,"DC - JANEIRO/2026 / CBO —F2",ENGAJAMENTO,P1,"Casa e Cia",not_delivering,ad,2,2,1,"Clique de 7 dias, visualização de 1 dia ou visualização com engajamento de 1 dia",,,0.01,,2026-01-01,2026-01-12,,5,2026-01-05,2026-01-05
2026-01-05,"DC - JANEIRO/2026 / ABO —F2 — ABERTO",ENGAJAMENTO,P1,"Casa e Cia",not_delivering,ad,422,461,1.09241706,"Clique de 7 dias, visualização de 1 dia ou visualização com engajamento de 1 dia","Leads no site",4,6.25,1.5625,2026-01-01,2026-01-08,7,13.55748373,2026-01-05,2026-01-05
2026-01-05,"DC - JANEIRO/2026 / ABO —F2 — ABERTO — Cópia",ENGAJAMENTO,P1,"Casa e Cia",not_delivering,ad,1,1,1,"Clique de 7 dias, visualização de 1 dia ou visualização com engajamento de 1 dia",,,0.02,,2026-01-03,2026-01-08,,20,2026-01-05,2026-01-05
2026-01-05,"DC - JANEIRO/2026 / CBO —F2 — Cópia",VISITAS,P1,"Casa e Cia",not_delivering,ad,121,142,1.17355372,"Clique de 7 dias, visualização de 1 dia ou visualização com engajamento de 1 dia","Leads no site",2,2.18,1.09,2026-01-04,2026-01-08,4,15.35211268,2026-01-05,2026-01-05
2026-01-05,"DC - JANEIRO/2026 / CBO —F2",VV,P2,"Casa e Cia",not_delivering,ad,1763,2075,1.17697107,"Clique de 7 dias, visualização de 1 dia ou visualização com engajamento de 1 dia","Leads no site",4,17.16,4.29,2026-01-01,2026-01-12,28,8.26987952,2026-01-05,2026-01-05
2026-01-05,"DC - JANEIRO/2026 / ABO —F2 — ABERTO — Cópia",ENGAJAMENTO,VIDEO,"Casa e Cia",not_delivering,ad,38,41,1.07894737,"Clique de 7 dias, visualização de 1 dia ou visualização com engajamento de 1 dia",,,0.39,,2026-01-03,2026-01-08,,9.51219512,2026-01-05,2026-01-05
2026-01-05,"DC - JANEIRO/2026 / ABO —F2 — ABERTO — Cópia",VV,VIDEO,"Casa e Cia",not_delivering,ad,192,198,1.03125,"Clique de 7 dias, visualização de 1 dia ou visualização com engajamento de 1 dia","Leads no site",5,3.89,0.778,2026-01-03,2026-01-08,11,19.64646465,2026-01-05,2026-01-05
2026-01-05,"DC - JANEIRO/2026 / CBO —F2 — Cópia",SEGUIDORES,P2,"Casa e Cia",not_delivering,ad,256,281,1.09765625,"Clique de 7 dias, visualização de 1 dia ou visualização com engajamento de 1 dia",,,3.51,,2026-01-04,2026-01-08,,12.4911032,2026-01-05,2026-01-05
2026-01-05,"DC - JANEIRO/2026 / ABO —F2 — ABERTO — Cópia",ENGAJAMENTO,P1,"Casa e Cia",not_delivering,ad,62,62,1,"Clique de 7 dias, visualização de 1 dia ou visualização com engajamento de 1 dia",,,0.67,,2026-01-03,2026-01-08,2,10.80645161,2026-01-05,2026-01-05
2026-01-05,"DC - JANEIRO/2026 / ABO —F2 — ABERTO",VISITAS,P1,"Casa e Cia",not_delivering,ad,982,1050,1.06924644,"Clique de 7 dias, visualização de 1 dia ou visualização com engajamento de 1 dia","Leads no site",12,10.17,0.8475,2026-01-01,2026-01-08,23,9.68571429,2026-01-05,2026-01-05
2026-01-05,"DC - JANEIRO/2026 / CBO —F2 — Cópia",ENGAJAMENTO,P1,"Casa e Cia",not_delivering,ad,16,17,1.0625,"Clique de 7 dias, visualização de 1 dia ou visualização com engajamento de 1 dia","Leads no site",2,0.95,0.475,2026-01-04,2026-01-08,1,55.88235294,2026-01-05,2026-01-05
2026-01-05,"DC - JANEIRO/2026 / ABO —F2 — ABERTO",VV,P1,"Casa e Cia",not_delivering,ad,16,16,1,"Clique de 7 dias, visualização de 1 dia ou visualização com engajamento de 1 dia",,,0.2,,2026-01-01,2026-01-08,,12.5,2026-01-05,2026-01-05
2026-01-05,"DC - JANEIRO/2026 / CBO —F2 — Cópia",VV,P1,"Casa e Cia",not_delivering,ad,25,27,1.08,"Clique de 7 dias, visualização de 1 dia ou visualização com engajamento de 1 dia",,,0.38,,2026-01-04,2026-01-08,,14.07407407,2026-01-05,2026-01-05
2026-01-05,"DC - JANEIRO/2026 / ABO —F2 — ABERTO",SEGUIDORES,VIDEO,"Casa e Cia",not_delivering,ad,135,136,1.00740741,"Clique de 7 dias, visualização de 1 dia ou visualização com engajamento de 1 dia","Leads no site",6,4.26,0.71,2026-01-01,2026-01-08,10,31.32352941,2026-01-05,2026-01-05
2026-01-05,"DC - JANEIRO/2026 / CBO —F2 — Cópia",ENGAJAMENTO,P2,"Casa e Cia",not_delivering,ad,5,5,1,"Clique de 7 dias, visualização de 1 dia ou visualização com engajamento de 1 dia",,,0.05,,2026-01-04,2026-01-08,,10,2026-01-05,2026-01-05
2026-01-05,"DC - JANEIRO/2026 / ABO —F2",SEGUIDORES,P2,"Casa e Cia",inactive,ad,18,22,1.22222222,"Clique de 7 dias, visualização de 1 dia ou visualização com engajamento de 1 dia",,,0.2,,2026-01-01,2026-01-08,,9.09090909,2026-01-05,2026-01-05
2026-01-05,"DC - JANEIRO/2026 / CBO —F2 — Cópia",SEGUIDORES,VIDEO,"Casa e Cia",not_delivering,ad,275,316,1.14909091,"Clique de 7 dias, visualização de 1 dia ou visualização com engajamento de 1 dia","Leads no site",6,3.38,0.56333333,2026-01-04,2026-01-08,7,10.69620253,2026-01-05,2026-01-05
2026-01-05,"DC - JANEIRO/2026 / CBO —F2 — Cópia",VISITAS,VIDEO,"Casa e Cia",not_delivering,ad,3,3,1,"Clique de 7 dias, visualização de 1 dia ou visualização com engajamento de 1 dia",,,0.05,,2026-01-04,2026-01-08,,16.66666667,2026-01-05,2026-01-05
2026-01-05,"DC - JANEIRO/2026 / ABO —F2 — ABERTO",ENGAJAMENTO,P2,"Casa e Cia",not_delivering,ad,125,132,1.056,"Clique de 7 dias, visualização de 1 dia ou visualização com engajamento de 1 dia","Leads no site",6,2.58,0.43,2026-01-01,2026-01-08,8,19.54545455,2026-01-05,2026-01-05
2026-01-05,"DC - JANEIRO/2026 / CBO —F2 — Cópia",VISITAS,P2,"Casa e Cia",not_delivering,ad,1,1,1,"Clique de 7 dias, visualização de 1 dia ou visualização com engajamento de 1 dia",,,0.01,,2026-01-04,2026-01-08,,10,2026-01-05,2026-01-05
2026-01-05,"DC - JANEIRO/2026 / ABO —F2 — ABERTO — Cópia",VISITAS,P2,"Casa e Cia",not_delivering,ad,11,12,1.09090909,"Clique de 7 dias, visualização de 1 dia ou visualização com engajamento de 1 dia",,,0.27,,2026-01-03,2026-01-08,,22.5,2026-01-05,2026-01-05
2026-01-05,"DC - JANEIRO/2026 / CBO —F2 — Cópia",VV,VIDEO,"Casa e Cia",not_delivering,ad,577,647,1.12131716,"Clique de 7 dias, visualização de 1 dia ou visualização com engajamento de 1 dia","Leads no site",4,9.32,2.33,2026-01-04,2026-01-08,16,14.4049459,2026-01-05,2026-01-05
2026-01-05,"DC - JANEIRO/2026 / CBO —F2 — Cópia",VV,VIDEO,"Casa e Cia",not_delivering,ad,522,573,1.09770115,"Clique de 7 dias, visualização de 1 dia ou visualização com engajamento de 1 dia",,,7.32,,2026-01-04,2026-01-08,10,12.77486911,2026-01-05,2026-01-05
2026-01-05,"DC - JANEIRO/2026 / ABO —F2 — ABERTO — Cópia",SEGUIDORES,VIDEO,"Casa e Cia",not_delivering,ad,13,13,1,"Clique de 7 dias, visualização de 1 dia ou visualização com engajamento de 1 dia",,,0.86,,2026-01-03,2026-01-08,1,66.15384615,2026-01-05,2026-01-05
2026-01-05,"DC - JANEIRO/2026 / ABO —F2 — ABERTO — Cópia",VV,VIDEO,"Casa e Cia",not_delivering,ad,234,247,1.05555556,"Clique de 7 dias, visualização de 1 dia ou visualização com engajamento de 1 dia","Leads no site",2,4.27,2.135,2026-01-03,2026-01-08,5,17.28744939,2026-01-05,2026-01-05
2026-01-05,"DC - JANEIRO/2026 / CBO —F2 — Cópia",VV,P1,"Casa e Cia",not_delivering,ad,7,7,1,"Clique de 7 dias, visualização de 1 dia ou visualização com engajamento de 1 dia",,,0.18,,2026-01-04,2026-01-08,,25.71428571,2026-01-05,2026-01-05
2026-01-05,"DC - JANEIRO/2026 / CBO —F2 — Cópia",VV,VIDEO,"Casa e Cia",not_delivering,ad,30,33,1.1,"Clique de 7 dias, visualização de 1 dia ou visualização com engajamento de 1 dia",,,0.33,,2026-01-04,2026-01-08,1,10,2026-01-05,2026-01-05
2026-01-05,"DC - JANEIRO/2026 / CBO —F2 — Cópia",ENGAJAMENTO,P1,"Casa e Cia",not_delivering,ad,92,98,1.06521739,"Clique de 7 dias, visualização de 1 dia ou visualização com engajamento de 1 dia",,,1.12,,2026-01-04,2026-01-08,,11.42857143,2026-01-05,2026-01-05
2026-01-05,"DC - JANEIRO/2026 / CBO —F2 — Cópia",SEGUIDORES,P1,"Casa e Cia",not_delivering,ad,132,147,1.11363636,"Clique de 7 dias, visualização de 1 dia ou visualização com engajamento de 1 dia","Leads no site",2,1.69,0.845,2026-01-04,2026-01-08,2,11.49659864,2026-01-05,2026-01-05
2026-01-05,"DC - JANEIRO/2026 / CBO —F2 — Cópia",ENGAJAMENTO,P2,"Casa e Cia",not_delivering,ad,49,51,1.04081633,"Clique de 7 dias, visualização de 1 dia ou visualização com engajamento de 1 dia",,,1.02,,2026-01-04,2026-01-08,1,20,2026-01-05,2026-01-05
2026-01-05,"DC - JANEIRO/2026 / CBO —F2 — Cópia",VV,P2,"Casa e Cia",not_delivering,ad,49,50,1.02040816,"Clique de 7 dias, visualização de 1 dia ou visualização com engajamento de 1 dia",,,0.41,,2026-01-04,2026-01-08,1,8.2,2026-01-05,2026-01-05
2026-01-05,"DC - JANEIRO/2026 / CBO —F2 — Cópia",VISITAS,VIDEO,"Casa e Cia",not_delivering,ad,11,13,1.18181818,"Clique de 7 dias, visualização de 1 dia ou visualização com engajamento de 1 dia",,,0.15,,2026-01-04,2026-01-08,,11.53846154,2026-01-05,2026-01-05
2026-01-05,"DC - JANEIRO/2026 / ABO —F2 — ABERTO — Cópia",SEGUIDORES,P1,"Casa e Cia",not_delivering,ad,33,34,1.03030303,"Clique de 7 dias, visualização de 1 dia ou visualização com engajamento de 1 dia","Leads no site",2,0.39,0.195,2026-01-03,2026-01-08,,11.47058824,2026-01-05,2026-01-05
2026-01-05,"DC - JANEIRO/2026 / ABO —F2 — ABERTO — Cópia",VV,VIDEO,"Casa e Cia",not_delivering,ad,56,58,1.03571429,"Clique de 7 dias, visualização de 1 dia ou visualização com engajamento de 1 dia",,,2.64,,2026-01-03,2026-01-08,12,45.51724138,2026-01-05,2026-01-05
2026-01-05,"DC - JANEIRO/2026 / ABO —F2",ENGAJAMENTO,P2,"Casa e Cia",not_delivering,ad,82,90,1.09756098,"Clique de 7 dias, visualização de 1 dia ou visualização com engajamento de 1 dia",,,1.94,,2026-01-01,2026-01-08,1,21.55555556,2026-01-05,2026-01-05
2026-01-05,"DC - JANEIRO/2026 / CBO —F2 — Cópia",ENGAJAMENTO,VIDEO,"Casa e Cia",not_delivering,ad,34,35,1.02941176,"Clique de 7 dias, visualização de 1 dia ou visualização com engajamento de 1 dia",,,0.66,,2026-01-04,2026-01-08,1,18.85714286,2026-01-05,2026-01-05
2026-01-05,"DC - JANEIRO/2026 / ABO —F2",SEGUIDORES,P1,"Casa e Cia",not_delivering,ad,50,50,1,"Clique de 7 dias, visualização de 1 dia ou visualização com engajamento de 1 dia",,,0.56,,2026-01-01,2026-01-08,1,11.2,2026-01-05,2026-01-05
2026-01-05,"DC - JANEIRO/2026 / ABO —F2 — ABERTO — Cópia",VV,P1,"Casa e Cia",not_delivering,ad,2,2,1,"Clique de 7 dias, visualização de 1 dia ou visualização com engajamento de 1 dia","Leads no site",2,0.02,0.01,2026-01-03,2026-01-08,1,10,2026-01-05,2026-01-05
2026-01-05,"DC - JANEIRO/2026 / CBO —F2 — Cópia",VISITAS,P2,"Casa e Cia",not_delivering,ad,10,10,1,"Clique de 7 dias, visualização de 1 dia ou visualização com engajamento de 1 dia",,,0.04,,2026-01-04,2026-01-08,,4,2026-01-05,2026-01-05
2026-01-05,"DC - JANEIRO/2026 / CBO —F2 — Cópia",SEGUIDORES,P1,"Casa e Cia",not_delivering,ad,128,143,1.1171875,"Clique de 7 dias, visualização de 1 dia ou visualização com engajamento de 1 dia",,,1.42,,2026-01-04,2026-01-08,2,9.93006993,2026-01-05,2026-01-05
2026-01-05,"DC - JANEIRO/2026 / ABO —F2 — ABERTO — Cópia",SEGUIDORES,VIDEO,"Casa e Cia",not_delivering,ad,126,129,1.02380952,"Clique de 7 dias, visualização de 1 dia ou visualização com engajamento de 1 dia","Leads no site",3,5.13,1.71,2026-01-03,2026-01-08,16,39.76744186,2026-01-05,2026-01-05
2026-01-05,"DC - JANEIRO/2026 / ABO —F2 — ABERTO — Cópia",SEGUIDORES,VIDEO,"Casa e Cia",not_delivering,ad,186,203,1.09139785,"Clique de 7 dias, visualização de 1 dia ou visualização com engajamento de 1 dia","Leads no site",11,8.88,0.80727273,2026-01-03,2026-01-08,30,43.74384236,2026-01-05,2026-01-05
2026-01-05,"DC - JANEIRO/2026 / CBO —F2 — Cópia",VISITAS,P1,"Casa e Cia",not_delivering,ad,165,201,1.21818182,"Clique de 7 dias, visualização de 1 dia ou visualização com engajamento de 1 dia",,,2.22,,2026-01-04,2026-01-08,1,11.04477612,2026-01-05,2026-01-05
2026-01-05,"DC - JANEIRO/2026 / ABO —F2 — ABERTO — Cópia",SEGUIDORES,P1,"Casa e Cia",not_delivering,ad,34,35,1.02941176,"Clique de 7 dias, visualização de 1 dia ou visualização com engajamento de 1 dia",,,0.3,,2026-01-03,2026-01-08,,8.57142857,2026-01-05,2026-01-05
2026-01-05,"DC - JANEIRO/2026 / CBO —F2 — Cópia",SEGUIDORES,VIDEO,"Casa e Cia",not_delivering,ad,92,101,1.09782609,"Clique de 7 dias, visualização de 1 dia ou visualização com engajamento de 1 dia",,,1.38,,2026-01-04,2026-01-08,,13.66336634,2026-01-05,2026-01-05
2026-01-05,"DC - JANEIRO/2026 / CBO —F2 — Cópia",ENGAJAMENTO,VIDEO,"Casa e Cia",not_delivering,ad,20,20,1,"Clique de 7 dias, visualização de 1 dia ou visualização com engajamento de 1 dia",,,0.25,,2026-01-04,2026-01-08,,12.5,2026-01-05,2026-01-05
2026-01-05,"DC - JANEIRO/2026 / CBO —F2 — Cópia",VV,VIDEO,"Casa e Cia",not_delivering,ad,329,358,1.0881459,"Clique de 7 dias, visualização de 1 dia ou visualização com engajamento de 1 dia",,,4.73,,2026-01-04,2026-01-08,7,13.2122905,2026-01-05,2026-01-05
2026-01-05,"DC - JANEIRO/2026 / CBO —F2 — Cópia",VISITAS,P1,"Casa e Cia",not_delivering,ad,298,369,1.23825503,"Clique de 7 dias, visualização de 1 dia ou visualização com engajamento de 1 dia","Leads no site",5,4.38,0.876,2026-01-04,2026-01-08,4,11.8699187,2026-01-05,2026-01-05
2026-01-05,"DC - JANEIRO/2026 / ABO —F2 — ABERTO — Cópia",VISITAS,P1,"Casa e Cia",not_delivering,ad,185,196,1.05945946,"Clique de 7 dias, visualização de 1 dia ou visualização com engajamento de 1 dia","Leads no site",6,2.01,0.335,2026-01-03,2026-01-08,5,10.25510204,2026-01-05,2026-01-05
2026-01-05,"DC - JANEIRO/2026 / ABO —F2 — ABERTO — Cópia",VV,P2,"Casa e Cia",not_delivering,ad,40,40,1,"Clique de 7 dias, visualização de 1 dia ou visualização com engajamento de 1 dia",,,0.33,,2026-01-03,2026-01-08,,8.25,2026-01-05,2026-01-05
2026-01-05,"DC - JANEIRO/2026 / ABO —F2 — ABERTO — Cópia",VV,P2,"Casa e Cia",not_delivering,ad,12,12,1,"Clique de 7 dias, visualização de 1 dia ou visualização com engajamento de 1 dia",,,0.2,,2026-01-03,2026-01-08,,16.66666667,2026-01-05,2026-01-05
2026-01-05,"DC - JANEIRO/2026 / CBO —F2 — Cópia",ENGAJAMENTO,P2,"Casa e Cia",not_delivering,ad,7,7,1,"Clique de 7 dias, visualização de 1 dia ou visualização com engajamento de 1 dia",,,0.09,,2026-01-04,2026-01-08,,12.85714286,2026-01-05,2026-01-05
2026-01-05,"DC - JANEIRO/2026 / CBO —F2 — Cópia",ENGAJAMENTO,P1,"Casa e Cia",not_delivering,ad,30,31,1.03333333,"Clique de 7 dias, visualização de 1 dia ou visualização com engajamento de 1 dia",,,0.24,,2026-01-04,2026-01-08,,7.74193548,2026-01-05,2026-01-05
2026-01-05,"DC - JANEIRO/2026 / CBO —F2 — Cópia",VV,P2,"Casa e Cia",not_delivering,ad,511,532,1.04109589,"Clique de 7 dias, visualização de 1 dia ou visualização com engajamento de 1 dia",,,4.45,,2026-01-04,2026-01-08,3,8.36466165,2026-01-05,2026-01-05
2026-01-05,"DC - JANEIRO/2026 / CBO —F2 — Cópia",VV,P2,"Casa e Cia",not_delivering,ad,226,247,1.09292035,"Clique de 7 dias, visualização de 1 dia ou visualização com engajamento de 1 dia","Leads no site",4,2.85,0.7125,2026-01-04,2026-01-08,6,11.53846154,2026-01-05,2026-01-05
2026-01-05,"DC - JANEIRO/2026 / CBO —F2 — Cópia",SEGUIDORES,P2,"Casa e Cia",not_delivering,ad,188,211,1.12234043,"Clique de 7 dias, visualização de 1 dia ou visualização com engajamento de 1 dia","Leads no site",2,1.7,0.85,2026-01-04,2026-01-08,2,8.05687204,2026-01-05,2026-01-05
2026-01-05,"DC - JANEIRO/2026 / CBO —F2 — Cópia",VISITAS,P2,"Casa e Cia",not_delivering,ad,2,2,1,"Clique de 7 dias, visualização de 1 dia ou visualização com engajamento de 1 dia",,,0,,2026-01-04,2026-01-08,,0,2026-01-05,2026-01-05
2026-01-05,"DC - JANEIRO/2026 / CBO —F2 — Cópia",SEGUIDORES,VIDEO,"Casa e Cia",not_delivering,ad,5,5,1,"Clique de 7 dias, visualização de 1 dia ou visualização com engajamento de 1 dia",,,0.03,,2026-01-04,2026-01-08,,6,2026-01-05,2026-01-05
2026-01-05,"DC - JANEIRO/2026 / ABO —F2 — ABERTO — Cópia",VISITAS,VIDEO,"Casa e Cia",not_delivering,ad,7,7,1,"Clique de 7 dias, visualização de 1 dia ou visualização com engajamento de 1 dia",,,0.07,,2026-01-03,2026-01-08,,10,2026-01-05,2026-01-05
2026-01-05,"DC - JANEIRO/2026 / ABO —F2 — ABERTO — Cópia",SEGUIDORES,P2,"Casa e Cia",not_delivering,ad,150,155,1.03333333,"Clique de 7 dias, visualização de 1 dia ou visualização com engajamento de 1 dia","Leads no site",6,1.55,0.25833333,2026-01-03,2026-01-08,6,10,2026-01-05,2026-01-05
2026-01-05,"DC - JANEIRO/2026 / CBO —F2 — Cópia",ENGAJAMENTO,P2,"Casa e Cia",not_delivering,ad,5,5,1,"Clique de 7 dias, visualização de 1 dia ou visualização com engajamento de 1 dia",,,0.01,,2026-01-04,2026-01-08,,2,2026-01-05,2026-01-05
2026-01-05,"DC - JANEIRO/2026 / ABO —F2 — ABERTO — Cópia",VV,VIDEO,"Casa e Cia",not_delivering,ad,256,268,1.046875,"Clique de 7 dias, visualização de 1 dia ou visualização com engajamento de 1 dia","Leads no site",7,5.66,0.80857143,2026-01-03,2026-01-08,10,21.11940299,2026-01-05,2026-01-05
2026-01-05,"DC - JANEIRO/2026 / ABO —F2",ENGAJAMENTO,P1,"Casa e Cia",not_delivering,ad,392,456,1.16326531,"Clique de 7 dias, visualização de 1 dia ou visualização com engajamento de 1 dia","Leads no site",3,6.14,2.04666667,2026-01-01,2026-01-08,7,13.46491228,2026-01-05,2026-01-05
2026-01-05,"DC - JANEIRO/2026 / ABO —F2 — ABERTO — Cópia",VISITAS,P1,"Casa e Cia",not_delivering,ad,424,447,1.05424528,"Clique de 7 dias, visualização de 1 dia ou visualização com engajamento de 1 dia","Leads no site",2,5.76,2.88,2026-01-03,2026-01-08,5,12.88590604,2026-01-05,2026-01-05
2026-01-05,"DC - JANEIRO/2026 / CBO —F2 — Cópia",ENGAJAMENTO,P1,"Casa e Cia",not_delivering,ad,166,187,1.12650602,"Clique de 7 dias, visualização de 1 dia ou visualização com engajamento de 1 dia","Leads no site",2,2.2,1.1,2026-01-04,2026-01-08,2,11.76470588,2026-01-05,2026-01-05
2026-01-05,"DC - JANEIRO/2026 / ABO —F2",VV,P1,"Casa e Cia",not_delivering,ad,60,62,1.03333333,"Clique de 7 dias, visualização de 1 dia ou visualização com engajamento de 1 dia",,,0.57,,2026-01-01,2026-01-08,,9.19354839,2026-01-05,2026-01-05
2026-01-05,"DC - JANEIRO/2026 / CBO —F2 — Cópia",VV,VIDEO,"Casa e Cia",not_delivering,ad,89,95,1.06741573,"Clique de 7 dias, visualização de 1 dia ou visualização com engajamento de 1 dia",,,1.14,,2026-01-04,2026-01-08,,12,2026-01-05,2026-01-05
2026-01-05,"DC - JANEIRO/2026 / ABO —F2 — ABERTO — Cópia",SEGUIDORES,P2,"Casa e Cia",not_delivering,ad,352,370,1.05113636,"Clique de 7 dias, visualização de 1 dia ou visualização com engajamento de 1 dia","Leads no site",2,4.95,2.475,2026-01-03,2026-01-08,5,13.37837838,2026-01-05,2026-01-05
2026-01-05,"DC - JANEIRO/2026 / ABO —F2 — ABERTO — Cópia",SEGUIDORES,P1,"Casa e Cia",not_delivering,ad,2,2,1,"Clique de 7 dias, visualização de 1 dia ou visualização com engajamento de 1 dia",,,0.04,,2026-01-03,2026-01-08,,20,2026-01-05,2026-01-05
2026-01-05,"DC - JANEIRO/2026 / CBO —F2 — Cópia",VV,P1,"Casa e Cia",not_delivering,ad,24,25,1.04166667,"Clique de 7 dias, visualização de 1 dia ou visualização com engajamento de 1 dia",,,0.29,,2026-01-04,2026-01-08,,11.6,2026-01-05,2026-01-05
2026-01-05,"DC - JANEIRO/2026 / CBO —F2 — Cópia",VV,P2,"Casa e Cia",not_delivering,ad,129,132,1.02325581,"Clique de 7 dias, visualização de 1 dia ou visualização com engajamento de 1 dia",,,1,,2026-01-04,2026-01-08,,7.57575758,2026-01-05,2026-01-05
2026-01-05,"DC - JANEIRO/2026 / ABO —F2 — ABERTO — Cópia",SEGUIDORES,P2,"Casa e Cia",not_delivering,ad,145,155,1.06896552,"Clique de 7 dias, visualização de 1 dia ou visualização com engajamento de 1 dia",,,1.26,,2026-01-03,2026-01-08,3,8.12903226,2026-01-05,2026-01-05
2026-01-05,"DC - JANEIRO/2026 / CBO —F2 — Cópia",SEGUIDORES,VIDEO,"Casa e Cia",not_delivering,ad,8,9,1.125,"Clique de 7 dias, visualização de 1 dia ou visualização com engajamento de 1 dia",,,0.12,,2026-01-04,2026-01-08,,13.33333333,2026-01-05,2026-01-05
2026-01-05,"DC - JANEIRO/2026 / ABO —F2 — ABERTO — Cópia",VV,P2,"Casa e Cia",not_delivering,ad,42,46,1.0952381,"Clique de 7 dias, visualização de 1 dia ou visualização com engajamento de 1 dia",,,0.39,,2026-01-03,2026-01-08,,8.47826087,2026-01-05,2026-01-05
2026-01-04,"DC - JANEIRO/2026 / ABO —F2 — ABERTO — Cópia",VV,P2,"Casa e Cia",not_delivering,ad,434,456,1.05069124,"Clique de 7 dias, visualização de 1 dia ou visualização com engajamento de 1 dia","Leads no site",2,3.88,1.94,2026-01-03,2026-01-08,7,8.50877193,2026-01-04,2026-01-04
2026-01-04,"DC - JANEIRO/2026 / CBO —F2",VISITAS,P1,"Casa e Cia",not_delivering,ad,184,218,1.18478261,"Clique de 7 dias, visualização de 1 dia ou visualização com engajamento de 1 dia",,,1.75,,2026-01-01,2026-01-12,3,8.02752294,2026-01-04,2026-01-04
2026-01-04,"DC - JANEIRO/2026 / ABO —F2 — ABERTO — Cópia",ENGAJAMENTO,P2,"Casa e Cia",not_delivering,ad,13,13,1,"Clique de 7 dias, visualização de 1 dia ou visualização com engajamento de 1 dia",,,0.34,,2026-01-03,2026-01-08,,26.15384615,2026-01-04,2026-01-04
2026-01-04,"DC - JANEIRO/2026 / CBO —F2 — Cópia",SEGUIDORES,P1,"Casa e Cia",not_delivering,ad,48,51,1.0625,"Clique de 7 dias, visualização de 1 dia ou visualização com engajamento de 1 dia","Leads no site",2,0.55,0.275,2026-01-04,2026-01-08,1,10.78431373,2026-01-04,2026-01-04
2026-01-04,"DC - JANEIRO/2026 / CBO —F2 — Cópia",SEGUIDORES,P2,"Casa e Cia",not_delivering,ad,24,26,1.08333333,"Clique de 7 dias, visualização de 1 dia ou visualização com engajamento de 1 dia","Leads no site",2,0.29,0.145,2026-01-04,2026-01-08,1,11.15384615,2026-01-04,2026-01-04
2026-01-04,"DC - JANEIRO/2026 / ABO —F2 — ABERTO — Cópia",VV,P1,"Casa e Cia",not_delivering,ad,33,35,1.06060606,"Clique de 7 dias, visualização de 1 dia ou visualização com engajamento de 1 dia",,,0.61,,2026-01-03,2026-01-08,,17.42857143,2026-01-04,2026-01-04
2026-01-04,"DC - JANEIRO/2026 / ABO —F2",VISITAS,VIDEO,"Casa e Cia",inactive,ad,3,3,1,"Clique de 7 dias, visualização de 1 dia ou visualização com engajamento de 1 dia",,,0.04,,2026-01-01,2026-01-08,,13.33333333,2026-01-04,2026-01-04
2026-01-04,"DC - JANEIRO/2026 / ABO —F2 — ABERTO — Cópia",VISITAS,P1,"Casa e Cia",not_delivering,ad,992,1099,1.1078629,"Clique de 7 dias, visualização de 1 dia ou visualização com engajamento de 1 dia","Leads no site",22,9.25,0.42045455,2026-01-03,2026-01-08,26,8.41674249,2026-01-04,2026-01-04
2026-01-04,"DC - JANEIRO/2026 / ABO —F2 — ABERTO — Cópia",VISITAS,VIDEO,"Casa e Cia",not_delivering,ad,273,292,1.06959707,"Clique de 7 dias, visualização de 1 dia ou visualização com engajamento de 1 dia","Leads no site",7,4.57,0.65285714,2026-01-03,2026-01-08,12,15.65068493,2026-01-04,2026-01-04
2026-01-04,"DC - JANEIRO/2026 / ABO —F2 — ABERTO",SEGUIDORES,P1,"Casa e Cia",not_delivering,ad,273,312,1.14285714,"Clique de 7 dias, visualização de 1 dia ou visualização com engajamento de 1 dia","Leads no site",4,3.36,0.84,2026-01-01,2026-01-08,10,10.76923077,2026-01-04,2026-01-04
2026-01-04,"DC - JANEIRO/2026 / ABO —F2 — ABERTO — Cópia",VISITAS,P1,"Casa e Cia",not_delivering,ad,287,313,1.09059233,"Clique de 7 dias, visualização de 1 dia ou visualização com engajamento de 1 dia","Leads no site",2,2.44,1.22,2026-01-03,2026-01-08,7,7.79552716,2026-01-04,2026-01-04
2026-01-04,"DC - JANEIRO/2026 / CBO —F2",SEGUIDORES,VIDEO,"Casa e Cia",not_delivering,ad,98,101,1.03061224,"Clique de 7 dias, visualização de 1 dia ou visualização com engajamento de 1 dia","Leads no site",2,0.96,0.48,2026-01-01,2026-01-12,3,9.5049505,2026-01-04,2026-01-04
2026-01-04,"DC - JANEIRO/2026 / CBO —F2 — Cópia",VISITAS,P1,"Casa e Cia",not_delivering,ad,60,72,1.2,"Clique de 7 dias, visualização de 1 dia ou visualização com engajamento de 1 dia",,,1.26,,2026-01-04,2026-01-08,3,17.5,2026-01-04,2026-01-04
2026-01-04,"DC - JANEIRO/2026 / ABO —F2 — ABERTO — Cópia",VISITAS,VIDEO,"Casa e Cia",not_delivering,ad,92,102,1.10869565,"Clique de 7 dias, visualização de 1 dia ou visualização com engajamento de 1 dia",,,1.82,,2026-01-03,2026-01-08,1,17.84313725,2026-01-04,2026-01-04
2026-01-04,"DC - JANEIRO/2026 / CBO —F2 — Cópia",VISITAS,P1,"Casa e Cia",not_delivering,ad,47,59,1.25531915,"Clique de 7 dias, visualização de 1 dia ou visualização com engajamento de 1 dia","Leads no site",4,0.7,0.175,2026-01-04,2026-01-08,3,11.86440678,2026-01-04,2026-01-04
2026-01-04,"DC - JANEIRO/2026 / ABO —F2",SEGUIDORES,VIDEO,"Casa e Cia",not_delivering,ad,182,206,1.13186813,"Clique de 7 dias, visualização de 1 dia ou visualização com engajamento de 1 dia","Leads no site",8,2.95,0.36875,2026-01-01,2026-01-08,11,14.32038835,2026-01-04,2026-01-04
2026-01-04,"DC - JANEIRO/2026 / ABO —F2 — ABERTO — Cópia",VISITAS,P2,"Casa e Cia",not_delivering,ad,1,1,1,"Clique de 7 dias, visualização de 1 dia ou visualização com engajamento de 1 dia",,,0,,2026-01-03,2026-01-08,,0,2026-01-04,2026-01-04
2026-01-04,"DC - JANEIRO/2026 / CBO —F2 — Cópia",VV,P1,"Casa e Cia",not_delivering,ad,14,14,1,"Clique de 7 dias, visualização de 1 dia ou visualização com engajamento de 1 dia",,,0.22,,2026-01-04,2026-01-08,,15.71428571,2026-01-04,2026-01-04
2026-01-04,"DC - JANEIRO/2026 / ABO —F2 — ABERTO — Cópia",ENGAJAMENTO,VIDEO,"Casa e Cia",not_delivering,ad,395,415,1.05063291,"Clique de 7 dias, visualização de 1 dia ou visualização com engajamento de 1 dia","Leads no site",9,6.21,0.69,2026-01-03,2026-01-08,20,14.96385542,2026-01-04,2026-01-04
2026-01-04,"DC - JANEIRO/2026 / ABO —F2 — ABERTO — Cópia",VV,P1,"Casa e Cia",not_delivering,ad,66,73,1.10606061,"Clique de 7 dias, visualização de 1 dia ou visualização com engajamento de 1 dia",,,1.52,,2026-01-03,2026-01-08,2,20.82191781,2026-01-04,2026-01-04
2026-01-04,"DC - JANEIRO/2026 / ABO —F2 — ABERTO",ENGAJAMENTO,VIDEO,"Casa e Cia",not_delivering,ad,596,638,1.0704698,"Clique de 7 dias, visualização de 1 dia ou visualização com engajamento de 1 dia","Leads no site",1,9.33,9.33,2026-01-01,2026-01-08,19,14.62382445,2026-01-04,2026-01-04
2026-01-04,"DC - JANEIRO/2026 / ABO —F2 — ABERTO",VV,P1,"Casa e Cia",not_delivering,ad,43,46,1.06976744,"Clique de 7 dias, visualização de 1 dia ou visualização com engajamento de 1 dia","Leads no site",2,0.61,0.305,2026-01-01,2026-01-08,2,13.26086957,2026-01-04,2026-01-04
2026-01-04,"DC - JANEIRO/2026 / ABO —F2 — ABERTO — Cópia",ENGAJAMENTO,P1,"Casa e Cia",not_delivering,ad,428,441,1.03037383,"Clique de 7 dias, visualização de 1 dia ou visualização com engajamento de 1 dia","Leads no site",2,3.44,1.72,2026-01-03,2026-01-08,12,7.80045351,2026-01-04,2026-01-04
2026-01-04,"DC - JANEIRO/2026 / ABO —F2 — ABERTO — Cópia",SEGUIDORES,P1,"Casa e Cia",not_delivering,ad,107,111,1.03738318,"Clique de 7 dias, visualização de 1 dia ou visualização com engajamento de 1 dia",,,1.1,,2026-01-03,2026-01-08,1,9.90990991,2026-01-04,2026-01-04
2026-01-04,"DC - JANEIRO/2026 / CBO —F2",VV,VIDEO,"Casa e Cia",not_delivering,ad,2602,3396,1.30514988,"Clique de 7 dias, visualização de 1 dia ou visualização com engajamento de 1 dia","Leads no site",51,41.47,0.81313725,2026-01-01,2026-01-12,105,12.21142521,2026-01-04,2026-01-04
2026-01-04,"DC - JANEIRO/2026 / ABO —F2 — ABERTO — Cópia",SEGUIDORES,VIDEO,"Casa e Cia",not_delivering,ad,120,127,1.05833333,"Clique de 7 dias, visualização de 1 dia ou visualização com engajamento de 1 dia","Leads no site",11,4.83,0.43909091,2026-01-03,2026-01-08,18,38.03149606,2026-01-04,2026-01-04
2026-01-04,"DC - JANEIRO/2026 / ABO —F2 — ABERTO — Cópia",VV,P2,"Casa e Cia",not_delivering,ad,169,176,1.04142012,"Clique de 7 dias, visualização de 1 dia ou visualização com engajamento de 1 dia","Leads no site",6,1.63,0.27166667,2026-01-03,2026-01-08,3,9.26136364,2026-01-04,2026-01-04
2026-01-04,"DC - JANEIRO/2026 / ABO —F2 — ABERTO — Cópia",VISITAS,VIDEO,"Casa e Cia",not_delivering,ad,398,429,1.07788945,"Clique de 7 dias, visualização de 1 dia ou visualização com engajamento de 1 dia","Leads no site",6,5.29,0.88166667,2026-01-03,2026-01-08,9,12.33100233,2026-01-04,2026-01-04
2026-01-04,"DC - JANEIRO/2026 / ABO —F2 — ABERTO — Cópia",SEGUIDORES,P1,"Casa e Cia",not_delivering,ad,31,33,1.06451613,"Clique de 7 dias, visualização de 1 dia ou visualização com engajamento de 1 dia",,,0.55,,2026-01-03,2026-01-08,,16.66666667,2026-01-04,2026-01-04
2026-01-04,"DC - JANEIRO/2026 / ABO —F2 — ABERTO — Cópia",ENGAJAMENTO,VIDEO,"Casa e Cia",not_delivering,ad,344,370,1.0755814,"Clique de 7 dias, visualização de 1 dia ou visualização com engajamento de 1 dia","Leads no site",9,5.73,0.63666667,2026-01-03,2026-01-08,19,15.48648649,2026-01-04,2026-01-04
2026-01-04,"DC - JANEIRO/2026 / ABO —F2 — ABERTO — Cópia",ENGAJAMENTO,P1,"Casa e Cia",not_delivering,ad,76,79,1.03947368,"Clique de 7 dias, visualização de 1 dia ou visualização com engajamento de 1 dia","Leads no site",2,1.32,0.66,2026-01-03,2026-01-08,4,16.70886076,2026-01-04,2026-01-04
2026-01-04,"DC - JANEIRO/2026 / ABO —F2 — ABERTO",ENGAJAMENTO,P2,"Casa e Cia",not_delivering,ad,32,33,1.03125,"Clique de 7 dias, visualização de 1 dia ou visualização com engajamento de 1 dia",,,0.32,,2026-01-01,2026-01-08,1,9.6969697,2026-01-04,2026-01-04
2026-01-04,"DC - JANEIRO/2026 / ABO —F2 — ABERTO — Cópia",VISITAS,P1,"Casa e Cia",not_delivering,ad,130,140,1.07692308,"Clique de 7 dias, visualização de 1 dia ou visualização com engajamento de 1 dia","Leads no site",4,1.08,0.27,2026-01-03,2026-01-08,4,7.71428571,2026-01-04,2026-01-04
2026-01-04,"DC - JANEIRO/2026 / ABO —F2 — ABERTO",SEGUIDORES,P2,"Casa e Cia",not_delivering,ad,418,453,1.08373206,"Clique de 7 dias, visualização de 1 dia ou visualização com engajamento de 1 dia","Leads no site",14,4.86,0.34714286,2026-01-01,2026-01-08,15,10.72847682,2026-01-04,2026-01-04
2026-01-04,"DC - JANEIRO/2026 / ABO —F2 — ABERTO — Cópia",ENGAJAMENTO,P1,"Casa e Cia",not_delivering,ad,128,133,1.0390625,"Clique de 7 dias, visualização de 1 dia ou visualização com engajamento de 1 dia",,,1.32,,2026-01-03,2026-01-08,2,9.92481203,2026-01-04,2026-01-04
2026-01-04,"DC - JANEIRO/2026 / CBO —F2 — Cópia",VV,P1,"Casa e Cia",not_delivering,ad,6,6,1,"Clique de 7 dias, visualização de 1 dia ou visualização com engajamento de 1 dia",,,0.1,,2026-01-04,2026-01-08,,16.66666667,2026-01-04,2026-01-04
2026-01-04,"DC - JANEIRO/2026 / ABO —F2 — ABERTO — Cópia",SEGUIDORES,VIDEO,"Casa e Cia",not_delivering,ad,81,86,1.0617284,"Clique de 7 dias, visualização de 1 dia ou visualização com engajamento de 1 dia","Leads no site",4,3.89,0.9725,2026-01-03,2026-01-08,12,45.23255814,2026-01-04,2026-01-04
2026-01-04,"DC - JANEIRO/2026 / ABO —F2 — ABERTO — Cópia",ENGAJAMENTO,P2,"Casa e Cia",not_delivering,ad,14,14,1,"Clique de 7 dias, visualização de 1 dia ou visualização com engajamento de 1 dia",,,0.21,,2026-01-03,2026-01-08,1,15,2026-01-04,2026-01-04
2026-01-04,"DC - JANEIRO/2026 / ABO —F2 — ABERTO — Cópia",SEGUIDORES,P2,"Casa e Cia",not_delivering,ad,493,557,1.12981744,"Clique de 7 dias, visualização de 1 dia ou visualização com engajamento de 1 dia","Leads no site",8,5.43,0.67875,2026-01-03,2026-01-08,14,9.7486535,2026-01-04,2026-01-04
2026-01-04,"DC - JANEIRO/2026 / ABO —F2 — ABERTO — Cópia",ENGAJAMENTO,P2,"Casa e Cia",not_delivering,ad,58,59,1.01724138,"Clique de 7 dias, visualização de 1 dia ou visualização com engajamento de 1 dia",,,0.8,,2026-01-03,2026-01-08,4,13.55932203,2026-01-04,2026-01-04
2026-01-04,"DC - JANEIRO/2026 / ABO —F2 — ABERTO",VISITAS,P2,"Casa e Cia",inactive,ad,1,1,1,"Clique de 7 dias, visualização de 1 dia ou visualização com engajamento de 1 dia",,,0,,2026-01-01,2026-01-08,,0,2026-01-04,2026-01-04
2026-01-04,"DC - JANEIRO/2026 / ABO —F2 — ABERTO — Cópia",VISITAS,P2,"Casa e Cia",not_delivering,ad,10,13,1.3,"Clique de 7 dias, visualização de 1 dia ou visualização com engajamento de 1 dia",,,0.13,,2026-01-03,2026-01-08,,10,2026-01-04,2026-01-04
2026-01-04,"DC - JANEIRO/2026 / CBO —F2 — Cópia",VISITAS,VIDEO,"Casa e Cia",not_delivering,ad,4,4,1,"Clique de 7 dias, visualização de 1 dia ou visualização com engajamento de 1 dia",,,0.68,,2026-01-04,2026-01-08,,170,2026-01-04,2026-01-04
2026-01-04,"DC - JANEIRO/2026 / ABO —F2",VV,P2,"Casa e Cia",not_delivering,ad,1008,1088,1.07936508,"Clique de 7 dias, visualização de 1 dia ou visualização com engajamento de 1 dia","Leads no site",8,7.76,0.97,2026-01-01,2026-01-08,22,7.13235294,2026-01-04,2026-01-04
2026-01-04,"DC - JANEIRO/2026 / CBO —F2",ENGAJAMENTO,P1,"Casa e Cia",not_delivering,ad,53,54,1.01886792,"Clique de 7 dias, visualização de 1 dia ou visualização com engajamento de 1 dia",,,0.6,,2026-01-01,2026-01-12,1,11.11111111,2026-01-04,2026-01-04
2026-01-04,"DC - JANEIRO/2026 / CBO —F2 — Cópia",ENGAJAMENTO,VIDEO,"Casa e Cia",not_delivering,ad,177,197,1.11299435,"Clique de 7 dias, visualização de 1 dia ou visualização com engajamento de 1 dia","Leads no site",4,3.4,0.85,2026-01-04,2026-01-08,3,17.25888325,2026-01-04,2026-01-04
2026-01-04,"DC - JANEIRO/2026 / CBO —F2",VV,P2,"Casa e Cia",not_delivering,ad,1249,1409,1.12810248,"Clique de 7 dias, visualização de 1 dia ou visualização com engajamento de 1 dia","Leads no site",21,8.9,0.42380952,2026-01-01,2026-01-12,28,6.31653655,2026-01-04,2026-01-04
2026-01-04,"DC - JANEIRO/2026 / ABO —F2",ENGAJAMENTO,P2,"Casa e Cia",not_delivering,ad,160,190,1.1875,"Clique de 7 dias, visualização de 1 dia ou visualização com engajamento de 1 dia","Leads no site",4,2.53,0.6325,2026-01-01,2026-01-08,5,13.31578947,2026-01-04,2026-01-04
2026-01-04,"DC - JANEIRO/2026 / ABO —F2 — ABERTO — Cópia",VV,VIDEO,"Casa e Cia",not_delivering,ad,116,121,1.04310345,"Clique de 7 dias, visualização de 1 dia ou visualização com engajamento de 1 dia","Leads no site",8,3.83,0.47875,2026-01-03,2026-01-08,15,31.65289256,2026-01-04,2026-01-04
2026-01-04,"DC - JANEIRO/2026 / ABO —F2 — ABERTO — Cópia",SEGUIDORES,P1,"Casa e Cia",not_delivering,ad,67,69,1.02985075,"Clique de 7 dias, visualização de 1 dia ou visualização com engajamento de 1 dia",,,0.69,,2026-01-03,2026-01-08,,10,2026-01-04,2026-01-04
2026-01-04,"DC - JANEIRO/2026 / ABO —F2 — ABERTO — Cópia",VV,P2,"Casa e Cia",not_delivering,ad,277,290,1.04693141,"Clique de 7 dias, visualização de 1 dia ou visualização com engajamento de 1 dia","Leads no site",4,2.59,0.6475,2026-01-03,2026-01-08,7,8.93103448,2026-01-04,2026-01-04
2026-01-04,"DC - JANEIRO/2026 / ABO —F2 — ABERTO",ENGAJAMENTO,P1,"Casa e Cia",not_delivering,ad,33,33,1,"Clique de 7 dias, visualização de 1 dia ou visualização com engajamento de 1 dia",,,0.24,,2026-01-01,2026-01-08,,7.27272727,2026-01-04,2026-01-04
2026-01-04,"DC - JANEIRO/2026 / CBO —F2 — Cópia",ENGAJAMENTO,P2,"Casa e Cia",not_delivering,ad,21,22,1.04761905,"Clique de 7 dias, visualização de 1 dia ou visualização com engajamento de 1 dia",,,0.26,,2026-01-04,2026-01-08,,11.81818182,2026-01-04,2026-01-04
2026-01-04,"DC - JANEIRO/2026 / CBO —F2 — Cópia",ENGAJAMENTO,P2,"Casa e Cia",not_delivering,ad,20,22,1.1,"Clique de 7 dias, visualização de 1 dia ou visualização com engajamento de 1 dia","Leads no site",2,0.31,0.155,2026-01-04,2026-01-08,1,14.09090909,2026-01-04,2026-01-04
2026-01-04,"DC - JANEIRO/2026 / ABO —F2 — ABERTO — Cópia",VISITAS,VIDEO,"Casa e Cia",not_delivering,ad,44,44,1,"Clique de 7 dias, visualização de 1 dia ou visualização com engajamento de 1 dia","Leads no site",8,1.07,0.13375,2026-01-03,2026-01-08,6,24.31818182,2026-01-04,2026-01-04
2026-01-04,"DC - JANEIRO/2026 / ABO —F2 — ABERTO — Cópia",SEGUIDORES,VIDEO,"Casa e Cia",not_delivering,ad,201,214,1.06467662,"Clique de 7 dias, visualização de 1 dia ou visualização com engajamento de 1 dia","Leads no site",6,7.73,1.28833333,2026-01-03,2026-01-08,18,36.12149533,2026-01-04,2026-01-04
2026-01-04,"DC - JANEIRO/2026 / ABO —F2 — ABERTO — Cópia",ENGAJAMENTO,P1,"Casa e Cia",not_delivering,ad,224,235,1.04910714,"Clique de 7 dias, visualização de 1 dia ou visualização com engajamento de 1 dia",,,2.29,,2026-01-03,2026-01-08,4,9.74468085,2026-01-04,2026-01-04
2026-01-04,"DC - JANEIRO/2026 / ABO —F2 — ABERTO — Cópia",ENGAJAMENTO,VIDEO,"Casa e Cia",not_delivering,ad,293,311,1.06143345,"Clique de 7 dias, visualização de 1 dia ou visualização com engajamento de 1 dia","Leads no site",12,10.61,0.88416667,2026-01-03,2026-01-08,28,34.11575563,2026-01-04,2026-01-04
2026-01-04,"DC - JANEIRO/2026 / ABO —F2 — ABERTO — Cópia",VV,VIDEO,"Casa e Cia",not_delivering,ad,215,227,1.05581395,"Clique de 7 dias, visualização de 1 dia ou visualização com engajamento de 1 dia","Leads no site",12,6.13,0.51083333,2026-01-03,2026-01-08,19,27.00440529,2026-01-04,2026-01-04
2026-01-04,"DC - JANEIRO/2026 / CBO —F2 — Cópia",SEGUIDORES,P2,"Casa e Cia",not_delivering,ad,12,13,1.08333333,"Clique de 7 dias, visualização de 1 dia ou visualização com engajamento de 1 dia",,,0.01,,2026-01-04,2026-01-08,,0.76923077,2026-01-04,2026-01-04
2026-01-04,"DC - JANEIRO/2026 / ABO —F2 — ABERTO — Cópia",ENGAJAMENTO,P1,"Casa e Cia",not_delivering,ad,371,375,1.01078167,"Clique de 7 dias, visualização de 1 dia ou visualização com engajamento de 1 dia",,,3.25,,2026-01-03,2026-01-08,5,8.66666667,2026-01-04,2026-01-04
2026-01-04,"DC - JANEIRO/2026 / ABO —F2 — ABERTO",VISITAS,P1,"Casa e Cia",not_delivering,ad,1288,1411,1.09549689,"Clique de 7 dias, visualização de 1 dia ou visualização com engajamento de 1 dia","Leads no site",21,11.99,0.57095238,2026-01-01,2026-01-08,24,8.49751949,2026-01-04,2026-01-04
2026-01-04,"DC - JANEIRO/2026 / CBO —F2 — Cópia",VISITAS,VIDEO,"Casa e Cia",not_delivering,ad,1,1,1,"Clique de 7 dias, visualização de 1 dia ou visualização com engajamento de 1 dia",,,0.02,,2026-01-04,2026-01-08,,20,2026-01-04,2026-01-04
2026-01-04,"DC - JANEIRO/2026 / CBO —F2 — Cópia",ENGAJAMENTO,P1,"Casa e Cia",not_delivering,ad,22,25,1.13636364,"Clique de 7 dias, visualização de 1 dia ou visualização com engajamento de 1 dia",,,0.25,,2026-01-04,2026-01-08,,10,2026-01-04,2026-01-04
2026-01-04,"DC - JANEIRO/2026 / CBO —F2 — Cópia",ENGAJAMENTO,P1,"Casa e Cia",not_delivering,ad,28,31,1.10714286,"Clique de 7 dias, visualização de 1 dia ou visualização com engajamento de 1 dia",,,0.22,,2026-01-04,2026-01-08,,7.09677419,2026-01-04,2026-01-04
2026-01-04,"DC - JANEIRO/2026 / ABO —F2",SEGUIDORES,P2,"Casa e Cia",inactive,ad,70,81,1.15714286,"Clique de 7 dias, visualização de 1 dia ou visualização com engajamento de 1 dia",,,0.74,,2026-01-01,2026-01-08,1,9.13580247,2026-01-04,2026-01-04
2026-01-04,"DC - JANEIRO/2026 / ABO —F2 — ABERTO — Cópia",SEGUIDORES,VIDEO,"Casa e Cia",not_delivering,ad,113,120,1.0619469,"Clique de 7 dias, visualização de 1 dia ou visualização com engajamento de 1 dia","Leads no site",6,6.43,1.07166667,2026-01-03,2026-01-08,21,53.58333333,2026-01-04,2026-01-04
2026-01-04,"DC - JANEIRO/2026 / ABO —F2 — ABERTO — Cópia",VV,P1,"Casa e Cia",not_delivering,ad,23,23,1,"Clique de 7 dias, visualização de 1 dia ou visualização com engajamento de 1 dia",,,0.46,,2026-01-03,2026-01-08,,20,2026-01-04,2026-01-04
2026-01-04,"DC - JANEIRO/2026 / ABO —F2 — ABERTO — Cópia",ENGAJAMENTO,P2,"Casa e Cia",not_delivering,ad,10,10,1,"Clique de 7 dias, visualização de 1 dia ou visualização com engajamento de 1 dia",,,0.16,,2026-01-03,2026-01-08,,16,2026-01-04,2026-01-04
2026-01-04,"DC - JANEIRO/2026 / CBO —F2 — Cópia",SEGUIDORES,P1,"Casa e Cia",not_delivering,ad,48,49,1.02083333,"Clique de 7 dias, visualização de 1 dia ou visualização com engajamento de 1 dia",,,0.6,,2026-01-04,2026-01-08,,12.24489796,2026-01-04,2026-01-04
2026-01-04,"DC - JANEIRO/2026 / ABO —F2 — ABERTO",VISITAS,VIDEO,"Casa e Cia",not_delivering,ad,45,48,1.06666667,"Clique de 7 dias, visualização de 1 dia ou visualização com engajamento de 1 dia",,,1.13,,2026-01-01,2026-01-08,1,23.54166667,2026-01-04,2026-01-04
2026-01-04,"DC - JANEIRO/2026 / CBO —F2 — Cópia",VV,P1,"Casa e Cia",not_delivering,ad,12,13,1.08333333,"Clique de 7 dias, visualização de 1 dia ou visualização com engajamento de 1 dia",,,0.23,,2026-01-04,2026-01-08,,17.69230769,2026-01-04,2026-01-04
2026-01-04,"DC - JANEIRO/2026 / ABO —F2 — ABERTO — Cópia",VISITAS,P1,"Casa e Cia",not_delivering,ad,317,340,1.07255521,"Clique de 7 dias, visualização de 1 dia ou visualização com engajamento de 1 dia","Leads no site",2,3.43,1.715,2026-01-03,2026-01-08,7,10.08823529,2026-01-04,2026-01-04
2026-01-04,"DC - JANEIRO/2026 / ABO —F2 — ABERTO — Cópia",SEGUIDORES,P2,"Casa e Cia",not_delivering,ad,177,185,1.04519774,"Clique de 7 dias, visualização de 1 dia ou visualização com engajamento de 1 dia","Leads no site",2,1.97,0.985,2026-01-03,2026-01-08,3,10.64864865,2026-01-04,2026-01-04
2026-01-04,"DC - JANEIRO/2026 / ABO —F2 — ABERTO — Cópia",SEGUIDORES,P1,"Casa e Cia",not_delivering,ad,12,14,1.16666667,"Clique de 7 dias, visualização de 1 dia ou visualização com engajamento de 1 dia",,,0.1,,2026-01-03,2026-01-08,,7.14285714,2026-01-04,2026-01-04
2026-01-04,"DC - JANEIRO/2026 / CBO —F2 — Cópia",VV,P1,"Casa e Cia",not_delivering,ad,4,4,1,"Clique de 7 dias, visualização de 1 dia ou visualização com engajamento de 1 dia",,,0.03,,2026-01-04,2026-01-08,,7.5,2026-01-04,2026-01-04
2026-01-04,"DC - JANEIRO/2026 / ABO —F2 — ABERTO — Cópia",ENGAJAMENTO,P2,"Casa e Cia",not_delivering,ad,41,45,1.09756098,"Clique de 7 dias, visualização de 1 dia ou visualização com engajamento de 1 dia",,,0.67,,2026-01-03,2026-01-08,1,14.88888889,2026-01-04,2026-01-04
2026-01-04,"DC - JANEIRO/2026 / ABO —F2",SEGUIDORES,P1,"Casa e Cia",not_delivering,ad,349,404,1.15759312,"Clique de 7 dias, visualização de 1 dia ou visualização com engajamento de 1 dia","Leads no site",2,3.56,1.78,2026-01-01,2026-01-08,4,8.81188119,2026-01-04,2026-01-04
2026-01-04,"DC - JANEIRO/2026 / CBO —F2 — Cópia",VISITAS,P2,"Casa e Cia",not_delivering,ad,2,2,1,"Clique de 7 dias, visualização de 1 dia ou visualização com engajamento de 1 dia",,,0.06,,2026-01-04,2026-01-08,,30,2026-01-04,2026-01-04
2026-01-04,"DC - JANEIRO/2026 / ABO —F2 — ABERTO — Cópia",ENGAJAMENTO,VIDEO,"Casa e Cia",not_delivering,ad,384,405,1.0546875,"Clique de 7 dias, visualização de 1 dia ou visualização com engajamento de 1 dia","Leads no site",11,7.67,0.69727273,2026-01-03,2026-01-08,17,18.9382716,2026-01-04,2026-01-04
2026-01-04,"DC - JANEIRO/2026 / CBO —F2",VV,P1,"Casa e Cia",not_delivering,ad,187,199,1.06417112,"Clique de 7 dias, visualização de 1 dia ou visualização com engajamento de 1 dia",,,1.54,,2026-01-01,2026-01-12,3,7.73869347,2026-01-04,2026-01-04
2026-01-04,"DC - JANEIRO/2026 / CBO —F2",ENGAJAMENTO,P2,"Casa e Cia",inactive,ad,7,7,1,"Clique de 7 dias, visualização de 1 dia ou visualização com engajamento de 1 dia",,,0.01,,2026-01-01,2026-01-12,,1.42857143,2026-01-04,2026-01-04
2026-01-04,"DC - JANEIRO/2026 / ABO —F2 — ABERTO — Cópia",SEGUIDORES,P1,"Casa e Cia",not_delivering,ad,155,165,1.06451613,"Clique de 7 dias, visualização de 1 dia ou visualização com engajamento de 1 dia",,,1.71,,2026-01-03,2026-01-08,5,10.36363636,2026-01-04,2026-01-04
2026-01-04,"DC - JANEIRO/2026 / ABO —F2 — ABERTO — Cópia",VV,P1,"Casa e Cia",not_delivering,ad,29,31,1.06896552,"Clique de 7 dias, visualização de 1 dia ou visualização com engajamento de 1 dia",,,0.43,,2026-01-03,2026-01-08,1,13.87096774,2026-01-04,2026-01-04
2026-01-04,"DC - JANEIRO/2026 / ABO —F2 — ABERTO — Cópia",SEGUIDORES,P2,"Casa e Cia",not_delivering,ad,52,55,1.05769231,"Clique de 7 dias, visualização de 1 dia ou visualização com engajamento de 1 dia",,,0.39,,2026-01-03,2026-01-08,,7.09090909,2026-01-04,2026-01-04
2026-01-04,"DC - JANEIRO/2026 / CBO —F2 — Cópia",SEGUIDORES,VIDEO,"Casa e Cia",not_delivering,ad,64,66,1.03125,"Clique de 7 dias, visualização de 1 dia ou visualização com engajamento de 1 dia",,,0.6,,2026-01-04,2026-01-08,1,9.09090909,2026-01-04,2026-01-04
2026-01-04,"DC - JANEIRO/2026 / CBO —F2 — Cópia",SEGUIDORES,P1,"Casa e Cia",not_delivering,ad,67,76,1.13432836,"Clique de 7 dias, visualização de 1 dia ou visualização com engajamento de 1 dia",,,0.55,,2026-01-04,2026-01-08,1,7.23684211,2026-01-04,2026-01-04
2026-01-04,"DC - JANEIRO/2026 / CBO —F2 — Cópia",VISITAS,P1,"Casa e Cia",not_delivering,ad,11,12,1.09090909,"Clique de 7 dias, visualização de 1 dia ou visualização com engajamento de 1 dia",,,0.09,,2026-01-04,2026-01-08,1,7.5,2026-01-04,2026-01-04
2026-01-04,"DC - JANEIRO/2026 / CBO —F2 — Cópia",SEGUIDORES,P2,"Casa e Cia",not_delivering,ad,20,22,1.1,"Clique de 7 dias, visualização de 1 dia ou visualização com engajamento de 1 dia",,,0.25,,2026-01-04,2026-01-08,,11.36363636,2026-01-04,2026-01-04
2026-01-04,"DC - JANEIRO/2026 / CBO —F2 — Cópia",VISITAS,VIDEO,"Casa e Cia",not_delivering,ad,7,7,1,"Clique de 7 dias, visualização de 1 dia ou visualização com engajamento de 1 dia",,,0.52,,2026-01-04,2026-01-08,1,74.28571429,2026-01-04,2026-01-04
2026-01-04,"DC - JANEIRO/2026 / CBO —F2 — Cópia",VV,P2,"Casa e Cia",not_delivering,ad,173,183,1.05780347,"Clique de 7 dias, visualização de 1 dia ou visualização com engajamento de 1 dia","Leads no site",2,1.41,0.705,2026-01-04,2026-01-08,5,7.70491803,2026-01-04,2026-01-04
2026-01-04,"DC - JANEIRO/2026 / CBO —F2 — Cópia",SEGUIDORES,VIDEO,"Casa e Cia",not_delivering,ad,61,65,1.06557377,"Clique de 7 dias, visualização de 1 dia ou visualização com engajamento de 1 dia",,,0.97,,2026-01-04,2026-01-08,,14.92307692,2026-01-04,2026-01-04
2026-01-04,"DC - JANEIRO/2026 / CBO —F2 — Cópia",ENGAJAMENTO,VIDEO,"Casa e Cia",not_delivering,ad,13,17,1.30769231,"Clique de 7 dias, visualização de 1 dia ou visualização com engajamento de 1 dia","Leads no site",1,0.71,0.71,2026-01-04,2026-01-08,1,41.76470588,2026-01-04,2026-01-04
2026-01-04,"DC - JANEIRO/2026 / ABO —F2",VISITAS,P1,"Casa e Cia",not_delivering,ad,469,639,1.36247335,"Clique de 7 dias, visualização de 1 dia ou visualização com engajamento de 1 dia","Leads no site",14,5.69,0.40642857,2026-01-01,2026-01-08,15,8.90453834,2026-01-04,2026-01-04
2026-01-04,"DC - JANEIRO/2026 / ABO —F2 — ABERTO — Cópia",VISITAS,P2,"Casa e Cia",not_delivering,ad,6,7,1.16666667,"Clique de 7 dias, visualização de 1 dia ou visualização com engajamento de 1 dia",,,0.03,,2026-01-03,2026-01-08,,4.28571429,2026-01-04,2026-01-04
2026-01-04,"DC - JANEIRO/2026 / CBO —F2 — Cópia",ENGAJAMENTO,P1,"Casa e Cia",not_delivering,ad,16,17,1.0625,"Clique de 7 dias, visualização de 1 dia ou visualização com engajamento de 1 dia",,,0.1,,2026-01-04,2026-01-08,,5.88235294,2026-01-04,2026-01-04
2026-01-04,"DC - JANEIRO/2026 / ABO —F2 — ABERTO",VV,P2,"Casa e Cia",not_delivering,ad,591,626,1.05922166,"Clique de 7 dias, visualização de 1 dia ou visualização com engajamento de 1 dia","Leads no site",8,5.17,0.64625,2026-01-01,2026-01-08,11,8.25878594,2026-01-04,2026-01-04
2026-01-04,"DC - JANEIRO/2026 / CBO —F2 — Cópia",VV,P2,"Casa e Cia",not_delivering,ad,32,34,1.0625,"Clique de 7 dias, visualização de 1 dia ou visualização com engajamento de 1 dia",,,0.2,,2026-01-04,2026-01-08,,5.88235294,2026-01-04,2026-01-04
2026-01-04,"DC - JANEIRO/2026 / CBO —F2 — Cópia",ENGAJAMENTO,P1,"Casa e Cia",not_delivering,ad,10,10,1,"Clique de 7 dias, visualização de 1 dia ou visualização com engajamento de 1 dia",,,0.1,,2026-01-04,2026-01-08,,10,2026-01-04,2026-01-04
2026-01-04,"DC - JANEIRO/2026 / CBO —F2 — Cópia",VV,P2,"Casa e Cia",not_delivering,ad,35,36,1.02857143,"Clique de 7 dias, visualização de 1 dia ou visualização com engajamento de 1 dia",,,0.23,,2026-01-04,2026-01-08,,6.38888889,2026-01-04,2026-01-04
2026-01-04,"DC - JANEIRO/2026 / CBO —F2 — Cópia",VV,P2,"Casa e Cia",not_delivering,ad,132,144,1.09090909,"Clique de 7 dias, visualização de 1 dia ou visualização com engajamento de 1 dia","Leads no site",4,1.1,0.275,2026-01-04,2026-01-08,3,7.63888889,2026-01-04,2026-01-04
2026-01-04,"DC - JANEIRO/2026 / ABO —F2",VV,P1,"Casa e Cia",not_delivering,ad,81,87,1.07407407,"Clique de 7 dias, visualização de 1 dia ou visualização com engajamento de 1 dia",,,0.74,,2026-01-01,2026-01-08,2,8.50574713,2026-01-04,2026-01-04
2026-01-04,"DC - JANEIRO/2026 / ABO —F2",ENGAJAMENTO,P1,"Casa e Cia",not_delivering,ad,337,389,1.15430267,"Clique de 7 dias, visualização de 1 dia ou visualização com engajamento de 1 dia","Leads no site",6,4.2,0.7,2026-01-01,2026-01-08,6,10.79691517,2026-01-04,2026-01-04
2026-01-04,"DC - JANEIRO/2026 / ABO —F2 — ABERTO — Cópia",VV,VIDEO,"Casa e Cia",not_delivering,ad,285,307,1.07719298,"Clique de 7 dias, visualização de 1 dia ou visualização com engajamento de 1 dia","Leads no site",6,8.74,1.45666667,2026-01-03,2026-01-08,10,28.46905537,2026-01-04,2026-01-04
2026-01-04,"DC - JANEIRO/2026 / ABO —F2 — ABERTO — Cópia",SEGUIDORES,P2,"Casa e Cia",not_delivering,ad,176,185,1.05113636,"Clique de 7 dias, visualização de 1 dia ou visualização com engajamento de 1 dia","Leads no site",2,1.97,0.985,2026-01-03,2026-01-08,2,10.64864865,2026-01-04,2026-01-04
2026-01-04,"DC - JANEIRO/2026 / ABO —F2 — ABERTO — Cópia",VV,VIDEO,"Casa e Cia",not_delivering,ad,445,479,1.07640449,"Clique de 7 dias, visualização de 1 dia ou visualização com engajamento de 1 dia","Leads no site",13,10.21,0.78538462,2026-01-03,2026-01-08,27,21.31524008,2026-01-04,2026-01-04
2026-01-04,"DC - JANEIRO/2026 / CBO —F2",VISITAS,P2,"Casa e Cia",not_delivering,ad,1,1,1,"Clique de 7 dias, visualização de 1 dia ou visualização com engajamento de 1 dia",,,0.01,,2026-01-01,2026-01-12,,10,2026-01-04,2026-01-04
2026-01-04,"DC - JANEIRO/2026 / CBO —F2 — Cópia",ENGAJAMENTO,P2,"Casa e Cia",not_delivering,ad,17,19,1.11764706,"Clique de 7 dias, visualização de 1 dia ou visualização com engajamento de 1 dia",,,0.16,,2026-01-04,2026-01-08,,8.42105263,2026-01-04,2026-01-04
2026-01-04,"DC - JANEIRO/2026 / ABO —F2 — ABERTO — Cópia",VISITAS,P1,"Casa e Cia",not_delivering,ad,387,430,1.11111111,"Clique de 7 dias, visualização de 1 dia ou visualização com engajamento de 1 dia","Leads no site",6,4.19,0.69833333,2026-01-03,2026-01-08,10,9.74418605,2026-01-04,2026-01-04
2026-01-04,"DC - JANEIRO/2026 / CBO —F2 — Cópia",SEGUIDORES,VIDEO,"Casa e Cia",not_delivering,ad,173,189,1.09248555,"Clique de 7 dias, visualização de 1 dia ou visualização com engajamento de 1 dia","Leads no site",2,2.62,1.31,2026-01-04,2026-01-08,1,13.86243386,2026-01-04,2026-01-04
2026-01-04,"DC - JANEIRO/2026 / ABO —F2 — ABERTO — Cópia",VV,P2,"Casa e Cia",not_delivering,ad,398,402,1.01005025,"Clique de 7 dias, visualização de 1 dia ou visualização com engajamento de 1 dia","Leads no site",6,4.42,0.73666667,2026-01-03,2026-01-08,8,10.99502488,2026-01-04,2026-01-04
2026-01-04,"DC - JANEIRO/2026 / ABO —F2 — ABERTO — Cópia",SEGUIDORES,P2,"Casa e Cia",not_delivering,ad,213,230,1.07981221,"Clique de 7 dias, visualização de 1 dia ou visualização com engajamento de 1 dia",,,2.33,,2026-01-03,2026-01-08,1,10.13043478,2026-01-04,2026-01-04
2026-01-04,"DC - JANEIRO/2026 / ABO —F2 — ABERTO — Cópia",VV,P2,"Casa e Cia",not_delivering,ad,373,384,1.02949062,"Clique de 7 dias, visualização de 1 dia ou visualização com engajamento de 1 dia",,,3.55,,2026-01-03,2026-01-08,8,9.24479167,2026-01-04,2026-01-04
2026-01-04,"DC - JANEIRO/2026 / ABO —F2 — ABERTO — Cópia",VV,P1,"Casa e Cia",not_delivering,ad,35,37,1.05714286,"Clique de 7 dias, visualização de 1 dia ou visualização com engajamento de 1 dia","Leads no site",2,0.63,0.315,2026-01-03,2026-01-08,3,17.02702703,2026-01-04,2026-01-04
2026-01-04,"DC - JANEIRO/2026 / CBO —F2 — Cópia",VV,VIDEO,"Casa e Cia",not_delivering,ad,205,213,1.03902439,"Clique de 7 dias, visualização de 1 dia ou visualização com engajamento de 1 dia","Leads no site",2,3.27,1.635,2026-01-04,2026-01-08,8,15.35211268,2026-01-04,2026-01-04
2026-01-04,"DC - JANEIRO/2026 / ABO —F2",VISITAS,P2,"Casa e Cia",inactive,ad,7,8,1.14285714,"Clique de 7 dias, visualização de 1 dia ou visualização com engajamento de 1 dia",,,0.03,,2026-01-01,2026-01-08,,3.75,2026-01-04,2026-01-04
2026-01-03,"DC - JANEIRO/2026 / CBO —F2",SEGUIDORES,VIDEO,"Casa e Cia",not_delivering,ad,397,456,1.14861461,"Clique de 7 dias, visualização de 1 dia ou visualização com engajamento de 1 dia",,,5.67,,2026-01-01,2026-01-12,6,12.43421053,2026-01-03,2026-01-03
2026-01-03,"DC - JANEIRO/2026 / ABO —F2 — ABERTO",VV,P2,"Casa e Cia",not_delivering,ad,1147,1242,1.08282476,"Clique de 7 dias, visualização de 1 dia ou visualização com engajamento de 1 dia","Leads no site",4,10.79,2.6975,2026-01-01,2026-01-08,14,8.68760064,2026-01-03,2026-01-03
2026-01-03,"DC - JANEIRO/2026 / ABO —F2 — ABERTO — Cópia",VISITAS,P1,"Casa e Cia",not_delivering,ad,463,481,1.03887689,"Clique de 7 dias, visualização de 1 dia ou visualização com engajamento de 1 dia",,,5.29,,2026-01-03,2026-01-08,7,10.997921,2026-01-03,2026-01-03
2026-01-03,"DC - JANEIRO/2026 / ABO —F2 — ABERTO — Cópia",VISITAS,P1,"Casa e Cia",not_delivering,ad,11,12,1.09090909,"Clique de 7 dias, visualização de 1 dia ou visualização com engajamento de 1 dia",,,0.18,,2026-01-03,2026-01-08,2,15,2026-01-03,2026-01-03
2026-01-03,"DC - JANEIRO/2026 / ABO —F2 — ABERTO — Cópia",ENGAJAMENTO,P1,"Casa e Cia",not_delivering,ad,291,309,1.06185567,"Clique de 7 dias, visualização de 1 dia ou visualização com engajamento de 1 dia","Leads no site",4,3.23,0.8075,2026-01-03,2026-01-08,5,10.45307443,2026-01-03,2026-01-03
2026-01-03,"DC - JANEIRO/2026 / ABO —F2 — ABERTO — Cópia",SEGUIDORES,P1,"Casa e Cia",not_delivering,ad,312,340,1.08974359,"Clique de 7 dias, visualização de 1 dia ou visualização com engajamento de 1 dia","Leads no site",4,3.74,0.935,2026-01-03,2026-01-08,5,11,2026-01-03,2026-01-03
2026-01-03,"DC - JANEIRO/2026 / ABO —F2 — ABERTO — Cópia",VV,P2,"Casa e Cia",not_delivering,ad,244,252,1.03278689,"Clique de 7 dias, visualização de 1 dia ou visualização com engajamento de 1 dia","Leads no site",2,3.72,1.86,2026-01-03,2026-01-08,3,14.76190476,2026-01-03,2026-01-03
2026-01-03,"DC - JANEIRO/2026 / CBO —F2",ENGAJAMENTO,P1,"Casa e Cia",not_delivering,ad,156,170,1.08974359,"Clique de 7 dias, visualização de 1 dia ou visualização com engajamento de 1 dia","Leads no site",2,1.7,0.85,2026-01-01,2026-01-12,2,10,2026-01-03,2026-01-03
2026-01-03,"DC - JANEIRO/2026 / ABO —F2",VISITAS,VIDEO,"Casa e Cia",inactive,ad,9,10,1.11111111,"Clique de 7 dias, visualização de 1 dia ou visualização com engajamento de 1 dia",,,0.14,,2026-01-01,2026-01-08,,14,2026-01-03,2026-01-03
2026-01-03,"DC - JANEIRO/2026 / ABO —F2 — ABERTO — Cópia",VISITAS,VIDEO,"Casa e Cia",not_delivering,ad,15,16,1.06666667,"Clique de 7 dias, visualização de 1 dia ou visualização com engajamento de 1 dia",,,0.45,,2026-01-03,2026-01-08,1,28.125,2026-01-03,2026-01-03
2026-01-03,"DC - JANEIRO/2026 / ABO —F2 — ABERTO — Cópia",ENGAJAMENTO,VIDEO,"Casa e Cia",not_delivering,ad,8,8,1,"Clique de 7 dias, visualização de 1 dia ou visualização com engajamento de 1 dia","Leads no site",1,0.26,0.26,2026-01-03,2026-01-08,2,32.5,2026-01-03,2026-01-03
2026-01-03,"DC - JANEIRO/2026 / ABO —F2 — ABERTO — Cópia",VV,VIDEO,"Casa e Cia",not_delivering,ad,1,1,1,"Clique de 7 dias, visualização de 1 dia ou visualização com engajamento de 1 dia",,,0.01,,2026-01-03,2026-01-08,1,10,2026-01-03,2026-01-03
2026-01-03,"DC - JANEIRO/2026 / ABO —F2 — ABERTO",VISITAS,P1,"Casa e Cia",not_delivering,ad,872,960,1.10091743,"Clique de 7 dias, visualização de 1 dia ou visualização com engajamento de 1 dia","Leads no site",8,8.46,1.0575,2026-01-01,2026-01-08,17,8.8125,2026-01-03,2026-01-03
2026-01-03,"DC - JANEIRO/2026 / ABO —F2",ENGAJAMENTO,P2,"Casa e Cia",not_delivering,ad,335,407,1.21492537,"Clique de 7 dias, visualização de 1 dia ou visualização com engajamento de 1 dia","Leads no site",8,5.35,0.66875,2026-01-01,2026-01-08,9,13.14496314,2026-01-03,2026-01-03
2026-01-03,"DC - JANEIRO/2026 / ABO —F2 — ABERTO — Cópia",SEGUIDORES,VIDEO,"Casa e Cia",not_delivering,ad,112,115,1.02678571,"Clique de 7 dias, visualização de 1 dia ou visualização com engajamento de 1 dia","Leads no site",4,5.6,1.4,2026-01-03,2026-01-08,15,48.69565217,2026-01-03,2026-01-03
2026-01-03,"DC - JANEIRO/2026 / ABO —F2 — ABERTO — Cópia",SEGUIDORES,P1,"Casa e Cia",not_delivering,ad,104,105,1.00961538,"Clique de 7 dias, visualização de 1 dia ou visualização com engajamento de 1 dia",,,0.96,,2026-01-03,2026-01-08,,9.14285714,2026-01-03,2026-01-03
2026-01-03,"DC - JANEIRO/2026 / ABO —F2 — ABERTO",ENGAJAMENTO,P1,"Casa e Cia",not_delivering,ad,556,610,1.0971223,"Clique de 7 dias, visualização de 1 dia ou visualização com engajamento de 1 dia","Leads no site",4,7.06,1.765,2026-01-01,2026-01-08,3,11.57377049,2026-01-03,2026-01-03
2026-01-03,"DC - JANEIRO/2026 / ABO —F2 — ABERTO — Cópia",ENGAJAMENTO,P1,"Casa e Cia",not_delivering,ad,1,1,1,"Clique de 7 dias, visualização de 1 dia ou visualização com engajamento de 1 dia",,,0,,2026-01-03,2026-01-08,,0,2026-01-03,2026-01-03
2026-01-03,"DC - JANEIRO/2026 / ABO —F2",VV,P1,"Casa e Cia",not_delivering,ad,213,239,1.12206573,"Clique de 7 dias, visualização de 1 dia ou visualização com engajamento de 1 dia","Leads no site",4,2.35,0.5875,2026-01-01,2026-01-08,4,9.83263598,2026-01-03,2026-01-03
2026-01-03,"DC - JANEIRO/2026 / ABO —F2 — ABERTO — Cópia",ENGAJAMENTO,P1,"Casa e Cia",not_delivering,ad,169,176,1.04142012,"Clique de 7 dias, visualização de 1 dia ou visualização com engajamento de 1 dia","Leads no site",4,1.95,0.4875,2026-01-03,2026-01-08,5,11.07954545,2026-01-03,2026-01-03
2026-01-03,"DC - JANEIRO/2026 / ABO —F2 — ABERTO — Cópia",VISITAS,VIDEO,"Casa e Cia",not_delivering,ad,235,242,1.02978723,"Clique de 7 dias, visualização de 1 dia ou visualização com engajamento de 1 dia",,,5.18,,2026-01-03,2026-01-08,8,21.40495868,2026-01-03,2026-01-03
2026-01-03,"DC - JANEIRO/2026 / ABO —F2 — ABERTO — Cópia",VV,P1,"Casa e Cia",not_delivering,ad,67,71,1.05970149,"Clique de 7 dias, visualização de 1 dia ou visualização com engajamento de 1 dia","Leads no site",2,3.37,1.685,2026-01-03,2026-01-08,4,47.46478873,2026-01-03,2026-01-03
2026-01-03,"DC - JANEIRO/2026 / ABO —F2 — ABERTO — Cópia",VV,P1,"Casa e Cia",not_delivering,ad,52,56,1.07692308,"Clique de 7 dias, visualização de 1 dia ou visualização com engajamento de 1 dia",,,2.33,,2026-01-03,2026-01-08,,41.60714286,2026-01-03,2026-01-03
2026-01-03,"DC - JANEIRO/2026 / ABO —F2 — ABERTO — Cópia",VV,P2,"Casa e Cia",not_delivering,ad,280,297,1.06071429,"Clique de 7 dias, visualização de 1 dia ou visualização com engajamento de 1 dia","Leads no site",4,3.05,0.7625,2026-01-03,2026-01-08,4,10.26936027,2026-01-03,2026-01-03
2026-01-03,"DC - JANEIRO/2026 / CBO —F2",VV,P2,"Casa e Cia",not_delivering,ad,3952,5121,1.2957996,"Clique de 7 dias, visualização de 1 dia ou visualização com engajamento de 1 dia","Leads no site",28,41.22,1.47214286,2026-01-01,2026-01-12,55,8.04920914,2026-01-03,2026-01-03
2026-01-03,"DC - JANEIRO/2026 / ABO —F2 — ABERTO — Cópia",VV,P2,"Casa e Cia",not_delivering,ad,363,379,1.04407713,"Clique de 7 dias, visualização de 1 dia ou visualização com engajamento de 1 dia","Leads no site",2,3.48,1.74,2026-01-03,2026-01-08,6,9.18205805,2026-01-03,2026-01-03
2026-01-03,"DC - JANEIRO/2026 / ABO —F2",SEGUIDORES,VIDEO,"Casa e Cia",not_delivering,ad,669,838,1.25261584,"Clique de 7 dias, visualização de 1 dia ou visualização com engajamento de 1 dia","Leads no site",20,12.13,0.6065,2026-01-01,2026-01-08,21,14.47494033,2026-01-03,2026-01-03
2026-01-03,"DC - JANEIRO/2026 / CBO —F2",VV,P1,"Casa e Cia",not_delivering,ad,475,551,1.16,"Clique de 7 dias, visualização de 1 dia ou visualização com engajamento de 1 dia","Leads no site",6,5.3,0.88333333,2026-01-01,2026-01-12,6,9.61887477,2026-01-03,2026-01-03
2026-01-03,"DC - JANEIRO/2026 / ABO —F2 — ABERTO — Cópia",ENGAJAMENTO,P2,"Casa e Cia",not_delivering,ad,106,113,1.06603774,"Clique de 7 dias, visualização de 1 dia ou visualização com engajamento de 1 dia",,,1.91,,2026-01-03,2026-01-08,2,16.90265487,2026-01-03,2026-01-03
2026-01-03,"DC - JANEIRO/2026 / ABO —F2 — ABERTO — Cópia",VISITAS,P2,"Casa e Cia",not_delivering,ad,37,41,1.10810811,"Clique de 7 dias, visualização de 1 dia ou visualização com engajamento de 1 dia",,,0.95,,2026-01-03,2026-01-08,2,23.17073171,2026-01-03,2026-01-03
2026-01-03,"DC - JANEIRO/2026 / ABO —F2",VISITAS,P2,"Casa e Cia",inactive,ad,44,51,1.15909091,"Clique de 7 dias, visualização de 1 dia ou visualização com engajamento de 1 dia",,,0.49,,2026-01-01,2026-01-08,1,9.60784314,2026-01-03,2026-01-03
2026-01-03,"DC - JANEIRO/2026 / ABO —F2 — ABERTO — Cópia",VISITAS,P2,"Casa e Cia",not_delivering,ad,9,9,1,"Clique de 7 dias, visualização de 1 dia ou visualização com engajamento de 1 dia",,,0.03,,2026-01-03,2026-01-08,,3.33333333,2026-01-03,2026-01-03
2026-01-03,"DC - JANEIRO/2026 / CBO —F2",ENGAJAMENTO,P2,"Casa e Cia",inactive,ad,77,88,1.14285714,"Clique de 7 dias, visualização de 1 dia ou visualização com engajamento de 1 dia","Leads no site",2,1.08,0.54,2026-01-01,2026-01-12,,12.27272727,2026-01-03,2026-01-03
2026-01-03,"DC - JANEIRO/2026 / ABO —F2",SEGUIDORES,P1,"Casa e Cia",not_delivering,ad,108,119,1.10185185,"Clique de 7 dias, visualização de 1 dia ou visualização com engajamento de 1 dia",,,0.82,,2026-01-01,2026-01-08,,6.8907563,2026-01-03,2026-01-03
2026-01-03,"DC - JANEIRO/2026 / ABO —F2",SEGUIDORES,P2,"Casa e Cia",inactive,ad,60,65,1.08333333,"Clique de 7 dias, visualização de 1 dia ou visualização com engajamento de 1 dia",,,0.62,,2026-01-01,2026-01-08,1,9.53846154,2026-01-03,2026-01-03
2026-01-03,"DC - JANEIRO/2026 / ABO —F2 — ABERTO — Cópia",VISITAS,VIDEO,"Casa e Cia",not_delivering,ad,25,25,1,"Clique de 7 dias, visualização de 1 dia ou visualização com engajamento de 1 dia",,,0.76,,2026-01-03,2026-01-08,1,30.4,2026-01-03,2026-01-03
2026-01-03,"DC - JANEIRO/2026 / ABO —F2 — ABERTO — Cópia",ENGAJAMENTO,VIDEO,"Casa e Cia",not_delivering,ad,8,8,1,"Clique de 7 dias, visualização de 1 dia ou visualização com engajamento de 1 dia",,,0.5,,2026-01-03,2026-01-08,,62.5,2026-01-03,2026-01-03
2026-01-03,"DC - JANEIRO/2026 / ABO —F2 — ABERTO",SEGUIDORES,P1,"Casa e Cia",not_delivering,ad,354,401,1.13276836,"Clique de 7 dias, visualização de 1 dia ou visualização com engajamento de 1 dia","Leads no site",2,4.47,2.235,2026-01-01,2026-01-08,2,11.14713217,2026-01-03,2026-01-03
2026-01-03,"DC - JANEIRO/2026 / ABO —F2 — ABERTO — Cópia",VV,VIDEO,"Casa e Cia",not_delivering,ad,10,10,1,"Clique de 7 dias, visualização de 1 dia ou visualização com engajamento de 1 dia",,,1.43,,2026-01-03,2026-01-08,3,143,2026-01-03,2026-01-03
2026-01-03,"DC - JANEIRO/2026 / ABO —F2 — ABERTO — Cópia",SEGUIDORES,P2,"Casa e Cia",not_delivering,ad,56,59,1.05357143,"Clique de 7 dias, visualização de 1 dia ou visualização com engajamento de 1 dia",,,0.71,,2026-01-03,2026-01-08,,12.03389831,2026-01-03,2026-01-03
2026-01-03,"DC - JANEIRO/2026 / ABO —F2 — ABERTO — Cópia",SEGUIDORES,VIDEO,"Casa e Cia",not_delivering,ad,148,153,1.03378378,"Clique de 7 dias, visualização de 1 dia ou visualização com engajamento de 1 dia","Leads no site",12,6.43,0.53583333,2026-01-03,2026-01-08,24,42.02614379,2026-01-03,2026-01-03
2026-01-03,"DC - JANEIRO/2026 / ABO —F2 — ABERTO — Cópia",ENGAJAMENTO,VIDEO,"Casa e Cia",not_delivering,ad,1,1,1,"Clique de 7 dias, visualização de 1 dia ou visualização com engajamento de 1 dia",,,0.01,,2026-01-03,2026-01-08,,10,2026-01-03,2026-01-03
2026-01-03,"DC - JANEIRO/2026 / ABO —F2 — ABERTO — Cópia",SEGUIDORES,VIDEO,"Casa e Cia",not_delivering,ad,1,1,1,"Clique de 7 dias, visualização de 1 dia ou visualização com engajamento de 1 dia",,,0,,2026-01-03,2026-01-08,,0,2026-01-03,2026-01-03
2026-01-03,"DC - JANEIRO/2026 / ABO —F2 — ABERTO — Cópia",VISITAS,VIDEO,"Casa e Cia",not_delivering,ad,162,176,1.08641975,"Clique de 7 dias, visualização de 1 dia ou visualização com engajamento de 1 dia","Leads no site",3,2.93,0.97666667,2026-01-03,2026-01-08,4,16.64772727,2026-01-03,2026-01-03
2026-01-03,"DC - JANEIRO/2026 / ABO —F2 — ABERTO — Cópia",ENGAJAMENTO,VIDEO,"Casa e Cia",not_delivering,ad,305,322,1.0557377,"Clique de 7 dias, visualização de 1 dia ou visualização com engajamento de 1 dia","Leads no site",7,6.06,0.86571429,2026-01-03,2026-01-08,8,18.81987578,2026-01-03,2026-01-03
2026-01-03,"DC - JANEIRO/2026 / ABO —F2 — ABERTO — Cópia",VV,P2,"Casa e Cia",not_delivering,ad,164,173,1.05487805,"Clique de 7 dias, visualização de 1 dia ou visualização com engajamento de 1 dia","Leads no site",2,1.97,0.985,2026-01-03,2026-01-08,4,11.38728324,2026-01-03,2026-01-03
2026-01-03,"DC - JANEIRO/2026 / CBO —F2",VISITAS,P2,"Casa e Cia",not_delivering,ad,6,9,1.5,"Clique de 7 dias, visualização de 1 dia ou visualização com engajamento de 1 dia",,,0.09,,2026-01-01,2026-01-12,,10,2026-01-03,2026-01-03
2026-01-03,"DC - JANEIRO/2026 / ABO —F2 — ABERTO — Cópia",VISITAS,P1,"Casa e Cia",not_delivering,ad,176,186,1.05681818,"Clique de 7 dias, visualização de 1 dia ou visualização com engajamento de 1 dia",,,1.37,,2026-01-03,2026-01-08,2,7.3655914,2026-01-03,2026-01-03
2026-01-03,"DC - JANEIRO/2026 / ABO —F2 — ABERTO — Cópia",VV,P1,"Casa e Cia",not_delivering,ad,69,72,1.04347826,"Clique de 7 dias, visualização de 1 dia ou visualização com engajamento de 1 dia",,,2.47,,2026-01-03,2026-01-08,3,34.30555556,2026-01-03,2026-01-03
2026-01-03,"DC - JANEIRO/2026 / ABO —F2 — ABERTO — Cópia",VV,P2,"Casa e Cia",not_delivering,ad,231,236,1.02164502,"Clique de 7 dias, visualização de 1 dia ou visualização com engajamento de 1 dia","Leads no site",2,2,1,2026-01-03,2026-01-08,6,8.47457627,2026-01-03,2026-01-03
2026-01-03,"DC - JANEIRO/2026 / ABO —F2 — ABERTO — Cópia",SEGUIDORES,P2,"Casa e Cia",not_delivering,ad,187,201,1.07486631,"Clique de 7 dias, visualização de 1 dia ou visualização com engajamento de 1 dia","Leads no site",2,2.02,1.01,2026-01-03,2026-01-08,1,10.04975124,2026-01-03,2026-01-03
2026-01-03,"DC - JANEIRO/2026 / ABO —F2 — ABERTO — Cópia",VISITAS,P1,"Casa e Cia",not_delivering,ad,296,315,1.06418919,"Clique de 7 dias, visualização de 1 dia ou visualização com engajamento de 1 dia",,,3.8,,2026-01-03,2026-01-08,,12.06349206,2026-01-03,2026-01-03
2026-01-03,"DC - JANEIRO/2026 / ABO —F2 — ABERTO",VISITAS,VIDEO,"Casa e Cia",not_delivering,ad,367,378,1.02997275,"Clique de 7 dias, visualização de 1 dia ou visualização com engajamento de 1 dia","Leads no site",8,8.53,1.06625,2026-01-01,2026-01-08,20,22.56613757,2026-01-03,2026-01-03
2026-01-03,"DC - JANEIRO/2026 / ABO —F2 — ABERTO — Cópia",ENGAJAMENTO,P2,"Casa e Cia",not_delivering,ad,176,188,1.06818182,"Clique de 7 dias, visualização de 1 dia ou visualização com engajamento de 1 dia",,,3.32,,2026-01-03,2026-01-08,5,17.65957447,2026-01-03,2026-01-03
2026-01-03,"DC - JANEIRO/2026 / ABO —F2 — ABERTO — Cópia",VV,VIDEO,"Casa e Cia",not_delivering,ad,2,2,1,"Clique de 7 dias, visualização de 1 dia ou visualização com engajamento de 1 dia","Leads no site",2,1.1,0.55,2026-01-03,2026-01-08,2,550,2026-01-03,2026-01-03
2026-01-03,"DC - JANEIRO/2026 / ABO —F2 — ABERTO — Cópia",SEGUIDORES,P2,"Casa e Cia",not_delivering,ad,192,206,1.07291667,"Clique de 7 dias, visualização de 1 dia ou visualização com engajamento de 1 dia",,,2.39,,2026-01-03,2026-01-08,1,11.60194175,2026-01-03,2026-01-03
2026-01-03,"DC - JANEIRO/2026 / ABO —F2",VISITAS,P1,"Casa e Cia",not_delivering,ad,854,1297,1.51873536,"Clique de 7 dias, visualização de 1 dia ou visualização com engajamento de 1 dia","Leads no site",20,14.52,0.726,2026-01-01,2026-01-08,32,11.19506554,2026-01-03,2026-01-03
2026-01-03,"DC - JANEIRO/2026 / ABO —F2 — ABERTO",ENGAJAMENTO,P2,"Casa e Cia",not_delivering,ad,468,512,1.09401709,"Clique de 7 dias, visualização de 1 dia ou visualização com engajamento de 1 dia",,,5.31,,2026-01-01,2026-01-08,6,10.37109375,2026-01-03,2026-01-03
2026-01-03,"DC - JANEIRO/2026 / ABO —F2 — ABERTO — Cópia",ENGAJAMENTO,P1,"Casa e Cia",not_delivering,ad,226,244,1.07964602,"Clique de 7 dias, visualização de 1 dia ou visualização com engajamento de 1 dia","Leads no site",2,2.63,1.315,2026-01-03,2026-01-08,1,10.77868852,2026-01-03,2026-01-03
2026-01-03,"DC - JANEIRO/2026 / ABO —F2 — ABERTO — Cópia",VISITAS,P2,"Casa e Cia",not_delivering,ad,5,5,1,"Clique de 7 dias, visualização de 1 dia ou visualização com engajamento de 1 dia",,,0.03,,2026-01-03,2026-01-08,,6,2026-01-03,2026-01-03
2026-01-03,"DC - JANEIRO/2026 / ABO —F2 — ABERTO — Cópia",SEGUIDORES,P1,"Casa e Cia",not_delivering,ad,6,6,1,"Clique de 7 dias, visualização de 1 dia ou visualização com engajamento de 1 dia",,,0.04,,2026-01-03,2026-01-08,,6.66666667,2026-01-03,2026-01-03
2026-01-03,"DC - JANEIRO/2026 / ABO —F2 — ABERTO",ENGAJAMENTO,VIDEO,"Casa e Cia",not_delivering,ad,116,122,1.05172414,"Clique de 7 dias, visualização de 1 dia ou visualização com engajamento de 1 dia","Leads no site",4,1.7,0.425,2026-01-01,2026-01-08,6,13.93442623,2026-01-03,2026-01-03
2026-01-03,"DC - JANEIRO/2026 / ABO —F2 — ABERTO — Cópia",VISITAS,VIDEO,"Casa e Cia",not_delivering,ad,133,138,1.03759398,"Clique de 7 dias, visualização de 1 dia ou visualização com engajamento de 1 dia",,,2.31,,2026-01-03,2026-01-08,4,16.73913043,2026-01-03,2026-01-03
2026-01-03,"DC - JANEIRO/2026 / ABO —F2 — ABERTO — Cópia",SEGUIDORES,P2,"Casa e Cia",not_delivering,ad,83,86,1.03614458,"Clique de 7 dias, visualização de 1 dia ou visualização com engajamento de 1 dia",,,0.58,,2026-01-03,2026-01-08,2,6.74418605,2026-01-03,2026-01-03
2026-01-03,"DC - JANEIRO/2026 / ABO —F2 — ABERTO",VV,P1,"Casa e Cia",not_delivering,ad,198,211,1.06565657,"Clique de 7 dias, visualização de 1 dia ou visualização com engajamento de 1 dia","Leads no site",1,2.78,2.78,2026-01-01,2026-01-08,5,13.17535545,2026-01-03,2026-01-03
2026-01-03,"DC - JANEIRO/2026 / ABO —F2 — ABERTO — Cópia",SEGUIDORES,P1,"Casa e Cia",not_delivering,ad,220,235,1.06818182,"Clique de 7 dias, visualização de 1 dia ou visualização com engajamento de 1 dia","Leads no site",2,3.43,1.715,2026-01-03,2026-01-08,5,14.59574468,2026-01-03,2026-01-03
2026-01-03,"DC - JANEIRO/2026 / ABO —F2 — ABERTO — Cópia",SEGUIDORES,P2,"Casa e Cia",not_delivering,ad,31,31,1,"Clique de 7 dias, visualização de 1 dia ou visualização com engajamento de 1 dia",,,0.2,,2026-01-03,2026-01-08,,6.4516129,2026-01-03,2026-01-03
2026-01-03,"DC - JANEIRO/2026 / ABO —F2 — ABERTO — Cópia",VV,P1,"Casa e Cia",not_delivering,ad,110,114,1.03636364,"Clique de 7 dias, visualização de 1 dia ou visualização com engajamento de 1 dia","Leads no site",4,3.16,0.79,2026-01-03,2026-01-08,6,27.71929825,2026-01-03,2026-01-03
2026-01-03,"DC - JANEIRO/2026 / ABO —F2 — ABERTO — Cópia",ENGAJAMENTO,VIDEO,"Casa e Cia",not_delivering,ad,3,3,1,"Clique de 7 dias, visualização de 1 dia ou visualização com engajamento de 1 dia",,,0.04,,2026-01-03,2026-01-08,,13.33333333,2026-01-03,2026-01-03
2026-01-03,"DC - JANEIRO/2026 / ABO —F2 — ABERTO — Cópia",VISITAS,P1,"Casa e Cia",not_delivering,ad,385,404,1.04935065,"Clique de 7 dias, visualização de 1 dia ou visualização com engajamento de 1 dia","Leads no site",4,4.27,1.0675,2026-01-03,2026-01-08,5,10.56930693,2026-01-03,2026-01-03
2026-01-03,"DC - JANEIRO/2026 / ABO —F2 — ABERTO — Cópia",VISITAS,P2,"Casa e Cia",not_delivering,ad,3,3,1,"Clique de 7 dias, visualização de 1 dia ou visualização com engajamento de 1 dia",,,0,,2026-01-03,2026-01-08,,0,2026-01-03,2026-01-03
2026-01-03,"DC - JANEIRO/2026 / ABO —F2 — ABERTO",SEGUIDORES,P2,"Casa e Cia",not_delivering,ad,743,845,1.13728129,"Clique de 7 dias, visualização de 1 dia ou visualização com engajamento de 1 dia","Leads no site",12,10.12,0.84333333,2026-01-01,2026-01-08,22,11.97633136,2026-01-03,2026-01-03
2026-01-03,"DC - JANEIRO/2026 / CBO —F2",VV,VIDEO,"Casa e Cia",not_delivering,ad,454,531,1.16960352,"Clique de 7 dias, visualização de 1 dia ou visualização com engajamento de 1 dia","Leads no site",17,7.26,0.42705882,2026-01-01,2026-01-12,24,13.67231638,2026-01-03,2026-01-03
2026-01-03,"DC - JANEIRO/2026 / ABO —F2 — ABERTO — Cópia",ENGAJAMENTO,P1,"Casa e Cia",not_delivering,ad,255,268,1.05098039,"Clique de 7 dias, visualização de 1 dia ou visualização com engajamento de 1 dia",,,3.06,,2026-01-03,2026-01-08,2,11.41791045,2026-01-03,2026-01-03
2026-01-03,"DC - JANEIRO/2026 / ABO —F2 — ABERTO — Cópia",ENGAJAMENTO,P2,"Casa e Cia",not_delivering,ad,149,164,1.10067114,"Clique de 7 dias, visualização de 1 dia ou visualização com engajamento de 1 dia",,,4.41,,2026-01-03,2026-01-08,4,26.8902439,2026-01-03,2026-01-03
2026-01-03,"DC - JANEIRO/2026 / ABO —F2 — ABERTO — Cópia",ENGAJAMENTO,P2,"Casa e Cia",not_delivering,ad,134,137,1.02238806,"Clique de 7 dias, visualização de 1 dia ou visualização com engajamento de 1 dia","Leads no site",4,2.63,0.6575,2026-01-03,2026-01-08,4,19.19708029,2026-01-03,2026-01-03
2026-01-03,"DC - JANEIRO/2026 / ABO —F2 — ABERTO — Cópia",VV,VIDEO,"Casa e Cia",not_delivering,ad,112,123,1.09821429,"Clique de 7 dias, visualização de 1 dia ou visualização com engajamento de 1 dia","Leads no site",8,5.27,0.65875,2026-01-03,2026-01-08,17,42.84552846,2026-01-03,2026-01-03
2026-01-03,"DC - JANEIRO/2026 / ABO —F2 — ABERTO",VISITAS,P2,"Casa e Cia",inactive,ad,23,24,1.04347826,"Clique de 7 dias, visualização de 1 dia ou visualização com engajamento de 1 dia",,,0.3,,2026-01-01,2026-01-08,,12.5,2026-01-03,2026-01-03
2026-01-03,"DC - JANEIRO/2026 / ABO —F2 — ABERTO — Cópia",SEGUIDORES,VIDEO,"Casa e Cia",not_delivering,ad,1,1,1,"Clique de 7 dias, visualização de 1 dia ou visualização com engajamento de 1 dia",,,0.01,,2026-01-03,2026-01-08,,10,2026-01-03,2026-01-03
2026-01-03,"DC - JANEIRO/2026 / ABO —F2",VV,P2,"Casa e Cia",not_delivering,ad,1318,1424,1.08042489,"Clique de 7 dias, visualização de 1 dia ou visualização com engajamento de 1 dia","Leads no site",12,11.96,0.99666667,2026-01-01,2026-01-08,15,8.3988764,2026-01-03,2026-01-03
2026-01-03,"DC - JANEIRO/2026 / ABO —F2",ENGAJAMENTO,P1,"Casa e Cia",not_delivering,ad,674,831,1.23293769,"Clique de 7 dias, visualização de 1 dia ou visualização com engajamento de 1 dia","Leads no site",4,8.24,2.06,2026-01-01,2026-01-08,11,9.91576414,2026-01-03,2026-01-03
2026-01-03,"DC - JANEIRO/2026 / ABO —F2 — ABERTO — Cópia",VV,P1,"Casa e Cia",not_delivering,ad,8,8,1,"Clique de 7 dias, visualização de 1 dia ou visualização com engajamento de 1 dia",,,0.03,,2026-01-03,2026-01-08,,3.75,2026-01-03,2026-01-03
2026-01-03,"DC - JANEIRO/2026 / ABO —F2 — ABERTO — Cópia",SEGUIDORES,VIDEO,"Casa e Cia",not_delivering,ad,71,75,1.05633803,"Clique de 7 dias, visualização de 1 dia ou visualização com engajamento de 1 dia","Leads no site",6,5.16,0.86,2026-01-03,2026-01-08,15,68.8,2026-01-03,2026-01-03
2026-01-03,"DC - JANEIRO/2026 / ABO —F2 — ABERTO — Cópia",SEGUIDORES,P1,"Casa e Cia",not_delivering,ad,39,40,1.02564103,"Clique de 7 dias, visualização de 1 dia ou visualização com engajamento de 1 dia",,,0.34,,2026-01-03,2026-01-08,1,8.5,2026-01-03,2026-01-03
2026-01-03,"DC - JANEIRO/2026 / CBO —F2",VISITAS,P1,"Casa e Cia",not_delivering,ad,157,186,1.18471338,"Clique de 7 dias, visualização de 1 dia ou visualização com engajamento de 1 dia","Leads no site",1,2.21,2.21,2026-01-01,2026-01-12,5,11.88172043,2026-01-03,2026-01-03
2026-01-02,"DC - JANEIRO/2026 / CBO — Cópia",VISITAS,P1,"Casa e Cia",not_delivering,ad,32,36,1.125,"Clique de 7 dias, visualização de 1 dia ou visualização com engajamento de 1 dia",,,0.43,,2025-12-31,2026-01-02,,11.94444444,2026-01-02,2026-01-02
2026-01-02,"DC - JANEIRO/2026 / CBO — Cópia",VV,P2,"Casa e Cia",not_delivering,ad,835,899,1.07664671,"Clique de 7 dias, visualização de 1 dia ou visualização com engajamento de 1 dia",,,6.23,,2025-12-31,2026-01-02,14,6.92992214,2026-01-02,2026-01-02
2026-01-02,"DC - JANEIRO/2026 / ABO —F2 — ABERTO",SEGUIDORES,VIDEO,"Casa e Cia",not_delivering,ad,9,9,1,"Clique de 7 dias, visualização de 1 dia ou visualização com engajamento de 1 dia",,,0.4,,2026-01-01,2026-01-08,1,44.44444444,2026-01-02,2026-01-02
2026-01-02,"DC - JANEIRO/2026 / ABO —F2",ENGAJAMENTO,VIDEO,"Casa e Cia",inactive,ad,10,13,1.3,"Clique de 7 dias, visualização de 1 dia ou visualização com engajamento de 1 dia",,,0.49,,2026-01-01,2026-01-08,,37.69230769,2026-01-02,2026-01-02
2026-01-02,"DC - JANEIRO/2026 / CBO — Cópia",VV,P2,"Casa e Cia",not_delivering,ad,9,9,1,"Clique de 7 dias, visualização de 1 dia ou visualização com engajamento de 1 dia",,,0.04,,2025-12-31,2026-01-02,,4.44444444,2026-01-02,2026-01-02
2026-01-02,"DC - JANEIRO/2026 / ABO —F2",SEGUIDORES,P1,"Casa e Cia",not_delivering,ad,1041,1435,1.37848223,"Clique de 7 dias, visualização de 1 dia ou visualização com engajamento de 1 dia","Leads no site",23,17.05,0.74130435,2026-01-01,2026-01-08,18,11.8815331,2026-01-02,2026-01-02
2026-01-02,"DC - JANEIRO/2026 / ABO —F2",ENGAJAMENTO,P2,"Casa e Cia",not_delivering,ad,286,419,1.46503497,"Clique de 7 dias, visualização de 1 dia ou visualização com engajamento de 1 dia","Leads no site",10,4.37,0.437,2026-01-01,2026-01-08,12,10.42959427,2026-01-02,2026-01-02
2026-01-02,"DC - JANEIRO/2026 / CBO — Cópia",VV,P1,"Casa e Cia",not_delivering,ad,23,23,1,"Clique de 7 dias, visualização de 1 dia ou visualização com engajamento de 1 dia",,,0.18,,2025-12-31,2026-01-02,,7.82608696,2026-01-02,2026-01-02
2026-01-02,"DC - JANEIRO/2026 / CBO — Cópia",VISITAS,P2,"Casa e Cia",not_delivering,ad,135,163,1.20740741,"Clique de 7 dias, visualização de 1 dia ou visualização com engajamento de 1 dia",,,1.59,,2025-12-31,2026-01-02,3,9.75460123,2026-01-02,2026-01-02
2026-01-02,"DC - JANEIRO/2026 / CBO — Cópia",VV,VIDEO,"Casa e Cia",not_delivering,ad,425,450,1.05882353,"Clique de 7 dias, visualização de 1 dia ou visualização com engajamento de 1 dia","Leads no site",2,8.25,4.125,2025-12-31,2026-01-02,17,18.33333333,2026-01-02,2026-01-02
2026-01-02,"DC - JANEIRO/2026 / CBO —F2",ENGAJAMENTO,P1,"Casa e Cia",not_delivering,ad,225,271,1.20444444,"Clique de 7 dias, visualização de 1 dia ou visualização com engajamento de 1 dia","Leads no site",6,3.43,0.57166667,2026-01-01,2026-01-12,6,12.65682657,2026-01-02,2026-01-02
2026-01-02,"DC - JANEIRO/2026 / CBO —F2",VISITAS,VIDEO,"Casa e Cia",not_delivering,ad,3,3,1,"Clique de 7 dias, visualização de 1 dia ou visualização com engajamento de 1 dia",,,0,,2026-01-01,2026-01-12,,0,2026-01-02,2026-01-02
2026-01-02,"DC - JANEIRO/2026 / CBO — Cópia",VV,VIDEO,"Casa e Cia",not_delivering,ad,546,614,1.12454212,"Clique de 7 dias, visualização de 1 dia ou visualização com engajamento de 1 dia","Leads no site",7,12.87,1.83857143,2025-12-31,2026-01-02,29,20.96091205,2026-01-02,2026-01-02
2026-01-02,"DC - JANEIRO/2026 / ABO —F2 — ABERTO",VISITAS,P1,"Casa e Cia",not_delivering,ad,645,695,1.07751938,"Clique de 7 dias, visualização de 1 dia ou visualização com engajamento de 1 dia","Leads no site",16,5.22,0.32625,2026-01-01,2026-01-08,22,7.51079137,2026-01-02,2026-01-02
2026-01-02,"DC - JANEIRO/2026 / CBO —F2",ENGAJAMENTO,VIDEO,"Casa e Cia",not_delivering,ad,170,202,1.18823529,"Clique de 7 dias, visualização de 1 dia ou visualização com engajamento de 1 dia","Leads no site",2,2.11,1.055,2026-01-01,2026-01-12,4,10.44554455,2026-01-02,2026-01-02
2026-01-02,"DC - JANEIRO/2026 / CBO — Cópia",VV,P2,"Casa e Cia",not_delivering,ad,703,764,1.08677098,"Clique de 7 dias, visualização de 1 dia ou visualização com engajamento de 1 dia","Leads no site",2,6.53,3.265,2025-12-31,2026-01-02,8,8.54712042,2026-01-02,2026-01-02
2026-01-02,"DC - JANEIRO/2026 / ABO —F2 — ABERTO",SEGUIDORES,P2,"Casa e Cia",not_delivering,ad,840,1005,1.19642857,"Clique de 7 dias, visualização de 1 dia ou visualização com engajamento de 1 dia","Leads no site",18,11.19,0.62166667,2026-01-01,2026-01-08,20,11.13432836,2026-01-02,2026-01-02
2026-01-02,"DC - JANEIRO/2026 / ABO —F2 — ABERTO",ENGAJAMENTO,P1,"Casa e Cia",not_delivering,ad,507,577,1.13806706,"Clique de 7 dias, visualização de 1 dia ou visualização com engajamento de 1 dia","Leads no site",1,5.07,5.07,2026-01-01,2026-01-08,9,8.78682842,2026-01-02,2026-01-02
2026-01-02,"DC - JANEIRO/2026 / CBO —F2",VISITAS,P1,"Casa e Cia",not_delivering,ad,17,20,1.17647059,"Clique de 7 dias, visualização de 1 dia ou visualização com engajamento de 1 dia",,,0.39,,2026-01-01,2026-01-12,,19.5,2026-01-02,2026-01-02
2026-01-02,"DC - JANEIRO/2026 / CBO — Cópia",ENGAJAMENTO,VIDEO,"Casa e Cia",not_delivering,ad,181,200,1.10497238,"Clique de 7 dias, visualização de 1 dia ou visualização com engajamento de 1 dia","Leads no site",4,4.49,1.1225,2025-12-31,2026-01-02,7,22.45,2026-01-02,2026-01-02
2026-01-02,"DC - JANEIRO/2026 / ABO —F2",VISITAS,VIDEO,"Casa e Cia",inactive,ad,7,7,1,"Clique de 7 dias, visualização de 1 dia ou visualização com engajamento de 1 dia",,,0.18,,2026-01-01,2026-01-08,,25.71428571,2026-01-02,2026-01-02
2026-01-02,"DC - JANEIRO/2026 / CBO — Cópia",SEGUIDORES,P1,"Casa e Cia",not_delivering,ad,152,168,1.10526316,"Clique de 7 dias, visualização de 1 dia ou visualização com engajamento de 1 dia","Leads no site",2,1.34,0.67,2025-12-31,2026-01-02,1,7.97619048,2026-01-02,2026-01-02
2026-01-02,"DC - JANEIRO/2026 / ABO —F2",SEGUIDORES,VIDEO,"Casa e Cia",not_delivering,ad,33,35,1.06060606,"Clique de 7 dias, visualização de 1 dia ou visualização com engajamento de 1 dia",,,0.4,,2026-01-01,2026-01-08,,11.42857143,2026-01-02,2026-01-02
2026-01-02,"DC - JANEIRO/2026 / ABO —F2 — ABERTO",VV,P2,"Casa e Cia",not_delivering,ad,967,1119,1.15718718,"Clique de 7 dias, visualização de 1 dia ou visualização com engajamento de 1 dia","Leads no site",34,11.28,0.33176471,2026-01-01,2026-01-08,35,10.08042895,2026-01-02,2026-01-02
2026-01-02,"DC - JANEIRO/2026 / CBO — Cópia",VISITAS,VIDEO,"Casa e Cia",not_delivering,ad,8,8,1,"Clique de 7 dias, visualização de 1 dia ou visualização com engajamento de 1 dia",,,0.35,,2025-12-31,2026-01-02,1,43.75,2026-01-02,2026-01-02
2026-01-02,"DC - JANEIRO/2026 / CBO — Cópia",VV,P1,"Casa e Cia",not_delivering,ad,434,501,1.15437788,"Clique de 7 dias, visualização de 1 dia ou visualização com engajamento de 1 dia","Leads no site",8,4.19,0.52375,2025-12-31,2026-01-02,14,8.36327345,2026-01-02,2026-01-02
2026-01-02,"DC - JANEIRO/2026 / CBO — Cópia",VISITAS,P1,"Casa e Cia",not_delivering,ad,4,5,1.25,"Clique de 7 dias, visualização de 1 dia ou visualização com engajamento de 1 dia",,,0.02,,2025-12-31,2026-01-02,,4,2026-01-02,2026-01-02
2026-01-02,"DC - JANEIRO/2026 / CBO —F2",SEGUIDORES,VIDEO,"Casa e Cia",not_delivering,ad,197,226,1.14720812,"Clique de 7 dias, visualização de 1 dia ou visualização com engajamento de 1 dia",,,3.01,,2026-01-01,2026-01-12,3,13.31858407,2026-01-02,2026-01-02
2026-01-02,"DC - JANEIRO/2026 / CBO",VV,P2,"Casa e Cia",archived,ad,0,0,0,"Clique de 7 dias, visualização de 1 dia ou visualização com engajamento de 1 dia","Leads no site",2,0,0,2025-12-30,2026-01-01,,,2026-01-02,2026-01-02
2026-01-02,"DC - JANEIRO/2026 / ABO —F2 — ABERTO",SEGUIDORES,P1,"Casa e Cia",not_delivering,ad,368,415,1.12771739,"Clique de 7 dias, visualização de 1 dia ou visualização com engajamento de 1 dia","Leads no site",8,4.29,0.53625,2026-01-01,2026-01-08,5,10.3373494,2026-01-02,2026-01-02
2026-01-02,"DC - JANEIRO/2026 / CBO —F2",VV,P2,"Casa e Cia",not_delivering,ad,2620,3506,1.33816794,"Clique de 7 dias, visualização de 1 dia ou visualização com engajamento de 1 dia","Leads no site",26,29.14,1.12076923,2026-01-01,2026-01-12,47,8.31146606,2026-01-02,2026-01-02
2026-01-02,"DC - JANEIRO/2026 / ABO —F2",VISITAS,P2,"Casa e Cia",inactive,ad,163,254,1.55828221,"Clique de 7 dias, visualização de 1 dia ou visualização com engajamento de 1 dia",,,3.88,,2026-01-01,2026-01-08,3,15.27559055,2026-01-02,2026-01-02
2026-01-02,"DC - JANEIRO/2026 / CBO —F2",ENGAJAMENTO,P2,"Casa e Cia",inactive,ad,70,81,1.15714286,"Clique de 7 dias, visualização de 1 dia ou visualização com engajamento de 1 dia",,,1.53,,2026-01-01,2026-01-12,2,18.88888889,2026-01-02,2026-01-02
2026-01-02,"DC - JANEIRO/2026 / ABO —F2",VV,VIDEO,"Casa e Cia",inactive,ad,2,3,1.5,"Clique de 7 dias, visualização de 1 dia ou visualização com engajamento de 1 dia",,,0.02,,2026-01-01,2026-01-08,,6.66666667,2026-01-02,2026-01-02
2026-01-02,"DC - JANEIRO/2026 / CBO — Cópia",ENGAJAMENTO,VIDEO,"Casa e Cia",not_delivering,ad,85,90,1.05882353,"Clique de 7 dias, visualização de 1 dia ou visualização com engajamento de 1 dia",,,2.53,,2025-12-31,2026-01-02,4,28.11111111,2026-01-02,2026-01-02
2026-01-02,"DC - JANEIRO/2026 / CBO —F2",SEGUIDORES,P2,"Casa e Cia",not_delivering,ad,53,58,1.09433962,"Clique de 7 dias, visualização de 1 dia ou visualização com engajamento de 1 dia","Leads no site",4,0.36,0.09,2026-01-01,2026-01-12,1,6.20689655,2026-01-02,2026-01-02
2026-01-02,"DC - JANEIRO/2026 / CBO — Cópia",VISITAS,P2,"Casa e Cia",not_delivering,ad,525,690,1.31428571,"Clique de 7 dias, visualização de 1 dia ou visualização com engajamento de 1 dia","Leads no site",4,6.77,1.6925,2025-12-31,2026-01-02,11,9.8115942,2026-01-02,2026-01-02
2026-01-02,"DC - JANEIRO/2026 / ABO —F2",ENGAJAMENTO,P1,"Casa e Cia",not_delivering,ad,883,1177,1.33295583,"Clique de 7 dias, visualização de 1 dia ou visualização com engajamento de 1 dia","Leads no site",8,13.5,1.6875,2026-01-01,2026-01-08,14,11.46983857,2026-01-02,2026-01-02
2026-01-02,"DC - JANEIRO/2026 / ABO —F2",VV,P1,"Casa e Cia",not_delivering,ad,441,533,1.20861678,"Clique de 7 dias, visualização de 1 dia ou visualização com engajamento de 1 dia","Leads no site",6,4.49,0.74833333,2026-01-01,2026-01-08,9,8.42401501,2026-01-02,2026-01-02
2026-01-02,"DC - JANEIRO/2026 / CBO — Cópia",ENGAJAMENTO,VIDEO,"Casa e Cia",not_delivering,ad,46,48,1.04347826,"Clique de 7 dias, visualização de 1 dia ou visualização com engajamento de 1 dia","Leads no site",3,1.49,0.49666667,2025-12-31,2026-01-02,4,31.04166667,2026-01-02,2026-01-02
2026-01-02,"DC - JANEIRO/2026 / CBO — Cópia",VISITAS,P2,"Casa e Cia",not_delivering,ad,795,1110,1.39622642,"Clique de 7 dias, visualização de 1 dia ou visualização com engajamento de 1 dia","Leads no site",6,11.76,1.96,2025-12-31,2026-01-02,23,10.59459459,2026-01-02,2026-01-02
2026-01-02,"DC - JANEIRO/2026 / CBO — Cópia",SEGUIDORES,P1,"Casa e Cia",not_delivering,ad,328,356,1.08536585,"Clique de 7 dias, visualização de 1 dia ou visualização com engajamento de 1 dia","Leads no site",6,3.45,0.575,2025-12-31,2026-01-02,6,9.69101124,2026-01-02,2026-01-02
2026-01-02,"DC - JANEIRO/2026 / CBO — Cópia",SEGUIDORES,P2,"Casa e Cia",not_delivering,ad,32,35,1.09375,"Clique de 7 dias, visualização de 1 dia ou visualização com engajamento de 1 dia",,,0.29,,2025-12-31,2026-01-02,,8.28571429,2026-01-02,2026-01-02
2026-01-02,"DC - JANEIRO/2026 / ABO —F2 — ABERTO",VISITAS,VIDEO,"Casa e Cia",not_delivering,ad,419,469,1.11933174,"Clique de 7 dias, visualização de 1 dia ou visualização com engajamento de 1 dia","Leads no site",8,9.45,1.18125,2026-01-01,2026-01-08,27,20.14925373,2026-01-02,2026-01-02
2026-01-02,"DC - JANEIRO/2026 / CBO —F2",VV,P1,"Casa e Cia",not_delivering,ad,445,571,1.28314607,"Clique de 7 dias, visualização de 1 dia ou visualização com engajamento de 1 dia","Leads no site",4,5.72,1.43,2026-01-01,2026-01-12,6,10.01751313,2026-01-02,2026-01-02
2026-01-02,"DC - JANEIRO/2026 / CBO — Cópia",VV,VIDEO,"Casa e Cia",not_delivering,ad,542,641,1.18265683,"Clique de 7 dias, visualização de 1 dia ou visualização com engajamento de 1 dia","Leads no site",4,9.61,2.4025,2025-12-31,2026-01-02,37,14.99219969,2026-01-02,2026-01-02
2026-01-02,"DC - JANEIRO/2026 / ABO —F2",SEGUIDORES,P2,"Casa e Cia",inactive,ad,137,177,1.2919708,"Clique de 7 dias, visualização de 1 dia ou visualização com engajamento de 1 dia","Leads no site",2,1.37,0.685,2026-01-01,2026-01-08,6,7.74011299,2026-01-02,2026-01-02
2026-01-02,"DC - JANEIRO/2026 / CBO — Cópia",VISITAS,P1,"Casa e Cia",not_delivering,ad,3,3,1,"Clique de 7 dias, visualização de 1 dia ou visualização com engajamento de 1 dia",,,0.07,,2025-12-31,2026-01-02,,23.33333333,2026-01-02,2026-01-02
2026-01-02,"DC - JANEIRO/2026 / CBO — Cópia",SEGUIDORES,P2,"Casa e Cia",not_delivering,ad,26,29,1.11538462,"Clique de 7 dias, visualização de 1 dia ou visualização com engajamento de 1 dia",,,1.23,,2025-12-31,2026-01-02,1,42.4137931,2026-01-02,2026-01-02
2026-01-02,"DC - JANEIRO/2026 / ABO —F2",VV,P2,"Casa e Cia",not_delivering,ad,1234,1550,1.2560778,"Clique de 7 dias, visualização de 1 dia ou visualização com engajamento de 1 dia","Leads no site",24,14.01,0.58375,2026-01-01,2026-01-08,26,9.03870968,2026-01-02,2026-01-02
2026-01-02,"DC - JANEIRO/2026 / ABO —F2",VISITAS,P1,"Casa e Cia",not_delivering,ad,778,1349,1.73393316,"Clique de 7 dias, visualização de 1 dia ou visualização com engajamento de 1 dia","Leads no site",24,19.65,0.81875,2026-01-01,2026-01-08,23,14.56634544,2026-01-02,2026-01-02
2026-01-02,"DC - JANEIRO/2026 / ABO —F2 — ABERTO",ENGAJAMENTO,P2,"Casa e Cia",not_delivering,ad,757,843,1.11360634,"Clique de 7 dias, visualização de 1 dia ou visualização com engajamento de 1 dia","Leads no site",6,8,1.33333333,2026-01-01,2026-01-08,20,9.48991696,2026-01-02,2026-01-02
2026-01-02,"DC - JANEIRO/2026 / CBO — Cópia",SEGUIDORES,VIDEO,"Casa e Cia",not_delivering,ad,9,9,1,"Clique de 7 dias, visualização de 1 dia ou visualização com engajamento de 1 dia","Leads no site",2,0.09,0.045,2025-12-31,2026-01-02,2,10,2026-01-02,2026-01-02
2026-01-02,"DC - JANEIRO/2026 / ABO —F2 — ABERTO",ENGAJAMENTO,VIDEO,"Casa e Cia",not_delivering,ad,129,145,1.12403101,"Clique de 7 dias, visualização de 1 dia ou visualização com engajamento de 1 dia","Leads no site",2,2.59,1.295,2026-01-01,2026-01-08,9,17.86206897,2026-01-02,2026-01-02
2026-01-02,"DC - JANEIRO/2026 / ABO —F2 — ABERTO",VV,VIDEO,"Casa e Cia",not_delivering,ad,39,39,1,"Clique de 7 dias, visualização de 1 dia ou visualização com engajamento de 1 dia","Leads no site",2,1.02,0.51,2026-01-01,2026-01-08,3,26.15384615,2026-01-02,2026-01-02
2026-01-02,"DC - JANEIRO/2026 / ABO —F2 — ABERTO",VV,P1,"Casa e Cia",not_delivering,ad,286,305,1.06643357,"Clique de 7 dias, visualização de 1 dia ou visualização com engajamento de 1 dia","Leads no site",4,3.75,0.9375,2026-01-01,2026-01-08,7,12.29508197,2026-01-02,2026-01-02
2026-01-02,"DC - JANEIRO/2026 / CBO —F2",SEGUIDORES,P1,"Casa e Cia",not_delivering,ad,30,33,1.1,"Clique de 7 dias, visualização de 1 dia ou visualização com engajamento de 1 dia","Leads no site",2,0.49,0.245,2026-01-01,2026-01-12,2,14.84848485,2026-01-02,2026-01-02
2026-01-02,"DC - JANEIRO/2026 / CBO —F2",VV,VIDEO,"Casa e Cia",not_delivering,ad,11,11,1,"Clique de 7 dias, visualização de 1 dia ou visualização com engajamento de 1 dia",,,0.19,,2026-01-01,2026-01-12,1,17.27272727,2026-01-02,2026-01-02
2026-01-02,"DC - JANEIRO/2026 / CBO — Cópia",SEGUIDORES,VIDEO,"Casa e Cia",not_delivering,ad,181,199,1.09944751,"Clique de 7 dias, visualização de 1 dia ou visualização com engajamento de 1 dia","Leads no site",2,3.92,1.96,2025-12-31,2026-01-02,10,19.69849246,2026-01-02,2026-01-02
2026-01-02,"DC - JANEIRO/2026 / CBO — Cópia",VV,P1,"Casa e Cia",not_delivering,ad,682,774,1.13489736,"Clique de 7 dias, visualização de 1 dia ou visualização com engajamento de 1 dia","Leads no site",8,10.27,1.28375,2025-12-31,2026-01-02,17,13.26873385,2026-01-02,2026-01-02
2026-01-02,"DC - JANEIRO/2026 / ABO —F2 — ABERTO",VISITAS,P2,"Casa e Cia",inactive,ad,10,11,1.1,"Clique de 7 dias, visualização de 1 dia ou visualização com engajamento de 1 dia","Leads no site",2,0.33,0.165,2026-01-01,2026-01-08,1,30,2026-01-02,2026-01-02
2026-01-01,"DC - JANEIRO/2026 / ABO —F2",ENGAJAMENTO,P1,"Casa e Cia",not_delivering,ad,91,109,1.1978022,"Clique de 7 dias, visualização de 1 dia ou visualização com engajamento de 1 dia","Leads no site",4,1.12,0.28,2026-01-01,2026-01-08,2,10.27522936,2026-01-01,2026-01-01
2026-01-01,"DC - JANEIRO/2026 / CBO",ENGAJAMENTO,P2,"Casa e Cia",archived,ad,45,47,1.04444444,"Clique de 7 dias, visualização de 1 dia ou visualização com engajamento de 1 dia",,,0.69,,2025-12-30,2026-01-01,,14.68085106,2026-01-01,2026-01-01
2026-01-01,"DC - JANEIRO/2026 / CBO — Cópia",ENGAJAMENTO,P1,"Casa e Cia",not_delivering,ad,119,133,1.11764706,"Clique de 7 dias, visualização de 1 dia ou visualização com engajamento de 1 dia",,,1.12,,2025-12-31,2026-01-02,,8.42105263,2026-01-01,2026-01-01
2026-01-01,"DC - JANEIRO/2026 / ABO",SEGUIDORES,P2,"Casa e Cia",not_delivering,ad,940,1280,1.36170213,"Clique de 7 dias, visualização de 1 dia ou visualização com engajamento de 1 dia",,,10.78,,2025-12-30,2026-01-01,13,8.421875,2026-01-01,2026-01-01
2026-01-01,"DC - JANEIRO/2026 / ABO",ENGAJAMENTO,P1,"Casa e Cia",not_delivering,ad,22,22,1,"Clique de 7 dias, visualização de 1 dia ou visualização com engajamento de 1 dia","Leads no site",2,0.15,0.075,2025-12-30,2026-01-01,1,6.81818182,2026-01-01,2026-01-01
2026-01-01,"DC - JANEIRO/2026 / CBO — Cópia",VISITAS,P2,"Casa e Cia",not_delivering,ad,551,729,1.323049,"Clique de 7 dias, visualização de 1 dia ou visualização com engajamento de 1 dia","Leads no site",2,4.96,2.48,2025-12-31,2026-01-02,6,6.80384088,2026-01-01,2026-01-01
2026-01-01,"DC - JANEIRO/2026 / CBO —F2",SEGUIDORES,P2,"Casa e Cia",not_delivering,ad,90,110,1.22222222,"Clique de 7 dias, visualização de 1 dia ou visualização com engajamento de 1 dia",,,0.84,,2026-01-01,2026-01-12,,7.63636364,2026-01-01,2026-01-01
2026-01-01,"DC - JANEIRO/2026 / ABO —F2",VV,P1,"Casa e Cia",not_delivering,ad,237,283,1.19409283,"Clique de 7 dias, visualização de 1 dia ou visualização com engajamento de 1 dia","Leads no site",4,2.66,0.665,2026-01-01,2026-01-08,6,9.39929329,2026-01-01,2026-01-01
2026-01-01,"DC - JANEIRO/2026 / ABO",ENGAJAMENTO,VIDEO,"Casa e Cia",not_delivering,ad,1,1,1,"Clique de 7 dias, visualização de 1 dia ou visualização com engajamento de 1 dia",,,0.08,,2025-12-30,2026-01-01,1,80,2026-01-01,2026-01-01
2026-01-01,"DC - JANEIRO/2026 / CBO",VISITAS,VIDEO,"Casa e Cia",archived,ad,9,9,1,"Clique de 7 dias, visualização de 1 dia ou visualização com engajamento de 1 dia",,,0.1,,2025-12-30,2026-01-01,,11.11111111,2026-01-01,2026-01-01
2026-01-01,"DC - JANEIRO/2026 / CBO — Cópia",SEGUIDORES,P2,"Casa e Cia",not_delivering,ad,122,155,1.2704918,"Clique de 7 dias, visualização de 1 dia ou visualização com engajamento de 1 dia",,,1.72,,2025-12-31,2026-01-02,3,11.09677419,2026-01-01,2026-01-01
2026-01-01,"DC - JANEIRO/2026 / CBO — Cópia",ENGAJAMENTO,VIDEO,"Casa e Cia",not_delivering,ad,136,144,1.05882353,"Clique de 7 dias, visualização de 1 dia ou visualização com engajamento de 1 dia",,,1.81,,2025-12-31,2026-01-02,7,12.56944444,2026-01-01,2026-01-01
2026-01-01,"DC - JANEIRO/2026 / ABO —F2 — ABERTO",VISITAS,VIDEO,"Casa e Cia",not_delivering,ad,2,2,1,"Clique de 7 dias, visualização de 1 dia ou visualização com engajamento de 1 dia",,,0,,2026-01-01,2026-01-08,,0,2026-01-01,2026-01-01
2026-01-01,"DC - JANEIRO/2026 / CBO — Cópia",VISITAS,VIDEO,"Casa e Cia",not_delivering,ad,45,49,1.08888889,"Clique de 7 dias, visualização de 1 dia ou visualização com engajamento de 1 dia",,,0.57,,2025-12-31,2026-01-02,2,11.63265306,2026-01-01,2026-01-01
2026-01-01,"DC - JANEIRO/2026 / CBO — Cópia",VV,VIDEO,"Casa e Cia",not_delivering,ad,539,609,1.12987013,"Clique de 7 dias, visualização de 1 dia ou visualização com engajamento de 1 dia","Leads no site",2,7.21,3.605,2025-12-31,2026-01-02,23,11.83908046,2026-01-01,2026-01-01
2026-01-01,"DC - JANEIRO/2026 / CBO",SEGUIDORES,P2,"Casa e Cia",archived,ad,40,44,1.1,"Clique de 7 dias, visualização de 1 dia ou visualização com engajamento de 1 dia",,,0.59,,2025-12-30,2026-01-01,,13.40909091,2026-01-01,2026-01-01
2026-01-01,"DC - JANEIRO/2026 / CBO —F2",VV,P2,"Casa e Cia",not_delivering,ad,1,1,1,"Clique de 7 dias, visualização de 1 dia ou visualização com engajamento de 1 dia",,,0,,2026-01-01,2026-01-12,,0,2026-01-01,2026-01-01
2026-01-01,"DC - JANEIRO/2026 / CBO",VV,P1,"Casa e Cia",archived,ad,94,125,1.32978723,"Clique de 7 dias, visualização de 1 dia ou visualização com engajamento de 1 dia","Leads no site",2,1.18,0.59,2025-12-30,2026-01-01,4,9.44,2026-01-01,2026-01-01
2026-01-01,"DC - JANEIRO/2026 / ABO —F2 — ABERTO",VISITAS,P1,"Casa e Cia",not_delivering,ad,531,606,1.14124294,"Clique de 7 dias, visualização de 1 dia ou visualização com engajamento de 1 dia","Leads no site",7,5.52,0.78857143,2026-01-01,2026-01-08,17,9.10891089,2026-01-01,2026-01-01
2026-01-01,"DC - JANEIRO/2026 / ABO",VISITAS,P1,"Casa e Cia",not_delivering,ad,32,40,1.25,"Clique de 7 dias, visualização de 1 dia ou visualização com engajamento de 1 dia",,,0.36,,2025-12-30,2026-01-01,,9,2026-01-01,2026-01-01
2026-01-01,"DC - JANEIRO/2026 / CBO — Cópia",VV,VIDEO,"Casa e Cia",not_delivering,ad,168,178,1.05952381,"Clique de 7 dias, visualização de 1 dia ou visualização com engajamento de 1 dia",,,2.32,,2025-12-31,2026-01-02,9,13.03370787,2026-01-01,2026-01-01
2026-01-01,"DC - JANEIRO/2026 / CBO — Cópia",SEGUIDORES,VIDEO,"Casa e Cia",not_delivering,ad,147,168,1.14285714,"Clique de 7 dias, visualização de 1 dia ou visualização com engajamento de 1 dia",,,2.25,,2025-12-31,2026-01-02,4,13.39285714,2026-01-01,2026-01-01
2026-01-01,"DC - JANEIRO/2026 / CBO —F2",VISITAS,VIDEO,"Casa e Cia",not_delivering,ad,3,3,1,"Clique de 7 dias, visualização de 1 dia ou visualização com engajamento de 1 dia",,,0.04,,2026-01-01,2026-01-12,,13.33333333,2026-01-01,2026-01-01
2026-01-01,"DC - JANEIRO/2026 / CBO —F2",ENGAJAMENTO,P1,"Casa e Cia",not_delivering,ad,134,163,1.21641791,"Clique de 7 dias, visualização de 1 dia ou visualização com engajamento de 1 dia","Leads no site",6,2.3,0.38333333,2026-01-01,2026-01-12,5,14.11042945,2026-01-01,2026-01-01
2026-01-01,"DC - JANEIRO/2026 / CBO —F2",VISITAS,P2,"Casa e Cia",not_delivering,ad,7,8,1.14285714,"Clique de 7 dias, visualização de 1 dia ou visualização com engajamento de 1 dia",,,0.1,,2026-01-01,2026-01-12,,12.5,2026-01-01,2026-01-01
2026-01-01,"DC - JANEIRO/2026 / CBO — Cópia",VV,VIDEO,"Casa e Cia",not_delivering,ad,515,587,1.13980583,"Clique de 7 dias, visualização de 1 dia ou visualização com engajamento de 1 dia","Leads no site",4,7.03,1.7575,2025-12-31,2026-01-02,16,11.97614991,2026-01-01,2026-01-01
2026-01-01,"DC - JANEIRO/2026 / ABO —F2 — ABERTO",ENGAJAMENTO,P1,"Casa e Cia",not_delivering,ad,16,18,1.125,"Clique de 7 dias, visualização de 1 dia ou visualização com engajamento de 1 dia",,,0.08,,2026-01-01,2026-01-08,,4.44444444,2026-01-01,2026-01-01
2026-01-01,"DC - JANEIRO/2026 / CBO — Cópia",VV,P2,"Casa e Cia",not_delivering,ad,1686,2229,1.32206406,"Clique de 7 dias, visualização de 1 dia ou visualização com engajamento de 1 dia","Leads no site",4,17.54,4.385,2025-12-31,2026-01-02,26,7.86899955,2026-01-01,2026-01-01
2026-01-01,"DC - JANEIRO/2026 / ABO —F2 — ABERTO",ENGAJAMENTO,P2,"Casa e Cia",not_delivering,ad,140,150,1.07142857,"Clique de 7 dias, visualização de 1 dia ou visualização com engajamento de 1 dia","Leads no site",4,1.74,0.435,2026-01-01,2026-01-08,2,11.6,2026-01-01,2026-01-01
2026-01-01,"DC - JANEIRO/2026 / CBO — Cópia",VISITAS,P1,"Casa e Cia",not_delivering,ad,2,2,1,"Clique de 7 dias, visualização de 1 dia ou visualização com engajamento de 1 dia",,,0.01,,2025-12-31,2026-01-02,,5,2026-01-01,2026-01-01
2026-01-01,"DC - JANEIRO/2026 / ABO",VISITAS,P2,"Casa e Cia",not_delivering,ad,619,1080,1.7447496,"Clique de 7 dias, visualização de 1 dia ou visualização com engajamento de 1 dia",,,11.8,,2025-12-30,2026-01-01,12,10.92592593,2026-01-01,2026-01-01
2026-01-01,"DC - JANEIRO/2026 / CBO — Cópia",ENGAJAMENTO,P2,"Casa e Cia",not_delivering,ad,5,7,1.4,"Clique de 7 dias, visualização de 1 dia ou visualização com engajamento de 1 dia",,,0.06,,2025-12-31,2026-01-02,,8.57142857,2026-01-01,2026-01-01
2026-01-01,"DC - JANEIRO/2026 / CBO —F2",VV,VIDEO,"Casa e Cia",not_delivering,ad,495,574,1.15959596,"Clique de 7 dias, visualização de 1 dia ou visualização com engajamento de 1 dia","Leads no site",10,7.2,0.72,2026-01-01,2026-01-12,11,12.54355401,2026-01-01,2026-01-01
2026-01-01,"DC - JANEIRO/2026 / CBO —F2",ENGAJAMENTO,P2,"Casa e Cia",inactive,ad,184,223,1.21195652,"Clique de 7 dias, visualização de 1 dia ou visualização com engajamento de 1 dia",,,2.4,,2026-01-01,2026-01-12,4,10.76233184,2026-01-01,2026-01-01
2026-01-01,"DC - JANEIRO/2026 / ABO —F2 — ABERTO",VISITAS,P2,"Casa e Cia",inactive,ad,35,39,1.11428571,"Clique de 7 dias, visualização de 1 dia ou visualização com engajamento de 1 dia",,,1.06,,2026-01-01,2026-01-08,1,27.17948718,2026-01-01,2026-01-01
2026-01-01,"DC - JANEIRO/2026 / CBO — Cópia",VV,P1,"Casa e Cia",not_delivering,ad,213,258,1.21126761,"Clique de 7 dias, visualização de 1 dia ou visualização com engajamento de 1 dia","Leads no site",4,3.55,0.8875,2025-12-31,2026-01-02,8,13.75968992,2026-01-01,2026-01-01
2026-01-01,"DC - JANEIRO/2026 / CBO — Cópia",SEGUIDORES,VIDEO,"Casa e Cia",not_delivering,ad,195,219,1.12307692,"Clique de 7 dias, visualização de 1 dia ou visualização com engajamento de 1 dia",,,2.41,,2025-12-31,2026-01-02,5,11.00456621,2026-01-01,2026-01-01
2026-01-01,"DC - JANEIRO/2026 / ABO —F2 — ABERTO",SEGUIDORES,P2,"Casa e Cia",not_delivering,ad,3,3,1,"Clique de 7 dias, visualização de 1 dia ou visualização com engajamento de 1 dia",,,0.02,,2026-01-01,2026-01-08,,6.66666667,2026-01-01,2026-01-01
2026-01-01,"DC - JANEIRO/2026 / CBO",ENGAJAMENTO,P1,"Casa e Cia",archived,ad,42,47,1.11904762,"Clique de 7 dias, visualização de 1 dia ou visualização com engajamento de 1 dia",,,0.42,,2025-12-30,2026-01-01,1,8.93617021,2026-01-01,2026-01-01
2026-01-01,"DC - JANEIRO/2026 / ABO —F2 — ABERTO",ENGAJAMENTO,VIDEO,"Casa e Cia",not_delivering,ad,56,59,1.05357143,"Clique de 7 dias, visualização de 1 dia ou visualização com engajamento de 1 dia","Leads no site",4,6.37,1.5925,2026-01-01,2026-01-08,18,107.96610169,2026-01-01,2026-01-01
2026-01-01,"DC - JANEIRO/2026 / CBO — Cópia",SEGUIDORES,P2,"Casa e Cia",not_delivering,ad,135,156,1.15555556,"Clique de 7 dias, visualização de 1 dia ou visualização com engajamento de 1 dia","Leads no site",2,1.66,0.83,2025-12-31,2026-01-02,1,10.64102564,2026-01-01,2026-01-01
2026-01-01,"DC - JANEIRO/2026 / CBO —F2",SEGUIDORES,P1,"Casa e Cia",not_delivering,ad,139,158,1.13669065,"Clique de 7 dias, visualização de 1 dia ou visualização com engajamento de 1 dia",,,1.66,,2026-01-01,2026-01-12,2,10.50632911,2026-01-01,2026-01-01
2026-01-01,"DC - JANEIRO/2026 / CBO — Cópia",ENGAJAMENTO,P1,"Casa e Cia",not_delivering,ad,108,134,1.24074074,"Clique de 7 dias, visualização de 1 dia ou visualização com engajamento de 1 dia",,,1.22,,2025-12-31,2026-01-02,1,9.10447761,2026-01-01,2026-01-01
2026-01-01,"DC - JANEIRO/2026 / ABO —F2 — ABERTO",VV,P1,"Casa e Cia",not_delivering,ad,145,157,1.08275862,"Clique de 7 dias, visualização de 1 dia ou visualização com engajamento de 1 dia",,,2.45,,2026-01-01,2026-01-08,5,15.60509554,2026-01-01,2026-01-01
2026-01-01,"DC - JANEIRO/2026 / ABO —F2 — ABERTO",VV,VIDEO,"Casa e Cia",not_delivering,ad,18,19,1.05555556,"Clique de 7 dias, visualização de 1 dia ou visualização com engajamento de 1 dia","Leads no site",8,4.16,0.52,2026-01-01,2026-01-08,9,218.94736842,2026-01-01,2026-01-01
2026-01-01,"DC - JANEIRO/2026 / CBO — Cópia",SEGUIDORES,P1,"Casa e Cia",not_delivering,ad,39,44,1.12820513,"Clique de 7 dias, visualização de 1 dia ou visualização com engajamento de 1 dia",,,0.53,,2025-12-31,2026-01-02,,12.04545455,2026-01-01,2026-01-01
2026-01-01,"DC - JANEIRO/2026 / CBO — Cópia",VISITAS,P2,"Casa e Cia",not_delivering,ad,277,360,1.29963899,"Clique de 7 dias, visualização de 1 dia ou visualização com engajamento de 1 dia",,,3.44,,2025-12-31,2026-01-02,,9.55555556,2026-01-01,2026-01-01
2026-01-01,"DC - JANEIRO/2026 / CBO — Cópia",VV,P1,"Casa e Cia",not_delivering,ad,39,42,1.07692308,"Clique de 7 dias, visualização de 1 dia ou visualização com engajamento de 1 dia",,,0.44,,2025-12-31,2026-01-02,,10.47619048,2026-01-01,2026-01-01
2026-01-01,"DC - JANEIRO/2026 / CBO — Cópia",VISITAS,P2,"Casa e Cia",not_delivering,ad,1567,2985,1.90491385,"Clique de 7 dias, visualização de 1 dia ou visualização com engajamento de 1 dia","Leads no site",6,24.54,4.09,2025-12-31,2026-01-02,37,8.22110553,2026-01-01,2026-01-01
2026-01-01,"DC - JANEIRO/2026 / CBO — Cópia",VISITAS,P1,"Casa e Cia",not_delivering,ad,2,2,1,"Clique de 7 dias, visualização de 1 dia ou visualização com engajamento de 1 dia",,,0,,2025-12-31,2026-01-02,,0,2026-01-01,2026-01-01
2026-01-01,"DC - JANEIRO/2026 / ABO —F2 — ABERTO",VV,P2,"Casa e Cia",not_delivering,ad,165,181,1.0969697,"Clique de 7 dias, visualização de 1 dia ou visualização com engajamento de 1 dia","Leads no site",2,1.86,0.93,2026-01-01,2026-01-08,2,10.27624309,2026-01-01,2026-01-01
2026-01-01,"DC - JANEIRO/2026 / CBO —F2",VISITAS,P1,"Casa e Cia",not_delivering,ad,66,87,1.31818182,"Clique de 7 dias, visualização de 1 dia ou visualização com engajamento de 1 dia","Leads no site",2,0.69,0.345,2026-01-01,2026-01-12,2,7.93103448,2026-01-01,2026-01-01
2026-01-01,"DC - JANEIRO/2026 / CBO — Cópia",VV,P1,"Casa e Cia",not_delivering,ad,94,121,1.28723404,"Clique de 7 dias, visualização de 1 dia ou visualização com engajamento de 1 dia","Leads no site",2,1.4,0.7,2025-12-31,2026-01-02,4,11.57024793,2026-01-01,2026-01-01
2026-01-01,"DC - JANEIRO/2026 / CBO — Cópia",VISITAS,P1,"Casa e Cia",not_delivering,ad,2,2,1,"Clique de 7 dias, visualização de 1 dia ou visualização com engajamento de 1 dia",,,0,,2025-12-31,2026-01-02,,0,2026-01-01,2026-01-01
2026-01-01,"DC - JANEIRO/2026 / CBO —F2",SEGUIDORES,VIDEO,"Casa e Cia",not_delivering,ad,7,7,1,"Clique de 7 dias, visualização de 1 dia ou visualização com engajamento de 1 dia",,,0.01,,2026-01-01,2026-01-12,,1.42857143,2026-01-01,2026-01-01
2026-01-01,"DC - JANEIRO/2026 / CBO",VV,P2,"Casa e Cia",archived,ad,1454,1756,1.20770289,"Clique de 7 dias, visualização de 1 dia ou visualização com engajamento de 1 dia","Leads no site",8,15.41,1.92625,2025-12-30,2026-01-01,18,8.77562642,2026-01-01,2026-01-01
2026-01-01,"DC - JANEIRO/2026 / ABO —F2",VV,P2,"Casa e Cia",not_delivering,ad,263,301,1.14448669,"Clique de 7 dias, visualização de 1 dia ou visualização com engajamento de 1 dia","Leads no site",3,3.51,1.17,2026-01-01,2026-01-08,6,11.66112957,2026-01-01,2026-01-01
2026-01-01,"DC - JANEIRO/2026 / ABO —F2 — ABERTO",SEGUIDORES,P1,"Casa e Cia",not_delivering,ad,16,16,1,"Clique de 7 dias, visualização de 1 dia ou visualização com engajamento de 1 dia","Leads no site",2,0.12,0.06,2026-01-01,2026-01-08,1,7.5,2026-01-01,2026-01-01
2026-01-01,"DC - JANEIRO/2026 / ABO —F2",VV,VIDEO,"Casa e Cia",inactive,ad,40,41,1.025,"Clique de 7 dias, visualização de 1 dia ou visualização com engajamento de 1 dia",,,0.3,,2026-01-01,2026-01-08,,7.31707317,2026-01-01,2026-01-01
2026-01-01,"DC - JANEIRO/2026 / CBO —F2",VV,P1,"Casa e Cia",not_delivering,ad,16,17,1.0625,"Clique de 7 dias, visualização de 1 dia ou visualização com engajamento de 1 dia","Leads no site",2,0.16,0.08,2026-01-01,2026-01-12,,9.41176471,2026-01-01,2026-01-01
2026-01-01,"DC - JANEIRO/2026 / CBO — Cópia",ENGAJAMENTO,VIDEO,"Casa e Cia",not_delivering,ad,43,43,1,"Clique de 7 dias, visualização de 1 dia ou visualização com engajamento de 1 dia",,,0.57,,2025-12-31,2026-01-02,1,13.25581395,2026-01-01,2026-01-01
2026-01-01,"DC - JANEIRO/2026 / CBO — Cópia",VISITAS,VIDEO,"Casa e Cia",not_delivering,ad,4,4,1,"Clique de 7 dias, visualização de 1 dia ou visualização com engajamento de 1 dia",,,0.05,,2025-12-31,2026-01-02,,12.5,2026-01-01,2026-01-01
2026-01-01,"DC - JANEIRO/2026 / CBO — Cópia",SEGUIDORES,P1,"Casa e Cia",not_delivering,ad,317,366,1.15457413,"Clique de 7 dias, visualização de 1 dia ou visualização com engajamento de 1 dia","Leads no site",2,2.45,1.225,2025-12-31,2026-01-02,4,6.69398907,2026-01-01,2026-01-01
2026-01-01,"DC - JANEIRO/2026 / CBO — Cópia",ENGAJAMENTO,P2,"Casa e Cia",not_delivering,ad,60,64,1.06666667,"Clique de 7 dias, visualização de 1 dia ou visualização com engajamento de 1 dia",,,1.43,,2025-12-31,2026-01-02,2,22.34375,2026-01-01,2026-01-01
2026-01-01,"DC - JANEIRO/2026 / ABO",SEGUIDORES,P1,"Casa e Cia",not_delivering,ad,8,9,1.125,"Clique de 7 dias, visualização de 1 dia ou visualização com engajamento de 1 dia",,,0.08,,2025-12-30,2026-01-01,,8.88888889,2026-01-01,2026-01-01
2026-01-01,"DC - JANEIRO/2026 / ABO —F2",SEGUIDORES,VIDEO,"Casa e Cia",not_delivering,ad,365,454,1.24383562,"Clique de 7 dias, visualização de 1 dia ou visualização com engajamento de 1 dia","Leads no site",4,5.6,1.4,2026-01-01,2026-01-08,6,12.33480176,2026-01-01,2026-01-01
2026-01-01,"DC - JANEIRO/2026 / ABO —F2",ENGAJAMENTO,P2,"Casa e Cia",not_delivering,ad,317,418,1.31861199,"Clique de 7 dias, visualização de 1 dia ou visualização com engajamento de 1 dia","Leads no site",4,4.23,1.0575,2026-01-01,2026-01-08,4,10.11961722,2026-01-01,2026-01-01
2026-01-01,"DC - JANEIRO/2026 / ABO",VV,P2,"Casa e Cia",not_delivering,ad,1643,1936,1.17833232,"Clique de 7 dias, visualização de 1 dia ou visualização com engajamento de 1 dia","Leads no site",3,12.64,4.21333333,2025-12-30,2026-01-01,27,6.52892562,2026-01-01,2026-01-01
2026-01-01,"DC - JANEIRO/2026 / CBO",VISITAS,P2,"Casa e Cia",archived,ad,1448,2623,1.81146409,"Clique de 7 dias, visualização de 1 dia ou visualização com engajamento de 1 dia","Leads no site",2,29.42,14.71,2025-12-30,2026-01-01,36,11.2161647,2026-01-01,2026-01-01
2026-01-01,"DC - JANEIRO/2026 / CBO — Cópia",SEGUIDORES,VIDEO,"Casa e Cia",not_delivering,ad,24,24,1,"Clique de 7 dias, visualização de 1 dia ou visualização com engajamento de 1 dia",,,0.1,,2025-12-31,2026-01-02,,4.16666667,2026-01-01,2026-01-01
2026-01-01,"DC - JANEIRO/2026 / CBO — Cópia",VV,P2,"Casa e Cia",not_delivering,ad,401,437,1.08977556,"Clique de 7 dias, visualização de 1 dia ou visualização com engajamento de 1 dia",,,3.25,,2025-12-31,2026-01-02,6,7.43707094,2026-01-01,2026-01-01
2026-01-01,"DC - JANEIRO/2026 / ABO —F2 — ABERTO",SEGUIDORES,VIDEO,"Casa e Cia",not_delivering,ad,303,317,1.04620462,"Clique de 7 dias, visualização de 1 dia ou visualização com engajamento de 1 dia","Leads no site",9,8.09,0.89888889,2026-01-01,2026-01-08,21,25.52050473,2026-01-01,2026-01-01
2026-01-01,"DC - JANEIRO/2026 / ABO —F2",VISITAS,VIDEO,"Casa e Cia",inactive,ad,178,236,1.3258427,"Clique de 7 dias, visualização de 1 dia ou visualização com engajamento de 1 dia","Leads no site",2,3.51,1.755,2026-01-01,2026-01-08,2,14.87288136,2026-01-01,2026-01-01
2026-01-01,"DC - JANEIRO/2026 / CBO — Cópia",VV,P2,"Casa e Cia",not_delivering,ad,1760,2301,1.30738636,"Clique de 7 dias, visualização de 1 dia ou visualização com engajamento de 1 dia","Leads no site",2,17.35,8.675,2025-12-31,2026-01-02,18,7.54019991,2026-01-01,2026-01-01
2026-01-01,"DC - JANEIRO/2026 / CBO — Cópia",ENGAJAMENTO,P1,"Casa e Cia",not_delivering,ad,101,127,1.25742574,"Clique de 7 dias, visualização de 1 dia ou visualização com engajamento de 1 dia","Leads no site",2,1.23,0.615,2025-12-31,2026-01-02,1,9.68503937,2026-01-01,2026-01-01
2026-01-01,"DC - JANEIRO/2026 / CBO — Cópia",SEGUIDORES,P1,"Casa e Cia",not_delivering,ad,47,54,1.14893617,"Clique de 7 dias, visualização de 1 dia ou visualização com engajamento de 1 dia",,,0.26,,2025-12-31,2026-01-02,1,4.81481481,2026-01-01,2026-01-01
2026-01-01,"DC - JANEIRO/2026 / ABO —F2",VISITAS,P2,"Casa e Cia",inactive,ad,44,54,1.22727273,"Clique de 7 dias, visualização de 1 dia ou visualização com engajamento de 1 dia",,,0.29,,2026-01-01,2026-01-08,,5.37037037,2026-01-01,2026-01-01
2026-01-01,"DC - JANEIRO/2026 / ABO",VV,P1,"Casa e Cia",not_delivering,ad,5,6,1.2,"Clique de 7 dias, visualização de 1 dia ou visualização com engajamento de 1 dia",,,0.1,,2025-12-30,2026-01-01,,16.66666667,2026-01-01,2026-01-01
2026-01-01,"DC - JANEIRO/2026 / ABO",ENGAJAMENTO,P2,"Casa e Cia",not_delivering,ad,1079,1570,1.45505097,"Clique de 7 dias, visualização de 1 dia ou visualização com engajamento de 1 dia","Leads no site",2,14.01,7.005,2025-12-30,2026-01-01,17,8.92356688,2026-01-01,2026-01-01
2026-01-01,"DC - JANEIRO/2026 / CBO",SEGUIDORES,P1,"Casa e Cia",archived,ad,76,87,1.14473684,"Clique de 7 dias, visualização de 1 dia ou visualização com engajamento de 1 dia","Leads no site",2,0.81,0.405,2025-12-30,2026-01-01,1,9.31034483,2026-01-01,2026-01-01
2026-01-01,"DC - JANEIRO/2026 / CBO — Cópia",ENGAJAMENTO,VIDEO,"Casa e Cia",not_delivering,ad,225,248,1.10222222,"Clique de 7 dias, visualização de 1 dia ou visualização com engajamento de 1 dia","Leads no site",6,3,0.5,2025-12-31,2026-01-02,8,12.09677419,2026-01-01,2026-01-01
2026-01-01,"DC - JANEIRO/2026 / CBO — Cópia",ENGAJAMENTO,P2,"Casa e Cia",not_delivering,ad,27,31,1.14814815,"Clique de 7 dias, visualização de 1 dia ou visualização com engajamento de 1 dia",,,0.54,,2025-12-31,2026-01-02,1,17.41935484,2026-01-01,2026-01-01
2026-01-01,"DC - JANEIRO/2026 / CBO — Cópia",SEGUIDORES,P2,"Casa e Cia",not_delivering,ad,108,122,1.12962963,"Clique de 7 dias, visualização de 1 dia ou visualização com engajamento de 1 dia",,,1.51,,2025-12-31,2026-01-02,1,12.37704918,2026-01-01,2026-01-01
